user_id,score,score_with_nulls,age,age_with_nulls,is_active,is_active_with_nulls,country,country_with_nulls,created_date,created_date_with_nulls,created_at,created_at_with_nulls
1,11.17,80.39,49,,True,False,BR,CA,2023-12-15,2023-12-15,2024-09-22T22:29:01,2024-09-22T22:29:01
2,35.56,84.22,96,68,True,True,DE,FR,2024-07-11,2024-07-11,2024-10-16T13:45:07,2024-10-16T13:45:07
3,87.25,88.57,27,103,True,True,FR,CA,2024-11-17,2024-11-17,2024-04-14T05:08:13,2024-04-14T05:08:13
4,90.28,79.68,104,38,True,False,JP,FR,2020-08-20,2020-08-20,2023-08-21T10:41:51,
5,74.72,14.67,57,44,True,True,US,DE,2023-06-02,2023-06-02,2023-07-07T19:42:42,2023-07-07T19:42:42
6,5.01,88.12,52,118,True,False,DE,UK,2020-11-23,2020-11-23,2023-01-24T07:28:36,2023-01-24T07:28:36
7,85.88,60.68,109,20,False,True,JP,BR,2021-05-09,2021-05-09,2023-08-09T17:24:46,2023-08-09T17:24:46
8,0.91,75.55,40,90,False,True,AU,,2021-01-24,2021-01-24,2021-01-19T03:17:38,2021-01-19T03:17:38
9,62.06,69.6,47,107,True,True,UK,DE,2021-11-22,2021-11-22,2023-09-15T23:03:47,2023-09-15T23:03:47
10,2.32,27.92,4,98,False,True,JP,BR,2024-09-05,2024-09-05,2023-10-04T21:02:07,2023-10-04T21:02:07
11,98.54,9.51,29,45,True,,DE,FR,2024-11-02,2024-11-02,2022-07-31T10:45:20,2022-07-31T10:45:20
12,59.92,46.61,61,35,False,False,FR,FR,2023-11-28,2023-11-28,2023-10-11T09:22:34,2023-10-11T09:22:34
13,82.7,61.38,57,80,False,True,CA,DE,2021-03-02,2021-03-02,2022-04-20T09:16:57,2022-04-20T09:16:57
14,85.79,16.78,77,100,False,,AU,JP,2021-10-10,2021-10-10,2023-05-27T23:28:46,2023-05-27T23:28:46
15,97.3,,83,79,True,True,JP,US,2022-10-09,2022-10-09,2021-11-02T08:39:22,
16,44.44,1.03,24,119,False,False,UK,BR,2023-12-26,2023-12-26,2020-10-22T17:12:53,2020-10-22T17:12:53
17,94.65,,37,23,True,False,FR,FR,2022-03-03,2022-03-03,2023-12-11T03:34:06,
18,58.25,75.45,38,81,False,False,US,BR,2020-08-14,2020-08-14,2024-09-23T07:20:32,2024-09-23T07:20:32
19,46.08,2.62,13,43,False,True,BR,US,2022-03-22,2022-03-22,2023-11-29T05:45:31,2023-11-29T05:45:31
20,74.96,3.13,94,13,False,True,BR,DE,2020-11-15,,2020-04-06T23:59:27,2020-04-06T23:59:27
21,17.65,45.86,111,28,True,False,CA,US,2022-02-20,2022-02-20,2021-09-19T08:10:09,2021-09-19T08:10:09
22,20.7,68.97,91,,False,True,CA,AU,2024-11-24,2024-11-24,2022-11-21T22:25:28,2022-11-21T22:25:28
23,86.59,79.66,73,116,True,False,JP,JP,2021-11-21,2021-11-21,2023-11-14T10:55:20,2023-11-14T10:55:20
24,68.87,86.32,1,25,False,False,FR,FR,2022-10-31,2022-10-31,2024-04-21T13:16:03,2024-04-21T13:16:03
25,84.03,,98,38,True,False,JP,BR,2020-12-10,2020-12-10,2023-04-20T11:02:35,2023-04-20T11:02:35
26,40.08,11.75,52,93,False,True,UK,DE,2021-08-04,2021-08-04,2020-01-07T01:21:35,2020-01-07T01:21:35
27,70.91,61.68,84,70,True,True,CA,CA,2024-11-30,2024-11-30,2022-09-13T20:36:56,2022-09-13T20:36:56
28,68.46,43.24,62,,False,True,DE,UK,2023-03-22,,2023-08-05T22:55:53,2023-08-05T22:55:53
29,72.63,78.99,42,86,False,,DE,BR,2021-03-29,2021-03-29,2020-12-20T14:56:19,2020-12-20T14:56:19
30,32.16,15.26,18,13,False,True,CA,CA,2022-03-24,2022-03-24,2024-04-17T07:09:53,2024-04-17T07:09:53
31,39.84,44.29,105,30,True,,AU,CA,2020-12-02,2020-12-02,2022-11-06T14:52:53,
32,20.57,6.53,84,47,True,False,AU,DE,2020-04-16,2020-04-16,2020-09-27T20:15:23,2020-09-27T20:15:23
33,32.39,85.71,38,80,False,False,AU,JP,2023-10-02,2023-10-02,2023-07-26T19:35:00,2023-07-26T19:35:00
34,95.8,28.04,58,84,True,True,BR,BR,2020-11-04,2020-11-04,2023-07-03T19:27:42,2023-07-03T19:27:42
35,50.27,26.5,13,65,False,True,CA,,2022-03-13,2022-03-13,2024-02-19T13:46:42,2024-02-19T13:46:42
36,65.56,61.94,81,14,True,True,FR,,2023-07-02,,2020-04-06T12:16:21,2020-04-06T12:16:21
37,17.41,43.28,78,79,False,True,BR,DE,2024-02-23,2024-02-23,2022-10-27T11:01:06,2022-10-27T11:01:06
38,13.54,33.21,6,39,False,True,FR,BR,2023-04-19,2023-04-19,2023-05-08T03:52:10,2023-05-08T03:52:10
39,41.04,76.85,51,31,True,,DE,DE,2023-09-28,,2022-12-19T14:30:06,2022-12-19T14:30:06
40,95.66,18.33,94,68,False,True,BR,,2020-05-24,2020-05-24,2020-07-16T04:41:15,2020-07-16T04:41:15
41,51.78,98.88,91,52,False,True,UK,AU,2024-03-23,2024-03-23,2022-05-06T02:39:27,2022-05-06T02:39:27
42,40.45,79.11,57,60,False,,FR,FR,2020-06-23,2020-06-23,2022-02-10T21:55:06,
43,11.16,72.31,71,30,True,False,FR,JP,2024-12-22,2024-12-22,2024-10-19T19:40:17,2024-10-19T19:40:17
44,57.23,83.85,86,14,False,False,CA,AU,2024-02-15,2024-02-15,2021-11-17T10:16:00,2021-11-17T10:16:00
45,69.85,10.11,16,4,False,True,DE,FR,2021-12-20,2021-12-20,2021-11-12T01:47:51,2021-11-12T01:47:51
46,22.86,,60,114,True,False,JP,,2021-08-28,2021-08-28,2020-07-29T19:28:32,2020-07-29T19:28:32
47,29.87,35.86,111,119,False,True,BR,DE,2021-11-13,2021-11-13,2023-08-11T11:39:04,2023-08-11T11:39:04
48,97.06,12.52,98,114,True,False,JP,FR,2020-11-16,,2024-10-20T22:04:18,2024-10-20T22:04:18
49,17.67,20.8,88,81,True,True,FR,US,2020-06-03,2020-06-03,2024-04-12T14:40:48,
50,94.63,0.71,57,37,True,,AU,DE,2023-10-17,,2020-02-07T16:54:36,2020-02-07T16:54:36
51,57.6,50.83,91,111,True,True,JP,,2023-08-10,2023-08-10,2022-08-26T07:52:50,2022-08-26T07:52:50
52,52.5,46.71,42,22,False,True,FR,UK,2023-05-07,2023-05-07,2021-05-09T08:37:18,2021-05-09T08:37:18
53,15.02,21.06,20,19,False,False,DE,BR,2023-02-11,2023-02-11,2022-07-25T13:36:08,2022-07-25T13:36:08
54,4.46,58.07,69,11,True,True,DE,UK,2022-08-15,2022-08-15,2024-05-08T01:53:27,2024-05-08T01:53:27
55,11.3,27.49,29,5,True,True,BR,FR,2020-07-21,2020-07-21,2021-12-05T00:51:01,2021-12-05T00:51:01
56,61.52,81.09,13,72,True,False,US,BR,2021-02-07,2021-02-07,2022-02-02T22:35:33,2022-02-02T22:35:33
57,54.56,,55,19,False,,UK,,2021-02-20,2021-02-20,2021-12-03T00:48:11,2021-12-03T00:48:11
58,43.79,94.59,102,42,True,False,US,US,2023-04-03,2023-04-03,2021-08-09T13:37:56,2021-08-09T13:37:56
59,9.87,89.09,32,31,True,,DE,US,2022-01-13,2022-01-13,2022-10-08T02:39:55,2022-10-08T02:39:55
60,3.47,65.33,57,109,False,False,UK,BR,2023-03-31,2023-03-31,2021-09-26T00:11:02,2021-09-26T00:11:02
61,32.23,57.78,46,27,True,False,AU,BR,2022-05-02,2022-05-02,2022-02-02T06:50:24,2022-02-02T06:50:24
62,55.52,2.37,4,101,True,True,BR,DE,2022-03-25,2022-03-25,2022-03-05T09:57:06,2022-03-05T09:57:06
63,72.27,63.66,49,92,False,,FR,US,2023-07-09,2023-07-09,2021-07-22T14:55:57,2021-07-22T14:55:57
64,1.45,0.52,100,10,False,True,BR,BR,2021-05-03,2021-05-03,2021-04-26T00:49:16,2021-04-26T00:49:16
65,97.09,99.34,106,30,True,False,JP,JP,2024-04-15,2024-04-15,2023-01-31T04:28:13,2023-01-31T04:28:13
66,5.84,81.27,94,54,False,True,CA,CA,2022-08-19,2022-08-19,2020-07-31T11:09:37,2020-07-31T11:09:37
67,77.7,53.77,103,101,True,True,CA,BR,2023-11-06,2023-11-06,2021-07-04T15:45:47,2021-07-04T15:45:47
68,99.64,27.69,65,32,True,True,AU,JP,2020-02-03,2020-02-03,2023-12-18T07:57:11,2023-12-18T07:57:11
69,3.4,38.12,85,51,True,True,JP,AU,2022-06-05,2022-06-05,2020-07-02T09:00:11,
70,20.65,,84,109,True,False,JP,CA,2021-06-26,2021-06-26,2024-01-22T13:37:01,2024-01-22T13:37:01
71,51.7,89.23,15,16,False,True,DE,BR,2021-04-28,2021-04-28,2023-12-06T01:50:15,2023-12-06T01:50:15
72,70.56,28.04,26,,True,False,DE,US,2023-05-21,2023-05-21,2020-11-28T13:03:41,2020-11-28T13:03:41
73,93.66,54.23,60,61,True,,FR,UK,2022-08-26,2022-08-26,2021-11-03T05:25:34,2021-11-03T05:25:34
74,49.54,,106,19,True,True,CA,BR,2020-12-10,2020-12-10,2020-01-11T13:51:15,2020-01-11T13:51:15
75,90.69,67.36,38,92,False,True,US,,2020-04-19,2020-04-19,2022-09-26T11:10:19,2022-09-26T11:10:19
76,18.38,23.33,92,79,True,True,FR,BR,2023-08-12,2023-08-12,2021-08-22T07:07:50,2021-08-22T07:07:50
77,76.25,90.46,71,,False,,US,CA,2022-07-29,2022-07-29,2020-02-09T12:44:16,
78,46.46,,2,51,True,False,AU,BR,2022-10-14,2022-10-14,2022-07-06T13:40:19,2022-07-06T13:40:19
79,16.58,70.93,72,106,True,True,DE,,2021-11-28,2021-11-28,2020-11-09T18:55:05,2020-11-09T18:55:05
80,32.89,48.2,41,69,False,True,CA,DE,2021-01-07,2021-01-07,2022-10-21T11:57:54,2022-10-21T11:57:54
81,4.0,,64,82,False,False,BR,JP,2020-10-28,2020-10-28,2020-03-06T05:04:08,2020-03-06T05:04:08
82,62.32,96.42,34,109,False,True,UK,DE,2021-07-09,2021-07-09,2020-11-30T20:36:10,2020-11-30T20:36:10
83,99.82,1.99,23,75,True,False,CA,,2020-12-25,2020-12-25,2022-11-22T12:15:33,2022-11-22T12:15:33
84,10.07,10.14,60,89,True,True,US,DE,2021-08-09,2021-08-09,2022-11-25T05:26:14,2022-11-25T05:26:14
85,77.11,60.21,2,78,True,True,US,AU,2020-02-06,2020-02-06,2022-04-27T12:20:50,2022-04-27T12:20:50
86,86.44,90.01,118,49,False,,AU,AU,2024-03-30,2024-03-30,2020-12-06T16:49:01,2020-12-06T16:49:01
87,36.63,90.84,10,91,True,True,US,BR,2021-01-21,2021-01-21,2020-02-10T17:38:58,
88,95.0,93.96,63,78,True,True,AU,UK,2021-11-21,2021-11-21,2020-01-17T12:37:46,2020-01-17T12:37:46
89,55.11,57.93,42,75,False,False,JP,AU,2023-12-11,2023-12-11,2020-03-22T23:07:25,2020-03-22T23:07:25
90,3.63,66.59,117,40,False,True,DE,US,2023-09-05,2023-09-05,2021-11-22T09:39:12,2021-11-22T09:39:12
91,38.13,45.77,50,62,False,False,BR,FR,2020-10-19,2020-10-19,2023-04-14T23:39:53,2023-04-14T23:39:53
92,95.14,87.59,55,108,False,False,UK,US,2021-04-04,2021-04-04,2024-10-04T05:26:46,2024-10-04T05:26:46
93,80.72,30.52,44,82,True,True,AU,BR,2023-06-20,2023-06-20,2024-07-15T06:34:14,2024-07-15T06:34:14
94,28.12,11.59,14,119,False,False,UK,US,2021-08-07,2021-08-07,2022-05-13T03:33:20,2022-05-13T03:33:20
95,75.18,19.0,62,49,False,False,DE,,2020-07-03,2020-07-03,2021-02-17T10:49:20,2021-02-17T10:49:20
96,92.17,70.08,25,60,True,False,JP,FR,2022-11-02,2022-11-02,2023-01-23T20:42:18,2023-01-23T20:42:18
97,88.35,89.73,97,76,True,False,BR,AU,2021-08-16,,2022-06-10T13:03:29,2022-06-10T13:03:29
98,3.96,53.89,68,57,False,True,JP,JP,2022-09-13,2022-09-13,2023-12-30T07:30:20,2023-12-30T07:30:20
99,94.84,72.15,28,55,False,True,JP,UK,2024-05-30,2024-05-30,2023-10-06T03:25:27,2023-10-06T03:25:27
100,41.17,26.17,16,49,True,True,US,DE,2021-03-11,2021-03-11,2020-11-08T00:28:24,2020-11-08T00:28:24
101,72.29,3.12,2,21,False,False,CA,JP,2022-04-21,2022-04-21,2024-08-12T09:04:24,2024-08-12T09:04:24
102,62.0,45.16,15,40,True,False,FR,BR,2020-05-19,2020-05-19,2021-10-09T00:30:17,
103,70.07,35.23,26,79,True,False,JP,AU,2021-04-14,2021-04-14,2020-05-01T07:12:47,2020-05-01T07:12:47
104,53.43,50.81,44,69,False,False,US,US,2022-04-17,2022-04-17,2023-01-27T12:57:18,2023-01-27T12:57:18
105,77.89,34.69,39,93,True,False,UK,FR,2021-01-03,2021-01-03,2023-07-12T07:12:02,2023-07-12T07:12:02
106,79.67,13.53,49,50,False,False,AU,JP,2024-12-21,2024-12-21,2024-03-16T10:57:25,2024-03-16T10:57:25
107,32.16,4.69,53,52,False,True,JP,BR,2023-03-13,2023-03-13,2021-06-02T09:19:14,2021-06-02T09:19:14
108,19.31,,40,103,False,False,DE,AU,2023-02-28,2023-02-28,2021-08-28T04:45:01,2021-08-28T04:45:01
109,27.94,39.01,79,100,False,False,AU,JP,2023-07-08,2023-07-08,2020-02-17T15:21:04,2020-02-17T15:21:04
110,68.77,40.73,36,59,False,True,AU,FR,2022-06-26,2022-06-26,2024-10-22T04:38:11,2024-10-22T04:38:11
111,31.02,31.37,44,49,True,False,JP,BR,2022-09-03,2022-09-03,2022-02-11T22:02:36,2022-02-11T22:02:36
112,41.42,62.56,26,86,True,True,CA,JP,2021-09-29,,2022-02-14T15:55:37,2022-02-14T15:55:37
113,16.4,99.93,77,17,True,True,DE,AU,2021-11-20,2021-11-20,2020-09-27T18:04:40,2020-09-27T18:04:40
114,23.17,37.8,74,109,False,False,DE,US,2023-04-02,2023-04-02,2022-08-18T20:55:27,2022-08-18T20:55:27
115,76.33,17.01,5,,False,False,UK,,2022-08-02,,2021-09-06T08:26:01,2021-09-06T08:26:01
116,20.02,3.52,96,32,True,True,DE,,2023-02-11,,2023-12-24T02:00:02,2023-12-24T02:00:02
117,73.69,29.38,93,51,True,False,JP,CA,2022-07-13,2022-07-13,2022-02-22T10:08:01,2022-02-22T10:08:01
118,86.65,,56,12,True,True,US,FR,2022-07-28,2022-07-28,2023-12-28T16:23:29,2023-12-28T16:23:29
119,10.19,27.71,35,1,True,False,DE,JP,2023-08-27,2023-08-27,2021-03-02T00:35:30,2021-03-02T00:35:30
120,91.29,11.38,84,58,True,True,UK,,2021-09-30,2021-09-30,2023-10-12T17:30:23,2023-10-12T17:30:23
121,12.09,70.75,26,107,True,True,AU,JP,2021-03-27,2021-03-27,2021-03-11T19:37:02,2021-03-11T19:37:02
122,91.45,38.67,113,48,True,False,BR,AU,2023-09-16,2023-09-16,2020-01-27T14:15:01,2020-01-27T14:15:01
123,14.16,,27,,False,False,AU,US,2023-03-26,2023-03-26,2024-04-21T07:46:56,2024-04-21T07:46:56
124,23.11,57.31,73,64,False,,CA,DE,2021-01-11,2021-01-11,2020-04-05T13:34:21,2020-04-05T13:34:21
125,91.2,18.24,77,12,False,True,BR,UK,2023-06-22,2023-06-22,2022-08-09T22:56:23,2022-08-09T22:56:23
126,57.78,78.39,12,108,True,False,UK,CA,2021-05-09,2021-05-09,2024-03-06T00:51:29,2024-03-06T00:51:29
127,76.5,34.01,98,,True,True,UK,BR,2023-01-18,2023-01-18,2024-07-03T21:16:05,2024-07-03T21:16:05
128,49.23,93.91,108,65,True,False,UK,AU,2021-04-04,2021-04-04,2022-09-20T01:41:29,2022-09-20T01:41:29
129,77.87,54.69,8,43,False,True,FR,FR,2024-06-28,2024-06-28,2023-05-20T04:40:35,2023-05-20T04:40:35
130,28.83,94.28,52,47,False,False,BR,AU,2021-05-27,2021-05-27,2021-02-23T02:42:38,2021-02-23T02:42:38
131,16.51,63.67,95,57,False,False,CA,UK,2021-05-27,2021-05-27,2020-09-13T11:22:01,2020-09-13T11:22:01
132,82.56,50.63,63,81,False,False,FR,FR,2021-12-04,2021-12-04,2022-03-22T21:34:42,2022-03-22T21:34:42
133,63.16,27.6,4,76,False,False,DE,FR,2022-08-16,2022-08-16,2023-05-12T20:33:14,2023-05-12T20:33:14
134,24.3,9.92,14,65,True,True,UK,US,2020-03-24,2020-03-24,2021-05-18T14:00:17,2021-05-18T14:00:17
135,59.9,38.79,14,118,False,True,CA,,2022-11-14,2022-11-14,2023-02-16T06:34:15,2023-02-16T06:34:15
136,34.78,7.88,14,75,False,,JP,CA,2022-09-11,2022-09-11,2020-11-23T15:31:43,
137,0.95,72.89,31,,True,False,JP,CA,2021-01-05,2021-01-05,2020-01-26T04:17:50,2020-01-26T04:17:50
138,38.68,43.24,44,,False,True,UK,DE,2022-10-02,2022-10-02,2024-07-28T00:09:12,
139,54.38,9.48,28,,True,True,UK,JP,2020-10-05,2020-10-05,2020-07-10T04:37:44,
140,54.13,37.63,81,25,False,True,JP,BR,2022-07-19,2022-07-19,2023-03-12T04:19:26,2023-03-12T04:19:26
141,88.61,51.43,93,55,True,False,US,BR,2024-06-09,2024-06-09,2023-08-16T16:02:38,
142,1.8,39.76,47,73,True,True,CA,BR,2020-03-19,2020-03-19,2023-05-03T02:43:34,2023-05-03T02:43:34
143,87.2,89.23,103,21,True,False,US,BR,2023-01-07,2023-01-07,2020-04-21T19:56:27,2020-04-21T19:56:27
144,8.13,,16,42,True,True,UK,,2023-10-16,2023-10-16,2024-02-03T13:12:50,2024-02-03T13:12:50
145,96.51,66.54,50,26,False,True,CA,AU,2020-05-17,2020-05-17,2021-03-29T03:15:24,2021-03-29T03:15:24
146,73.49,45.14,18,7,True,True,BR,FR,2021-12-25,2021-12-25,2023-07-07T10:12:05,2023-07-07T10:12:05
147,28.19,16.19,82,83,True,True,UK,BR,2020-12-26,2020-12-26,2020-07-01T23:05:11,2020-07-01T23:05:11
148,33.85,8.87,82,57,False,,CA,US,2021-03-21,,2020-07-16T17:42:05,2020-07-16T17:42:05
149,16.51,,48,106,True,True,BR,UK,2020-01-17,2020-01-17,2023-06-22T02:12:10,2023-06-22T02:12:10
150,94.38,30.22,9,119,False,,DE,US,2021-05-14,2021-05-14,2020-01-22T01:27:28,2020-01-22T01:27:28
151,49.42,,100,53,False,True,JP,DE,2021-09-21,2021-09-21,2024-04-14T01:24:33,
152,16.29,63.62,45,66,False,False,AU,CA,2021-03-21,,2021-06-24T18:04:51,
153,64.74,29.02,76,14,False,True,US,CA,2022-04-12,2022-04-12,2021-10-24T00:17:36,2021-10-24T00:17:36
154,28.56,28.86,114,73,False,True,FR,JP,2024-07-16,2024-07-16,2023-09-11T21:27:03,2023-09-11T21:27:03
155,68.09,82.67,81,,True,False,UK,UK,2023-12-18,2023-12-18,2020-06-19T03:43:27,2020-06-19T03:43:27
156,92.73,41.41,90,111,True,False,AU,UK,2023-07-05,2023-07-05,2020-06-17T08:17:20,2020-06-17T08:17:20
157,8.58,42.2,68,47,False,True,UK,JP,2022-12-24,2022-12-24,2020-07-28T01:18:09,2020-07-28T01:18:09
158,50.24,23.58,40,34,False,False,US,BR,2024-09-08,2024-09-08,2021-01-02T02:38:08,2021-01-02T02:38:08
159,14.63,,61,89,False,False,DE,FR,2022-05-10,2022-05-10,2023-12-11T17:21:34,
160,64.12,,85,,True,True,BR,AU,2020-02-07,2020-02-07,2020-10-29T06:23:07,2020-10-29T06:23:07
161,5.43,36.91,27,,True,True,FR,UK,2022-04-26,2022-04-26,2020-05-17T05:19:56,2020-05-17T05:19:56
162,17.75,35.44,51,,True,,JP,JP,2020-03-27,2020-03-27,2023-05-24T09:21:45,2023-05-24T09:21:45
163,77.5,55.81,15,18,True,False,CA,AU,2024-02-19,,2020-02-15T06:10:55,2020-02-15T06:10:55
164,90.37,99.51,54,1,True,False,DE,,2020-09-16,2020-09-16,2024-05-06T06:05:36,2024-05-06T06:05:36
165,83.69,31.13,41,119,False,False,CA,UK,2021-05-23,2021-05-23,2023-04-15T14:07:23,2023-04-15T14:07:23
166,3.89,98.93,107,27,False,True,US,,2024-06-29,2024-06-29,2021-12-19T09:28:55,2021-12-19T09:28:55
167,85.63,60.27,38,52,True,False,BR,,2020-12-29,2020-12-29,2021-05-08T18:44:39,2021-05-08T18:44:39
168,72.07,65.26,9,88,True,True,CA,AU,2020-06-04,2020-06-04,2024-03-26T02:00:28,2024-03-26T02:00:28
169,34.97,83.36,51,0,True,False,DE,FR,2023-11-28,2023-11-28,2022-03-22T16:29:52,2022-03-22T16:29:52
170,12.77,37.74,71,18,True,False,CA,JP,2024-09-16,2024-09-16,2022-10-18T16:22:37,2022-10-18T16:22:37
171,7.22,20.92,113,33,False,True,FR,DE,2023-04-23,2023-04-23,2021-06-04T12:09:39,2021-06-04T12:09:39
172,68.82,35.25,8,47,False,False,JP,DE,2021-11-14,2021-11-14,2020-03-15T18:54:26,2020-03-15T18:54:26
173,2.58,49.82,1,78,False,True,UK,CA,2023-03-27,2023-03-27,2021-06-23T12:28:35,2021-06-23T12:28:35
174,14.0,4.43,60,110,True,,UK,UK,2024-12-21,2024-12-21,2022-08-01T20:13:22,
175,25.95,70.46,64,107,True,True,UK,DE,2022-03-30,2022-03-30,2024-06-17T12:51:26,
176,42.33,69.75,64,1,True,False,DE,BR,2021-02-07,2021-02-07,2024-03-27T22:57:42,2024-03-27T22:57:42
177,35.17,3.16,116,103,True,True,US,CA,2024-02-07,2024-02-07,2020-06-14T00:01:31,2020-06-14T00:01:31
178,67.64,3.62,9,,False,True,CA,FR,2020-11-07,2020-11-07,2023-04-06T20:29:13,2023-04-06T20:29:13
179,7.29,,105,99,False,False,DE,AU,2021-02-24,2021-02-24,2023-01-21T05:21:48,
180,96.36,3.66,23,82,False,True,CA,JP,2021-11-28,2021-11-28,2021-02-04T00:14:08,2021-02-04T00:14:08
181,1.49,14.88,94,63,True,True,CA,US,2020-01-04,2020-01-04,2021-11-03T16:39:35,2021-11-03T16:39:35
182,9.64,47.11,97,88,False,,JP,FR,2020-04-29,2020-04-29,2023-09-25T20:16:31,2023-09-25T20:16:31
183,34.05,18.79,93,59,True,False,JP,JP,2021-04-09,2021-04-09,2021-11-27T09:57:44,2021-11-27T09:57:44
184,71.25,89.28,48,,True,True,UK,UK,2023-07-30,2023-07-30,2023-08-22T17:40:51,2023-08-22T17:40:51
185,35.84,18.1,6,88,False,,BR,US,2024-06-08,2024-06-08,2020-03-10T03:00:20,2020-03-10T03:00:20
186,68.45,84.01,15,90,True,False,CA,UK,2021-06-02,2021-06-02,2024-01-13T20:42:16,2024-01-13T20:42:16
187,42.17,23.72,48,54,True,True,CA,FR,2020-06-08,2020-06-08,2020-01-01T13:28:32,2020-01-01T13:28:32
188,88.24,61.48,91,113,False,True,CA,AU,2022-03-30,2022-03-30,2021-03-04T10:56:31,2021-03-04T10:56:31
189,25.9,43.85,78,32,False,False,UK,UK,2022-01-19,2022-01-19,2024-12-22T05:46:11,2024-12-22T05:46:11
190,39.1,70.46,83,93,False,False,US,UK,2021-10-05,2021-10-05,2021-05-15T06:10:36,2021-05-15T06:10:36
191,21.56,67.97,10,9,False,False,CA,,2024-09-12,2024-09-12,2022-10-10T13:43:25,2022-10-10T13:43:25
192,17.02,12.26,27,19,False,False,BR,US,2022-08-09,2022-08-09,2021-06-05T07:24:19,2021-06-05T07:24:19
193,49.59,47.61,5,28,True,,FR,,2021-08-24,,2024-02-15T05:18:04,2024-02-15T05:18:04
194,50.81,15.69,93,94,False,True,UK,US,2022-08-08,2022-08-08,2020-05-15T05:21:32,2020-05-15T05:21:32
195,86.87,28.58,100,41,True,True,US,AU,2023-08-03,2023-08-03,2022-11-01T18:58:46,2022-11-01T18:58:46
196,42.19,64.59,113,51,False,True,AU,AU,2022-03-24,2022-03-24,2021-08-24T11:18:10,2021-08-24T11:18:10
197,70.79,9.76,29,72,False,True,CA,UK,2024-04-22,2024-04-22,2020-04-24T05:40:26,2020-04-24T05:40:26
198,33.63,51.62,40,112,True,False,JP,AU,2022-10-27,2022-10-27,2022-02-22T09:18:32,2022-02-22T09:18:32
199,81.42,1.0,97,105,True,True,US,FR,2020-05-03,2020-05-03,2021-08-15T08:45:27,2021-08-15T08:45:27
200,63.82,15.27,87,1,False,True,UK,FR,2024-10-29,2024-10-29,2020-01-05T05:04:32,
201,36.0,25.83,6,22,True,True,FR,BR,2023-05-01,2023-05-01,2022-05-04T04:35:25,2022-05-04T04:35:25
202,10.51,,6,94,True,True,US,,2021-01-29,,2022-11-19T04:58:14,2022-11-19T04:58:14
203,58.06,32.57,77,,False,False,UK,,2020-06-14,2020-06-14,2022-01-28T22:05:39,2022-01-28T22:05:39
204,81.48,54.66,1,,False,True,JP,JP,2022-08-21,2022-08-21,2020-06-24T16:59:00,2020-06-24T16:59:00
205,13.61,14.63,0,61,False,False,CA,DE,2021-03-01,2021-03-01,2021-01-02T00:08:15,2021-01-02T00:08:15
206,56.47,84.95,15,91,False,True,BR,FR,2024-05-24,2024-05-24,2023-02-09T21:35:34,2023-02-09T21:35:34
207,62.85,43.66,92,103,False,True,AU,US,2021-12-30,2021-12-30,2021-07-31T08:34:33,2021-07-31T08:34:33
208,30.31,74.2,100,56,True,False,BR,AU,2020-02-21,2020-02-21,2024-10-20T09:07:09,2024-10-20T09:07:09
209,23.84,44.22,52,13,False,True,DE,JP,2023-06-11,2023-06-11,2021-01-18T21:29:33,2021-01-18T21:29:33
210,79.38,87.3,30,32,True,True,AU,JP,2020-06-25,2020-06-25,2021-11-21T19:29:12,
211,44.88,45.82,88,42,True,False,DE,JP,2021-09-24,,2020-10-07T02:54:34,2020-10-07T02:54:34
212,54.07,28.42,103,60,False,True,FR,CA,2024-06-09,2024-06-09,2021-11-15T05:13:08,2021-11-15T05:13:08
213,48.74,,35,31,True,False,AU,US,2022-10-30,2022-10-30,2022-08-22T01:21:28,2022-08-22T01:21:28
214,93.96,23.78,57,101,True,False,JP,UK,2022-05-31,2022-05-31,2023-08-06T23:47:20,2023-08-06T23:47:20
215,74.64,,13,52,True,False,AU,BR,2024-08-02,,2021-09-19T12:29:09,
216,28.95,99.39,11,87,False,True,BR,DE,2024-06-18,2024-06-18,2021-09-29T05:17:42,
217,47.38,,69,30,False,False,CA,UK,2024-09-21,2024-09-21,2023-06-07T20:24:49,2023-06-07T20:24:49
218,17.82,63.07,92,6,False,True,DE,FR,2024-09-24,2024-09-24,2022-11-08T18:32:22,2022-11-08T18:32:22
219,65.15,8.55,119,18,True,True,JP,FR,2024-11-04,2024-11-04,2024-02-19T16:57:44,2024-02-19T16:57:44
220,25.88,74.83,106,42,True,False,JP,AU,2022-07-16,,2024-03-31T23:17:30,
221,33.99,14.47,84,13,True,True,DE,CA,2023-04-18,2023-04-18,2024-03-28T11:40:44,
222,85.63,46.83,64,119,False,False,AU,JP,2024-04-12,2024-04-12,2024-07-31T15:08:11,2024-07-31T15:08:11
223,52.35,90.6,94,103,False,True,CA,JP,2024-11-09,2024-11-09,2022-03-29T12:35:44,2022-03-29T12:35:44
224,18.86,,33,30,True,False,FR,AU,2020-07-06,2020-07-06,2023-08-24T04:45:28,2023-08-24T04:45:28
225,98.86,43.25,111,9,True,True,US,CA,2022-03-04,2022-03-04,2022-09-16T06:27:20,2022-09-16T06:27:20
226,36.4,68.29,55,25,False,False,JP,BR,2023-12-16,,2020-10-19T17:44:21,2020-10-19T17:44:21
227,15.36,31.42,5,43,False,,AU,JP,2021-01-31,2021-01-31,2024-03-29T12:53:55,2024-03-29T12:53:55
228,41.16,5.31,26,,False,True,UK,FR,2020-04-25,2020-04-25,2020-10-05T23:51:21,2020-10-05T23:51:21
229,32.94,16.25,3,84,False,False,CA,CA,2024-09-24,2024-09-24,2023-02-02T12:26:49,2023-02-02T12:26:49
230,40.28,37.62,57,95,False,True,DE,DE,2021-11-27,,2023-10-07T11:32:39,2023-10-07T11:32:39
231,30.35,4.73,31,96,False,False,UK,,2023-08-18,2023-08-18,2024-02-04T08:05:04,2024-02-04T08:05:04
232,22.6,32.05,51,104,False,False,JP,UK,2021-02-16,2021-02-16,2022-04-28T07:37:55,2022-04-28T07:37:55
233,92.18,13.7,87,93,False,True,UK,FR,2022-08-21,2022-08-21,2020-10-05T21:22:52,2020-10-05T21:22:52
234,34.46,85.62,84,112,True,True,US,DE,2020-02-18,2020-02-18,2023-05-10T11:24:26,2023-05-10T11:24:26
235,21.84,54.12,21,72,True,False,BR,UK,2020-06-23,2020-06-23,2024-09-25T19:32:27,
236,2.67,70.11,35,9,False,False,US,BR,2024-07-01,2024-07-01,2020-02-14T11:54:30,2020-02-14T11:54:30
237,35.46,14.6,109,95,True,,DE,FR,2021-12-04,2021-12-04,2023-08-25T15:48:06,2023-08-25T15:48:06
238,61.25,82.99,89,108,True,False,DE,JP,2024-07-20,,2022-11-25T00:39:40,
239,84.37,57.89,63,57,False,False,US,,2021-10-05,2021-10-05,2021-08-16T15:53:44,2021-08-16T15:53:44
240,65.12,91.36,84,104,False,False,FR,UK,2020-06-12,2020-06-12,2023-05-28T18:07:00,2023-05-28T18:07:00
241,77.27,40.16,46,,False,False,FR,AU,2022-12-10,2022-12-10,2022-06-29T08:24:11,2022-06-29T08:24:11
242,30.79,75.33,37,92,True,True,AU,US,2024-02-11,2024-02-11,2022-10-12T12:14:40,2022-10-12T12:14:40
243,76.89,83.11,109,22,False,False,UK,FR,2020-03-19,,2024-07-09T19:23:15,2024-07-09T19:23:15
244,76.96,26.04,28,0,True,False,JP,BR,2023-08-16,2023-08-16,2020-01-24T15:36:31,2020-01-24T15:36:31
245,3.05,84.08,105,54,False,False,JP,AU,2023-01-29,2023-01-29,2022-06-28T03:37:50,2022-06-28T03:37:50
246,64.75,86.84,31,,True,,CA,,2020-08-02,2020-08-02,2023-12-26T12:15:27,2023-12-26T12:15:27
247,29.13,39.83,13,90,True,False,BR,UK,2020-08-13,2020-08-13,2021-03-13T09:16:02,2021-03-13T09:16:02
248,50.28,35.67,62,109,True,False,FR,FR,2023-04-23,2023-04-23,2021-08-16T23:51:11,2021-08-16T23:51:11
249,30.25,2.8,43,14,False,False,US,JP,2023-01-29,2023-01-29,2020-11-21T08:25:38,2020-11-21T08:25:38
250,19.77,64.54,113,54,False,True,UK,DE,2023-01-28,2023-01-28,2021-09-23T08:25:11,2021-09-23T08:25:11
251,17.76,28.46,102,8,False,False,BR,CA,2020-05-21,2020-05-21,2022-09-05T10:43:11,2022-09-05T10:43:11
252,90.01,23.27,15,109,False,False,AU,BR,2022-02-03,2022-02-03,2024-10-05T15:43:29,2024-10-05T15:43:29
253,70.07,58.02,21,70,False,True,AU,FR,2024-03-09,2024-03-09,2024-02-07T18:46:08,
254,24.66,76.08,30,53,False,True,US,BR,2020-08-04,2020-08-04,2020-05-29T09:39:20,
255,67.05,,11,25,True,False,JP,AU,2022-04-30,2022-04-30,2022-01-28T17:45:26,2022-01-28T17:45:26
256,81.81,59.17,56,47,True,,FR,UK,2021-01-25,2021-01-25,2022-02-23T01:10:06,2022-02-23T01:10:06
257,35.17,94.03,2,63,False,True,FR,JP,2020-02-16,2020-02-16,2022-04-24T00:02:43,2022-04-24T00:02:43
258,24.81,0.83,118,86,True,True,AU,FR,2020-10-15,2020-10-15,2022-03-16T02:19:11,2022-03-16T02:19:11
259,63.31,31.35,55,22,False,,UK,AU,2024-04-14,2024-04-14,2024-02-15T11:11:43,2024-02-15T11:11:43
260,85.23,49.22,96,103,True,True,AU,DE,2021-06-28,2021-06-28,2020-05-04T05:06:26,2020-05-04T05:06:26
261,18.9,64.17,24,23,False,True,US,AU,2024-01-10,2024-01-10,2022-10-31T09:28:56,2022-10-31T09:28:56
262,61.72,47.43,117,,True,,US,CA,2020-12-29,,2023-08-03T07:23:38,2023-08-03T07:23:38
263,78.58,70.1,67,110,False,False,JP,BR,2024-12-15,,2020-08-25T10:11:13,2020-08-25T10:11:13
264,17.53,20.24,106,49,False,,DE,JP,2021-04-14,2021-04-14,2021-10-20T21:36:43,2021-10-20T21:36:43
265,30.01,41.46,30,44,False,False,US,JP,2022-08-10,2022-08-10,2020-07-13T06:29:54,
266,69.32,1.84,26,58,False,True,BR,,2022-12-04,2022-12-04,2021-03-30T00:09:38,2021-03-30T00:09:38
267,51.51,93.3,8,19,True,True,FR,AU,2022-02-18,2022-02-18,2020-01-19T01:32:38,2020-01-19T01:32:38
268,60.07,49.27,28,97,False,True,UK,AU,2023-12-24,2023-12-24,2020-12-23T12:43:22,2020-12-23T12:43:22
269,53.03,22.95,46,24,False,False,CA,UK,2022-09-06,2022-09-06,2024-09-06T15:55:56,2024-09-06T15:55:56
270,46.33,35.5,51,111,False,False,FR,FR,2021-06-01,2021-06-01,2021-10-19T07:01:20,2021-10-19T07:01:20
271,1.63,87.12,20,63,True,True,UK,CA,2022-06-30,2022-06-30,2024-06-10T16:34:56,2024-06-10T16:34:56
272,66.54,31.93,97,97,True,False,JP,BR,2023-05-07,2023-05-07,2024-08-26T15:17:49,2024-08-26T15:17:49
273,5.11,30.79,14,,False,,AU,AU,2023-12-08,2023-12-08,2020-09-22T06:14:13,2020-09-22T06:14:13
274,18.19,18.67,85,68,True,False,BR,CA,2020-07-03,2020-07-03,2023-06-12T18:20:05,2023-06-12T18:20:05
275,30.27,80.14,17,30,False,False,JP,AU,2022-10-19,2022-10-19,2022-10-05T12:09:32,2022-10-05T12:09:32
276,47.91,35.62,0,101,True,False,FR,FR,2021-01-18,2021-01-18,2023-08-29T13:05:16,2023-08-29T13:05:16
277,11.15,39.01,11,,False,True,JP,JP,2022-10-10,2022-10-10,2021-04-16T18:15:02,2021-04-16T18:15:02
278,82.72,64.72,51,109,True,True,UK,DE,2021-05-19,2021-05-19,2022-06-08T15:19:55,2022-06-08T15:19:55
279,85.21,54.07,71,115,True,False,DE,CA,2022-02-23,2022-02-23,2021-09-03T02:12:41,2021-09-03T02:12:41
280,82.21,,58,34,True,True,BR,FR,2022-04-28,,2022-09-16T05:32:23,
281,37.64,60.27,71,32,False,True,FR,,2021-05-13,2021-05-13,2020-07-10T15:46:39,2020-07-10T15:46:39
282,91.65,2.77,48,91,False,False,US,BR,2020-05-01,2020-05-01,2024-10-08T15:30:40,
283,57.38,62.61,39,105,True,True,BR,FR,2020-04-18,2020-04-18,2023-06-07T13:46:51,2023-06-07T13:46:51
284,3.5,20.98,16,109,True,False,JP,FR,2022-11-06,2022-11-06,2022-09-02T03:56:11,2022-09-02T03:56:11
285,27.66,22.14,108,54,False,True,FR,,2021-07-13,2021-07-13,2021-01-25T03:30:19,2021-01-25T03:30:19
286,73.59,,0,67,False,False,AU,US,2023-05-20,2023-05-20,2020-10-16T23:06:10,2020-10-16T23:06:10
287,62.21,49.73,60,5,True,False,DE,,2024-02-18,2024-02-18,2022-03-27T23:51:11,2022-03-27T23:51:11
288,39.52,82.92,78,96,True,,AU,DE,2020-05-28,2020-05-28,2024-05-03T04:35:36,2024-05-03T04:35:36
289,54.35,95.72,10,,True,True,AU,JP,2023-10-12,2023-10-12,2020-07-30T17:41:45,2020-07-30T17:41:45
290,57.55,68.41,49,8,True,False,CA,JP,2021-04-18,2021-04-18,2021-07-25T07:55:25,2021-07-25T07:55:25
291,8.35,46.71,8,69,True,False,US,FR,2024-05-16,2024-05-16,2020-07-09T19:10:04,2020-07-09T19:10:04
292,82.15,50.46,112,6,True,False,UK,BR,2022-02-08,2022-02-08,2022-12-01T05:39:07,2022-12-01T05:39:07
293,93.59,43.27,91,29,False,False,JP,US,2022-07-09,2022-07-09,2023-04-19T18:37:01,2023-04-19T18:37:01
294,36.66,41.54,104,115,False,,US,UK,2022-06-11,2022-06-11,2024-09-16T03:38:23,2024-09-16T03:38:23
295,45.84,61.09,65,25,False,,CA,DE,2023-07-12,,2022-12-18T14:12:42,2022-12-18T14:12:42
296,29.61,1.42,44,61,True,True,DE,UK,2024-05-21,2024-05-21,2022-07-17T04:06:01,2022-07-17T04:06:01
297,30.02,,117,,True,,JP,US,2023-04-03,2023-04-03,2020-07-26T21:15:22,
298,30.87,63.83,21,103,True,True,CA,AU,2021-01-17,2021-01-17,2020-03-19T15:56:59,2020-03-19T15:56:59
299,52.42,12.2,15,2,True,True,AU,BR,2022-12-17,2022-12-17,2024-12-28T01:56:03,2024-12-28T01:56:03
300,86.17,43.11,64,45,True,False,FR,CA,2020-06-27,2020-06-27,2024-12-02T02:23:20,2024-12-02T02:23:20
301,57.14,21.26,15,96,False,False,FR,US,2022-09-22,2022-09-22,2021-01-09T14:09:40,2021-01-09T14:09:40
302,66.53,31.65,6,89,False,False,AU,DE,2020-05-30,2020-05-30,2023-12-25T19:59:29,2023-12-25T19:59:29
303,79.6,56.45,64,78,True,False,FR,BR,2022-04-20,2022-04-20,2024-04-20T08:58:07,2024-04-20T08:58:07
304,25.5,36.89,84,83,True,False,AU,JP,2021-12-25,2021-12-25,2024-02-26T21:54:00,2024-02-26T21:54:00
305,20.01,8.0,41,26,False,True,US,UK,2020-08-29,2020-08-29,2020-07-30T15:44:55,
306,67.35,46.93,49,22,True,False,JP,JP,2023-05-09,2023-05-09,2022-05-08T02:41:10,2022-05-08T02:41:10
307,78.43,46.6,44,23,True,True,CA,DE,2022-04-22,2022-04-22,2023-09-04T12:19:18,
308,13.82,,38,22,True,False,AU,AU,2024-03-04,2024-03-04,2022-09-25T04:35:22,
309,94.15,4.51,50,59,True,True,AU,US,2023-04-10,2023-04-10,2022-08-23T13:02:47,2022-08-23T13:02:47
310,76.56,63.66,13,94,False,False,JP,JP,2024-07-04,2024-07-04,2020-07-27T06:52:57,
311,72.86,0.58,85,35,True,True,DE,JP,2024-08-21,2024-08-21,2020-07-22T01:21:37,2020-07-22T01:21:37
312,93.01,21.92,44,100,False,True,BR,UK,2024-06-30,2024-06-30,2022-05-17T01:51:54,2022-05-17T01:51:54
313,87.32,89.4,59,96,False,True,JP,US,2023-12-12,2023-12-12,2024-08-28T15:47:44,2024-08-28T15:47:44
314,10.98,98.38,8,113,False,True,UK,FR,2023-12-15,,2024-12-12T11:23:46,2024-12-12T11:23:46
315,60.48,,11,26,True,True,US,,2020-11-29,2020-11-29,2024-01-02T17:07:49,2024-01-02T17:07:49
316,62.05,43.08,81,57,True,False,US,AU,2022-02-02,2022-02-02,2022-09-12T22:11:12,
317,27.27,49.72,103,61,False,,DE,UK,2024-03-16,2024-03-16,2021-05-14T10:23:37,2021-05-14T10:23:37
318,16.74,4.52,119,,True,True,US,UK,2024-05-08,2024-05-08,2023-10-04T23:02:09,2023-10-04T23:02:09
319,65.8,4.46,19,24,False,False,UK,,2020-01-17,2020-01-17,2022-01-16T10:28:37,2022-01-16T10:28:37
320,99.31,93.66,79,21,False,False,US,JP,2020-04-19,2020-04-19,2022-01-18T08:51:05,2022-01-18T08:51:05
321,79.84,94.0,53,32,False,True,BR,,2023-01-02,2023-01-02,2021-08-08T22:17:30,2021-08-08T22:17:30
322,14.64,15.05,12,104,True,True,AU,US,2024-09-30,,2024-06-04T23:48:37,2024-06-04T23:48:37
323,25.58,94.62,62,52,False,True,AU,CA,2020-09-25,2020-09-25,2023-12-27T16:57:16,
324,3.33,95.5,83,67,True,True,US,,2021-09-10,2021-09-10,2020-05-14T01:02:36,2020-05-14T01:02:36
325,20.03,46.6,61,17,True,True,US,BR,2020-07-11,2020-07-11,2020-04-14T04:42:53,2020-04-14T04:42:53
326,87.04,81.78,17,118,False,True,CA,CA,2023-09-26,2023-09-26,2021-12-05T14:17:26,2021-12-05T14:17:26
327,60.01,92.58,73,51,True,,FR,FR,2023-09-05,2023-09-05,2020-08-07T23:44:22,2020-08-07T23:44:22
328,52.51,74.08,59,90,False,False,JP,DE,2022-10-25,2022-10-25,2022-08-03T20:35:15,2022-08-03T20:35:15
329,81.17,61.03,82,50,False,True,AU,AU,2024-04-13,2024-04-13,2023-05-10T23:54:23,2023-05-10T23:54:23
330,32.8,24.88,97,101,True,,US,CA,2024-03-02,2024-03-02,2020-02-20T14:29:53,2020-02-20T14:29:53
331,58.72,8.22,13,12,False,False,JP,US,2022-07-11,2022-07-11,2022-07-19T07:46:36,
332,10.87,74.65,6,101,False,,US,DE,2024-12-17,2024-12-17,2020-06-23T16:00:46,2020-06-23T16:00:46
333,61.32,12.59,112,89,False,False,FR,AU,2020-03-07,2020-03-07,2020-05-17T23:35:27,2020-05-17T23:35:27
334,47.7,,90,91,False,False,FR,FR,2024-08-10,2024-08-10,2023-10-05T01:11:22,2023-10-05T01:11:22
335,79.7,43.8,61,96,True,True,FR,UK,2020-07-26,2020-07-26,2020-03-02T21:14:35,2020-03-02T21:14:35
336,76.61,46.65,117,63,True,False,JP,BR,2023-02-23,2023-02-23,2024-01-05T23:46:45,2024-01-05T23:46:45
337,12.21,96.35,104,54,True,False,CA,US,2024-01-25,2024-01-25,2022-05-18T23:03:41,2022-05-18T23:03:41
338,70.99,70.77,109,58,True,False,JP,,2024-02-14,2024-02-14,2021-03-18T00:33:40,
339,68.91,82.71,97,,True,True,JP,JP,2023-12-31,,2022-05-06T17:36:37,2022-05-06T17:36:37
340,74.78,,81,21,True,True,BR,FR,2024-05-04,2024-05-04,2021-04-04T18:22:33,2021-04-04T18:22:33
341,20.38,60.84,97,58,False,False,CA,CA,2023-09-10,2023-09-10,2021-12-26T09:46:00,2021-12-26T09:46:00
342,45.5,32.91,101,65,True,False,JP,DE,2020-07-25,2020-07-25,2021-08-10T07:59:53,2021-08-10T07:59:53
343,77.15,15.05,63,50,False,True,DE,JP,2023-04-08,2023-04-08,2020-10-14T06:13:26,
344,25.43,77.51,62,108,True,False,CA,JP,2023-01-14,2023-01-14,2024-02-16T01:08:03,2024-02-16T01:08:03
345,61.48,42.3,66,4,True,True,US,JP,2020-07-06,2020-07-06,2024-02-15T09:25:19,2024-02-15T09:25:19
346,3.3,28.32,16,109,True,True,DE,BR,2023-01-31,2023-01-31,2024-01-18T03:04:49,2024-01-18T03:04:49
347,75.99,,8,114,True,True,AU,UK,2022-08-16,2022-08-16,2021-08-30T13:04:23,2021-08-30T13:04:23
348,33.71,56.08,90,21,False,True,AU,FR,2023-01-22,2023-01-22,2024-10-27T20:52:16,2024-10-27T20:52:16
349,67.76,96.4,30,45,False,True,FR,BR,2022-06-03,2022-06-03,2021-09-22T19:07:57,2021-09-22T19:07:57
350,58.67,1.91,42,113,False,False,FR,FR,2023-10-08,2023-10-08,2024-12-02T02:14:14,2024-12-02T02:14:14
351,91.46,21.14,71,117,False,True,DE,CA,2021-08-14,2021-08-14,2021-07-10T13:11:20,2021-07-10T13:11:20
352,50.37,,50,51,True,False,JP,UK,2023-02-23,2023-02-23,2024-10-12T00:21:20,2024-10-12T00:21:20
353,61.87,0.07,66,33,True,True,US,DE,2021-12-21,2021-12-21,2024-04-22T13:04:58,2024-04-22T13:04:58
354,54.28,28.29,61,40,True,True,UK,UK,2021-01-03,2021-01-03,2023-03-14T02:27:06,2023-03-14T02:27:06
355,50.96,44.47,46,67,False,False,FR,FR,2020-05-01,2020-05-01,2022-03-26T08:32:01,2022-03-26T08:32:01
356,72.3,40.38,7,51,False,True,DE,BR,2024-07-20,2024-07-20,2020-01-16T00:00:54,2020-01-16T00:00:54
357,7.68,,6,10,True,True,AU,CA,2022-09-13,2022-09-13,2023-11-18T23:18:34,
358,40.75,90.97,118,3,False,,BR,,2020-07-27,2020-07-27,2020-06-24T02:50:56,2020-06-24T02:50:56
359,56.19,,93,97,False,False,DE,UK,2024-09-25,2024-09-25,2020-07-31T23:21:51,2020-07-31T23:21:51
360,47.06,44.12,14,107,True,,CA,AU,2020-12-28,,2024-03-15T13:40:06,2024-03-15T13:40:06
361,61.74,35.7,111,,False,True,UK,,2020-03-28,2020-03-28,2020-05-23T22:39:58,2020-05-23T22:39:58
362,42.85,92.68,90,100,False,,CA,,2023-08-27,2023-08-27,2023-09-07T02:06:11,2023-09-07T02:06:11
363,18.41,,100,55,True,True,UK,AU,2024-01-07,2024-01-07,2024-12-23T18:00:19,2024-12-23T18:00:19
364,63.31,44.89,94,50,True,True,AU,US,2023-11-29,2023-11-29,2023-04-01T08:15:01,2023-04-01T08:15:01
365,89.0,19.15,29,108,False,True,JP,AU,2022-11-18,2022-11-18,2024-12-21T12:00:11,
366,75.25,,95,,True,True,FR,CA,2024-03-06,2024-03-06,2020-07-21T02:06:21,2020-07-21T02:06:21
367,84.13,,75,23,False,True,FR,FR,2022-02-12,2022-02-12,2022-10-12T13:54:56,2022-10-12T13:54:56
368,92.7,91.42,5,98,True,True,UK,UK,2021-12-22,2021-12-22,2024-05-03T10:26:28,2024-05-03T10:26:28
369,1.43,97.04,101,,True,False,CA,JP,2024-01-21,2024-01-21,2021-02-26T23:01:22,2021-02-26T23:01:22
370,92.2,2.76,67,,True,True,CA,FR,2024-07-05,2024-07-05,2021-10-08T02:21:06,2021-10-08T02:21:06
371,24.79,74.66,38,26,False,True,AU,AU,2021-10-07,2021-10-07,2023-10-30T12:00:04,2023-10-30T12:00:04
372,39.78,12.07,1,65,False,True,AU,US,2023-06-14,2023-06-14,2020-04-09T12:22:45,2020-04-09T12:22:45
373,74.85,1.0,79,28,True,,JP,BR,2023-08-20,2023-08-20,2021-03-11T15:13:29,2021-03-11T15:13:29
374,40.47,27.26,75,105,True,False,AU,,2021-07-02,2021-07-02,2020-07-30T00:40:54,2020-07-30T00:40:54
375,84.51,98.84,48,,False,False,UK,CA,2021-09-04,2021-09-04,2021-04-05T05:42:12,2021-04-05T05:42:12
376,95.76,72.34,114,93,True,False,DE,AU,2021-09-19,2021-09-19,2021-05-28T02:09:48,2021-05-28T02:09:48
377,4.08,0.63,8,77,True,False,US,CA,2022-04-19,2022-04-19,2024-12-07T14:16:40,2024-12-07T14:16:40
378,43.32,98.26,101,46,True,,DE,DE,2024-04-28,2024-04-28,2024-05-25T21:52:10,2024-05-25T21:52:10
379,58.81,,23,107,False,,DE,JP,2020-10-04,2020-10-04,2023-11-23T19:54:31,2023-11-23T19:54:31
380,40.4,,115,103,False,False,AU,BR,2024-04-17,2024-04-17,2021-07-09T18:58:10,2021-07-09T18:58:10
381,37.74,18.76,42,2,False,False,DE,FR,2022-04-17,2022-04-17,2021-04-14T13:57:59,2021-04-14T13:57:59
382,81.81,91.45,49,118,True,,JP,DE,2022-07-18,2022-07-18,2022-06-19T11:12:24,2022-06-19T11:12:24
383,10.48,22.68,68,102,True,False,AU,DE,2020-03-11,,2024-09-05T02:12:38,2024-09-05T02:12:38
384,59.84,93.8,36,110,False,,CA,US,2024-10-01,2024-10-01,2023-07-01T19:39:44,2023-07-01T19:39:44
385,7.94,50.53,6,15,False,True,AU,BR,2022-08-25,2022-08-25,2021-07-05T16:40:36,2021-07-05T16:40:36
386,53.01,49.31,119,57,True,False,AU,US,2023-01-16,,2024-07-25T21:27:09,2024-07-25T21:27:09
387,7.99,17.2,96,48,True,,UK,,2022-04-29,2022-04-29,2023-08-29T14:00:56,2023-08-29T14:00:56
388,97.74,5.08,93,85,False,True,US,AU,2024-03-19,2024-03-19,2022-02-28T00:22:02,
389,49.19,,92,71,False,True,US,CA,2024-12-12,2024-12-12,2024-01-16T02:27:38,2024-01-16T02:27:38
390,65.61,49.52,73,56,True,True,US,JP,2020-12-07,2020-12-07,2021-10-29T02:20:14,2021-10-29T02:20:14
391,16.1,,76,108,True,False,AU,US,2020-08-17,2020-08-17,2023-01-19T07:53:57,2023-01-19T07:53:57
392,34.54,,55,17,True,True,FR,US,2022-01-29,2022-01-29,2024-05-23T09:39:13,2024-05-23T09:39:13
393,75.88,87.41,13,16,True,False,UK,DE,2020-05-12,2020-05-12,2020-03-17T13:43:10,2020-03-17T13:43:10
394,56.13,90.49,118,60,False,True,FR,FR,2024-10-02,2024-10-02,2022-04-11T05:53:47,2022-04-11T05:53:47
395,77.34,99.23,72,101,False,True,DE,DE,2021-02-17,2021-02-17,2022-08-13T06:48:39,2022-08-13T06:48:39
396,38.63,58.63,82,53,True,False,AU,DE,2021-09-30,,2022-01-28T14:26:20,2022-01-28T14:26:20
397,95.88,36.64,111,82,True,False,CA,CA,2022-02-02,2022-02-02,2020-07-04T01:36:30,2020-07-04T01:36:30
398,29.58,54.23,85,40,True,False,CA,US,2023-03-24,2023-03-24,2023-02-22T03:13:03,2023-02-22T03:13:03
399,77.97,49.15,93,100,True,False,AU,CA,2021-12-27,2021-12-27,2023-06-22T19:44:57,2023-06-22T19:44:57
400,85.52,78.31,70,112,True,True,BR,JP,2024-01-19,2024-01-19,2020-10-31T03:16:56,
401,56.86,41.22,52,35,True,False,DE,DE,2022-06-25,,2024-03-22T14:56:56,2024-03-22T14:56:56
402,25.71,31.65,40,105,True,True,AU,US,2024-02-24,2024-02-24,2020-08-01T12:57:13,2020-08-01T12:57:13
403,29.57,92.93,18,2,True,False,JP,BR,2023-05-01,2023-05-01,2024-11-12T06:35:05,2024-11-12T06:35:05
404,72.79,55.02,64,,False,False,US,JP,2022-09-18,2022-09-18,2024-10-12T10:22:01,2024-10-12T10:22:01
405,30.61,25.29,0,119,True,True,BR,AU,2024-01-05,2024-01-05,2020-12-10T13:50:54,2020-12-10T13:50:54
406,39.68,3.19,31,103,False,False,JP,BR,2020-04-03,2020-04-03,2021-09-12T12:35:30,2021-09-12T12:35:30
407,44.47,79.27,88,54,True,False,AU,AU,2020-12-13,2020-12-13,2024-11-28T00:11:48,
408,24.62,22.89,111,10,False,False,JP,AU,2024-12-13,2024-12-13,2023-08-30T18:07:04,
409,43.74,82.42,84,92,False,False,BR,,2020-03-17,2020-03-17,2021-03-22T05:44:09,2021-03-22T05:44:09
410,82.02,14.31,51,65,False,True,JP,DE,2022-08-17,2022-08-17,2022-02-15T18:16:08,2022-02-15T18:16:08
411,34.67,24.47,119,71,True,False,UK,,2022-07-21,2022-07-21,2020-11-27T03:24:38,2020-11-27T03:24:38
412,22.62,42.9,117,37,False,False,DE,UK,2024-10-18,,2024-12-19T23:40:08,2024-12-19T23:40:08
413,95.79,,97,84,False,False,FR,UK,2022-07-09,,2020-10-02T02:26:47,2020-10-02T02:26:47
414,0.15,26.59,13,108,True,True,AU,UK,2020-11-07,2020-11-07,2022-09-23T04:32:08,2022-09-23T04:32:08
415,24.47,,8,36,True,False,FR,CA,2021-03-12,2021-03-12,2020-09-08T13:26:43,2020-09-08T13:26:43
416,53.29,,48,48,False,True,FR,,2023-05-16,2023-05-16,2022-03-02T22:07:38,2022-03-02T22:07:38
417,65.14,35.23,105,115,False,True,US,BR,2021-12-06,2021-12-06,2024-03-31T10:09:15,2024-03-31T10:09:15
418,10.75,48.58,70,39,False,False,JP,US,2024-07-08,2024-07-08,2020-02-07T22:09:15,2020-02-07T22:09:15
419,24.93,45.41,56,16,True,False,BR,FR,2021-03-11,2021-03-11,2020-04-28T16:55:09,2020-04-28T16:55:09
420,14.24,63.12,38,73,True,True,JP,FR,2023-11-11,2023-11-11,2021-03-04T15:05:05,
421,11.63,96.71,1,72,True,True,CA,BR,2022-11-20,2022-11-20,2023-09-25T23:09:42,2023-09-25T23:09:42
422,47.7,76.35,35,83,False,False,CA,BR,2022-10-26,2022-10-26,2022-05-10T02:35:31,
423,53.18,30.4,13,86,False,True,US,FR,2024-11-08,2024-11-08,2021-08-02T03:46:38,2021-08-02T03:46:38
424,26.97,44.41,10,20,False,True,CA,US,2024-03-23,2024-03-23,2022-12-05T21:24:11,2022-12-05T21:24:11
425,63.37,37.14,88,18,True,False,BR,,2021-07-20,2021-07-20,2022-06-02T01:30:39,2022-06-02T01:30:39
426,2.92,67.59,64,110,False,True,AU,DE,2023-10-27,,2023-06-29T22:36:06,
427,29.07,26.39,0,31,False,True,CA,CA,2021-03-28,,2021-03-20T22:59:38,2021-03-20T22:59:38
428,86.81,32.72,38,53,True,False,FR,US,2024-05-17,2024-05-17,2023-06-26T11:29:19,2023-06-26T11:29:19
429,58.97,48.58,115,58,False,False,BR,JP,2020-10-03,2020-10-03,2020-04-18T01:26:34,2020-04-18T01:26:34
430,29.93,,116,8,False,False,US,CA,2020-12-06,2020-12-06,2022-09-25T21:28:43,2022-09-25T21:28:43
431,36.54,,2,17,False,True,AU,AU,2022-08-26,2022-08-26,2022-11-14T09:50:19,2022-11-14T09:50:19
432,17.0,14.8,119,33,True,True,JP,CA,2021-04-12,2021-04-12,2021-01-19T09:05:53,2021-01-19T09:05:53
433,35.82,2.95,59,94,False,True,CA,JP,2021-02-16,2021-02-16,2024-04-28T02:25:54,2024-04-28T02:25:54
434,19.4,77.16,72,117,True,True,DE,UK,2022-03-14,2022-03-14,2023-01-11T09:03:00,
435,0.94,13.35,99,82,False,False,CA,CA,2022-09-25,2022-09-25,2023-05-27T02:32:29,2023-05-27T02:32:29
436,16.21,14.76,116,,True,True,CA,CA,2020-12-25,,2024-11-01T21:14:22,2024-11-01T21:14:22
437,52.47,59.68,42,108,True,True,AU,FR,2022-09-16,2022-09-16,2021-04-07T22:13:43,2021-04-07T22:13:43
438,53.57,47.94,100,10,True,True,CA,AU,2023-03-27,,2023-05-18T12:08:11,2023-05-18T12:08:11
439,62.15,40.96,110,114,True,False,AU,US,2023-07-25,2023-07-25,2024-11-30T20:23:35,
440,29.11,11.67,5,53,False,False,CA,FR,2024-09-10,2024-09-10,2023-06-26T04:16:01,2023-06-26T04:16:01
441,32.02,38.7,73,35,True,False,BR,DE,2020-09-03,2020-09-03,2023-06-13T00:26:01,2023-06-13T00:26:01
442,77.31,31.0,96,,True,False,CA,AU,2021-02-26,2021-02-26,2020-03-12T12:58:33,2020-03-12T12:58:33
443,49.55,74.71,12,1,False,True,FR,JP,2022-02-09,2022-02-09,2020-12-31T21:29:16,2020-12-31T21:29:16
444,47.66,90.56,96,28,False,False,UK,AU,2023-08-05,2023-08-05,2020-05-29T12:18:10,2020-05-29T12:18:10
445,97.81,42.17,62,33,True,False,UK,CA,2021-08-04,2021-08-04,2021-12-10T19:06:37,2021-12-10T19:06:37
446,26.91,94.28,114,103,False,,AU,DE,2020-08-05,2020-08-05,2024-05-01T18:04:16,
447,59.29,31.19,78,61,True,False,UK,FR,2020-10-23,2020-10-23,2023-01-18T00:58:19,2023-01-18T00:58:19
448,29.08,,78,75,False,False,DE,JP,2024-11-04,2024-11-04,2023-02-20T22:29:19,2023-02-20T22:29:19
449,61.5,47.45,47,118,False,False,CA,FR,2020-11-07,2020-11-07,2020-05-08T17:16:03,2020-05-08T17:16:03
450,82.53,25.78,93,100,True,True,CA,FR,2020-08-30,2020-08-30,2021-09-12T16:34:04,2021-09-12T16:34:04
451,17.0,,4,24,False,True,DE,AU,2021-12-17,2021-12-17,2020-06-27T19:04:21,2020-06-27T19:04:21
452,80.22,86.37,16,71,False,False,DE,,2021-10-23,2021-10-23,2024-07-16T19:49:56,2024-07-16T19:49:56
453,53.15,94.47,53,44,False,,BR,US,2021-12-22,2021-12-22,2020-09-30T05:15:41,2020-09-30T05:15:41
454,92.67,97.51,56,119,False,,FR,UK,2020-10-12,2020-10-12,2024-01-25T15:49:04,2024-01-25T15:49:04
455,6.2,53.04,53,107,True,,FR,UK,2021-05-23,2021-05-23,2024-06-19T01:14:23,2024-06-19T01:14:23
456,87.22,0.3,47,98,False,False,BR,JP,2020-11-03,2020-11-03,2024-05-22T01:56:39,2024-05-22T01:56:39
457,8.27,55.2,57,95,True,False,UK,CA,2022-09-10,2022-09-10,2021-06-26T22:39:58,2021-06-26T22:39:58
458,79.13,24.35,72,1,True,False,US,,2022-04-09,2022-04-09,2022-02-04T02:24:27,2022-02-04T02:24:27
459,21.79,95.9,79,,True,True,FR,UK,2021-06-17,2021-06-17,2020-05-01T04:53:07,2020-05-01T04:53:07
460,81.69,54.77,105,38,True,False,UK,UK,2021-12-24,2021-12-24,2022-07-05T22:47:52,2022-07-05T22:47:52
461,31.03,27.81,94,18,False,False,UK,BR,2023-09-08,2023-09-08,2020-05-13T18:02:04,2020-05-13T18:02:04
462,34.82,64.92,42,,False,,CA,CA,2020-06-28,2020-06-28,2021-11-14T09:57:42,2021-11-14T09:57:42
463,11.48,49.22,97,22,False,False,AU,DE,2021-04-18,2021-04-18,2022-05-31T17:05:00,2022-05-31T17:05:00
464,96.71,98.58,39,111,True,False,DE,AU,2022-11-03,2022-11-03,2023-04-16T13:54:12,2023-04-16T13:54:12
465,57.69,19.33,92,,False,False,US,,2023-07-08,2023-07-08,2024-12-26T16:15:45,2024-12-26T16:15:45
466,97.11,54.21,9,,False,False,CA,,2020-04-17,2020-04-17,2022-03-08T19:36:15,2022-03-08T19:36:15
467,45.07,,21,89,False,,AU,UK,2021-12-26,2021-12-26,2024-06-28T07:20:40,2024-06-28T07:20:40
468,58.64,62.82,43,19,False,True,BR,DE,2021-11-28,2021-11-28,2022-10-04T02:09:41,2022-10-04T02:09:41
469,85.93,73.84,116,33,False,False,UK,DE,2021-06-28,2021-06-28,2023-10-20T12:08:54,2023-10-20T12:08:54
470,32.62,61.24,39,59,False,True,DE,UK,2021-01-27,2021-01-27,2023-06-11T15:08:49,2023-06-11T15:08:49
471,68.9,22.67,17,111,True,False,FR,FR,2021-02-16,2021-02-16,2022-09-02T20:18:25,2022-09-02T20:18:25
472,67.11,52.54,63,83,False,False,UK,UK,2022-01-22,,2024-11-11T21:04:55,2024-11-11T21:04:55
473,90.42,58.35,63,,False,False,DE,AU,2023-01-11,2023-01-11,2021-10-18T19:28:24,2021-10-18T19:28:24
474,63.32,96.51,50,9,True,True,AU,BR,2022-11-23,2022-11-23,2021-04-13T03:48:52,2021-04-13T03:48:52
475,66.25,86.55,29,98,True,True,JP,US,2022-02-17,,2022-06-05T22:03:39,2022-06-05T22:03:39
476,34.67,48.89,59,28,True,True,FR,BR,2020-05-14,2020-05-14,2022-05-24T09:24:31,2022-05-24T09:24:31
477,55.51,74.42,81,102,True,False,DE,UK,2023-07-31,2023-07-31,2023-10-08T16:27:31,
478,44.89,,96,,False,True,FR,JP,2023-02-09,2023-02-09,2020-12-08T12:44:09,2020-12-08T12:44:09
479,89.85,10.0,68,,False,True,FR,CA,2023-09-20,2023-09-20,2023-12-20T11:13:30,2023-12-20T11:13:30
480,51.81,23.09,94,52,False,False,JP,JP,2020-10-01,2020-10-01,2024-12-08T13:03:16,2024-12-08T13:03:16
481,56.32,56.7,79,43,True,False,BR,FR,2020-05-26,,2021-11-14T16:56:43,2021-11-14T16:56:43
482,41.2,,30,1,True,False,CA,CA,2023-11-09,2023-11-09,2024-10-23T14:04:27,2024-10-23T14:04:27
483,12.73,10.82,30,76,True,False,JP,FR,2023-02-25,2023-02-25,2023-02-27T13:09:16,2023-02-27T13:09:16
484,95.57,29.18,88,91,True,False,FR,,2023-08-21,2023-08-21,2021-08-08T02:18:36,2021-08-08T02:18:36
485,87.25,67.2,109,58,False,True,BR,DE,2023-06-08,2023-06-08,2022-12-23T03:26:55,2022-12-23T03:26:55
486,88.45,,65,72,True,True,UK,,2022-01-01,2022-01-01,2022-12-23T23:44:54,
487,81.57,31.36,99,29,False,True,AU,FR,2023-07-25,2023-07-25,2023-01-08T02:16:54,2023-01-08T02:16:54
488,86.5,70.99,1,107,False,True,AU,DE,2021-12-20,2021-12-20,2020-04-09T20:53:05,2020-04-09T20:53:05
489,30.89,2.85,109,8,True,False,FR,AU,2024-03-29,,2023-11-27T20:25:55,2023-11-27T20:25:55
490,60.87,74.94,48,105,True,False,JP,JP,2024-04-11,2024-04-11,2023-09-04T10:19:54,2023-09-04T10:19:54
491,59.7,38.98,92,,False,False,UK,,2023-11-05,2023-11-05,2022-03-27T04:59:23,2022-03-27T04:59:23
492,38.56,7.51,17,65,True,True,FR,UK,2021-01-01,2021-01-01,2023-05-19T02:45:24,2023-05-19T02:45:24
493,51.29,98.18,6,38,False,True,FR,FR,2020-07-27,2020-07-27,2021-09-30T04:52:38,2021-09-30T04:52:38
494,84.96,9.23,14,86,True,True,FR,JP,2022-06-12,2022-06-12,2022-06-16T05:55:04,2022-06-16T05:55:04
495,90.43,68.72,54,23,False,False,US,FR,2021-10-18,2021-10-18,2024-09-04T20:32:08,2024-09-04T20:32:08
496,8.44,48.89,38,87,True,False,US,AU,2024-09-12,2024-09-12,2022-06-04T14:05:49,2022-06-04T14:05:49
497,32.66,27.59,99,63,False,False,JP,US,2020-08-01,2020-08-01,2020-05-20T02:53:34,2020-05-20T02:53:34
498,28.78,63.76,115,23,False,False,AU,FR,2023-07-16,2023-07-16,2022-09-07T12:13:06,2022-09-07T12:13:06
499,25.06,57.86,105,19,True,True,DE,,2024-06-27,2024-06-27,2023-06-01T18:24:37,2023-06-01T18:24:37
500,0.43,27.65,91,95,True,False,UK,,2024-12-18,2024-12-18,2023-09-30T19:43:25,2023-09-30T19:43:25
501,68.88,44.3,52,103,True,,AU,FR,2021-05-02,2021-05-02,2022-06-07T23:47:46,2022-06-07T23:47:46
502,21.03,88.92,55,99,False,False,US,DE,2022-12-26,,2021-03-20T23:19:54,2021-03-20T23:19:54
503,27.12,94.11,87,,True,True,CA,DE,2022-09-03,2022-09-03,2024-03-08T04:28:36,2024-03-08T04:28:36
504,0.55,81.5,13,111,True,,CA,FR,2023-05-22,2023-05-22,2022-12-30T17:29:38,2022-12-30T17:29:38
505,31.46,92.22,62,65,False,,AU,JP,2023-02-10,2023-02-10,2023-06-29T01:49:12,2023-06-29T01:49:12
506,16.98,94.08,30,0,True,False,FR,US,2020-08-07,2020-08-07,2020-09-17T22:58:59,2020-09-17T22:58:59
507,29.23,83.11,114,11,False,True,DE,UK,2020-10-09,2020-10-09,2023-07-27T23:23:22,2023-07-27T23:23:22
508,91.87,64.37,88,,False,False,DE,DE,2023-04-07,2023-04-07,2023-04-15T13:01:19,2023-04-15T13:01:19
509,15.59,3.92,15,75,False,False,CA,JP,2023-04-02,2023-04-02,2021-03-09T20:34:32,2021-03-09T20:34:32
510,27.18,81.48,96,40,False,True,AU,DE,2024-12-30,2024-12-30,2023-09-07T12:04:03,2023-09-07T12:04:03
511,44.69,52.31,84,41,False,False,AU,US,2021-02-11,2021-02-11,2024-05-04T05:21:54,2024-05-04T05:21:54
512,66.26,17.99,66,35,True,False,BR,AU,2024-12-18,2024-12-18,2020-03-09T18:22:11,2020-03-09T18:22:11
513,94.04,24.41,111,65,False,True,DE,CA,2024-01-27,2024-01-27,2024-10-24T11:11:32,2024-10-24T11:11:32
514,8.36,65.79,3,70,True,,US,US,2022-06-15,2022-06-15,2023-06-15T11:05:15,2023-06-15T11:05:15
515,94.95,96.99,8,36,True,False,DE,AU,2024-06-19,2024-06-19,2022-10-06T22:32:13,2022-10-06T22:32:13
516,53.62,73.48,19,71,True,True,FR,JP,2023-03-24,2023-03-24,2022-06-01T09:09:53,2022-06-01T09:09:53
517,22.85,19.89,71,77,False,,AU,US,2022-03-22,2022-03-22,2020-06-14T05:12:18,2020-06-14T05:12:18
518,15.47,49.81,110,109,True,,CA,US,2024-01-15,2024-01-15,2021-07-26T16:29:24,2021-07-26T16:29:24
519,28.3,46.42,69,71,False,True,BR,BR,2020-07-31,2020-07-31,2024-12-28T19:11:26,2024-12-28T19:11:26
520,28.73,38.0,113,70,False,,CA,US,2020-07-10,2020-07-10,2022-11-05T05:22:34,2022-11-05T05:22:34
521,44.88,69.59,21,103,False,False,DE,DE,2021-02-08,2021-02-08,2022-11-20T17:03:46,2022-11-20T17:03:46
522,18.12,87.96,19,,True,False,DE,DE,2022-10-23,2022-10-23,2023-10-12T20:45:06,2023-10-12T20:45:06
523,53.32,92.12,13,,True,True,UK,US,2023-10-21,2023-10-21,2022-02-18T21:54:22,2022-02-18T21:54:22
524,98.74,14.63,4,,True,False,UK,FR,2024-03-08,2024-03-08,2024-06-26T16:26:58,2024-06-26T16:26:58
525,25.4,4.63,46,46,False,True,CA,DE,2023-12-31,,2021-04-30T08:28:27,2021-04-30T08:28:27
526,85.5,44.43,35,99,True,True,JP,DE,2022-04-07,2022-04-07,2024-05-02T20:48:58,2024-05-02T20:48:58
527,89.93,87.57,73,45,False,False,JP,UK,2022-03-16,2022-03-16,2024-05-07T17:53:17,2024-05-07T17:53:17
528,69.73,30.98,101,79,True,False,US,,2021-06-24,2021-06-24,2022-09-01T15:55:17,2022-09-01T15:55:17
529,6.99,32.99,54,45,True,True,UK,BR,2023-05-13,2023-05-13,2021-11-06T20:05:48,2021-11-06T20:05:48
530,95.89,12.21,105,96,False,True,DE,AU,2023-02-01,2023-02-01,2024-03-03T05:35:51,2024-03-03T05:35:51
531,66.03,84.88,34,50,False,False,US,,2021-12-18,2021-12-18,2020-10-21T14:01:01,2020-10-21T14:01:01
532,77.15,86.02,20,,False,False,AU,US,2021-07-16,2021-07-16,2021-03-05T00:17:23,2021-03-05T00:17:23
533,74.72,72.76,95,1,False,False,DE,JP,2024-12-03,,2020-06-25T21:27:41,2020-06-25T21:27:41
534,31.9,,48,40,False,False,BR,UK,2024-02-14,2024-02-14,2024-04-13T07:01:41,2024-04-13T07:01:41
535,5.92,32.56,97,,True,,AU,,2021-12-02,2021-12-02,2021-04-10T05:39:42,2021-04-10T05:39:42
536,62.07,76.09,110,19,True,True,US,AU,2020-10-14,2020-10-14,2020-03-14T05:05:17,2020-03-14T05:05:17
537,5.91,61.33,89,83,True,True,UK,DE,2024-02-28,2024-02-28,2023-04-26T13:53:21,2023-04-26T13:53:21
538,75.72,24.18,63,71,False,True,AU,CA,2020-01-06,2020-01-06,2021-12-08T15:50:59,2021-12-08T15:50:59
539,24.32,,22,54,False,False,UK,CA,2020-07-24,2020-07-24,2022-09-27T10:09:19,
540,38.81,29.49,61,10,True,False,FR,UK,2022-06-07,2022-06-07,2020-01-13T17:39:27,2020-01-13T17:39:27
541,65.63,,23,17,True,False,BR,DE,2020-05-19,2020-05-19,2024-06-20T11:20:05,2024-06-20T11:20:05
542,90.93,48.98,32,60,False,False,US,DE,2024-11-03,2024-11-03,2023-08-29T09:04:44,2023-08-29T09:04:44
543,24.07,38.57,38,73,True,False,UK,UK,2021-12-25,2021-12-25,2024-01-25T00:03:17,2024-01-25T00:03:17
544,3.46,31.79,32,91,False,,DE,BR,2024-04-27,2024-04-27,2022-01-17T23:25:57,2022-01-17T23:25:57
545,95.95,89.99,54,103,True,False,AU,DE,2020-07-26,,2020-07-06T19:05:19,2020-07-06T19:05:19
546,68.8,30.6,48,,False,True,UK,US,2021-12-24,2021-12-24,2022-09-29T07:53:14,2022-09-29T07:53:14
547,9.01,50.2,61,,True,True,US,DE,2022-12-03,2022-12-03,2023-03-08T05:27:51,2023-03-08T05:27:51
548,44.08,50.74,57,116,True,,CA,DE,2024-10-14,2024-10-14,2024-04-26T16:22:36,2024-04-26T16:22:36
549,24.79,45.98,17,80,False,True,JP,UK,2022-08-30,2022-08-30,2020-07-18T15:23:08,2020-07-18T15:23:08
550,49.78,10.41,23,85,True,True,JP,AU,2021-03-17,2021-03-17,2020-07-07T14:10:42,2020-07-07T14:10:42
551,87.99,62.01,103,17,False,False,FR,AU,2021-08-28,2021-08-28,2022-12-08T11:29:07,2022-12-08T11:29:07
552,34.44,34.89,93,27,False,,US,DE,2021-02-24,2021-02-24,2020-02-02T10:29:31,2020-02-02T10:29:31
553,21.42,32.67,68,20,True,False,AU,JP,2024-03-26,2024-03-26,2021-10-15T19:44:39,2021-10-15T19:44:39
554,18.5,80.14,108,35,False,True,DE,BR,2022-08-29,2022-08-29,2023-12-31T01:59:17,2023-12-31T01:59:17
555,69.94,61.53,104,55,True,,UK,FR,2020-09-04,,2021-10-10T15:33:33,2021-10-10T15:33:33
556,71.89,73.32,118,53,False,True,US,,2021-11-29,2021-11-29,2020-06-24T19:46:03,2020-06-24T19:46:03
557,90.36,29.05,67,37,False,True,CA,,2023-04-02,,2024-02-12T14:10:22,2024-02-12T14:10:22
558,6.69,6.04,28,56,False,False,US,US,2023-06-09,2023-06-09,2023-01-11T08:32:45,2023-01-11T08:32:45
559,69.57,43.14,24,19,True,True,US,UK,2021-08-06,2021-08-06,2023-10-02T22:39:35,2023-10-02T22:39:35
560,10.01,98.61,29,,False,False,US,UK,2024-12-28,2024-12-28,2024-02-08T21:22:15,2024-02-08T21:22:15
561,29.7,81.79,17,62,False,True,AU,FR,2021-03-14,2021-03-14,2020-07-20T16:07:50,2020-07-20T16:07:50
562,70.45,78.48,45,67,False,,US,CA,2020-11-17,2020-11-17,2022-09-21T13:36:18,2022-09-21T13:36:18
563,95.28,69.98,65,92,True,True,US,DE,2024-07-09,2024-07-09,2022-04-10T10:34:12,2022-04-10T10:34:12
564,45.95,24.08,79,,True,False,FR,AU,2021-09-06,2021-09-06,2021-12-08T16:29:34,2021-12-08T16:29:34
565,54.88,,15,1,False,False,BR,JP,2021-02-24,2021-02-24,2020-12-24T22:58:34,2020-12-24T22:58:34
566,16.55,,21,119,False,,CA,DE,2020-10-16,2020-10-16,2024-05-08T05:31:42,2024-05-08T05:31:42
567,98.16,94.51,110,91,False,False,JP,UK,2024-10-11,2024-10-11,2023-08-27T10:16:13,2023-08-27T10:16:13
568,39.12,,99,18,False,False,JP,UK,2023-08-08,2023-08-08,2023-03-15T05:34:01,2023-03-15T05:34:01
569,32.51,81.84,19,109,False,False,BR,BR,2020-08-27,2020-08-27,2024-11-19T00:57:43,2024-11-19T00:57:43
570,6.73,30.68,65,37,True,False,DE,US,2023-06-28,2023-06-28,2022-03-07T06:27:31,2022-03-07T06:27:31
571,23.67,73.84,33,85,True,False,JP,JP,2021-10-07,2021-10-07,2021-07-12T08:25:48,2021-07-12T08:25:48
572,72.91,23.43,54,119,False,True,BR,US,2024-08-31,2024-08-31,2020-06-29T03:39:23,2020-06-29T03:39:23
573,9.63,90.0,4,63,False,True,FR,DE,2023-08-24,2023-08-24,2023-01-11T02:35:34,2023-01-11T02:35:34
574,98.5,83.8,45,64,False,True,DE,CA,2022-09-03,2022-09-03,2023-04-18T07:30:24,2023-04-18T07:30:24
575,8.03,96.17,98,111,True,True,JP,FR,2020-08-09,2020-08-09,2023-06-09T07:44:33,2023-06-09T07:44:33
576,48.98,,11,36,True,False,FR,US,2024-11-10,,2022-04-20T01:45:15,2022-04-20T01:45:15
577,42.64,75.36,77,,True,False,DE,,2021-04-16,2021-04-16,2024-04-18T20:17:29,2024-04-18T20:17:29
578,46.82,30.68,6,8,True,,JP,FR,2023-02-02,2023-02-02,2024-05-29T22:40:38,2024-05-29T22:40:38
579,61.84,3.89,115,45,True,False,US,US,2021-04-27,2021-04-27,2021-10-06T06:05:45,2021-10-06T06:05:45
580,24.33,76.84,119,74,False,False,DE,CA,2024-12-07,2024-12-07,2024-02-26T09:48:03,2024-02-26T09:48:03
581,10.19,80.04,109,61,False,False,FR,US,2024-10-04,2024-10-04,2023-07-13T00:40:57,2023-07-13T00:40:57
582,9.73,30.89,17,50,True,False,US,DE,2023-12-03,2023-12-03,2023-07-08T16:25:20,2023-07-08T16:25:20
583,43.64,90.02,35,,True,True,AU,BR,2021-10-05,2021-10-05,2024-02-01T03:35:54,
584,34.22,58.28,107,76,True,,AU,JP,2022-11-30,,2022-12-13T08:52:40,2022-12-13T08:52:40
585,73.12,39.87,43,41,True,False,US,,2023-12-20,,2020-02-27T12:46:08,
586,49.35,39.05,78,36,False,True,DE,AU,2020-11-28,2020-11-28,2024-12-18T02:51:57,2024-12-18T02:51:57
587,43.0,78.04,46,68,True,True,JP,DE,2020-08-22,,2022-11-02T10:36:33,2022-11-02T10:36:33
588,42.6,87.7,22,,False,True,BR,UK,2024-07-17,2024-07-17,2020-12-08T05:41:00,2020-12-08T05:41:00
589,86.53,63.85,93,52,True,True,JP,JP,2022-06-25,2022-06-25,2022-10-03T13:02:26,2022-10-03T13:02:26
590,1.12,33.02,15,82,False,,US,BR,2024-05-23,,2022-11-29T02:37:37,2022-11-29T02:37:37
591,92.33,55.32,1,56,False,False,JP,FR,2021-10-14,2021-10-14,2024-05-01T01:50:31,2024-05-01T01:50:31
592,67.92,97.49,90,34,True,True,BR,CA,2022-09-26,2022-09-26,2020-08-07T06:25:45,2020-08-07T06:25:45
593,33.9,47.83,6,77,False,True,JP,FR,2021-10-25,2021-10-25,2022-08-22T10:46:26,2022-08-22T10:46:26
594,1.15,41.11,111,41,False,False,DE,FR,2023-07-04,2023-07-04,2023-06-29T22:47:23,
595,61.25,29.78,0,22,True,False,US,CA,2022-01-15,2022-01-15,2022-08-29T15:36:59,2022-08-29T15:36:59
596,25.79,95.59,37,66,False,False,CA,FR,2021-07-18,2021-07-18,2021-08-20T04:12:07,2021-08-20T04:12:07
597,86.65,30.94,76,0,False,True,JP,JP,2021-02-20,2021-02-20,2024-07-27T13:16:43,2024-07-27T13:16:43
598,17.14,1.45,115,32,False,True,FR,BR,2022-11-22,2022-11-22,2024-07-11T17:04:40,2024-07-11T17:04:40
599,6.19,77.5,93,50,True,False,FR,UK,2020-01-16,,2020-07-25T10:26:34,2020-07-25T10:26:34
600,71.07,60.05,3,92,False,True,UK,,2020-11-29,,2020-02-09T05:14:02,2020-02-09T05:14:02
601,94.96,90.57,26,94,True,False,JP,UK,2021-05-20,2021-05-20,2022-04-08T13:35:55,2022-04-08T13:35:55
602,7.31,10.03,9,16,True,,FR,,2020-02-09,2020-02-09,2023-02-04T01:12:12,2023-02-04T01:12:12
603,7.53,3.62,100,39,True,False,JP,BR,2024-09-27,,2022-01-10T20:29:05,2022-01-10T20:29:05
604,60.76,42.48,26,39,True,False,DE,DE,2023-01-14,2023-01-14,2020-07-17T15:49:45,2020-07-17T15:49:45
605,51.11,,98,11,True,True,US,AU,2022-09-30,2022-09-30,2021-09-14T00:55:50,2021-09-14T00:55:50
606,8.24,3.53,105,111,False,False,JP,AU,2024-01-14,2024-01-14,2023-09-02T13:47:13,2023-09-02T13:47:13
607,42.41,28.65,88,25,True,False,FR,FR,2023-05-06,,2023-06-16T00:58:13,
608,47.14,54.7,44,71,False,False,JP,JP,2021-01-21,2021-01-21,2020-07-07T08:42:34,2020-07-07T08:42:34
609,89.68,30.66,52,35,False,True,BR,,2021-06-30,2021-06-30,2020-07-26T08:35:38,
610,10.37,73.41,79,86,False,True,US,CA,2021-07-02,2021-07-02,2022-08-14T22:00:31,
611,8.82,73.43,41,34,False,False,AU,CA,2023-10-08,2023-10-08,2024-11-22T11:51:05,2024-11-22T11:51:05
612,98.2,66.13,116,24,True,True,DE,,2020-10-10,2020-10-10,2024-07-21T09:57:24,2024-07-21T09:57:24
613,21.75,53.67,34,,True,True,FR,AU,2022-02-24,2022-02-24,2022-09-19T20:24:05,2022-09-19T20:24:05
614,57.74,20.27,96,119,True,True,UK,DE,2024-01-26,2024-01-26,2023-01-06T05:25:41,2023-01-06T05:25:41
615,41.43,8.22,16,91,True,False,DE,JP,2020-12-08,2020-12-08,2022-02-04T15:05:22,2022-02-04T15:05:22
616,82.35,71.78,23,108,False,False,US,FR,2021-05-26,2021-05-26,2022-04-14T21:28:29,2022-04-14T21:28:29
617,14.27,73.55,103,51,True,True,JP,AU,2022-09-29,2022-09-29,2021-07-24T03:14:39,
618,29.72,15.69,15,99,True,False,JP,,2021-09-07,2021-09-07,2022-05-23T03:41:31,2022-05-23T03:41:31
619,27.59,97.12,108,34,False,False,AU,CA,2023-06-07,2023-06-07,2023-09-08T18:58:24,2023-09-08T18:58:24
620,83.56,,8,117,False,False,DE,DE,2023-07-17,2023-07-17,2023-05-25T04:51:58,2023-05-25T04:51:58
621,54.9,22.26,85,111,True,True,FR,JP,2022-08-21,2022-08-21,2024-12-18T11:55:30,
622,25.66,75.43,74,42,False,True,US,BR,2024-12-10,2024-12-10,2021-09-11T14:35:39,2021-09-11T14:35:39
623,49.73,24.55,32,117,True,True,FR,DE,2021-06-15,2021-06-15,2022-07-02T09:27:19,2022-07-02T09:27:19
624,2.29,94.51,76,56,False,False,BR,FR,2021-04-03,2021-04-03,2024-03-19T19:43:09,
625,17.81,78.3,32,,True,True,JP,DE,2024-11-22,2024-11-22,2020-11-15T22:40:34,2020-11-15T22:40:34
626,13.04,72.76,16,86,True,True,US,,2021-06-24,2021-06-24,2021-05-12T23:46:54,2021-05-12T23:46:54
627,94.01,21.68,78,36,False,,US,FR,2022-07-27,2022-07-27,2023-05-28T21:09:08,2023-05-28T21:09:08
628,1.69,,39,40,True,True,AU,BR,2023-03-07,2023-03-07,2020-10-22T12:40:53,2020-10-22T12:40:53
629,58.46,99.23,80,100,True,,US,UK,2022-09-09,2022-09-09,2021-03-11T04:28:47,2021-03-11T04:28:47
630,0.91,20.39,58,101,False,True,BR,JP,2022-10-03,2022-10-03,2022-06-25T06:20:09,2022-06-25T06:20:09
631,25.33,83.59,40,61,True,True,BR,BR,2023-09-23,2023-09-23,2021-07-23T11:04:19,2021-07-23T11:04:19
632,99.17,78.91,46,50,True,,US,CA,2024-06-24,2024-06-24,2022-05-17T08:24:00,2022-05-17T08:24:00
633,14.19,36.15,66,30,False,True,JP,UK,2020-01-24,2020-01-24,2020-03-02T22:27:13,2020-03-02T22:27:13
634,59.26,76.04,15,24,True,False,US,FR,2020-01-09,2020-01-09,2022-09-15T22:47:42,2022-09-15T22:47:42
635,41.45,95.26,101,84,False,False,CA,FR,2024-03-06,2024-03-06,2021-03-04T09:46:11,2021-03-04T09:46:11
636,44.52,59.84,74,46,True,False,FR,DE,2022-11-24,,2021-04-07T21:05:51,2021-04-07T21:05:51
637,95.2,25.51,11,,True,False,UK,AU,2022-05-09,2022-05-09,2020-03-28T23:48:11,2020-03-28T23:48:11
638,99.1,33.32,7,77,False,False,AU,FR,2022-10-21,2022-10-21,2020-07-12T09:27:48,
639,70.63,95.52,72,,False,True,US,AU,2023-05-05,2023-05-05,2020-02-27T07:06:56,2020-02-27T07:06:56
640,58.06,42.71,107,59,False,False,BR,CA,2020-11-24,2020-11-24,2020-04-22T19:53:26,2020-04-22T19:53:26
641,26.56,30.64,50,46,True,False,CA,FR,2021-12-26,2021-12-26,2021-04-25T00:46:30,2021-04-25T00:46:30
642,12.16,23.61,79,36,False,True,BR,AU,2022-04-30,2022-04-30,2022-02-05T21:31:55,2022-02-05T21:31:55
643,6.34,85.04,32,77,False,False,CA,US,2024-02-08,2024-02-08,2021-09-27T01:04:42,2021-09-27T01:04:42
644,94.23,0.46,118,74,True,True,FR,,2020-02-24,2020-02-24,2023-03-31T23:12:04,2023-03-31T23:12:04
645,45.13,35.39,81,46,True,,CA,CA,2021-08-07,,2021-12-12T19:49:19,2021-12-12T19:49:19
646,70.46,59.28,19,83,True,False,AU,CA,2021-10-31,2021-10-31,2022-04-13T15:39:33,2022-04-13T15:39:33
647,70.57,96.46,73,85,True,False,US,CA,2021-12-16,2021-12-16,2020-12-06T18:15:08,2020-12-06T18:15:08
648,53.93,12.43,6,15,False,False,BR,,2024-10-12,2024-10-12,2022-07-18T21:08:25,
649,32.03,2.01,24,2,True,True,FR,DE,2020-02-03,,2020-06-21T22:17:32,2020-06-21T22:17:32
650,63.11,42.52,54,52,True,True,BR,FR,2024-08-27,2024-08-27,2022-02-01T00:49:40,2022-02-01T00:49:40
651,13.84,62.05,45,11,True,True,JP,,2024-08-31,2024-08-31,2022-07-10T10:38:17,2022-07-10T10:38:17
652,21.17,28.01,44,27,False,False,CA,BR,2022-10-12,,2024-01-10T22:21:55,2024-01-10T22:21:55
653,76.16,98.6,79,45,True,True,FR,UK,2021-01-10,2021-01-10,2024-03-27T08:56:32,2024-03-27T08:56:32
654,8.82,95.08,108,53,True,False,CA,AU,2024-08-25,2024-08-25,2023-03-24T09:00:38,2023-03-24T09:00:38
655,21.39,64.03,61,12,True,False,UK,JP,2023-10-28,2023-10-28,2024-02-09T19:28:37,2024-02-09T19:28:37
656,34.28,84.83,105,40,True,True,CA,,2022-04-26,2022-04-26,2024-06-14T11:07:31,2024-06-14T11:07:31
657,53.18,,20,26,False,False,DE,DE,2024-06-16,,2020-06-15T18:28:08,2020-06-15T18:28:08
658,24.34,51.84,78,25,True,True,US,US,2022-04-09,2022-04-09,2023-05-13T20:16:26,2023-05-13T20:16:26
659,11.59,58.56,1,28,True,True,US,UK,2024-08-19,2024-08-19,2021-10-16T07:51:08,2021-10-16T07:51:08
660,39.35,46.73,96,72,False,False,AU,UK,2020-03-03,2020-03-03,2021-11-19T15:22:06,
661,56.85,96.01,60,106,False,False,US,FR,2021-11-24,2021-11-24,2024-01-05T07:13:09,2024-01-05T07:13:09
662,5.91,72.28,35,90,False,False,UK,CA,2024-05-07,2024-05-07,2023-11-07T00:36:30,2023-11-07T00:36:30
663,60.84,71.27,21,73,True,True,US,US,2020-12-26,2020-12-26,2021-10-15T15:54:42,2021-10-15T15:54:42
664,63.92,47.02,2,60,False,True,CA,,2023-08-24,2023-08-24,2022-03-19T12:49:35,2022-03-19T12:49:35
665,96.26,44.44,1,67,True,False,FR,DE,2024-01-12,2024-01-12,2021-06-19T00:53:40,2021-06-19T00:53:40
666,1.12,65.79,69,101,True,True,AU,BR,2024-01-25,,2024-11-05T19:03:16,2024-11-05T19:03:16
667,90.12,34.99,109,85,True,True,AU,US,2020-08-02,2020-08-02,2020-01-24T07:18:15,2020-01-24T07:18:15
668,47.35,2.69,9,85,True,False,DE,FR,2023-08-04,2023-08-04,2020-06-02T23:31:44,2020-06-02T23:31:44
669,56.92,43.32,109,63,True,False,US,BR,2020-12-03,2020-12-03,2020-01-22T09:24:43,2020-01-22T09:24:43
670,57.29,52.62,70,104,True,,JP,UK,2022-04-21,2022-04-21,2022-01-17T19:52:48,
671,13.79,30.91,65,6,True,,DE,AU,2021-01-06,2021-01-06,2022-06-03T15:23:48,2022-06-03T15:23:48
672,71.94,44.13,32,10,False,False,BR,JP,2022-02-22,2022-02-22,2024-08-30T01:32:32,2024-08-30T01:32:32
673,41.12,52.22,72,99,True,True,US,,2023-10-08,2023-10-08,2021-03-21T15:54:51,2021-03-21T15:54:51
674,94.27,17.65,55,6,True,False,UK,JP,2024-05-28,2024-05-28,2022-02-14T12:25:18,2022-02-14T12:25:18
675,73.9,12.49,14,67,True,False,FR,CA,2022-12-27,2022-12-27,2024-11-25T23:34:57,2024-11-25T23:34:57
676,66.57,53.54,69,71,True,,BR,JP,2024-06-13,2024-06-13,2024-03-17T10:45:35,2024-03-17T10:45:35
677,89.61,46.65,92,2,False,False,JP,JP,2021-01-01,2021-01-01,2024-09-26T06:04:12,2024-09-26T06:04:12
678,9.5,72.72,83,27,False,False,CA,DE,2021-06-26,2021-06-26,2021-02-10T01:36:02,2021-02-10T01:36:02
679,40.97,55.03,35,3,False,True,JP,AU,2021-11-10,2021-11-10,2024-09-17T07:08:23,2024-09-17T07:08:23
680,3.43,59.73,115,,False,True,BR,DE,2023-01-13,2023-01-13,2022-08-30T16:47:05,2022-08-30T16:47:05
681,1.4,96.04,57,108,True,True,AU,BR,2024-08-07,2024-08-07,2020-06-02T16:39:09,2020-06-02T16:39:09
682,24.61,,24,27,True,True,US,FR,2020-08-02,2020-08-02,2022-05-08T23:17:07,2022-05-08T23:17:07
683,27.17,37.17,102,42,True,True,CA,FR,2024-05-24,,2021-09-05T20:51:32,2021-09-05T20:51:32
684,38.43,42.6,59,117,True,False,UK,UK,2024-07-06,2024-07-06,2024-08-11T21:54:16,2024-08-11T21:54:16
685,67.06,97.38,96,17,False,False,CA,US,2023-10-16,2023-10-16,2023-05-22T04:05:36,2023-05-22T04:05:36
686,22.42,5.49,33,59,True,True,JP,BR,2024-01-11,,2021-10-07T06:23:22,2021-10-07T06:23:22
687,72.94,74.12,102,,True,False,FR,UK,2020-12-20,2020-12-20,2022-09-24T17:03:51,2022-09-24T17:03:51
688,59.39,35.11,61,47,False,False,JP,UK,2020-07-16,2020-07-16,2021-07-20T07:26:02,2021-07-20T07:26:02
689,57.8,42.29,50,91,True,True,AU,UK,2022-11-23,2022-11-23,2024-10-10T03:06:24,2024-10-10T03:06:24
690,22.72,34.24,54,60,True,False,UK,AU,2023-09-17,2023-09-17,2022-11-01T17:41:38,2022-11-01T17:41:38
691,34.8,32.24,74,,True,False,US,UK,2023-09-22,2023-09-22,2023-08-11T10:54:11,2023-08-11T10:54:11
692,69.24,12.84,67,68,True,,DE,,2023-05-19,2023-05-19,2020-10-03T06:55:36,2020-10-03T06:55:36
693,69.3,45.34,103,94,True,False,BR,US,2021-06-30,2021-06-30,2021-03-14T18:35:04,2021-03-14T18:35:04
694,69.85,70.39,64,48,True,True,US,BR,2023-03-26,2023-03-26,2021-01-18T03:36:09,
695,53.01,1.69,112,53,True,False,UK,US,2021-07-14,2021-07-14,2021-04-01T01:58:23,2021-04-01T01:58:23
696,7.94,31.28,59,112,True,,BR,UK,2024-02-02,2024-02-02,2022-11-30T06:57:27,2022-11-30T06:57:27
697,88.17,87.69,72,14,True,False,BR,UK,2024-07-01,2024-07-01,2023-08-31T10:39:36,2023-08-31T10:39:36
698,42.33,,56,67,False,True,AU,JP,2021-07-24,2021-07-24,2023-11-01T16:50:14,2023-11-01T16:50:14
699,56.08,82.48,70,27,True,False,DE,UK,2022-11-28,2022-11-28,2020-12-20T08:35:23,2020-12-20T08:35:23
700,99.99,50.02,117,106,True,False,FR,JP,2021-11-27,2021-11-27,2021-06-14T17:23:50,2021-06-14T17:23:50
701,90.73,82.97,91,2,True,True,AU,JP,2023-10-27,2023-10-27,2020-08-31T06:46:02,
702,36.53,1.72,25,77,False,,FR,FR,2020-07-20,2020-07-20,2023-11-05T15:03:33,2023-11-05T15:03:33
703,37.72,92.73,65,59,False,False,BR,,2023-05-21,2023-05-21,2021-05-28T00:47:15,2021-05-28T00:47:15
704,73.27,58.27,4,80,False,True,FR,AU,2022-03-22,2022-03-22,2021-10-12T21:17:44,2021-10-12T21:17:44
705,46.55,89.8,74,27,False,True,US,FR,2022-05-30,2022-05-30,2021-07-05T17:11:46,2021-07-05T17:11:46
706,27.86,64.06,99,94,False,True,JP,BR,2024-10-28,2024-10-28,2021-06-13T14:29:14,2021-06-13T14:29:14
707,23.47,29.46,24,37,True,True,UK,UK,2022-03-04,2022-03-04,2021-12-18T02:47:36,
708,50.31,40.16,106,28,False,True,BR,FR,2021-04-17,2021-04-17,2020-01-12T14:19:07,2020-01-12T14:19:07
709,93.73,16.67,25,23,True,False,BR,AU,2022-09-01,2022-09-01,2021-11-17T16:09:05,
710,95.25,4.9,97,101,True,True,UK,US,2022-12-24,2022-12-24,2023-11-28T23:18:36,2023-11-28T23:18:36
711,33.61,23.45,75,65,False,True,CA,BR,2020-01-30,2020-01-30,2020-08-08T00:21:36,2020-08-08T00:21:36
712,50.85,33.37,91,72,False,False,FR,JP,2021-11-02,2021-11-02,2022-10-18T17:49:49,
713,6.7,0.61,57,63,False,False,JP,CA,2022-06-18,2022-06-18,2021-10-10T19:41:45,2021-10-10T19:41:45
714,0.31,68.16,20,61,False,True,US,FR,2022-02-14,2022-02-14,2020-09-16T03:56:34,2020-09-16T03:56:34
715,97.64,66.25,101,17,False,False,CA,JP,2022-11-29,,2022-04-19T15:44:26,2022-04-19T15:44:26
716,39.26,10.76,46,74,True,True,BR,DE,2020-06-15,2020-06-15,2024-04-22T00:10:59,2024-04-22T00:10:59
717,91.54,65.54,38,96,False,False,CA,DE,2024-09-03,,2022-08-17T20:10:57,2022-08-17T20:10:57
718,75.18,7.92,110,8,False,True,DE,BR,2022-08-07,2022-08-07,2023-03-08T15:42:17,2023-03-08T15:42:17
719,43.85,85.96,103,62,False,False,UK,US,2020-02-22,,2023-07-15T09:04:29,2023-07-15T09:04:29
720,49.04,71.7,10,35,True,True,FR,FR,2024-02-14,2024-02-14,2021-08-16T23:50:19,2021-08-16T23:50:19
721,52.32,69.05,86,59,True,,CA,CA,2024-04-26,2024-04-26,2022-10-23T18:31:56,2022-10-23T18:31:56
722,36.17,69.63,11,,True,True,BR,US,2021-10-20,2021-10-20,2022-01-16T09:09:34,2022-01-16T09:09:34
723,64.33,69.98,36,104,False,False,AU,FR,2024-03-29,2024-03-29,2020-09-04T19:30:03,2020-09-04T19:30:03
724,35.8,89.5,76,46,False,False,CA,UK,2021-04-08,2021-04-08,2022-07-27T19:15:23,2022-07-27T19:15:23
725,87.73,86.09,60,80,False,,AU,JP,2021-03-14,2021-03-14,2020-05-31T08:33:59,2020-05-31T08:33:59
726,61.57,44.41,65,,True,False,JP,,2023-06-07,,2021-06-08T02:47:18,2021-06-08T02:47:18
727,36.88,54.95,94,44,False,False,BR,JP,2021-06-02,2021-06-02,2024-03-17T23:05:31,2024-03-17T23:05:31
728,2.48,95.46,80,60,True,False,FR,CA,2021-01-01,2021-01-01,2022-06-11T02:42:40,
729,16.81,83.67,60,27,True,False,BR,JP,2023-09-25,2023-09-25,2024-01-17T17:40:54,2024-01-17T17:40:54
730,20.22,29.82,48,114,False,False,AU,AU,2024-03-14,2024-03-14,2021-10-12T10:28:45,2021-10-12T10:28:45
731,6.95,66.94,7,0,False,False,US,DE,2023-09-07,2023-09-07,2020-04-07T05:09:56,2020-04-07T05:09:56
732,22.28,77.64,39,114,False,True,DE,US,2020-04-03,2020-04-03,2022-03-20T06:42:54,2022-03-20T06:42:54
733,71.62,40.43,92,76,True,True,JP,US,2021-11-22,2021-11-22,2023-06-08T22:44:45,2023-06-08T22:44:45
734,61.11,8.28,70,114,True,True,JP,,2022-06-08,2022-06-08,2022-11-17T22:43:20,2022-11-17T22:43:20
735,77.4,98.42,26,80,False,False,FR,AU,2024-05-15,2024-05-15,2024-06-17T09:37:02,2024-06-17T09:37:02
736,85.17,66.49,15,21,False,True,US,AU,2023-11-23,2023-11-23,2024-06-23T20:29:08,2024-06-23T20:29:08
737,38.76,,51,88,False,True,US,CA,2021-02-10,2021-02-10,2023-07-13T17:42:48,2023-07-13T17:42:48
738,33.94,77.05,69,,False,True,BR,AU,2022-02-20,2022-02-20,2021-04-16T13:27:55,2021-04-16T13:27:55
739,73.67,10.6,84,,False,False,JP,US,2022-05-07,2022-05-07,2023-09-14T09:54:04,2023-09-14T09:54:04
740,37.48,94.11,51,107,False,True,JP,JP,2021-03-12,2021-03-12,2022-11-10T00:05:43,2022-11-10T00:05:43
741,85.23,31.62,114,47,False,False,UK,BR,2022-08-30,2022-08-30,2020-01-02T00:12:18,
742,61.56,92.41,29,56,False,False,UK,CA,2024-02-25,2024-02-25,2022-03-20T11:51:13,2022-03-20T11:51:13
743,44.7,76.92,12,101,True,False,UK,,2020-03-30,2020-03-30,2023-11-04T02:32:26,2023-11-04T02:32:26
744,18.18,56.42,13,57,False,True,AU,,2022-12-12,2022-12-12,2020-01-06T07:12:14,2020-01-06T07:12:14
745,61.04,15.37,33,92,False,True,AU,BR,2021-11-29,2021-11-29,2022-04-24T09:05:47,2022-04-24T09:05:47
746,34.81,52.96,53,56,True,True,AU,CA,2023-10-13,2023-10-13,2022-09-21T19:31:45,2022-09-21T19:31:45
747,21.36,50.32,35,17,True,,FR,JP,2024-11-22,2024-11-22,2021-10-03T05:08:38,2021-10-03T05:08:38
748,38.37,27.11,16,6,False,False,FR,DE,2023-02-01,2023-02-01,2024-11-26T20:41:34,2024-11-26T20:41:34
749,1.54,70.93,71,36,False,False,CA,US,2022-03-31,2022-03-31,2023-04-11T18:10:14,2023-04-11T18:10:14
750,32.82,14.25,82,30,False,True,CA,DE,2020-05-27,2020-05-27,2022-09-02T12:54:12,2022-09-02T12:54:12
751,26.17,70.19,60,94,False,,AU,CA,2024-06-05,2024-06-05,2021-05-04T13:14:53,2021-05-04T13:14:53
752,89.1,89.2,1,,True,True,BR,US,2020-10-07,2020-10-07,2022-06-25T16:57:03,2022-06-25T16:57:03
753,85.38,66.14,0,85,False,False,AU,UK,2023-03-20,2023-03-20,2024-12-19T22:47:57,2024-12-19T22:47:57
754,3.88,,119,34,False,True,CA,US,2022-03-08,2022-03-08,2021-09-19T22:29:29,2021-09-19T22:29:29
755,30.27,6.21,29,109,True,True,JP,,2020-01-08,,2022-07-11T22:28:31,2022-07-11T22:28:31
756,8.58,89.4,87,94,False,True,AU,US,2021-03-11,2021-03-11,2024-12-13T13:03:04,2024-12-13T13:03:04
757,95.07,80.67,2,43,False,False,AU,FR,2023-08-05,2023-08-05,2023-03-02T03:11:11,2023-03-02T03:11:11
758,61.04,36.63,50,,True,True,CA,UK,2023-04-02,2023-04-02,2023-05-01T08:11:45,
759,21.39,,20,,True,False,DE,FR,2024-10-19,2024-10-19,2021-10-10T15:13:16,2021-10-10T15:13:16
760,20.59,74.17,28,89,False,False,JP,,2023-09-28,2023-09-28,2024-03-11T06:49:25,2024-03-11T06:49:25
761,79.81,91.61,104,33,True,False,CA,DE,2020-12-12,,2024-09-17T07:44:33,2024-09-17T07:44:33
762,99.23,96.77,34,,True,,DE,UK,2023-07-23,2023-07-23,2020-11-10T22:39:44,2020-11-10T22:39:44
763,21.26,,110,21,False,False,AU,CA,2024-08-18,2024-08-18,2022-08-30T16:14:34,2022-08-30T16:14:34
764,98.83,81.64,5,17,True,False,US,,2023-08-15,2023-08-15,2021-03-19T05:26:47,2021-03-19T05:26:47
765,29.24,16.45,8,9,False,True,CA,,2024-07-27,2024-07-27,2020-12-20T07:34:17,2020-12-20T07:34:17
766,54.76,,23,,False,False,BR,US,2021-09-11,2021-09-11,2021-12-31T19:40:40,
767,38.54,30.07,40,109,False,True,CA,CA,2021-09-19,,2024-05-03T20:31:50,2024-05-03T20:31:50
768,38.35,46.98,113,54,True,False,AU,UK,2023-01-10,2023-01-10,2023-09-11T07:48:13,2023-09-11T07:48:13
769,47.96,98.07,89,102,False,False,CA,DE,2020-02-27,2020-02-27,2023-08-31T06:57:11,2023-08-31T06:57:11
770,81.28,48.61,47,30,False,False,AU,BR,2020-07-12,2020-07-12,2021-08-27T22:23:26,2021-08-27T22:23:26
771,89.33,43.07,3,38,True,False,DE,BR,2024-06-14,2024-06-14,2023-02-22T19:23:39,2023-02-22T19:23:39
772,77.94,77.56,89,75,True,True,JP,CA,2023-09-27,2023-09-27,2023-02-27T02:45:33,2023-02-27T02:45:33
773,40.58,64.17,48,91,False,,UK,US,2022-04-29,2022-04-29,2023-11-18T18:32:43,2023-11-18T18:32:43
774,34.44,12.81,36,79,False,True,AU,US,2020-06-23,2020-06-23,2020-01-01T05:53:06,2020-01-01T05:53:06
775,52.15,42.28,33,,True,True,FR,FR,2020-11-11,2020-11-11,2022-01-15T02:05:42,2022-01-15T02:05:42
776,14.47,49.42,90,54,False,False,UK,US,2024-01-20,2024-01-20,2024-07-25T09:35:10,2024-07-25T09:35:10
777,73.31,12.38,32,13,True,True,US,US,2023-04-20,2023-04-20,2023-02-12T22:28:07,2023-02-12T22:28:07
778,61.79,57.94,98,97,True,True,AU,BR,2021-08-17,2021-08-17,2023-01-21T21:38:48,2023-01-21T21:38:48
779,26.01,47.14,109,23,True,True,DE,UK,2023-07-17,2023-07-17,2022-02-24T06:32:29,2022-02-24T06:32:29
780,15.37,62.35,91,94,True,True,JP,AU,2022-10-06,2022-10-06,2021-08-21T16:20:42,2021-08-21T16:20:42
781,53.94,93.54,94,46,True,True,AU,US,2022-08-25,2022-08-25,2020-12-01T18:37:09,2020-12-01T18:37:09
782,56.66,50.39,107,,True,True,UK,DE,2023-08-09,2023-08-09,2024-09-04T11:15:25,2024-09-04T11:15:25
783,94.62,82.56,4,3,False,False,AU,AU,2021-09-18,2021-09-18,2024-12-02T06:30:03,2024-12-02T06:30:03
784,52.14,66.05,8,84,True,True,BR,UK,2020-01-21,2020-01-21,2023-08-28T20:44:38,2023-08-28T20:44:38
785,50.76,47.47,98,65,True,True,CA,FR,2024-10-29,2024-10-29,2020-02-09T19:14:14,2020-02-09T19:14:14
786,99.18,23.61,64,105,False,True,DE,AU,2021-04-23,2021-04-23,2024-02-12T02:06:51,2024-02-12T02:06:51
787,96.87,37.49,18,86,False,,FR,FR,2024-05-28,2024-05-28,2024-12-15T15:11:36,2024-12-15T15:11:36
788,0.41,60.5,62,56,False,True,US,BR,2021-07-13,2021-07-13,2022-12-24T21:19:15,2022-12-24T21:19:15
789,19.38,56.99,2,96,True,,UK,US,2024-11-03,2024-11-03,2022-10-03T08:42:31,2022-10-03T08:42:31
790,40.7,6.7,80,19,True,True,FR,CA,2021-12-27,2021-12-27,2024-06-04T07:25:51,2024-06-04T07:25:51
791,62.23,1.43,85,77,True,True,CA,DE,2023-05-04,2023-05-04,2022-06-30T15:52:57,
792,20.74,99.87,60,72,False,False,BR,FR,2024-08-17,,2023-08-23T00:58:52,2023-08-23T00:58:52
793,97.13,,16,110,False,False,FR,UK,2021-11-12,2021-11-12,2020-06-26T16:24:08,2020-06-26T16:24:08
794,10.98,74.92,72,96,True,False,FR,UK,2023-11-06,2023-11-06,2023-08-03T06:09:20,2023-08-03T06:09:20
795,83.82,27.98,1,,False,,AU,CA,2021-04-19,2021-04-19,2022-10-25T21:35:17,2022-10-25T21:35:17
796,37.58,2.26,8,111,True,True,JP,DE,2023-03-31,2023-03-31,2024-03-19T17:15:30,2024-03-19T17:15:30
797,27.7,93.36,113,36,False,,JP,AU,2024-07-28,2024-07-28,2021-08-24T05:29:27,2021-08-24T05:29:27
798,53.12,9.89,107,57,True,,BR,UK,2021-01-15,2021-01-15,2024-09-24T23:11:20,2024-09-24T23:11:20
799,52.98,13.63,19,58,False,False,FR,JP,2022-10-21,2022-10-21,2023-03-27T22:11:09,2023-03-27T22:11:09
800,89.79,15.3,42,76,False,False,FR,UK,2020-05-18,2020-05-18,2024-11-21T16:06:42,2024-11-21T16:06:42
801,64.03,55.97,77,27,True,True,CA,JP,2020-11-03,,2023-01-20T07:03:14,2023-01-20T07:03:14
802,70.15,5.42,34,61,True,True,UK,,2022-10-21,2022-10-21,2022-03-15T13:54:10,2022-03-15T13:54:10
803,32.78,57.39,116,0,False,False,UK,DE,2020-09-28,2020-09-28,2020-10-12T22:04:43,2020-10-12T22:04:43
804,82.19,98.93,53,110,False,False,FR,JP,2021-02-18,2021-02-18,2021-07-25T23:30:16,
805,0.75,79.34,99,115,False,,FR,US,2024-11-11,2024-11-11,2023-05-16T03:49:02,2023-05-16T03:49:02
806,58.93,67.89,119,69,True,True,FR,BR,2021-12-23,2021-12-23,2021-10-09T21:43:49,2021-10-09T21:43:49
807,64.77,,20,109,False,True,FR,UK,2023-08-22,2023-08-22,2020-08-27T01:46:14,2020-08-27T01:46:14
808,69.18,24.22,106,38,True,,AU,FR,2024-06-04,2024-06-04,2022-08-10T16:38:42,2022-08-10T16:38:42
809,74.05,34.55,65,104,False,False,US,FR,2020-07-11,2020-07-11,2021-09-04T13:56:53,2021-09-04T13:56:53
810,46.65,33.92,43,94,True,True,AU,US,2020-09-01,,2023-08-11T17:11:06,2023-08-11T17:11:06
811,49.38,0.93,105,40,True,True,DE,AU,2024-06-11,2024-06-11,2024-03-27T07:32:06,2024-03-27T07:32:06
812,24.86,24.09,111,104,False,True,US,,2024-11-04,2024-11-04,2022-02-10T00:14:33,2022-02-10T00:14:33
813,90.9,60.32,5,102,True,True,CA,,2022-05-29,2022-05-29,2024-03-25T18:11:03,
814,56.88,2.42,102,40,True,True,CA,,2022-05-24,2022-05-24,2024-09-12T20:23:37,
815,85.57,45.27,22,43,False,,UK,CA,2021-02-22,,2023-02-28T17:14:32,2023-02-28T17:14:32
816,36.01,23.83,95,85,True,True,BR,JP,2023-12-05,2023-12-05,2022-08-18T15:54:24,2022-08-18T15:54:24
817,29.86,36.42,10,93,False,True,BR,UK,2020-04-22,2020-04-22,2023-06-25T16:58:54,2023-06-25T16:58:54
818,20.82,9.18,116,24,False,True,CA,AU,2023-12-13,2023-12-13,2023-12-20T20:59:31,2023-12-20T20:59:31
819,26.09,30.22,118,110,False,False,AU,UK,2023-04-30,2023-04-30,2024-03-31T12:42:01,2024-03-31T12:42:01
820,95.0,69.47,19,57,True,False,JP,CA,2024-08-24,2024-08-24,2020-02-02T02:26:12,2020-02-02T02:26:12
821,46.53,19.05,49,,False,True,UK,JP,2023-10-12,2023-10-12,2023-11-06T10:19:51,2023-11-06T10:19:51
822,27.81,28.25,112,,True,False,DE,US,2024-08-31,2024-08-31,2021-11-15T01:27:28,2021-11-15T01:27:28
823,46.44,86.16,77,25,False,,US,CA,2021-11-24,2021-11-24,2021-02-24T11:00:11,2021-02-24T11:00:11
824,24.29,,31,82,True,False,JP,FR,2024-10-11,,2021-12-08T21:36:15,2021-12-08T21:36:15
825,1.32,72.24,109,92,True,,DE,FR,2023-02-12,2023-02-12,2024-02-12T23:43:41,2024-02-12T23:43:41
826,96.58,94.15,35,34,True,False,DE,DE,2021-03-03,2021-03-03,2022-04-07T20:00:04,
827,84.82,78.16,83,14,True,True,JP,AU,2022-01-29,2022-01-29,2022-07-26T18:58:32,2022-07-26T18:58:32
828,40.07,48.57,87,99,True,True,AU,US,2021-03-30,2021-03-30,2020-09-17T02:57:58,2020-09-17T02:57:58
829,60.68,74.01,67,104,True,False,AU,CA,2020-10-02,2020-10-02,2023-11-15T15:41:51,2023-11-15T15:41:51
830,36.34,65.71,83,21,False,,CA,CA,2022-03-19,2022-03-19,2022-01-23T05:14:27,2022-01-23T05:14:27
831,44.14,63.01,13,65,True,False,AU,US,2023-01-06,2023-01-06,2022-03-28T08:42:35,2022-03-28T08:42:35
832,26.71,27.82,8,111,True,False,JP,JP,2023-05-24,,2024-04-21T21:17:42,2024-04-21T21:17:42
833,74.77,47.1,56,20,False,False,FR,UK,2021-08-25,2021-08-25,2023-02-03T17:21:20,2023-02-03T17:21:20
834,29.36,12.09,68,12,True,False,AU,UK,2020-06-18,2020-06-18,2020-04-21T13:24:18,2020-04-21T13:24:18
835,86.97,1.55,36,21,False,False,BR,UK,2024-04-03,2024-04-03,2022-08-30T10:56:54,2022-08-30T10:56:54
836,74.44,,119,99,False,False,FR,UK,2020-06-13,2020-06-13,2022-04-06T04:13:42,2022-04-06T04:13:42
837,87.62,87.96,108,99,False,True,DE,CA,2024-09-22,2024-09-22,2023-08-29T13:09:46,2023-08-29T13:09:46
838,93.28,5.25,9,104,True,False,US,FR,2021-07-17,2021-07-17,2020-08-17T15:32:13,2020-08-17T15:32:13
839,11.16,88.35,73,22,False,True,DE,DE,2020-03-24,2020-03-24,2023-09-24T16:04:41,2023-09-24T16:04:41
840,85.42,66.8,41,73,True,True,FR,JP,2020-06-16,2020-06-16,2024-07-13T04:33:31,2024-07-13T04:33:31
841,63.38,52.06,67,38,True,True,UK,FR,2020-03-17,2020-03-17,2021-02-03T02:20:55,2021-02-03T02:20:55
842,43.09,76.55,87,72,False,True,JP,,2021-02-10,2021-02-10,2022-03-18T09:53:30,2022-03-18T09:53:30
843,2.7,5.4,23,79,True,True,UK,BR,2022-10-10,,2024-11-14T22:21:43,2024-11-14T22:21:43
844,28.06,65.17,116,42,False,False,BR,JP,2022-07-04,2022-07-04,2023-08-05T12:03:47,2023-08-05T12:03:47
845,87.94,69.19,104,8,True,True,UK,DE,2020-07-31,2020-07-31,2021-02-28T23:32:01,2021-02-28T23:32:01
846,95.67,16.34,90,114,False,True,US,DE,2022-05-21,,2022-12-03T05:31:50,2022-12-03T05:31:50
847,61.29,88.64,3,79,True,True,JP,CA,2022-08-08,2022-08-08,2022-02-07T14:27:45,2022-02-07T14:27:45
848,84.36,,100,37,False,,FR,DE,2021-04-15,2021-04-15,2020-10-17T05:57:58,2020-10-17T05:57:58
849,92.8,35.48,60,97,False,False,AU,BR,2021-03-13,2021-03-13,2024-08-19T11:56:17,2024-08-19T11:56:17
850,64.66,97.59,75,22,True,True,CA,JP,2022-03-30,2022-03-30,2023-03-13T20:29:42,2023-03-13T20:29:42
851,30.59,56.0,118,,False,True,FR,FR,2021-01-25,2021-01-25,2023-03-02T12:27:00,2023-03-02T12:27:00
852,67.19,33.6,53,99,True,False,US,JP,2024-02-04,2024-02-04,2023-03-14T12:33:37,2023-03-14T12:33:37
853,65.88,,108,63,False,True,FR,JP,2020-11-09,2020-11-09,2021-08-15T17:54:12,2021-08-15T17:54:12
854,69.09,64.34,37,93,True,True,DE,CA,2024-05-08,2024-05-08,2020-02-04T03:01:18,2020-02-04T03:01:18
855,37.17,83.43,84,116,True,True,DE,BR,2020-09-02,2020-09-02,2021-10-02T08:52:14,2021-10-02T08:52:14
856,84.48,81.95,89,,False,,AU,DE,2022-01-13,2022-01-13,2021-06-24T16:19:00,
857,81.07,27.83,43,26,False,False,FR,US,2022-03-10,2022-03-10,2023-09-20T04:55:39,2023-09-20T04:55:39
858,26.06,92.86,19,70,True,True,DE,AU,2023-11-22,2023-11-22,2021-06-04T23:37:59,2021-06-04T23:37:59
859,78.17,,41,52,False,False,DE,FR,2024-08-09,,2020-11-13T20:30:46,2020-11-13T20:30:46
860,96.64,51.54,119,14,False,False,UK,UK,2022-12-25,2022-12-25,2024-11-05T23:49:38,2024-11-05T23:49:38
861,30.85,50.97,22,100,False,,CA,BR,2021-03-27,2021-03-27,2022-02-20T12:26:16,2022-02-20T12:26:16
862,37.07,96.79,105,68,False,False,DE,US,2024-02-26,,2024-05-13T16:36:14,
863,94.0,61.63,42,107,True,True,UK,CA,2024-03-07,2024-03-07,2021-06-20T04:55:15,2021-06-20T04:55:15
864,10.26,19.82,70,84,True,False,CA,FR,2020-02-29,2020-02-29,2020-10-26T08:37:26,2020-10-26T08:37:26
865,67.22,45.04,114,89,False,True,BR,BR,2024-11-05,,2023-04-15T19:32:44,2023-04-15T19:32:44
866,65.31,47.42,114,55,False,False,FR,DE,2024-02-23,2024-02-23,2024-08-30T15:47:16,2024-08-30T15:47:16
867,50.39,0.56,16,108,False,True,DE,DE,2022-04-05,2022-04-05,2023-05-22T18:40:57,2023-05-22T18:40:57
868,64.47,83.14,69,31,False,False,UK,FR,2021-10-29,2021-10-29,2021-06-22T22:24:12,2021-06-22T22:24:12
869,1.94,89.68,52,91,True,True,BR,US,2024-05-28,2024-05-28,2020-05-12T14:59:13,2020-05-12T14:59:13
870,64.38,83.0,43,94,True,False,UK,FR,2023-08-11,2023-08-11,2024-02-04T00:29:25,2024-02-04T00:29:25
871,31.37,,80,107,True,,US,UK,2024-09-20,2024-09-20,2024-09-10T15:31:47,2024-09-10T15:31:47
872,57.19,60.93,89,77,True,True,CA,DE,2023-05-17,,2020-02-26T06:51:04,2020-02-26T06:51:04
873,8.67,,61,3,True,False,CA,JP,2020-01-10,2020-01-10,2023-07-19T13:53:08,2023-07-19T13:53:08
874,99.68,20.27,9,25,False,False,DE,DE,2021-03-23,2021-03-23,2023-02-05T06:16:10,2023-02-05T06:16:10
875,68.57,37.49,38,78,True,,UK,DE,2023-02-07,2023-02-07,2024-06-04T06:58:47,2024-06-04T06:58:47
876,94.2,85.86,19,37,False,False,US,FR,2022-01-22,2022-01-22,2021-10-05T23:23:04,2021-10-05T23:23:04
877,51.17,28.57,104,33,True,True,US,CA,2020-11-25,2020-11-25,2021-10-09T16:54:02,2021-10-09T16:54:02
878,32.1,31.3,3,109,True,True,DE,AU,2021-06-26,2021-06-26,2020-08-19T20:58:41,2020-08-19T20:58:41
879,62.19,58.42,60,5,True,,JP,,2021-03-24,2021-03-24,2024-11-14T05:59:32,2024-11-14T05:59:32
880,26.85,87.07,42,15,True,True,AU,US,2023-11-06,,2020-12-02T04:41:33,2020-12-02T04:41:33
881,9.01,67.0,49,79,False,True,BR,FR,2020-01-06,2020-01-06,2024-04-21T05:34:11,2024-04-21T05:34:11
882,20.09,49.49,32,,True,False,AU,AU,2023-03-08,2023-03-08,2022-04-03T15:47:54,2022-04-03T15:47:54
883,10.17,87.35,85,43,True,True,FR,US,2024-11-19,2024-11-19,2024-11-02T21:44:51,2024-11-02T21:44:51
884,23.49,81.91,87,78,True,False,CA,FR,2021-07-26,,2021-01-25T22:51:01,2021-01-25T22:51:01
885,13.23,24.33,22,,True,False,DE,FR,2023-09-13,2023-09-13,2020-10-21T22:08:48,2020-10-21T22:08:48
886,49.14,62.68,25,,False,False,AU,CA,2022-03-07,2022-03-07,2022-04-04T18:42:38,2022-04-04T18:42:38
887,58.3,4.91,76,1,False,False,FR,CA,2020-04-12,2020-04-12,2020-03-15T16:39:28,2020-03-15T16:39:28
888,25.77,99.01,115,20,True,False,FR,CA,2022-05-02,2022-05-02,2023-04-29T22:26:25,2023-04-29T22:26:25
889,39.21,37.45,47,40,False,False,BR,CA,2023-04-09,2023-04-09,2023-02-21T12:32:39,2023-02-21T12:32:39
890,23.6,26.26,65,,True,True,BR,CA,2023-10-10,2023-10-10,2024-02-05T06:34:41,2024-02-05T06:34:41
891,33.36,31.33,56,101,False,False,FR,FR,2021-06-09,2021-06-09,2024-05-02T16:03:06,
892,85.86,72.0,95,46,True,True,UK,UK,2020-09-11,2020-09-11,2021-08-29T13:48:12,2021-08-29T13:48:12
893,35.79,92.79,40,27,True,False,AU,FR,2022-01-19,2022-01-19,2021-12-02T01:39:16,
894,55.14,38.99,76,100,False,False,JP,US,2021-01-15,2021-01-15,2023-10-27T00:03:57,2023-10-27T00:03:57
895,34.37,75.72,31,19,True,False,BR,DE,2024-02-23,,2024-07-21T01:08:39,2024-07-21T01:08:39
896,96.53,31.5,8,22,False,False,CA,JP,2024-04-01,,2024-11-25T12:54:54,2024-11-25T12:54:54
897,68.11,,91,60,True,False,JP,UK,2024-05-31,2024-05-31,2021-10-20T08:52:21,2021-10-20T08:52:21
898,79.87,49.63,40,,False,True,AU,CA,2022-10-20,2022-10-20,2020-09-11T09:03:14,2020-09-11T09:03:14
899,4.23,88.6,70,106,False,True,JP,,2022-04-15,2022-04-15,2023-06-27T00:51:00,2023-06-27T00:51:00
900,96.73,,60,17,False,False,CA,UK,2021-04-26,2021-04-26,2022-03-05T16:45:04,2022-03-05T16:45:04
901,55.27,48.15,91,7,True,,UK,FR,2024-09-12,2024-09-12,2024-06-22T11:06:09,2024-06-22T11:06:09
902,25.55,30.63,110,8,True,True,BR,FR,2021-10-25,2021-10-25,2021-12-07T07:27:46,
903,73.7,22.41,90,50,False,False,AU,JP,2021-02-16,2021-02-16,2020-07-10T19:37:01,2020-07-10T19:37:01
904,17.18,73.03,20,89,True,,US,US,2021-12-24,2021-12-24,2023-07-06T13:35:29,2023-07-06T13:35:29
905,70.58,90.54,7,83,False,True,US,AU,2020-01-10,2020-01-10,2023-08-12T03:04:53,2023-08-12T03:04:53
906,29.61,13.29,58,18,True,False,AU,,2023-07-28,2023-07-28,2020-12-20T14:18:26,2020-12-20T14:18:26
907,5.66,14.65,44,58,True,False,FR,AU,2020-04-01,,2020-04-28T20:10:56,2020-04-28T20:10:56
908,98.71,72.06,91,36,False,True,US,CA,2022-11-12,,2024-10-13T00:52:56,2024-10-13T00:52:56
909,67.59,44.64,19,102,True,False,UK,CA,2023-08-06,2023-08-06,2022-01-09T14:32:34,2022-01-09T14:32:34
910,71.12,21.93,44,3,True,,JP,AU,2021-09-05,,2020-12-15T12:55:35,2020-12-15T12:55:35
911,3.25,,2,85,False,True,US,JP,2023-06-25,2023-06-25,2021-04-15T03:12:31,2021-04-15T03:12:31
912,6.96,53.41,69,16,False,,AU,FR,2021-09-10,,2022-05-05T20:35:49,
913,31.65,96.82,36,96,False,True,CA,JP,2023-12-01,2023-12-01,2024-08-12T01:58:54,2024-08-12T01:58:54
914,34.52,8.94,9,,False,,FR,JP,2020-07-21,2020-07-21,2024-11-29T23:34:24,
915,38.06,61.83,47,98,False,False,DE,UK,2020-05-19,,2024-10-02T06:31:05,2024-10-02T06:31:05
916,40.52,99.53,32,29,False,False,JP,AU,2024-06-21,2024-06-21,2022-05-02T05:31:18,2022-05-02T05:31:18
917,46.15,38.87,46,2,False,True,US,CA,2020-03-19,2020-03-19,2022-05-12T13:36:29,2022-05-12T13:36:29
918,62.07,50.63,89,18,False,False,US,DE,2024-04-19,2024-04-19,2024-09-01T16:26:06,2024-09-01T16:26:06
919,9.04,56.08,37,74,True,False,DE,BR,2020-09-30,2020-09-30,2021-05-16T11:51:39,2021-05-16T11:51:39
920,22.92,42.73,32,86,False,True,DE,UK,2024-02-16,2024-02-16,2020-04-05T11:20:42,2020-04-05T11:20:42
921,92.64,79.81,4,,False,True,BR,UK,2021-02-19,2021-02-19,2024-09-08T05:23:29,2024-09-08T05:23:29
922,31.99,56.05,101,5,False,False,BR,CA,2021-09-30,2021-09-30,2020-04-28T23:06:03,2020-04-28T23:06:03
923,50.08,53.56,117,77,False,,UK,CA,2020-12-14,2020-12-14,2024-10-20T20:48:35,2024-10-20T20:48:35
924,56.03,35.43,83,27,True,,JP,US,2021-04-19,2021-04-19,2022-11-02T14:04:48,2022-11-02T14:04:48
925,98.0,,85,62,False,,BR,FR,2023-09-14,2023-09-14,2022-09-15T11:25:09,2022-09-15T11:25:09
926,77.4,34.63,116,62,True,True,UK,US,2021-01-23,,2020-05-17T11:11:23,2020-05-17T11:11:23
927,29.47,87.0,20,83,True,True,JP,FR,2021-06-15,2021-06-15,2021-10-07T08:16:31,2021-10-07T08:16:31
928,90.77,82.55,73,92,False,True,UK,CA,2022-07-17,2022-07-17,2024-12-14T19:14:44,2024-12-14T19:14:44
929,22.18,34.06,96,16,False,,JP,US,2023-12-01,2023-12-01,2024-06-09T16:19:49,2024-06-09T16:19:49
930,13.53,15.89,114,19,True,False,CA,DE,2021-09-01,2021-09-01,2020-04-20T03:16:42,2020-04-20T03:16:42
931,5.13,82.35,19,107,True,True,BR,DE,2021-08-02,2021-08-02,2022-07-27T06:04:56,2022-07-27T06:04:56
932,86.91,,42,21,False,False,FR,UK,2020-01-22,2020-01-22,2022-03-28T17:55:24,2022-03-28T17:55:24
933,50.91,79.28,91,100,True,True,BR,,2021-04-02,2021-04-02,2021-04-06T13:22:04,2021-04-06T13:22:04
934,23.88,29.35,14,9,True,True,US,CA,2020-02-04,2020-02-04,2023-12-06T16:56:17,2023-12-06T16:56:17
935,62.35,45.35,70,61,False,True,FR,CA,2022-12-30,2022-12-30,2021-06-07T20:10:04,2021-06-07T20:10:04
936,57.7,30.44,21,1,True,False,AU,FR,2022-05-29,2022-05-29,2021-06-30T22:25:55,2021-06-30T22:25:55
937,86.37,96.85,79,57,True,True,FR,US,2024-10-19,2024-10-19,2022-04-05T19:42:23,
938,51.56,95.02,98,,False,True,DE,CA,2022-05-03,2022-05-03,2023-10-03T01:22:37,2023-10-03T01:22:37
939,21.91,88.01,60,40,False,False,UK,DE,2021-12-15,2021-12-15,2020-07-06T05:29:27,2020-07-06T05:29:27
940,96.13,,21,104,False,False,CA,JP,2022-01-03,2022-01-03,2022-10-30T22:56:08,2022-10-30T22:56:08
941,96.57,42.0,54,108,False,True,FR,DE,2022-10-05,2022-10-05,2022-03-02T05:49:36,2022-03-02T05:49:36
942,82.41,76.95,99,115,True,False,US,UK,2024-06-09,2024-06-09,2023-06-27T00:28:45,
943,70.34,13.67,106,15,False,False,CA,DE,2022-06-15,,2022-11-18T23:54:30,2022-11-18T23:54:30
944,45.92,85.83,70,70,False,True,DE,CA,2023-06-15,2023-06-15,2023-11-24T03:42:49,
945,63.82,35.73,75,45,False,True,US,CA,2023-11-14,2023-11-14,2022-05-24T21:01:29,2022-05-24T21:01:29
946,54.84,31.12,36,77,False,False,DE,AU,2020-06-01,2020-06-01,2024-01-27T17:42:43,2024-01-27T17:42:43
947,71.8,51.6,115,,True,True,BR,CA,2021-05-31,2021-05-31,2021-05-05T17:05:12,2021-05-05T17:05:12
948,27.85,39.01,101,72,False,False,CA,,2021-08-25,2021-08-25,2024-02-12T03:19:39,2024-02-12T03:19:39
949,17.23,54.99,69,39,False,True,JP,AU,2020-02-14,2020-02-14,2021-02-28T05:14:07,2021-02-28T05:14:07
950,65.57,33.21,112,6,False,True,DE,DE,2024-09-03,2024-09-03,2020-10-22T06:19:29,2020-10-22T06:19:29
951,75.61,50.51,11,102,False,True,JP,FR,2024-02-13,2024-02-13,2020-05-05T12:12:28,2020-05-05T12:12:28
952,31.86,,65,88,False,True,BR,BR,2024-09-04,2024-09-04,2024-05-06T03:21:01,2024-05-06T03:21:01
953,15.53,64.78,114,29,True,True,US,CA,2022-11-28,2022-11-28,2022-08-09T18:20:22,
954,73.79,16.57,118,112,True,False,UK,FR,2023-06-04,2023-06-04,2020-08-07T13:08:58,2020-08-07T13:08:58
955,47.46,36.91,37,80,True,False,CA,BR,2020-12-18,2020-12-18,2020-06-10T09:35:43,2020-06-10T09:35:43
956,88.49,20.45,89,7,True,False,AU,DE,2023-12-08,2023-12-08,2022-07-09T18:55:23,2022-07-09T18:55:23
957,3.67,79.45,78,8,True,,DE,UK,2022-10-28,2022-10-28,2020-06-02T04:45:53,2020-06-02T04:45:53
958,75.35,30.53,60,42,False,True,AU,DE,2024-12-02,2024-12-02,2022-04-02T20:07:33,2022-04-02T20:07:33
959,23.49,16.98,93,100,False,False,JP,,2024-05-03,2024-05-03,2024-01-06T08:28:51,2024-01-06T08:28:51
960,70.29,91.6,24,45,True,True,CA,UK,2023-04-20,2023-04-20,2021-07-12T11:05:54,2021-07-12T11:05:54
961,16.48,,103,,False,False,CA,CA,2024-12-30,2024-12-30,2024-03-14T21:34:48,2024-03-14T21:34:48
962,25.3,89.17,41,55,True,True,BR,AU,2022-07-06,2022-07-06,2021-12-22T02:23:19,2021-12-22T02:23:19
963,97.34,,99,40,False,True,AU,BR,2022-08-02,2022-08-02,2024-08-01T16:51:11,2024-08-01T16:51:11
964,15.59,,53,43,False,False,DE,JP,2020-09-14,2020-09-14,2024-05-15T20:52:35,2024-05-15T20:52:35
965,45.04,50.03,87,19,True,True,DE,BR,2020-08-28,2020-08-28,2024-04-29T01:42:50,2024-04-29T01:42:50
966,92.38,90.57,15,67,True,True,BR,US,2023-01-29,2023-01-29,2023-02-21T12:57:15,2023-02-21T12:57:15
967,70.25,35.66,95,46,True,True,BR,,2021-11-20,2021-11-20,2024-01-10T07:35:08,2024-01-10T07:35:08
968,88.23,72.28,59,103,False,True,UK,DE,2023-11-22,2023-11-22,2020-01-15T23:33:22,2020-01-15T23:33:22
969,1.77,30.05,34,64,True,False,JP,DE,2021-03-06,2021-03-06,2021-03-06T05:39:22,2021-03-06T05:39:22
970,96.57,,114,10,False,True,AU,DE,2023-10-01,2023-10-01,2021-07-27T13:19:37,2021-07-27T13:19:37
971,10.35,91.07,30,12,True,False,AU,DE,2022-04-14,2022-04-14,2024-03-31T09:56:41,2024-03-31T09:56:41
972,62.88,30.78,83,48,False,,FR,BR,2021-06-30,,2020-10-14T08:26:53,2020-10-14T08:26:53
973,9.71,68.97,96,33,True,False,UK,BR,2024-08-16,2024-08-16,2022-05-11T09:08:53,2022-05-11T09:08:53
974,53.15,76.22,82,96,False,True,AU,,2020-01-06,2020-01-06,2022-09-01T13:46:49,2022-09-01T13:46:49
975,53.9,,98,90,True,True,JP,AU,2021-01-08,,2024-10-08T11:47:06,2024-10-08T11:47:06
976,34.81,94.35,25,15,False,,US,,2021-11-21,2021-11-21,2023-04-16T15:53:55,2023-04-16T15:53:55
977,68.44,99.16,115,13,False,,FR,UK,2023-12-02,,2024-03-30T23:08:00,2024-03-30T23:08:00
978,19.31,3.85,68,99,True,True,DE,US,2021-02-27,2021-02-27,2020-03-05T23:00:13,2020-03-05T23:00:13
979,11.95,21.19,104,16,True,True,FR,US,2024-10-23,2024-10-23,2022-05-24T02:11:11,2022-05-24T02:11:11
980,26.14,,71,60,True,True,DE,UK,2022-06-01,2022-06-01,2022-03-19T17:34:52,2022-03-19T17:34:52
981,37.77,36.37,29,47,False,False,BR,JP,2022-10-31,2022-10-31,2020-02-26T05:50:55,2020-02-26T05:50:55
982,90.11,26.07,50,75,False,False,FR,US,2021-10-31,2021-10-31,2020-12-18T00:32:17,2020-12-18T00:32:17
983,22.16,10.67,72,71,True,False,JP,,2024-04-07,2024-04-07,2024-08-21T13:34:34,
984,21.45,99.22,115,115,False,False,CA,JP,2021-12-18,2021-12-18,2021-01-29T14:30:39,2021-01-29T14:30:39
985,85.11,22.16,32,99,True,True,FR,DE,2023-09-02,2023-09-02,2024-02-10T08:11:29,2024-02-10T08:11:29
986,15.96,,39,33,True,True,JP,JP,2024-06-16,2024-06-16,2020-05-13T04:02:58,2020-05-13T04:02:58
987,82.86,28.9,89,,True,False,UK,FR,2022-10-12,2022-10-12,2024-08-24T11:09:54,2024-08-24T11:09:54
988,44.07,19.4,2,44,True,False,DE,,2023-08-14,2023-08-14,2020-06-13T09:42:00,2020-06-13T09:42:00
989,94.14,43.93,110,112,False,False,AU,FR,2024-12-02,,2024-08-23T04:19:10,2024-08-23T04:19:10
990,87.7,51.69,102,112,False,,JP,US,2024-05-11,2024-05-11,2024-03-02T18:39:49,2024-03-02T18:39:49
991,18.09,46.79,70,52,False,False,AU,DE,2023-01-30,2023-01-30,2022-07-29T23:04:30,2022-07-29T23:04:30
992,31.12,57.62,19,27,True,True,DE,,2022-08-17,,2020-03-01T04:06:15,2020-03-01T04:06:15
993,72.6,29.51,85,35,False,False,DE,DE,2020-09-28,2020-09-28,2024-09-21T07:39:25,2024-09-21T07:39:25
994,36.57,,46,26,False,True,AU,AU,2022-06-23,2022-06-23,2021-07-10T01:52:33,2021-07-10T01:52:33
995,67.94,,60,52,False,False,FR,BR,2022-03-08,2022-03-08,2023-04-17T13:43:03,2023-04-17T13:43:03
996,91.8,,38,72,False,True,US,US,2020-11-11,2020-11-11,2020-02-07T09:33:04,2020-02-07T09:33:04
997,25.16,73.9,61,52,True,True,US,JP,2020-06-05,2020-06-05,2023-03-27T07:52:52,2023-03-27T07:52:52
998,75.04,,102,116,False,False,FR,UK,2020-04-14,2020-04-14,2023-04-13T19:12:07,
999,86.33,,10,60,False,True,AU,FR,2020-09-21,2020-09-21,2022-06-06T01:12:09,2022-06-06T01:12:09
1000,59.16,85.31,47,103,False,True,UK,FR,2021-12-27,2021-12-27,2022-10-10T02:13:03,2022-10-10T02:13:03
1001,18.55,62.66,0,44,False,True,BR,DE,2022-11-08,,2022-12-10T20:34:51,2022-12-10T20:34:51
1002,31.34,56.99,15,77,False,False,UK,UK,2023-07-06,2023-07-06,2021-09-29T22:06:52,2021-09-29T22:06:52
1003,13.21,63.08,116,,True,True,AU,CA,2023-10-26,,2021-08-15T17:00:49,2021-08-15T17:00:49
1004,46.55,0.49,34,55,True,True,DE,AU,2023-01-17,,2024-09-04T23:52:57,2024-09-04T23:52:57
1005,68.42,,43,76,False,False,CA,BR,2023-10-26,,2021-11-16T04:21:11,2021-11-16T04:21:11
1006,5.87,31.7,82,65,True,False,JP,US,2020-02-24,2020-02-24,2024-02-17T00:50:47,2024-02-17T00:50:47
1007,16.88,68.7,21,23,False,True,CA,BR,2020-09-07,2020-09-07,2024-10-03T16:44:03,2024-10-03T16:44:03
1008,1.14,12.32,1,25,False,,FR,,2023-04-12,2023-04-12,2020-10-17T02:21:42,2020-10-17T02:21:42
1009,29.15,44.22,49,35,True,,UK,JP,2022-09-07,2022-09-07,2022-12-08T01:08:24,2022-12-08T01:08:24
1010,51.64,,35,93,False,False,FR,BR,2023-09-23,2023-09-23,2023-04-25T20:20:36,2023-04-25T20:20:36
1011,30.9,78.06,83,11,False,False,CA,DE,2024-06-13,2024-06-13,2024-02-06T05:03:59,2024-02-06T05:03:59
1012,12.18,75.99,83,66,False,False,FR,JP,2024-04-21,2024-04-21,2022-07-15T12:42:55,2022-07-15T12:42:55
1013,91.06,53.7,83,18,False,True,DE,AU,2021-01-31,2021-01-31,2021-03-10T10:40:37,2021-03-10T10:40:37
1014,34.88,42.77,74,95,False,True,JP,AU,2024-08-02,2024-08-02,2024-02-14T02:48:05,2024-02-14T02:48:05
1015,5.62,11.28,97,13,True,False,FR,US,2022-03-29,,2022-03-16T16:54:49,2022-03-16T16:54:49
1016,59.09,47.46,35,2,True,True,FR,AU,2023-06-30,2023-06-30,2022-09-17T14:38:24,2022-09-17T14:38:24
1017,46.6,22.45,47,53,True,True,UK,CA,2022-02-27,2022-02-27,2022-02-17T18:56:20,2022-02-17T18:56:20
1018,50.56,25.02,42,83,False,,AU,CA,2020-05-27,2020-05-27,2022-01-08T22:36:20,2022-01-08T22:36:20
1019,87.67,30.23,5,33,False,True,AU,,2023-05-10,2023-05-10,2022-12-09T19:41:54,
1020,45.16,60.41,46,32,False,False,US,CA,2023-08-29,2023-08-29,2023-10-07T00:15:10,2023-10-07T00:15:10
1021,55.37,34.09,81,69,False,False,CA,,2023-09-23,2023-09-23,2020-08-21T04:47:54,2020-08-21T04:47:54
1022,0.23,45.44,80,97,False,True,CA,FR,2024-03-22,2024-03-22,2024-03-27T07:58:56,2024-03-27T07:58:56
1023,39.06,32.68,111,2,False,False,US,,2022-03-24,2022-03-24,2021-12-07T02:23:56,2021-12-07T02:23:56
1024,6.9,50.66,73,104,True,True,US,US,2021-03-05,2021-03-05,2023-09-02T07:30:00,2023-09-02T07:30:00
1025,30.46,80.44,99,27,True,,US,FR,2024-04-29,2024-04-29,2024-06-29T07:26:03,2024-06-29T07:26:03
1026,50.2,93.89,91,34,True,True,DE,UK,2023-01-21,2023-01-21,2020-01-16T09:40:21,2020-01-16T09:40:21
1027,38.72,73.34,30,112,True,False,US,AU,2020-02-29,2020-02-29,2020-03-10T17:15:02,2020-03-10T17:15:02
1028,42.17,12.88,70,,True,True,US,CA,2023-10-17,2023-10-17,2023-04-20T13:51:21,2023-04-20T13:51:21
1029,95.87,7.52,100,6,False,False,CA,BR,2021-12-02,2021-12-02,2021-08-02T02:39:44,2021-08-02T02:39:44
1030,7.59,31.42,85,106,False,True,BR,DE,2020-08-18,2020-08-18,2023-01-20T02:43:37,2023-01-20T02:43:37
1031,17.81,86.21,2,29,False,True,UK,BR,2024-09-22,2024-09-22,2022-08-01T10:03:17,2022-08-01T10:03:17
1032,41.44,98.91,69,112,False,False,DE,BR,2022-04-28,2022-04-28,2023-10-28T14:56:22,2023-10-28T14:56:22
1033,18.56,15.2,65,50,False,True,BR,AU,2020-08-31,2020-08-31,2022-07-23T16:29:51,2022-07-23T16:29:51
1034,26.55,31.62,87,2,True,False,UK,UK,2024-04-29,2024-04-29,2020-09-20T11:34:16,2020-09-20T11:34:16
1035,99.18,11.71,87,26,True,False,CA,,2020-05-07,2020-05-07,2022-12-17T18:30:46,2022-12-17T18:30:46
1036,73.23,67.37,40,70,False,False,DE,UK,2020-04-20,2020-04-20,2021-02-23T00:35:04,2021-02-23T00:35:04
1037,60.86,13.98,26,98,False,False,FR,BR,2020-09-18,,2020-02-26T01:31:12,2020-02-26T01:31:12
1038,75.27,13.11,56,,False,,CA,UK,2020-06-30,2020-06-30,2020-02-21T06:10:29,2020-02-21T06:10:29
1039,16.28,63.45,49,80,True,False,DE,UK,2024-07-05,2024-07-05,2024-04-17T16:49:31,2024-04-17T16:49:31
1040,2.06,,59,4,False,False,CA,UK,2020-08-11,2020-08-11,2024-11-10T06:27:41,2024-11-10T06:27:41
1041,89.88,84.48,116,109,True,False,DE,AU,2022-06-05,2022-06-05,2021-11-25T21:01:46,2021-11-25T21:01:46
1042,21.1,48.12,85,49,True,True,AU,FR,2023-06-28,2023-06-28,2021-10-21T07:22:37,2021-10-21T07:22:37
1043,60.31,48.05,29,119,False,False,CA,,2023-05-27,2023-05-27,2023-12-16T08:24:38,2023-12-16T08:24:38
1044,24.73,28.73,31,,True,False,AU,US,2020-03-13,,2021-11-03T04:06:35,2021-11-03T04:06:35
1045,91.45,44.15,70,87,False,True,UK,DE,2024-12-25,,2021-03-10T08:15:23,2021-03-10T08:15:23
1046,88.99,30.79,95,85,False,True,DE,BR,2023-05-05,2023-05-05,2021-08-19T21:26:37,2021-08-19T21:26:37
1047,40.8,73.38,53,111,False,False,CA,CA,2021-04-01,2021-04-01,2023-08-25T22:33:00,2023-08-25T22:33:00
1048,19.82,24.86,112,43,True,False,FR,AU,2020-01-16,2020-01-16,2024-04-15T15:38:15,2024-04-15T15:38:15
1049,27.38,94.28,30,55,False,False,AU,BR,2024-12-24,2024-12-24,2023-08-06T17:01:40,2023-08-06T17:01:40
1050,81.85,50.58,35,1,False,True,AU,FR,2023-12-15,2023-12-15,2020-10-18T20:34:11,2020-10-18T20:34:11
1051,96.48,14.12,109,49,False,False,US,FR,2020-02-07,2020-02-07,2020-02-16T10:22:31,2020-02-16T10:22:31
1052,78.41,46.45,6,72,False,False,JP,JP,2024-07-31,2024-07-31,2024-10-24T01:02:00,2024-10-24T01:02:00
1053,13.38,28.35,41,96,True,False,CA,AU,2022-06-06,2022-06-06,2024-09-13T03:16:03,2024-09-13T03:16:03
1054,2.0,96.47,103,33,False,False,FR,JP,2021-10-07,2021-10-07,2020-04-02T18:41:51,2020-04-02T18:41:51
1055,30.44,29.82,17,57,True,True,CA,AU,2021-06-12,,2020-12-31T14:53:30,2020-12-31T14:53:30
1056,54.65,0.63,91,,True,True,DE,JP,2020-08-23,,2020-09-12T21:28:55,2020-09-12T21:28:55
1057,33.54,40.53,40,109,False,True,CA,BR,2023-04-10,2023-04-10,2023-05-22T15:47:55,2023-05-22T15:47:55
1058,90.67,76.04,57,57,False,False,FR,JP,2024-06-30,2024-06-30,2023-03-04T12:14:40,2023-03-04T12:14:40
1059,18.49,76.21,96,49,False,False,UK,AU,2022-12-24,2022-12-24,2021-01-12T19:39:23,2021-01-12T19:39:23
1060,91.46,25.64,56,20,False,True,UK,CA,2024-05-06,2024-05-06,2020-03-20T13:39:33,
1061,85.27,72.72,37,13,False,True,BR,FR,2022-08-31,2022-08-31,2020-12-02T12:00:01,2020-12-02T12:00:01
1062,99.76,43.38,110,111,True,False,BR,US,2024-04-16,2024-04-16,2022-06-25T06:33:00,2022-06-25T06:33:00
1063,46.65,73.95,87,88,True,True,DE,AU,2021-04-12,2021-04-12,2023-08-23T11:18:00,2023-08-23T11:18:00
1064,30.64,19.01,2,70,False,,BR,AU,2022-03-20,2022-03-20,2022-05-22T00:26:45,2022-05-22T00:26:45
1065,92.19,85.89,32,42,True,False,US,BR,2021-12-19,2021-12-19,2023-10-01T05:27:21,2023-10-01T05:27:21
1066,57.74,4.58,102,,False,False,BR,DE,2020-05-08,2020-05-08,2020-01-20T08:43:37,2020-01-20T08:43:37
1067,78.19,32.57,10,31,True,False,CA,BR,2021-08-09,2021-08-09,2023-10-08T17:48:53,2023-10-08T17:48:53
1068,43.24,16.39,84,14,False,True,AU,DE,2022-12-25,2022-12-25,2022-06-11T13:30:21,2022-06-11T13:30:21
1069,27.62,21.76,49,61,False,False,UK,JP,2024-06-27,2024-06-27,2022-08-11T02:15:43,
1070,41.43,5.3,107,51,True,,BR,BR,2022-11-20,2022-11-20,2020-03-09T11:13:49,
1071,1.34,26.85,78,106,False,False,JP,CA,2020-10-25,2020-10-25,2023-10-07T03:33:22,2023-10-07T03:33:22
1072,15.09,18.54,107,13,False,False,DE,DE,2022-07-08,2022-07-08,2023-03-04T13:09:54,2023-03-04T13:09:54
1073,61.45,,83,18,False,False,AU,,2023-08-31,2023-08-31,2022-12-06T23:36:55,2022-12-06T23:36:55
1074,67.27,65.86,0,2,True,False,AU,CA,2020-04-05,2020-04-05,2020-11-26T20:52:59,2020-11-26T20:52:59
1075,32.76,27.6,43,32,False,True,CA,BR,2024-02-29,2024-02-29,2022-03-06T08:44:51,2022-03-06T08:44:51
1076,55.84,6.03,73,1,False,True,CA,UK,2024-06-24,2024-06-24,2021-05-04T11:48:21,2021-05-04T11:48:21
1077,74.85,17.77,74,32,False,True,UK,AU,2023-12-30,2023-12-30,2020-12-06T01:14:13,2020-12-06T01:14:13
1078,49.06,24.04,4,19,False,False,BR,UK,2020-04-01,2020-04-01,2022-03-05T11:26:10,2022-03-05T11:26:10
1079,88.16,85.95,46,,False,True,FR,US,2021-11-12,2021-11-12,2023-09-03T03:21:17,2023-09-03T03:21:17
1080,39.96,29.04,44,33,True,False,CA,,2024-08-06,2024-08-06,2021-11-14T12:50:00,2021-11-14T12:50:00
1081,67.37,60.72,93,80,True,True,US,FR,2024-02-05,2024-02-05,2020-03-25T07:19:31,2020-03-25T07:19:31
1082,76.84,69.48,92,95,False,False,AU,JP,2020-04-06,2020-04-06,2023-01-26T14:03:42,2023-01-26T14:03:42
1083,66.2,33.74,102,74,False,True,CA,DE,2022-09-15,2022-09-15,2023-07-11T21:00:33,2023-07-11T21:00:33
1084,20.98,44.45,88,89,True,False,US,FR,2023-10-15,2023-10-15,2024-03-14T19:14:04,2024-03-14T19:14:04
1085,72.35,85.24,2,,True,False,UK,DE,2021-08-31,2021-08-31,2024-11-04T13:35:02,2024-11-04T13:35:02
1086,31.28,69.43,10,47,True,True,AU,JP,2021-08-28,2021-08-28,2022-04-02T13:42:58,2022-04-02T13:42:58
1087,53.34,85.63,90,106,False,True,CA,CA,2022-08-05,2022-08-05,2023-03-28T13:11:08,2023-03-28T13:11:08
1088,10.74,1.06,116,1,False,False,AU,US,2024-05-13,2024-05-13,2023-11-23T07:17:28,2023-11-23T07:17:28
1089,11.3,43.18,48,84,False,True,UK,DE,2021-12-18,2021-12-18,2023-02-08T19:12:09,2023-02-08T19:12:09
1090,53.46,90.04,55,25,True,False,UK,FR,2020-11-13,2020-11-13,2024-05-15T20:50:40,2024-05-15T20:50:40
1091,88.39,32.13,75,23,True,,BR,US,2021-06-19,2021-06-19,2022-12-13T11:08:33,2022-12-13T11:08:33
1092,32.06,96.08,70,,False,False,JP,FR,2020-04-22,2020-04-22,2022-09-26T11:52:39,2022-09-26T11:52:39
1093,67.45,19.24,118,116,True,False,UK,BR,2024-11-26,,2024-11-30T00:15:59,2024-11-30T00:15:59
1094,52.55,66.81,10,23,False,True,BR,AU,2024-02-25,2024-02-25,2022-05-04T04:16:04,2022-05-04T04:16:04
1095,81.43,,101,2,False,True,US,JP,2021-11-15,2021-11-15,2022-07-13T11:23:39,
1096,30.54,,35,43,False,False,DE,DE,2020-06-17,2020-06-17,2023-07-02T13:50:52,2023-07-02T13:50:52
1097,58.35,53.76,58,108,False,True,BR,FR,2023-12-04,2023-12-04,2020-06-04T13:51:28,2020-06-04T13:51:28
1098,31.12,39.06,96,2,True,False,AU,CA,2024-09-17,2024-09-17,2023-01-24T12:03:16,
1099,32.49,27.26,65,117,False,True,JP,JP,2023-03-28,2023-03-28,2021-03-08T17:25:18,2021-03-08T17:25:18
1100,39.32,78.53,89,7,False,False,UK,FR,2023-05-18,,2024-02-04T05:24:29,2024-02-04T05:24:29
1101,49.13,69.71,25,72,True,False,FR,BR,2023-09-11,2023-09-11,2021-02-26T03:08:19,2021-02-26T03:08:19
1102,22.67,51.88,68,83,False,True,FR,US,2020-11-08,2020-11-08,2022-04-29T20:43:04,2022-04-29T20:43:04
1103,38.61,5.51,31,64,True,False,UK,FR,2024-10-26,2024-10-26,2023-10-06T05:47:36,2023-10-06T05:47:36
1104,77.3,95.83,57,2,False,False,JP,AU,2023-04-27,2023-04-27,2023-05-03T11:45:54,2023-05-03T11:45:54
1105,45.01,31.49,21,112,True,False,UK,JP,2022-04-25,2022-04-25,2021-02-23T12:30:23,2021-02-23T12:30:23
1106,50.46,,93,86,True,True,BR,JP,2022-08-12,2022-08-12,2023-06-14T02:45:31,2023-06-14T02:45:31
1107,31.17,27.48,42,11,False,True,DE,UK,2020-09-24,2020-09-24,2020-02-06T10:38:37,2020-02-06T10:38:37
1108,54.34,68.61,71,95,False,True,UK,BR,2021-03-24,2021-03-24,2021-10-06T19:41:27,2021-10-06T19:41:27
1109,26.42,17.14,104,,False,False,US,FR,2024-09-03,2024-09-03,2024-03-18T02:39:40,2024-03-18T02:39:40
1110,77.15,,11,99,False,True,AU,BR,2020-10-02,2020-10-02,2023-06-22T18:02:59,2023-06-22T18:02:59
1111,73.12,82.05,65,5,True,,JP,JP,2022-01-29,,2022-05-14T21:47:04,
1112,23.63,93.45,0,,True,True,DE,DE,2020-11-07,2020-11-07,2022-03-17T04:54:00,
1113,92.67,70.59,80,32,False,False,FR,US,2020-06-04,2020-06-04,2024-08-22T21:07:11,2024-08-22T21:07:11
1114,66.53,,91,57,False,False,FR,JP,2023-04-12,2023-04-12,2021-12-13T16:51:14,2021-12-13T16:51:14
1115,64.91,94.51,82,114,True,,FR,,2021-09-09,2021-09-09,2024-06-23T15:16:05,2024-06-23T15:16:05
1116,80.08,23.6,29,66,True,False,DE,DE,2020-06-29,2020-06-29,2021-07-17T13:05:24,2021-07-17T13:05:24
1117,8.32,85.96,60,74,False,False,DE,JP,2023-04-25,2023-04-25,2024-12-04T05:47:12,2024-12-04T05:47:12
1118,74.9,94.39,43,32,False,True,JP,DE,2022-07-07,2022-07-07,2020-12-17T16:14:28,2020-12-17T16:14:28
1119,13.69,53.05,98,78,True,True,CA,BR,2023-07-23,2023-07-23,2024-10-05T04:27:05,2024-10-05T04:27:05
1120,45.8,47.43,68,116,True,True,FR,US,2020-06-13,2020-06-13,2020-02-08T16:11:02,2020-02-08T16:11:02
1121,83.55,62.68,103,30,True,False,AU,US,2021-02-10,2021-02-10,2021-01-06T13:37:04,2021-01-06T13:37:04
1122,84.22,44.09,90,103,True,False,BR,BR,2023-02-17,2023-02-17,2023-08-07T06:16:39,2023-08-07T06:16:39
1123,59.62,37.79,66,63,True,True,UK,FR,2023-11-23,2023-11-23,2023-05-23T04:39:23,2023-05-23T04:39:23
1124,0.0,7.09,12,22,True,True,BR,US,2021-08-27,2021-08-27,2023-03-19T21:36:25,2023-03-19T21:36:25
1125,93.68,29.3,5,100,True,False,JP,CA,2023-03-28,2023-03-28,2023-06-26T20:54:02,2023-06-26T20:54:02
1126,59.0,27.07,90,,False,False,JP,,2021-07-01,2021-07-01,2022-04-30T12:51:34,
1127,24.76,,74,,True,True,FR,FR,2024-02-18,2024-02-18,2022-06-29T20:07:50,2022-06-29T20:07:50
1128,89.79,72.24,53,62,False,False,AU,JP,2021-07-04,2021-07-04,2022-06-07T03:11:26,2022-06-07T03:11:26
1129,94.02,,39,26,False,False,US,JP,2021-06-20,2021-06-20,2022-05-22T17:35:55,2022-05-22T17:35:55
1130,73.36,97.92,15,73,True,False,DE,CA,2024-03-20,2024-03-20,2024-03-09T02:00:44,2024-03-09T02:00:44
1131,63.55,,55,22,False,,UK,AU,2020-05-19,2020-05-19,2020-03-13T11:40:23,2020-03-13T11:40:23
1132,6.34,99.07,60,11,False,False,UK,UK,2023-05-07,2023-05-07,2024-03-06T03:29:49,2024-03-06T03:29:49
1133,75.36,35.65,117,75,False,True,JP,JP,2024-03-07,,2022-10-17T21:29:13,
1134,77.52,76.98,29,113,False,,JP,JP,2023-09-08,2023-09-08,2022-01-24T12:09:25,2022-01-24T12:09:25
1135,30.75,83.32,74,15,True,True,AU,JP,2021-09-29,2021-09-29,2021-07-07T08:10:42,2021-07-07T08:10:42
1136,69.04,24.97,8,6,False,,JP,UK,2024-09-05,2024-09-05,2024-05-07T16:06:58,2024-05-07T16:06:58
1137,31.28,63.79,97,28,True,False,UK,AU,2023-03-22,2023-03-22,2020-06-30T12:38:19,2020-06-30T12:38:19
1138,69.6,59.29,48,10,False,True,FR,,2020-05-15,2020-05-15,2023-04-15T20:41:01,
1139,12.71,51.68,36,3,True,False,FR,UK,2020-10-08,2020-10-08,2020-04-15T19:39:06,2020-04-15T19:39:06
1140,75.24,,87,20,False,True,DE,DE,2022-05-13,,2021-06-22T08:12:04,2021-06-22T08:12:04
1141,66.23,21.15,91,76,False,True,FR,JP,2020-05-19,2020-05-19,2023-01-14T16:48:45,2023-01-14T16:48:45
1142,25.46,66.23,73,111,True,True,DE,,2023-12-02,2023-12-02,2022-08-10T12:35:18,2022-08-10T12:35:18
1143,64.04,48.11,115,65,False,False,CA,FR,2022-09-22,2022-09-22,2022-01-11T16:09:31,2022-01-11T16:09:31
1144,80.89,93.33,44,83,False,False,BR,DE,2020-11-09,,2022-04-17T04:15:09,2022-04-17T04:15:09
1145,94.29,37.47,96,68,False,True,CA,US,2021-12-07,,2024-12-27T07:56:10,2024-12-27T07:56:10
1146,84.74,61.95,39,107,False,True,US,FR,2021-07-06,2021-07-06,2022-11-10T19:53:06,2022-11-10T19:53:06
1147,86.5,89.4,2,86,False,True,FR,BR,2020-03-05,2020-03-05,2023-07-02T08:34:21,2023-07-02T08:34:21
1148,36.2,1.4,78,39,True,False,UK,US,2020-07-09,2020-07-09,2020-04-15T20:20:45,2020-04-15T20:20:45
1149,85.75,24.2,6,89,True,False,FR,UK,2023-11-07,2023-11-07,2022-04-29T17:56:33,2022-04-29T17:56:33
1150,7.83,32.11,18,0,True,False,US,US,2021-06-30,2021-06-30,2024-05-12T02:43:32,2024-05-12T02:43:32
1151,20.71,5.2,87,80,False,True,DE,US,2024-12-26,2024-12-26,2020-11-24T23:30:20,2020-11-24T23:30:20
1152,76.93,93.12,38,82,True,False,UK,DE,2024-04-11,2024-04-11,2020-03-04T06:48:13,2020-03-04T06:48:13
1153,97.28,32.73,66,,False,True,FR,AU,2023-07-10,2023-07-10,2024-11-23T09:33:05,2024-11-23T09:33:05
1154,48.83,10.54,88,117,True,False,FR,US,2024-11-03,2024-11-03,2024-07-01T02:38:16,2024-07-01T02:38:16
1155,22.54,,18,93,True,True,DE,DE,2023-09-04,2023-09-04,2020-10-13T08:55:09,2020-10-13T08:55:09
1156,92.06,33.52,23,45,False,True,CA,CA,2023-08-12,2023-08-12,2020-11-19T11:25:18,
1157,76.83,,12,98,False,,FR,CA,2024-12-24,2024-12-24,2020-01-16T07:26:20,2020-01-16T07:26:20
1158,68.52,1.76,9,56,False,True,DE,BR,2020-06-14,2020-06-14,2021-01-11T00:12:19,2021-01-11T00:12:19
1159,15.29,21.04,5,54,False,False,DE,DE,2020-10-27,,2022-07-22T12:58:49,2022-07-22T12:58:49
1160,73.63,36.87,49,101,True,False,AU,AU,2023-01-17,,2024-07-17T04:40:28,2024-07-17T04:40:28
1161,9.51,41.63,57,,True,False,CA,FR,2024-01-06,2024-01-06,2021-10-30T21:18:20,2021-10-30T21:18:20
1162,73.21,34.4,6,25,True,False,UK,AU,2022-02-13,2022-02-13,2024-07-29T16:28:09,2024-07-29T16:28:09
1163,73.35,34.94,27,39,True,True,US,US,2023-11-18,,2021-02-19T19:31:35,2021-02-19T19:31:35
1164,19.42,,111,81,True,False,AU,UK,2022-03-01,2022-03-01,2022-06-04T10:31:33,2022-06-04T10:31:33
1165,61.48,62.8,74,38,True,False,US,CA,2021-04-29,2021-04-29,2020-03-22T23:52:29,2020-03-22T23:52:29
1166,81.75,25.23,109,108,True,,FR,CA,2023-05-24,2023-05-24,2024-08-23T16:40:33,2024-08-23T16:40:33
1167,57.02,26.25,14,72,False,True,AU,FR,2020-01-22,2020-01-22,2020-07-04T15:33:05,2020-07-04T15:33:05
1168,96.09,6.57,57,116,False,False,FR,,2023-12-16,,2022-02-26T18:42:21,2022-02-26T18:42:21
1169,32.81,83.47,9,92,False,True,FR,BR,2022-01-13,2022-01-13,2022-10-10T19:39:03,2022-10-10T19:39:03
1170,95.64,4.66,94,63,False,False,JP,DE,2021-12-06,2021-12-06,2024-05-18T08:58:18,2024-05-18T08:58:18
1171,15.47,,76,7,False,False,AU,FR,2024-06-16,2024-06-16,2023-07-28T12:27:47,2023-07-28T12:27:47
1172,23.93,92.1,67,118,False,True,AU,AU,2024-02-27,2024-02-27,2020-02-18T08:51:07,2020-02-18T08:51:07
1173,80.46,78.14,47,114,False,False,FR,CA,2024-09-28,2024-09-28,2020-07-06T21:31:35,2020-07-06T21:31:35
1174,69.87,93.03,69,95,False,False,US,,2020-02-04,2020-02-04,2023-09-24T14:32:27,2023-09-24T14:32:27
1175,37.17,23.2,35,97,True,False,DE,DE,2022-02-12,,2023-08-03T09:19:44,2023-08-03T09:19:44
1176,1.01,75.53,10,95,False,False,CA,UK,2022-07-28,2022-07-28,2021-01-17T01:32:19,2021-01-17T01:32:19
1177,84.35,68.99,25,61,True,False,UK,BR,2023-08-27,,2021-08-05T01:30:39,2021-08-05T01:30:39
1178,21.01,63.78,95,27,False,False,US,BR,2020-07-02,2020-07-02,2021-10-21T00:22:26,2021-10-21T00:22:26
1179,5.27,57.17,13,40,False,True,JP,DE,2024-11-09,2024-11-09,2023-10-18T10:52:32,2023-10-18T10:52:32
1180,0.08,98.37,92,16,True,True,JP,BR,2022-09-14,2022-09-14,2023-01-16T18:52:06,2023-01-16T18:52:06
1181,20.83,83.4,9,18,True,False,BR,BR,2024-11-11,2024-11-11,2024-02-25T16:23:43,
1182,25.13,18.16,52,,False,False,FR,JP,2022-11-20,2022-11-20,2021-11-28T19:40:38,2021-11-28T19:40:38
1183,65.1,65.81,23,81,False,False,AU,UK,2022-02-03,,2023-07-28T02:05:10,2023-07-28T02:05:10
1184,32.93,50.65,50,16,True,,JP,DE,2024-09-08,2024-09-08,2021-06-17T05:16:32,2021-06-17T05:16:32
1185,35.69,16.81,79,104,False,False,JP,AU,2021-11-06,2021-11-06,2023-06-27T06:01:03,2023-06-27T06:01:03
1186,18.61,11.49,118,,False,False,UK,UK,2022-09-08,2022-09-08,2023-11-01T04:04:51,2023-11-01T04:04:51
1187,65.56,82.71,52,59,True,False,JP,DE,2023-07-01,2023-07-01,2023-01-14T01:48:48,2023-01-14T01:48:48
1188,12.09,76.0,88,84,False,False,FR,CA,2024-08-31,2024-08-31,2020-07-30T18:11:00,2020-07-30T18:11:00
1189,72.86,44.16,72,22,True,True,JP,UK,2021-05-18,2021-05-18,2022-09-07T06:54:08,
1190,73.25,73.31,112,94,False,,CA,CA,2024-08-15,,2022-06-15T14:09:06,2022-06-15T14:09:06
1191,63.52,8.62,99,32,False,True,DE,JP,2022-05-25,2022-05-25,2022-07-19T00:32:11,2022-07-19T00:32:11
1192,90.47,99.23,6,41,False,True,AU,DE,2024-10-03,2024-10-03,2020-12-13T18:06:39,2020-12-13T18:06:39
1193,2.07,80.76,114,15,True,False,BR,DE,2022-03-16,2022-03-16,2021-03-15T10:05:48,2021-03-15T10:05:48
1194,0.8,79.65,26,74,True,True,FR,,2020-07-21,2020-07-21,2024-07-07T17:35:22,
1195,51.98,9.83,98,34,False,True,AU,AU,2023-08-24,2023-08-24,2020-04-13T06:19:55,2020-04-13T06:19:55
1196,15.54,,24,90,False,False,CA,DE,2024-02-22,2024-02-22,2022-10-03T02:14:05,2022-10-03T02:14:05
1197,83.24,73.06,63,39,True,False,UK,UK,2023-10-30,2023-10-30,2020-09-20T17:34:56,
1198,53.37,99.79,86,83,True,False,CA,AU,2021-01-18,2021-01-18,2020-07-21T19:59:05,2020-07-21T19:59:05
1199,61.45,,103,64,True,False,JP,UK,2021-05-07,2021-05-07,2020-10-08T16:50:57,2020-10-08T16:50:57
1200,76.8,64.03,46,4,True,False,DE,US,2021-07-17,2021-07-17,2024-01-13T04:57:17,2024-01-13T04:57:17
1201,71.26,60.42,8,99,False,True,DE,BR,2023-01-09,2023-01-09,2021-09-04T21:30:16,2021-09-04T21:30:16
1202,65.4,13.5,71,46,True,True,DE,CA,2023-06-12,2023-06-12,2023-11-28T07:01:24,2023-11-28T07:01:24
1203,17.95,50.9,46,49,True,False,UK,DE,2024-12-03,2024-12-03,2023-09-01T08:00:23,2023-09-01T08:00:23
1204,17.11,72.04,99,34,False,True,DE,US,2020-12-24,2020-12-24,2020-09-29T08:04:23,2020-09-29T08:04:23
1205,85.12,89.85,116,95,False,,CA,DE,2021-06-18,2021-06-18,2020-03-17T20:16:38,2020-03-17T20:16:38
1206,51.22,81.23,57,26,False,False,CA,US,2021-04-29,,2022-07-02T00:55:08,2022-07-02T00:55:08
1207,78.14,4.75,14,17,True,True,FR,FR,2023-10-16,2023-10-16,2020-01-21T18:50:06,2020-01-21T18:50:06
1208,49.65,8.67,78,82,True,False,CA,JP,2022-02-01,2022-02-01,2022-11-29T06:54:48,2022-11-29T06:54:48
1209,13.75,63.41,21,65,False,True,FR,JP,2024-05-24,,2024-12-15T09:22:21,2024-12-15T09:22:21
1210,70.27,84.07,37,117,True,False,DE,CA,2022-11-28,2022-11-28,2022-04-30T00:04:56,2022-04-30T00:04:56
1211,67.63,76.04,112,93,False,False,JP,BR,2023-08-19,,2024-05-24T03:07:40,2024-05-24T03:07:40
1212,33.74,45.2,96,109,False,False,JP,,2021-08-05,2021-08-05,2024-01-12T00:33:19,2024-01-12T00:33:19
1213,82.16,3.56,28,27,True,True,JP,DE,2023-10-07,2023-10-07,2021-11-16T15:22:30,2021-11-16T15:22:30
1214,20.71,23.0,111,94,True,False,BR,,2020-09-09,2020-09-09,2022-01-24T07:28:01,
1215,33.87,61.35,31,93,True,True,FR,AU,2024-07-10,,2022-09-12T05:59:04,2022-09-12T05:59:04
1216,52.88,61.98,118,11,False,True,US,CA,2023-05-16,2023-05-16,2024-03-01T04:40:15,2024-03-01T04:40:15
1217,50.33,92.13,3,111,False,False,AU,DE,2022-06-13,2022-06-13,2021-12-17T09:33:06,2021-12-17T09:33:06
1218,49.51,25.65,108,,False,False,AU,,2020-07-17,2020-07-17,2023-01-04T03:25:40,2023-01-04T03:25:40
1219,97.8,68.22,8,117,True,True,CA,JP,2021-05-11,2021-05-11,2021-03-19T17:26:55,2021-03-19T17:26:55
1220,93.13,53.91,25,8,False,,FR,CA,2022-07-27,2022-07-27,2020-10-03T10:41:34,2020-10-03T10:41:34
1221,22.09,,23,43,False,False,CA,US,2021-04-14,2021-04-14,2024-03-14T13:53:58,2024-03-14T13:53:58
1222,41.59,7.08,35,101,False,True,CA,AU,2024-11-30,2024-11-30,2024-03-25T04:39:16,2024-03-25T04:39:16
1223,40.51,15.27,10,35,True,False,US,UK,2020-02-03,2020-02-03,2020-01-31T18:19:08,2020-01-31T18:19:08
1224,17.33,86.87,62,111,False,True,DE,AU,2020-10-08,2020-10-08,2021-10-25T04:25:16,2021-10-25T04:25:16
1225,88.2,41.42,53,93,False,True,US,DE,2021-09-21,2021-09-21,2021-01-21T03:23:24,
1226,24.02,5.66,90,80,False,True,AU,AU,2020-03-13,2020-03-13,2022-10-06T03:03:27,2022-10-06T03:03:27
1227,57.22,64.88,105,43,True,True,JP,US,2022-06-05,2022-06-05,2022-04-07T12:12:41,2022-04-07T12:12:41
1228,35.03,71.07,26,47,True,True,BR,FR,2022-07-03,2022-07-03,2023-11-24T23:35:04,2023-11-24T23:35:04
1229,91.35,7.29,94,67,False,False,UK,BR,2020-05-01,2020-05-01,2022-04-23T18:43:16,2022-04-23T18:43:16
1230,46.16,25.86,23,,True,True,DE,DE,2021-11-01,2021-11-01,2024-01-25T16:32:29,
1231,37.73,25.58,80,,True,True,BR,DE,2021-06-05,2021-06-05,2024-03-18T22:23:31,2024-03-18T22:23:31
1232,45.49,14.69,15,77,True,True,AU,JP,2020-03-19,2020-03-19,2021-12-28T08:39:26,
1233,16.06,43.28,33,57,True,True,US,CA,2020-06-20,2020-06-20,2022-01-01T12:36:51,2022-01-01T12:36:51
1234,22.39,51.06,34,55,True,False,AU,BR,2023-02-27,2023-02-27,2024-10-22T15:43:21,2024-10-22T15:43:21
1235,60.74,87.57,88,66,True,True,US,BR,2021-03-28,2021-03-28,2024-04-10T10:28:49,2024-04-10T10:28:49
1236,66.09,22.79,11,114,True,False,DE,FR,2024-07-09,2024-07-09,2020-09-14T19:58:54,2020-09-14T19:58:54
1237,28.98,15.46,42,4,True,False,UK,BR,2021-10-29,2021-10-29,2020-10-15T04:41:37,
1238,37.04,,77,9,False,False,UK,DE,2022-03-09,2022-03-09,2022-07-24T12:18:02,
1239,93.03,1.93,92,119,True,True,BR,,2022-07-20,2022-07-20,2020-05-12T16:19:02,2020-05-12T16:19:02
1240,60.21,40.1,49,51,False,True,UK,JP,2021-12-20,2021-12-20,2024-01-09T12:33:15,2024-01-09T12:33:15
1241,64.21,59.41,36,82,True,True,DE,US,2020-06-21,2020-06-21,2022-12-12T09:35:22,2022-12-12T09:35:22
1242,0.31,18.63,76,37,True,False,AU,US,2021-12-16,2021-12-16,2023-01-19T09:03:40,2023-01-19T09:03:40
1243,11.91,51.5,38,51,True,,BR,DE,2024-02-20,2024-02-20,2023-08-22T17:37:32,2023-08-22T17:37:32
1244,71.46,71.73,21,,True,,DE,CA,2021-06-16,2021-06-16,2022-05-18T06:56:26,2022-05-18T06:56:26
1245,44.01,47.12,91,46,False,,AU,,2021-07-29,,2021-04-14T02:21:29,2021-04-14T02:21:29
1246,96.01,,108,54,False,False,FR,CA,2022-02-28,2022-02-28,2021-11-09T17:15:57,2021-11-09T17:15:57
1247,38.45,20.53,70,47,False,False,JP,BR,2021-05-24,2021-05-24,2022-12-30T05:27:28,2022-12-30T05:27:28
1248,13.35,53.85,35,20,True,True,DE,CA,2023-05-21,2023-05-21,2020-11-18T00:38:57,
1249,78.86,92.95,61,102,True,True,US,CA,2023-04-28,,2022-05-21T03:59:26,2022-05-21T03:59:26
1250,79.15,8.48,28,92,False,True,US,AU,2024-08-19,2024-08-19,2024-01-20T19:35:21,
1251,72.96,39.19,93,29,False,True,JP,BR,2021-05-02,2021-05-02,2020-06-29T13:27:35,2020-06-29T13:27:35
1252,12.13,75.25,47,8,False,False,JP,BR,2024-02-08,2024-02-08,2024-08-05T12:20:49,2024-08-05T12:20:49
1253,39.53,47.91,92,81,True,True,DE,JP,2020-01-05,2020-01-05,2023-04-24T04:33:20,2023-04-24T04:33:20
1254,19.53,94.02,109,31,True,,AU,AU,2023-09-07,2023-09-07,2021-09-13T11:26:41,2021-09-13T11:26:41
1255,82.88,95.83,36,37,False,True,DE,DE,2021-01-31,2021-01-31,2024-04-01T17:14:29,2024-04-01T17:14:29
1256,77.07,,115,52,True,,DE,UK,2020-12-30,2020-12-30,2020-08-01T18:22:36,2020-08-01T18:22:36
1257,36.63,13.86,8,91,True,True,US,,2020-06-19,2020-06-19,2024-10-06T16:05:11,2024-10-06T16:05:11
1258,55.43,81.15,14,85,False,True,CA,UK,2023-03-23,2023-03-23,2020-02-15T23:12:46,2020-02-15T23:12:46
1259,79.42,82.42,30,42,True,True,UK,BR,2022-11-24,2022-11-24,2023-09-28T02:20:40,2023-09-28T02:20:40
1260,46.95,16.26,94,3,False,False,AU,UK,2020-02-25,2020-02-25,2020-05-06T11:16:29,2020-05-06T11:16:29
1261,10.55,55.15,10,85,True,True,CA,CA,2021-06-30,2021-06-30,2020-12-10T19:13:03,2020-12-10T19:13:03
1262,50.04,47.32,19,100,True,True,AU,US,2021-09-07,2021-09-07,2020-06-03T14:24:57,2020-06-03T14:24:57
1263,4.13,14.31,65,,True,False,DE,BR,2022-12-04,,2023-08-02T09:44:02,2023-08-02T09:44:02
1264,95.58,,11,63,True,False,CA,FR,2021-12-27,2021-12-27,2021-06-16T05:56:37,2021-06-16T05:56:37
1265,84.67,28.1,18,10,True,True,FR,,2020-12-15,2020-12-15,2024-06-04T06:52:34,2024-06-04T06:52:34
1266,0.46,,64,118,False,True,US,AU,2023-12-17,2023-12-17,2024-05-27T23:34:29,2024-05-27T23:34:29
1267,67.92,35.74,16,21,False,False,FR,BR,2022-02-06,2022-02-06,2020-08-22T04:36:44,2020-08-22T04:36:44
1268,97.86,29.63,118,29,False,True,DE,FR,2021-01-14,2021-01-14,2024-06-29T02:53:22,2024-06-29T02:53:22
1269,71.63,20.91,34,117,False,False,AU,CA,2023-04-13,2023-04-13,2020-04-21T07:03:42,2020-04-21T07:03:42
1270,75.82,67.5,12,49,False,False,UK,UK,2023-04-16,2023-04-16,2020-06-19T05:06:05,2020-06-19T05:06:05
1271,23.42,70.86,106,,False,False,JP,DE,2021-01-08,2021-01-08,2021-05-30T08:32:58,2021-05-30T08:32:58
1272,1.76,96.32,8,54,True,False,AU,US,2023-02-13,2023-02-13,2020-01-30T16:57:11,2020-01-30T16:57:11
1273,38.53,96.2,99,59,True,True,CA,US,2020-12-23,2020-12-23,2021-02-03T04:31:47,2021-02-03T04:31:47
1274,51.45,,60,52,True,,FR,AU,2020-07-26,,2020-10-11T06:04:32,2020-10-11T06:04:32
1275,81.36,49.87,6,78,False,False,JP,FR,2023-11-10,2023-11-10,2020-04-26T13:58:43,2020-04-26T13:58:43
1276,96.98,39.08,8,113,True,False,JP,DE,2020-03-19,2020-03-19,2021-01-08T22:02:35,2021-01-08T22:02:35
1277,45.35,38.34,102,62,False,False,BR,US,2024-12-08,,2023-05-18T06:04:37,2023-05-18T06:04:37
1278,83.04,15.78,38,109,True,True,BR,,2020-04-25,2020-04-25,2020-09-25T05:12:22,2020-09-25T05:12:22
1279,38.38,21.99,25,63,False,False,JP,CA,2024-08-18,2024-08-18,2020-08-27T11:27:29,2020-08-27T11:27:29
1280,22.65,0.09,97,110,False,True,BR,US,2020-08-25,2020-08-25,2022-02-13T22:53:51,2022-02-13T22:53:51
1281,58.24,19.32,90,3,True,True,DE,,2020-05-02,,2021-07-27T16:04:02,2021-07-27T16:04:02
1282,46.85,5.86,101,32,True,False,AU,UK,2020-03-20,2020-03-20,2020-02-02T03:03:45,2020-02-02T03:03:45
1283,79.98,28.5,89,10,True,False,AU,CA,2023-12-03,2023-12-03,2024-12-20T03:26:46,2024-12-20T03:26:46
1284,0.85,17.35,50,76,True,True,UK,CA,2023-03-06,2023-03-06,2020-11-30T09:32:22,2020-11-30T09:32:22
1285,14.08,60.13,49,40,True,True,FR,AU,2024-07-06,2024-07-06,2022-06-23T16:56:59,2022-06-23T16:56:59
1286,67.4,90.46,93,45,True,False,JP,CA,2024-07-23,2024-07-23,2023-10-05T22:55:29,2023-10-05T22:55:29
1287,59.57,29.14,26,46,True,False,JP,UK,2024-03-15,2024-03-15,2024-03-05T05:42:59,2024-03-05T05:42:59
1288,96.21,19.03,26,88,False,False,FR,FR,2023-03-02,2023-03-02,2021-08-07T16:33:14,2021-08-07T16:33:14
1289,1.16,85.79,73,8,False,True,AU,US,2021-06-11,2021-06-11,2022-02-22T15:12:21,2022-02-22T15:12:21
1290,73.73,76.01,15,68,True,True,FR,CA,2023-12-30,2023-12-30,2020-11-16T02:18:51,2020-11-16T02:18:51
1291,89.47,43.63,35,34,False,False,FR,BR,2022-08-16,2022-08-16,2023-07-23T22:39:29,2023-07-23T22:39:29
1292,12.85,51.86,73,51,False,True,JP,,2024-02-05,2024-02-05,2021-08-01T18:58:41,2021-08-01T18:58:41
1293,19.74,,87,81,True,True,AU,UK,2021-06-22,2021-06-22,2024-05-15T12:28:30,2024-05-15T12:28:30
1294,70.63,81.53,94,,False,True,BR,US,2024-11-17,2024-11-17,2021-04-05T21:42:37,2021-04-05T21:42:37
1295,47.62,37.55,16,60,False,False,DE,DE,2021-04-24,2021-04-24,2023-04-03T15:15:30,
1296,46.52,,15,72,False,True,CA,JP,2022-09-24,,2022-09-11T09:47:47,2022-09-11T09:47:47
1297,17.23,85.13,91,17,False,False,AU,FR,2024-12-20,2024-12-20,2022-08-21T01:06:40,2022-08-21T01:06:40
1298,44.92,4.99,62,12,False,True,CA,JP,2024-12-13,2024-12-13,2020-07-05T20:39:10,2020-07-05T20:39:10
1299,42.16,95.67,2,50,False,True,FR,,2021-05-19,2021-05-19,2020-07-12T05:47:22,2020-07-12T05:47:22
1300,15.01,5.59,54,116,False,True,JP,UK,2023-11-13,2023-11-13,2022-07-05T23:36:09,2022-07-05T23:36:09
1301,91.72,69.91,86,,False,False,BR,BR,2023-09-18,2023-09-18,2020-01-12T22:33:19,2020-01-12T22:33:19
1302,21.44,70.63,27,61,False,True,UK,UK,2023-05-01,2023-05-01,2024-06-10T15:43:16,2024-06-10T15:43:16
1303,15.2,95.19,64,15,False,False,FR,FR,2021-10-02,2021-10-02,2020-02-14T17:10:42,2020-02-14T17:10:42
1304,20.38,37.54,80,105,True,False,DE,JP,2020-03-01,2020-03-01,2020-10-07T11:26:42,2020-10-07T11:26:42
1305,84.17,82.84,3,28,False,False,BR,BR,2023-12-08,2023-12-08,2024-06-11T15:26:46,
1306,92.9,47.7,78,,False,True,AU,UK,2022-02-15,2022-02-15,2024-10-10T06:11:24,
1307,74.4,59.38,28,107,False,False,UK,BR,2024-03-24,2024-03-24,2023-11-10T16:56:45,2023-11-10T16:56:45
1308,12.22,39.98,3,87,True,False,FR,DE,2024-10-17,2024-10-17,2022-01-24T23:17:14,2022-01-24T23:17:14
1309,17.17,,12,82,True,True,AU,FR,2022-08-20,2022-08-20,2023-09-15T23:41:32,2023-09-15T23:41:32
1310,52.05,17.81,1,,False,,UK,DE,2023-05-24,2023-05-24,2023-05-30T04:58:31,2023-05-30T04:58:31
1311,41.75,15.39,94,69,True,False,FR,FR,2021-02-17,2021-02-17,2020-11-11T22:44:44,2020-11-11T22:44:44
1312,44.37,91.04,56,,True,,UK,DE,2020-01-08,2020-01-08,2024-09-08T13:40:57,2024-09-08T13:40:57
1313,73.64,52.21,26,80,True,False,JP,UK,2020-05-23,2020-05-23,2020-07-08T19:33:31,2020-07-08T19:33:31
1314,59.67,12.84,109,115,False,True,BR,CA,2024-11-16,2024-11-16,2023-04-09T10:55:40,2023-04-09T10:55:40
1315,1.24,56.43,108,29,False,True,CA,FR,2021-09-16,2021-09-16,2023-12-09T22:59:53,2023-12-09T22:59:53
1316,28.64,26.53,26,20,True,True,CA,AU,2024-06-15,2024-06-15,2022-06-29T17:50:11,2022-06-29T17:50:11
1317,55.7,12.26,99,58,True,False,BR,AU,2024-02-25,2024-02-25,2020-11-20T14:18:54,2020-11-20T14:18:54
1318,43.99,19.41,27,106,False,True,UK,,2023-01-21,2023-01-21,2021-02-19T18:33:56,2021-02-19T18:33:56
1319,10.63,71.19,62,85,False,False,DE,CA,2024-10-11,2024-10-11,2020-04-30T08:54:06,
1320,70.45,5.86,73,,False,False,FR,BR,2021-07-07,2021-07-07,2024-08-15T19:54:28,2024-08-15T19:54:28
1321,85.49,70.93,72,,False,,US,CA,2023-03-06,2023-03-06,2021-04-09T07:51:31,2021-04-09T07:51:31
1322,13.88,71.39,33,90,False,False,JP,AU,2023-04-19,2023-04-19,2022-05-28T12:56:52,2022-05-28T12:56:52
1323,7.56,65.27,111,66,False,True,CA,BR,2020-07-08,2020-07-08,2021-09-27T00:08:54,2021-09-27T00:08:54
1324,82.31,24.78,2,2,True,True,US,DE,2021-09-28,2021-09-28,2020-08-29T04:45:01,2020-08-29T04:45:01
1325,49.35,56.26,45,109,True,False,FR,BR,2020-02-28,2020-02-28,2020-08-18T09:14:12,2020-08-18T09:14:12
1326,16.35,16.8,96,65,True,True,FR,UK,2020-05-06,2020-05-06,2022-12-16T06:10:55,2022-12-16T06:10:55
1327,1.02,79.67,111,72,True,False,FR,US,2021-05-01,2021-05-01,2020-12-13T04:59:39,2020-12-13T04:59:39
1328,29.03,,12,50,False,False,BR,AU,2023-09-17,2023-09-17,2023-01-03T10:32:02,2023-01-03T10:32:02
1329,93.82,70.36,100,104,False,True,CA,,2023-09-17,2023-09-17,2021-12-26T02:55:21,2021-12-26T02:55:21
1330,68.04,33.42,28,101,True,True,BR,FR,2020-12-04,2020-12-04,2023-12-22T10:40:12,2023-12-22T10:40:12
1331,35.63,28.89,57,111,False,,US,AU,2021-12-29,2021-12-29,2023-01-12T06:07:33,2023-01-12T06:07:33
1332,67.31,47.99,23,91,True,True,AU,CA,2020-07-31,2020-07-31,2024-05-05T19:08:36,2024-05-05T19:08:36
1333,87.29,92.17,3,117,True,False,FR,FR,2024-06-06,2024-06-06,2020-01-04T12:34:32,2020-01-04T12:34:32
1334,89.2,29.94,42,2,True,True,US,UK,2021-06-11,,2023-09-21T21:35:58,2023-09-21T21:35:58
1335,15.47,9.29,43,67,False,False,US,FR,2021-06-18,2021-06-18,2020-12-12T11:02:20,2020-12-12T11:02:20
1336,64.75,19.85,56,35,False,False,FR,DE,2022-02-03,2022-02-03,2022-10-11T17:11:39,2022-10-11T17:11:39
1337,11.02,32.07,101,3,False,True,US,DE,2020-12-20,2020-12-20,2021-02-15T22:15:04,2021-02-15T22:15:04
1338,27.23,,105,101,False,False,BR,BR,2024-08-01,2024-08-01,2024-11-20T07:03:45,2024-11-20T07:03:45
1339,33.02,82.24,2,33,False,True,FR,FR,2023-01-25,2023-01-25,2024-11-24T13:54:54,2024-11-24T13:54:54
1340,70.09,52.75,0,,False,,CA,US,2021-09-14,2021-09-14,2023-04-29T07:14:01,2023-04-29T07:14:01
1341,25.33,,103,14,False,True,FR,AU,2021-08-20,2021-08-20,2024-12-30T02:39:07,2024-12-30T02:39:07
1342,50.09,72.7,36,107,False,False,JP,BR,2020-07-20,2020-07-20,2023-08-31T13:38:00,2023-08-31T13:38:00
1343,67.35,75.66,45,55,True,False,AU,JP,2021-04-11,2021-04-11,2023-10-02T07:25:04,2023-10-02T07:25:04
1344,96.38,58.77,61,25,True,False,FR,BR,2021-12-21,2021-12-21,2024-08-21T00:28:37,2024-08-21T00:28:37
1345,92.53,18.18,36,31,False,True,UK,CA,2024-06-29,2024-06-29,2022-07-01T10:48:05,2022-07-01T10:48:05
1346,36.92,17.99,103,25,False,False,FR,CA,2021-04-27,2021-04-27,2023-04-28T22:24:15,
1347,67.29,27.28,33,56,True,True,AU,AU,2024-03-18,2024-03-18,2021-07-11T18:48:32,2021-07-11T18:48:32
1348,50.73,3.31,86,22,True,True,AU,US,2020-12-26,2020-12-26,2024-01-04T16:44:51,2024-01-04T16:44:51
1349,82.04,73.56,55,95,False,True,CA,US,2024-10-25,2024-10-25,2024-03-14T07:23:52,2024-03-14T07:23:52
1350,37.54,39.93,116,19,False,False,JP,BR,2024-12-01,2024-12-01,2020-06-07T05:11:57,2020-06-07T05:11:57
1351,65.44,51.18,77,95,False,True,JP,DE,2024-06-20,2024-06-20,2024-02-02T04:01:28,2024-02-02T04:01:28
1352,15.04,33.49,74,17,True,False,FR,,2021-10-09,2021-10-09,2023-09-02T07:14:37,2023-09-02T07:14:37
1353,63.36,49.37,6,35,True,True,US,UK,2021-03-05,2021-03-05,2024-10-20T17:14:06,2024-10-20T17:14:06
1354,72.43,44.49,11,,True,False,FR,DE,2020-09-02,2020-09-02,2021-05-31T04:37:00,2021-05-31T04:37:00
1355,76.2,99.69,44,60,True,True,CA,FR,2023-01-07,2023-01-07,2021-03-20T11:45:43,2021-03-20T11:45:43
1356,97.45,50.75,20,54,False,False,UK,US,2023-02-21,2023-02-21,2023-03-21T23:07:38,2023-03-21T23:07:38
1357,75.0,70.86,77,8,False,False,JP,JP,2024-06-03,2024-06-03,2022-07-21T09:08:58,2022-07-21T09:08:58
1358,78.75,71.63,29,97,False,False,CA,DE,2020-12-22,2020-12-22,2023-11-03T12:15:12,2023-11-03T12:15:12
1359,63.68,89.31,6,13,True,False,FR,BR,2023-10-14,2023-10-14,2024-03-18T11:27:34,2024-03-18T11:27:34
1360,95.76,43.13,12,17,False,,UK,,2022-08-05,2022-08-05,2023-05-31T08:45:01,2023-05-31T08:45:01
1361,55.68,92.57,29,70,False,True,AU,UK,2021-10-01,2021-10-01,2023-10-06T14:13:35,2023-10-06T14:13:35
1362,94.59,,72,95,True,False,US,BR,2021-05-23,2021-05-23,2023-06-09T22:48:16,2023-06-09T22:48:16
1363,51.37,63.23,56,76,True,False,CA,DE,2020-08-05,2020-08-05,2024-10-27T14:15:08,2024-10-27T14:15:08
1364,10.67,,10,65,True,False,DE,AU,2020-08-02,2020-08-02,2023-05-11T08:49:59,2023-05-11T08:49:59
1365,77.41,26.02,5,41,True,False,US,DE,2022-07-15,2022-07-15,2021-09-11T23:24:28,2021-09-11T23:24:28
1366,52.32,26.01,49,102,False,False,BR,CA,2024-10-23,2024-10-23,2021-09-06T09:56:39,2021-09-06T09:56:39
1367,84.02,,30,74,False,False,CA,US,2023-01-24,2023-01-24,2023-06-21T00:18:56,
1368,71.89,82.51,97,60,False,True,UK,BR,2021-05-12,2021-05-12,2023-08-08T14:13:38,
1369,82.5,93.43,58,7,False,False,UK,CA,2023-08-05,2023-08-05,2023-07-12T11:59:36,2023-07-12T11:59:36
1370,4.47,28.14,30,114,False,True,JP,AU,2020-04-23,2020-04-23,2020-06-19T23:52:10,
1371,5.84,49.75,35,108,False,True,US,DE,2020-02-26,2020-02-26,2024-07-19T14:06:25,
1372,49.61,8.48,11,33,False,True,AU,UK,2024-07-27,2024-07-27,2021-05-26T05:30:35,2021-05-26T05:30:35
1373,93.13,50.07,54,3,True,False,UK,CA,2020-03-30,,2021-06-19T14:26:24,2021-06-19T14:26:24
1374,42.46,98.26,82,109,True,,CA,AU,2023-03-28,2023-03-28,2024-08-07T08:33:15,2024-08-07T08:33:15
1375,64.51,72.83,116,21,False,False,US,BR,2020-12-27,2020-12-27,2022-08-15T19:48:37,2022-08-15T19:48:37
1376,19.96,60.9,47,82,True,True,DE,UK,2024-05-26,2024-05-26,2023-03-14T16:14:35,2023-03-14T16:14:35
1377,35.66,98.55,56,13,False,True,DE,JP,2024-06-22,2024-06-22,2022-10-27T06:55:36,2022-10-27T06:55:36
1378,7.48,,54,51,False,True,FR,AU,2023-06-13,2023-06-13,2022-11-13T08:30:28,
1379,51.2,61.66,48,1,False,,JP,JP,2020-09-27,2020-09-27,2023-02-23T06:01:57,2023-02-23T06:01:57
1380,92.89,1.62,9,117,True,True,CA,AU,2022-02-09,2022-02-09,2023-03-15T12:40:20,2023-03-15T12:40:20
1381,75.61,33.16,97,16,False,False,FR,US,2022-08-23,2022-08-23,2020-02-20T02:06:03,2020-02-20T02:06:03
1382,37.29,12.66,5,58,False,False,UK,BR,2023-02-13,2023-02-13,2022-02-19T23:20:11,2022-02-19T23:20:11
1383,21.03,75.65,23,82,False,False,AU,FR,2022-03-14,2022-03-14,2023-09-26T23:21:47,2023-09-26T23:21:47
1384,2.26,20.19,58,71,False,,JP,CA,2023-04-16,2023-04-16,2022-10-10T13:23:42,2022-10-10T13:23:42
1385,15.11,31.87,39,19,False,True,DE,BR,2020-12-31,,2023-04-20T06:50:13,2023-04-20T06:50:13
1386,19.45,14.78,13,80,True,False,FR,DE,2022-11-19,2022-11-19,2023-08-21T13:17:15,2023-08-21T13:17:15
1387,37.58,46.69,40,65,False,True,DE,AU,2020-03-27,2020-03-27,2024-07-22T01:39:21,2024-07-22T01:39:21
1388,12.79,62.55,1,71,False,False,AU,UK,2020-12-23,2020-12-23,2020-11-28T13:41:47,
1389,3.8,58.64,9,11,True,True,UK,CA,2024-08-19,,2023-09-16T09:52:16,2023-09-16T09:52:16
1390,52.47,9.42,38,3,True,False,CA,AU,2021-11-25,2021-11-25,2020-05-06T21:54:29,2020-05-06T21:54:29
1391,99.39,8.44,26,6,True,True,US,US,2023-05-19,2023-05-19,2024-03-31T14:40:03,2024-03-31T14:40:03
1392,67.71,4.51,115,91,False,True,BR,,2022-09-07,2022-09-07,2021-03-18T15:00:31,2021-03-18T15:00:31
1393,2.31,37.81,105,54,False,,JP,AU,2023-12-13,2023-12-13,2023-03-25T13:51:08,2023-03-25T13:51:08
1394,68.98,61.57,27,101,False,False,CA,US,2020-06-24,2020-06-24,2022-08-23T21:55:10,
1395,83.23,24.88,70,36,False,True,FR,CA,2020-05-07,2020-05-07,2024-11-16T06:07:03,2024-11-16T06:07:03
1396,4.31,,108,16,False,True,US,BR,2023-03-29,2023-03-29,2022-04-07T15:39:19,2022-04-07T15:39:19
1397,29.12,25.84,27,56,True,False,UK,CA,2024-05-09,2024-05-09,2021-10-11T00:33:32,2021-10-11T00:33:32
1398,53.13,43.39,38,69,False,False,DE,AU,2022-12-22,2022-12-22,2024-07-11T09:13:53,2024-07-11T09:13:53
1399,0.23,71.02,112,,False,True,US,UK,2020-02-15,,2023-09-11T01:26:44,2023-09-11T01:26:44
1400,55.9,8.18,108,10,True,True,AU,CA,2022-09-23,2022-09-23,2024-12-20T10:03:26,2024-12-20T10:03:26
1401,71.0,44.73,109,17,True,False,FR,JP,2023-09-11,2023-09-11,2022-03-07T08:13:28,2022-03-07T08:13:28
1402,4.41,22.94,78,3,False,,JP,JP,2024-08-14,,2023-03-13T01:51:57,2023-03-13T01:51:57
1403,65.9,,72,12,True,False,CA,BR,2023-06-19,2023-06-19,2021-08-25T11:41:31,
1404,77.62,10.3,87,26,False,False,BR,AU,2021-11-10,2021-11-10,2023-05-01T20:43:20,2023-05-01T20:43:20
1405,89.63,13.02,96,,True,False,CA,DE,2020-08-29,2020-08-29,2020-06-08T16:07:42,2020-06-08T16:07:42
1406,20.96,14.87,23,67,True,False,UK,JP,2023-04-26,2023-04-26,2023-07-11T06:15:25,2023-07-11T06:15:25
1407,27.39,26.15,17,81,True,False,BR,FR,2022-09-01,2022-09-01,2024-01-21T00:23:15,2024-01-21T00:23:15
1408,99.62,63.43,103,4,True,False,JP,UK,2022-07-19,2022-07-19,2020-09-06T07:36:24,
1409,86.47,19.71,64,77,True,True,AU,US,2023-12-22,2023-12-22,2023-07-07T22:59:07,2023-07-07T22:59:07
1410,20.88,89.29,91,26,False,False,UK,FR,2024-12-16,,2020-04-24T17:14:32,2020-04-24T17:14:32
1411,57.43,45.38,101,,True,False,CA,US,2020-11-22,2020-11-22,2022-06-30T03:49:09,2022-06-30T03:49:09
1412,3.8,95.0,55,32,True,False,CA,JP,2023-05-24,2023-05-24,2024-01-21T20:19:06,2024-01-21T20:19:06
1413,98.68,8.75,50,,False,False,DE,AU,2020-02-16,2020-02-16,2021-04-20T10:22:58,2021-04-20T10:22:58
1414,96.25,15.49,98,113,False,False,CA,BR,2024-10-11,,2021-10-02T14:42:07,2021-10-02T14:42:07
1415,27.3,98.96,92,91,False,False,US,US,2022-02-06,2022-02-06,2021-11-22T14:07:06,2021-11-22T14:07:06
1416,29.34,22.61,26,,True,,JP,US,2022-05-18,2022-05-18,2024-07-13T00:01:47,2024-07-13T00:01:47
1417,40.32,64.46,47,47,False,True,BR,BR,2024-11-22,2024-11-22,2023-03-23T22:03:13,2023-03-23T22:03:13
1418,3.07,83.21,2,81,True,True,DE,FR,2023-01-10,2023-01-10,2020-03-10T14:42:57,2020-03-10T14:42:57
1419,48.27,31.17,52,34,False,True,UK,US,2022-01-26,2022-01-26,2024-02-16T02:38:07,2024-02-16T02:38:07
1420,31.32,59.36,100,44,True,True,JP,DE,2020-11-08,2020-11-08,2020-03-28T03:10:36,2020-03-28T03:10:36
1421,45.27,78.51,53,,False,True,AU,US,2024-10-25,2024-10-25,2021-05-10T09:49:14,2021-05-10T09:49:14
1422,43.72,,55,20,True,False,UK,US,2022-08-11,2022-08-11,2020-12-25T20:44:36,2020-12-25T20:44:36
1423,35.81,32.73,51,64,True,True,AU,AU,2023-04-24,,2023-04-10T08:56:32,2023-04-10T08:56:32
1424,7.87,74.5,112,,False,True,DE,JP,2024-01-27,2024-01-27,2024-04-28T16:06:20,2024-04-28T16:06:20
1425,86.38,94.46,42,34,True,True,CA,JP,2020-01-14,2020-01-14,2020-06-14T00:08:19,
1426,97.57,22.22,31,7,False,False,JP,BR,2020-01-18,2020-01-18,2020-02-16T00:47:13,2020-02-16T00:47:13
1427,62.07,62.47,116,105,True,True,US,AU,2022-04-08,2022-04-08,2021-09-15T17:49:02,2021-09-15T17:49:02
1428,33.15,78.46,29,90,False,True,CA,BR,2020-05-03,2020-05-03,2020-10-17T22:19:15,2020-10-17T22:19:15
1429,65.04,0.62,18,114,True,True,JP,UK,2024-09-22,2024-09-22,2022-09-17T05:42:58,2022-09-17T05:42:58
1430,41.16,55.84,61,110,False,True,FR,BR,2022-12-25,2022-12-25,2021-05-06T00:34:04,2021-05-06T00:34:04
1431,18.63,85.94,74,106,True,True,DE,JP,2023-12-14,2023-12-14,2023-04-22T01:08:26,
1432,7.23,99.18,6,91,True,True,AU,,2024-11-03,2024-11-03,2022-10-03T22:56:59,2022-10-03T22:56:59
1433,97.23,57.49,66,39,True,False,DE,JP,2023-02-20,2023-02-20,2023-11-01T05:30:41,2023-11-01T05:30:41
1434,87.11,87.85,43,95,True,True,CA,US,2024-06-11,2024-06-11,2022-04-25T04:11:53,2022-04-25T04:11:53
1435,89.05,78.37,70,13,False,False,FR,BR,2024-10-23,2024-10-23,2023-06-07T19:49:57,2023-06-07T19:49:57
1436,63.24,27.33,114,11,True,True,US,DE,2023-09-15,2023-09-15,2023-06-06T20:05:06,2023-06-06T20:05:06
1437,58.58,73.66,71,20,True,False,UK,FR,2023-02-25,2023-02-25,2024-01-06T18:51:00,2024-01-06T18:51:00
1438,68.72,65.01,37,80,False,True,CA,FR,2021-02-19,2021-02-19,2024-09-13T05:57:30,
1439,46.94,20.53,95,102,False,True,JP,US,2023-06-02,2023-06-02,2024-05-07T00:10:25,2024-05-07T00:10:25
1440,5.05,45.73,74,52,True,True,UK,UK,2021-02-20,2021-02-20,2023-02-27T00:40:06,2023-02-27T00:40:06
1441,88.63,17.66,81,118,True,False,UK,CA,2024-08-25,2024-08-25,2023-07-25T05:25:00,
1442,55.4,32.14,41,21,False,True,DE,AU,2022-08-18,2022-08-18,2021-10-29T14:33:22,2021-10-29T14:33:22
1443,66.49,48.48,103,72,True,True,AU,AU,2020-05-17,2020-05-17,2022-02-04T19:43:42,
1444,47.52,88.22,105,14,True,True,AU,BR,2023-07-16,2023-07-16,2021-06-27T18:10:23,2021-06-27T18:10:23
1445,6.97,27.61,78,,False,False,AU,UK,2021-02-18,2021-02-18,2024-10-04T14:30:04,2024-10-04T14:30:04
1446,58.28,66.38,115,99,False,False,UK,US,2021-06-05,2021-06-05,2024-02-21T14:40:55,2024-02-21T14:40:55
1447,0.2,99.62,106,18,True,False,CA,UK,2021-10-29,2021-10-29,2021-05-13T13:09:37,2021-05-13T13:09:37
1448,24.73,,78,70,True,False,US,DE,2024-10-23,2024-10-23,2020-09-04T05:50:30,2020-09-04T05:50:30
1449,83.49,30.7,55,62,False,True,DE,AU,2021-09-21,2021-09-21,2023-07-10T05:40:14,2023-07-10T05:40:14
1450,57.75,87.34,94,75,False,False,JP,US,2024-02-27,2024-02-27,2023-05-03T21:05:31,2023-05-03T21:05:31
1451,31.38,71.22,107,72,True,False,CA,CA,2023-11-18,2023-11-18,2023-01-21T17:55:37,
1452,42.46,82.44,113,12,True,False,BR,,2021-07-10,2021-07-10,2024-06-04T09:04:46,2024-06-04T09:04:46
1453,29.09,59.09,96,92,False,False,JP,,2021-07-13,2021-07-13,2021-03-11T11:37:07,2021-03-11T11:37:07
1454,54.96,91.31,4,75,True,False,FR,UK,2022-06-09,2022-06-09,2023-04-16T04:34:05,2023-04-16T04:34:05
1455,47.43,,63,49,True,True,AU,UK,2024-11-06,2024-11-06,2021-07-07T10:43:55,2021-07-07T10:43:55
1456,40.4,29.14,20,88,True,False,BR,,2024-07-04,2024-07-04,2021-01-27T18:51:59,2021-01-27T18:51:59
1457,42.34,61.28,95,21,True,True,UK,CA,2021-08-01,2021-08-01,2021-01-01T15:40:38,2021-01-01T15:40:38
1458,12.3,2.25,14,,False,False,CA,AU,2024-04-05,,2020-03-13T11:22:33,2020-03-13T11:22:33
1459,20.82,70.86,87,90,False,True,US,AU,2023-04-04,2023-04-04,2024-07-10T15:43:04,
1460,79.22,45.04,109,107,True,True,DE,JP,2020-12-28,2020-12-28,2022-02-20T16:05:24,2022-02-20T16:05:24
1461,46.88,52.86,41,83,False,True,CA,DE,2024-12-04,2024-12-04,2024-06-28T04:01:40,2024-06-28T04:01:40
1462,55.58,29.02,104,88,False,False,AU,JP,2022-04-11,2022-04-11,2021-12-29T22:15:26,2021-12-29T22:15:26
1463,21.91,33.35,117,,True,False,DE,UK,2023-10-13,2023-10-13,2021-01-04T22:28:29,2021-01-04T22:28:29
1464,62.91,86.9,38,53,True,True,UK,CA,2024-05-07,,2021-02-04T15:50:20,2021-02-04T15:50:20
1465,11.86,65.12,110,89,True,False,FR,DE,2020-05-29,2020-05-29,2024-11-06T05:05:25,2024-11-06T05:05:25
1466,6.54,66.19,50,39,False,True,UK,AU,2020-11-28,2020-11-28,2022-01-11T03:06:02,2022-01-11T03:06:02
1467,87.67,54.65,100,82,True,False,FR,CA,2024-11-07,2024-11-07,2022-05-19T11:14:24,2022-05-19T11:14:24
1468,61.77,75.25,2,22,True,False,CA,DE,2020-11-23,2020-11-23,2022-09-07T00:24:45,2022-09-07T00:24:45
1469,97.08,89.93,77,,False,True,JP,JP,2022-03-31,,2024-10-03T21:47:57,2024-10-03T21:47:57
1470,64.45,5.85,90,,True,,CA,AU,2024-01-07,2024-01-07,2022-04-03T22:19:24,2022-04-03T22:19:24
1471,35.77,,91,15,True,True,FR,BR,2024-03-31,2024-03-31,2024-09-22T21:51:46,2024-09-22T21:51:46
1472,21.89,,92,93,True,False,JP,JP,2020-01-01,2020-01-01,2021-02-01T05:37:50,2021-02-01T05:37:50
1473,9.96,26.14,25,104,True,False,FR,FR,2024-12-16,2024-12-16,2024-09-23T13:36:12,2024-09-23T13:36:12
1474,82.11,,21,9,True,False,DE,CA,2021-04-25,2021-04-25,2024-10-06T13:44:19,2024-10-06T13:44:19
1475,15.03,,19,,True,False,US,DE,2023-10-13,,2024-08-08T02:09:34,2024-08-08T02:09:34
1476,72.4,7.65,84,118,False,,UK,CA,2024-11-11,2024-11-11,2023-10-15T04:53:37,2023-10-15T04:53:37
1477,65.13,27.03,101,11,True,True,AU,US,2021-03-28,2021-03-28,2021-12-21T17:02:13,2021-12-21T17:02:13
1478,42.93,43.17,75,71,True,False,UK,BR,2021-07-02,2021-07-02,2024-04-03T02:52:58,
1479,28.05,72.75,2,10,True,,AU,US,2022-01-07,2022-01-07,2023-09-29T01:29:00,2023-09-29T01:29:00
1480,99.94,34.37,34,69,False,True,FR,CA,2021-09-13,2021-09-13,2021-08-13T00:46:56,2021-08-13T00:46:56
1481,59.65,3.64,101,18,False,True,FR,BR,2024-03-19,2024-03-19,2020-05-03T23:35:55,2020-05-03T23:35:55
1482,16.11,77.55,75,52,False,True,DE,DE,2024-11-17,2024-11-17,2021-10-29T16:58:27,
1483,67.98,55.67,0,103,False,False,CA,BR,2021-07-09,2021-07-09,2020-08-16T08:22:00,2020-08-16T08:22:00
1484,19.65,77.4,64,47,True,False,AU,CA,2022-04-11,,2023-02-09T05:06:19,2023-02-09T05:06:19
1485,12.12,51.28,88,86,False,False,DE,DE,2024-04-16,2024-04-16,2024-10-04T04:25:12,2024-10-04T04:25:12
1486,69.03,61.32,76,90,False,False,FR,AU,2024-12-03,2024-12-03,2020-10-22T15:48:48,2020-10-22T15:48:48
1487,63.13,80.64,74,11,False,False,BR,,2023-06-16,2023-06-16,2022-06-21T11:49:32,2022-06-21T11:49:32
1488,33.19,61.05,56,9,False,True,BR,UK,2024-04-02,2024-04-02,2024-09-08T00:47:07,2024-09-08T00:47:07
1489,0.11,45.58,94,112,True,False,UK,DE,2021-11-26,2021-11-26,2024-07-11T23:32:24,2024-07-11T23:32:24
1490,4.39,34.87,63,64,True,False,US,JP,2021-05-15,2021-05-15,2024-09-09T22:10:47,
1491,78.56,14.05,45,,True,True,UK,AU,2020-11-09,2020-11-09,2023-07-25T18:47:16,2023-07-25T18:47:16
1492,66.84,32.47,77,62,False,True,JP,UK,2021-05-18,2021-05-18,2021-06-20T09:36:05,2021-06-20T09:36:05
1493,63.13,95.36,70,118,False,False,BR,UK,2022-03-08,2022-03-08,2020-10-04T18:40:16,
1494,8.69,71.55,101,77,False,False,DE,JP,2020-10-30,2020-10-30,2023-12-30T16:28:21,2023-12-30T16:28:21
1495,80.16,78.11,21,41,True,False,US,UK,2021-03-16,2021-03-16,2022-11-16T06:07:55,2022-11-16T06:07:55
1496,81.39,90.0,69,108,False,,US,DE,2021-12-19,2021-12-19,2024-10-01T17:54:54,2024-10-01T17:54:54
1497,12.75,81.75,59,45,True,True,BR,CA,2020-03-18,2020-03-18,2023-03-13T04:53:55,2023-03-13T04:53:55
1498,11.59,20.6,62,115,False,True,CA,AU,2023-07-12,2023-07-12,2021-09-04T17:17:48,2021-09-04T17:17:48
1499,50.54,2.1,49,33,False,True,DE,FR,2022-12-05,2022-12-05,2022-03-17T18:10:58,2022-03-17T18:10:58
1500,7.98,67.56,107,82,True,False,CA,US,2021-05-18,2021-05-18,2023-07-20T06:51:22,2023-07-20T06:51:22
1501,40.69,96.7,65,,True,True,FR,BR,2020-05-20,,2023-06-21T20:13:34,
1502,74.46,16.32,8,35,True,True,AU,UK,2024-01-15,2024-01-15,2022-07-22T08:13:33,2022-07-22T08:13:33
1503,90.29,99.55,96,78,False,True,DE,,2022-12-05,2022-12-05,2021-05-30T04:04:28,2021-05-30T04:04:28
1504,87.37,39.67,3,29,True,True,DE,UK,2021-11-20,2021-11-20,2020-05-02T12:42:16,
1505,5.01,65.16,75,96,False,True,JP,JP,2020-12-22,2020-12-22,2023-06-08T09:42:19,2023-06-08T09:42:19
1506,49.43,37.37,91,104,True,False,AU,FR,2020-04-06,2020-04-06,2024-02-05T03:04:09,
1507,36.74,69.32,25,0,True,False,DE,BR,2020-11-04,2020-11-04,2024-06-07T18:29:40,2024-06-07T18:29:40
1508,13.49,55.26,92,52,True,False,CA,UK,2020-12-24,2020-12-24,2024-08-24T03:54:02,2024-08-24T03:54:02
1509,22.17,29.38,47,,False,True,UK,JP,2020-04-17,2020-04-17,2024-10-07T15:58:26,2024-10-07T15:58:26
1510,20.47,64.32,24,36,False,False,AU,,2021-03-22,2021-03-22,2020-11-10T06:54:37,2020-11-10T06:54:37
1511,50.72,85.94,78,,False,False,FR,DE,2023-11-15,2023-11-15,2021-08-18T01:08:57,2021-08-18T01:08:57
1512,13.03,55.56,5,,True,False,UK,US,2021-04-05,2021-04-05,2023-07-13T16:07:04,2023-07-13T16:07:04
1513,76.16,96.07,96,3,True,False,AU,JP,2021-12-24,,2021-05-16T17:47:22,2021-05-16T17:47:22
1514,2.69,48.22,49,,True,True,JP,UK,2022-12-09,2022-12-09,2024-04-23T18:22:53,2024-04-23T18:22:53
1515,15.65,,9,74,False,False,FR,UK,2024-05-15,2024-05-15,2020-03-02T05:10:19,2020-03-02T05:10:19
1516,60.9,28.82,74,26,True,False,FR,DE,2022-01-03,2022-01-03,2023-11-02T23:28:41,2023-11-02T23:28:41
1517,50.83,19.12,109,93,False,True,BR,UK,2024-01-29,2024-01-29,2020-01-02T05:04:59,2020-01-02T05:04:59
1518,96.8,86.71,88,37,True,False,BR,CA,2021-07-15,2021-07-15,2023-05-08T01:04:59,2023-05-08T01:04:59
1519,40.08,7.43,58,14,True,False,UK,US,2022-08-05,2022-08-05,2020-06-12T12:28:54,2020-06-12T12:28:54
1520,44.69,33.29,86,97,True,True,FR,US,2021-05-27,2021-05-27,2022-07-28T22:09:18,
1521,76.0,96.56,82,,False,True,AU,US,2021-08-26,2021-08-26,2020-07-07T21:05:43,2020-07-07T21:05:43
1522,53.08,68.21,2,61,True,,US,FR,2023-10-28,2023-10-28,2020-06-05T02:29:31,2020-06-05T02:29:31
1523,91.3,65.42,97,33,True,False,JP,FR,2022-12-29,,2020-04-16T06:38:12,
1524,65.07,,91,72,True,True,DE,DE,2024-02-19,2024-02-19,2021-04-02T19:26:58,2021-04-02T19:26:58
1525,29.16,46.09,80,21,True,False,CA,BR,2023-01-12,2023-01-12,2022-04-26T04:00:32,2022-04-26T04:00:32
1526,13.76,25.01,100,7,True,False,AU,CA,2024-04-30,2024-04-30,2020-06-05T04:24:16,2020-06-05T04:24:16
1527,10.96,7.16,20,108,False,False,UK,FR,2021-02-03,2021-02-03,2023-10-25T02:47:26,2023-10-25T02:47:26
1528,85.87,46.79,34,,False,False,US,US,2020-10-24,2020-10-24,2022-10-14T10:53:09,2022-10-14T10:53:09
1529,77.87,2.29,48,25,True,False,AU,FR,2023-12-19,2023-12-19,2021-12-19T06:09:48,2021-12-19T06:09:48
1530,75.28,83.67,38,2,True,False,JP,US,2023-06-13,2023-06-13,2024-08-11T16:35:23,2024-08-11T16:35:23
1531,99.84,94.18,88,45,False,False,DE,AU,2022-12-01,2022-12-01,2021-10-15T18:58:15,2021-10-15T18:58:15
1532,64.72,33.3,56,55,False,True,US,US,2021-09-23,2021-09-23,2023-10-20T03:33:00,
1533,51.97,,85,78,True,True,DE,CA,2020-02-21,2020-02-21,2021-09-13T09:26:12,2021-09-13T09:26:12
1534,25.82,80.65,19,118,True,True,DE,DE,2022-04-12,2022-04-12,2022-12-02T09:07:54,2022-12-02T09:07:54
1535,28.1,21.86,87,52,False,False,JP,US,2021-03-18,2021-03-18,2023-02-16T02:49:14,2023-02-16T02:49:14
1536,63.4,32.63,103,21,True,True,DE,UK,2023-10-20,2023-10-20,2021-07-04T12:29:19,2021-07-04T12:29:19
1537,21.82,9.16,73,38,True,,AU,US,2024-11-17,2024-11-17,2024-03-30T02:19:49,2024-03-30T02:19:49
1538,48.52,85.82,36,,True,False,AU,US,2024-09-25,2024-09-25,2022-10-24T21:31:02,2022-10-24T21:31:02
1539,1.36,88.26,61,12,True,False,FR,UK,2021-06-26,2021-06-26,2021-07-20T15:25:26,2021-07-20T15:25:26
1540,13.98,,106,56,False,True,DE,BR,2021-01-13,2021-01-13,2020-02-20T02:56:40,2020-02-20T02:56:40
1541,23.51,61.93,114,61,True,False,US,FR,2020-12-18,2020-12-18,2021-08-08T21:01:57,2021-08-08T21:01:57
1542,8.54,,8,0,False,,JP,BR,2020-06-14,2020-06-14,2020-11-02T09:31:45,2020-11-02T09:31:45
1543,42.43,38.34,80,35,False,True,FR,JP,2024-06-24,2024-06-24,2021-10-29T05:33:49,2021-10-29T05:33:49
1544,21.35,37.1,26,25,False,False,UK,DE,2021-01-30,2021-01-30,2020-01-27T05:34:57,2020-01-27T05:34:57
1545,14.74,10.44,11,26,False,True,DE,UK,2021-12-11,2021-12-11,2021-05-12T21:09:52,
1546,21.01,63.74,59,35,True,True,CA,AU,2024-02-09,2024-02-09,2020-09-02T20:34:57,2020-09-02T20:34:57
1547,50.53,2.66,53,17,True,True,UK,JP,2023-03-02,2023-03-02,2024-03-15T13:40:47,2024-03-15T13:40:47
1548,76.97,44.73,18,91,False,False,CA,AU,2024-12-19,2024-12-19,2022-09-02T14:09:18,2022-09-02T14:09:18
1549,91.32,93.88,12,17,False,False,AU,CA,2022-10-05,2022-10-05,2024-10-30T01:55:26,
1550,7.44,16.64,93,53,False,True,BR,BR,2022-09-18,2022-09-18,2021-12-08T12:30:29,2021-12-08T12:30:29
1551,43.73,80.88,25,8,False,True,CA,BR,2022-03-26,2022-03-26,2022-11-11T11:02:47,2022-11-11T11:02:47
1552,91.08,29.74,76,77,True,False,US,UK,2021-07-13,2021-07-13,2021-05-14T22:44:35,2021-05-14T22:44:35
1553,21.82,2.14,55,,True,False,JP,DE,2020-11-11,2020-11-11,2021-09-08T14:40:28,
1554,17.61,85.9,47,7,False,False,JP,CA,2020-01-26,,2024-07-24T18:05:52,2024-07-24T18:05:52
1555,3.77,21.71,12,,False,True,CA,DE,2021-10-25,2021-10-25,2020-10-06T16:31:22,2020-10-06T16:31:22
1556,31.78,21.13,111,25,False,False,JP,,2021-11-03,,2021-05-25T21:16:25,2021-05-25T21:16:25
1557,81.06,33.35,27,93,False,False,JP,,2024-03-11,2024-03-11,2020-04-13T07:35:18,2020-04-13T07:35:18
1558,63.55,71.5,99,,True,False,FR,BR,2022-10-09,2022-10-09,2023-01-29T19:44:30,2023-01-29T19:44:30
1559,38.63,,59,117,False,False,UK,BR,2024-04-29,2024-04-29,2022-03-08T00:13:08,2022-03-08T00:13:08
1560,25.91,70.65,18,115,True,True,BR,UK,2024-04-06,2024-04-06,2020-07-29T13:20:57,2020-07-29T13:20:57
1561,36.33,,25,108,True,False,AU,,2021-11-06,2021-11-06,2020-10-03T03:32:40,2020-10-03T03:32:40
1562,33.7,35.02,57,28,True,True,DE,BR,2021-06-17,2021-06-17,2020-10-22T21:11:04,2020-10-22T21:11:04
1563,42.95,85.45,40,79,True,False,UK,CA,2023-01-04,2023-01-04,2021-06-25T09:16:29,2021-06-25T09:16:29
1564,27.34,61.32,87,38,True,True,AU,CA,2021-11-03,2021-11-03,2024-09-18T16:59:37,2024-09-18T16:59:37
1565,19.54,98.49,94,46,True,True,AU,,2022-12-29,2022-12-29,2022-02-17T03:40:24,2022-02-17T03:40:24
1566,30.62,89.56,54,94,False,False,UK,JP,2021-01-17,2021-01-17,2023-08-07T00:24:26,2023-08-07T00:24:26
1567,77.15,68.41,115,62,False,True,US,US,2023-11-27,2023-11-27,2023-03-28T04:00:01,2023-03-28T04:00:01
1568,59.6,93.13,17,87,False,False,CA,DE,2021-08-26,2021-08-26,2020-08-15T07:43:17,2020-08-15T07:43:17
1569,80.57,61.54,34,,False,True,DE,CA,2021-04-06,2021-04-06,2021-06-21T05:01:44,2021-06-21T05:01:44
1570,6.96,8.08,65,34,True,True,FR,CA,2020-08-08,2020-08-08,2023-04-06T21:59:21,2023-04-06T21:59:21
1571,73.88,,94,51,True,False,FR,AU,2022-10-13,2022-10-13,2022-02-15T08:08:32,2022-02-15T08:08:32
1572,96.75,61.96,63,,False,True,CA,UK,2023-02-18,2023-02-18,2024-11-20T17:09:49,2024-11-20T17:09:49
1573,40.05,98.05,83,76,False,,JP,US,2024-08-01,2024-08-01,2021-03-28T15:21:08,2021-03-28T15:21:08
1574,35.55,8.59,49,68,False,True,AU,BR,2020-05-10,2020-05-10,2021-02-01T03:51:53,2021-02-01T03:51:53
1575,72.15,7.73,105,24,False,False,CA,DE,2022-12-20,2022-12-20,2024-04-20T21:46:22,2024-04-20T21:46:22
1576,71.14,42.06,31,,True,True,JP,BR,2022-03-30,2022-03-30,2021-03-29T14:13:51,2021-03-29T14:13:51
1577,9.48,45.52,87,48,False,False,CA,JP,2022-03-13,2022-03-13,2023-12-24T12:47:59,2023-12-24T12:47:59
1578,17.35,66.9,85,,False,True,JP,US,2020-12-11,2020-12-11,2020-07-14T09:36:25,2020-07-14T09:36:25
1579,82.79,28.94,119,,True,,JP,US,2023-02-12,2023-02-12,2022-10-16T02:38:22,2022-10-16T02:38:22
1580,2.57,97.5,105,40,True,True,JP,FR,2022-10-15,2022-10-15,2021-03-30T15:47:06,2021-03-30T15:47:06
1581,75.0,81.05,35,35,True,False,CA,AU,2021-03-29,2021-03-29,2022-02-11T11:57:27,2022-02-11T11:57:27
1582,48.04,47.7,28,14,True,True,CA,BR,2024-11-04,2024-11-04,2024-02-10T03:29:29,2024-02-10T03:29:29
1583,53.1,3.69,68,,False,False,DE,AU,2021-10-30,2021-10-30,2024-11-09T13:02:11,2024-11-09T13:02:11
1584,18.55,61.46,59,97,True,False,UK,BR,2024-08-29,2024-08-29,2021-12-27T11:51:46,2021-12-27T11:51:46
1585,94.74,36.46,17,46,True,,FR,US,2022-01-30,2022-01-30,2022-07-18T12:12:09,2022-07-18T12:12:09
1586,26.5,41.16,93,43,False,True,DE,FR,2021-10-25,2021-10-25,2020-09-23T18:58:55,
1587,82.74,27.09,63,53,True,True,CA,,2022-09-12,,2024-09-03T00:46:47,2024-09-03T00:46:47
1588,37.24,20.18,107,38,True,False,UK,JP,2020-07-29,2020-07-29,2023-05-29T11:34:17,2023-05-29T11:34:17
1589,49.32,70.51,10,,True,True,BR,AU,2021-09-25,,2023-06-22T13:10:49,2023-06-22T13:10:49
1590,2.02,7.56,105,0,True,False,UK,BR,2021-02-16,2021-02-16,2023-01-03T21:45:36,2023-01-03T21:45:36
1591,32.02,62.78,94,112,True,True,JP,,2020-07-19,2020-07-19,2023-08-04T20:39:09,
1592,55.2,40.89,37,1,True,False,CA,DE,2022-06-02,2022-06-02,2024-06-28T14:26:14,2024-06-28T14:26:14
1593,29.07,5.56,79,91,True,,BR,FR,2022-06-13,2022-06-13,2021-05-16T19:13:49,2021-05-16T19:13:49
1594,92.68,98.73,113,70,False,True,DE,BR,2024-12-25,2024-12-25,2020-03-30T16:44:24,2020-03-30T16:44:24
1595,16.92,54.9,77,106,True,True,JP,,2021-02-05,2021-02-05,2022-10-23T04:09:27,2022-10-23T04:09:27
1596,5.65,,89,22,False,True,CA,JP,2023-01-28,2023-01-28,2021-08-29T01:55:57,2021-08-29T01:55:57
1597,70.8,74.46,45,13,False,False,FR,BR,2022-09-09,2022-09-09,2022-04-20T21:55:07,2022-04-20T21:55:07
1598,69.62,34.97,106,22,True,True,DE,DE,2020-09-20,2020-09-20,2023-10-21T18:17:20,2023-10-21T18:17:20
1599,86.18,90.27,4,,False,True,AU,UK,2023-11-02,2023-11-02,2024-03-19T13:35:47,2024-03-19T13:35:47
1600,42.32,45.89,13,8,True,False,CA,JP,2021-08-16,2021-08-16,2020-07-15T00:33:09,2020-07-15T00:33:09
1601,69.78,21.96,28,65,False,True,US,FR,2023-11-27,2023-11-27,2022-02-06T13:21:31,2022-02-06T13:21:31
1602,66.88,5.24,27,15,True,,DE,CA,2020-08-21,2020-08-21,2022-10-12T16:38:13,2022-10-12T16:38:13
1603,99.69,31.02,94,6,False,False,CA,UK,2024-08-23,2024-08-23,2020-09-23T02:03:56,2020-09-23T02:03:56
1604,89.23,23.69,118,107,True,True,AU,CA,2023-04-01,2023-04-01,2021-12-19T16:55:07,2021-12-19T16:55:07
1605,44.04,44.01,107,117,True,,JP,JP,2023-01-18,,2024-04-07T13:36:26,2024-04-07T13:36:26
1606,60.56,76.11,104,70,True,True,FR,BR,2024-11-29,2024-11-29,2022-03-24T02:07:14,2022-03-24T02:07:14
1607,48.66,,2,92,False,False,JP,UK,2024-08-02,2024-08-02,2022-02-17T17:24:40,2022-02-17T17:24:40
1608,39.94,33.68,71,30,False,False,JP,US,2021-06-27,2021-06-27,2020-01-08T15:38:58,2020-01-08T15:38:58
1609,28.49,,61,83,False,True,BR,,2020-05-28,2020-05-28,2023-03-19T13:30:19,2023-03-19T13:30:19
1610,4.22,35.38,44,102,False,True,DE,AU,2023-03-08,2023-03-08,2023-11-14T09:10:48,2023-11-14T09:10:48
1611,75.48,73.75,32,4,False,,UK,CA,2023-09-09,2023-09-09,2021-10-04T23:30:39,2021-10-04T23:30:39
1612,31.33,38.94,63,2,False,True,FR,BR,2021-01-12,2021-01-12,2021-02-27T09:43:31,2021-02-27T09:43:31
1613,3.12,32.32,14,12,False,False,JP,AU,2023-05-24,2023-05-24,2022-06-21T00:26:08,2022-06-21T00:26:08
1614,34.1,50.6,81,,True,True,AU,UK,2021-06-15,2021-06-15,2022-04-19T11:57:36,2022-04-19T11:57:36
1615,8.77,21.91,118,104,True,False,JP,US,2023-03-30,2023-03-30,2023-05-28T15:30:51,2023-05-28T15:30:51
1616,35.31,96.96,35,3,True,,UK,UK,2020-11-30,2020-11-30,2022-09-04T08:32:23,2022-09-04T08:32:23
1617,80.65,14.86,105,62,True,True,UK,UK,2020-02-13,2020-02-13,2024-01-15T19:37:44,2024-01-15T19:37:44
1618,6.24,72.23,94,88,True,False,FR,CA,2022-09-10,2022-09-10,2024-12-19T18:16:24,2024-12-19T18:16:24
1619,16.56,,58,15,True,False,BR,DE,2020-08-17,2020-08-17,2023-05-07T08:28:18,2023-05-07T08:28:18
1620,39.3,14.03,13,113,True,True,FR,UK,2022-12-15,2022-12-15,2023-06-04T15:44:57,2023-06-04T15:44:57
1621,17.16,67.85,31,119,False,,JP,JP,2021-03-29,2021-03-29,2020-07-18T07:27:02,2020-07-18T07:27:02
1622,26.82,95.6,100,88,True,False,AU,JP,2023-07-05,2023-07-05,2020-11-11T13:19:58,2020-11-11T13:19:58
1623,23.44,13.55,119,26,False,,DE,JP,2024-07-11,2024-07-11,2021-01-26T07:26:48,2021-01-26T07:26:48
1624,50.02,95.12,28,,False,False,JP,US,2023-01-03,2023-01-03,2022-04-18T02:27:02,
1625,71.24,,29,32,True,False,FR,JP,2020-04-20,2020-04-20,2023-12-29T05:45:55,
1626,50.93,96.8,73,85,False,False,UK,,2022-08-16,2022-08-16,2022-02-26T18:16:54,2022-02-26T18:16:54
1627,26.33,81.24,8,79,False,False,CA,CA,2023-02-02,2023-02-02,2023-10-29T05:31:41,2023-10-29T05:31:41
1628,70.92,15.38,50,18,True,True,US,US,2023-08-16,2023-08-16,2024-10-04T21:48:01,2024-10-04T21:48:01
1629,20.83,97.13,61,44,False,False,UK,UK,2022-06-28,2022-06-28,2020-11-24T00:19:16,2020-11-24T00:19:16
1630,16.14,85.72,112,4,True,False,DE,,2023-07-25,2023-07-25,2024-07-10T03:37:12,2024-07-10T03:37:12
1631,29.17,85.2,60,61,False,False,AU,US,2021-06-28,2021-06-28,2021-07-21T16:08:30,2021-07-21T16:08:30
1632,84.39,94.52,16,37,True,True,US,FR,2024-04-12,2024-04-12,2024-01-12T07:25:14,2024-01-12T07:25:14
1633,35.53,89.19,61,78,True,False,DE,CA,2023-04-29,2023-04-29,2020-11-21T05:44:00,2020-11-21T05:44:00
1634,99.4,37.21,56,113,False,True,JP,AU,2020-09-14,2020-09-14,2023-02-03T03:29:10,2023-02-03T03:29:10
1635,94.26,51.29,20,53,False,,DE,BR,2022-01-15,2022-01-15,2021-06-27T18:22:08,2021-06-27T18:22:08
1636,93.31,80.68,107,39,False,False,US,,2020-06-03,2020-06-03,2022-08-01T23:49:20,2022-08-01T23:49:20
1637,6.74,65.19,114,15,False,False,BR,JP,2020-08-08,2020-08-08,2020-03-09T15:00:06,2020-03-09T15:00:06
1638,66.81,51.13,75,49,True,False,JP,DE,2020-06-06,2020-06-06,2021-11-06T17:29:00,2021-11-06T17:29:00
1639,89.78,6.98,40,42,True,True,JP,AU,2023-10-28,2023-10-28,2020-07-15T14:01:34,2020-07-15T14:01:34
1640,46.38,63.9,106,76,False,False,DE,,2022-08-28,2022-08-28,2024-06-30T00:19:25,2024-06-30T00:19:25
1641,3.71,23.36,109,57,False,False,UK,JP,2020-11-19,2020-11-19,2023-04-19T05:23:12,2023-04-19T05:23:12
1642,26.46,29.35,0,70,False,False,DE,JP,2024-09-18,2024-09-18,2023-08-03T13:49:18,2023-08-03T13:49:18
1643,25.03,43.85,106,26,False,True,US,AU,2024-02-26,2024-02-26,2022-08-15T14:25:51,2022-08-15T14:25:51
1644,31.74,71.87,95,117,True,False,JP,,2023-07-10,2023-07-10,2020-01-02T22:37:20,2020-01-02T22:37:20
1645,91.38,71.51,110,36,True,False,AU,US,2023-12-06,2023-12-06,2022-02-17T15:19:37,2022-02-17T15:19:37
1646,66.58,78.92,90,81,False,True,US,AU,2023-09-22,2023-09-22,2021-03-31T03:53:01,
1647,96.4,,0,81,True,True,FR,CA,2023-11-30,2023-11-30,2021-04-25T09:30:12,2021-04-25T09:30:12
1648,89.47,51.64,100,80,False,False,JP,AU,2022-06-22,2022-06-22,2022-11-20T15:41:25,
1649,9.35,3.02,86,,False,,UK,AU,2024-06-26,2024-06-26,2020-08-21T21:47:35,
1650,3.59,12.96,106,59,True,False,FR,,2020-08-19,2020-08-19,2020-05-18T20:52:41,2020-05-18T20:52:41
1651,98.81,90.43,32,59,True,False,FR,UK,2020-11-28,,2024-09-26T03:46:14,2024-09-26T03:46:14
1652,16.86,38.92,25,18,True,False,DE,CA,2020-08-30,2020-08-30,2021-03-08T02:25:17,2021-03-08T02:25:17
1653,30.51,12.92,64,8,True,True,BR,AU,2020-07-23,2020-07-23,2024-05-17T23:00:23,
1654,6.91,90.78,19,44,True,True,AU,CA,2021-03-01,2021-03-01,2024-08-02T06:20:47,2024-08-02T06:20:47
1655,22.49,97.34,88,19,True,True,US,BR,2022-04-03,2022-04-03,2023-11-22T10:26:01,2023-11-22T10:26:01
1656,21.83,33.52,14,47,True,False,FR,UK,2021-04-07,2021-04-07,2024-07-04T16:42:27,
1657,70.88,48.76,17,3,True,False,FR,BR,2022-01-14,2022-01-14,2020-12-31T05:04:57,2020-12-31T05:04:57
1658,95.85,22.85,20,24,True,,UK,DE,2020-02-20,2020-02-20,2022-07-21T01:04:04,2022-07-21T01:04:04
1659,16.37,43.7,33,48,False,False,JP,AU,2021-05-10,2021-05-10,2020-07-19T13:17:10,2020-07-19T13:17:10
1660,97.54,7.29,103,103,False,False,JP,US,2020-05-05,,2024-06-24T13:09:02,2024-06-24T13:09:02
1661,93.64,22.59,31,62,True,True,BR,DE,2021-03-27,2021-03-27,2020-02-24T14:54:54,2020-02-24T14:54:54
1662,7.97,79.8,118,112,False,,CA,CA,2022-07-20,2022-07-20,2021-02-19T12:08:12,2021-02-19T12:08:12
1663,36.52,82.46,80,86,True,False,FR,CA,2021-04-12,2021-04-12,2021-12-28T20:11:11,2021-12-28T20:11:11
1664,87.52,67.25,13,93,False,False,FR,AU,2024-08-11,2024-08-11,2021-11-09T18:10:19,2021-11-09T18:10:19
1665,43.75,65.19,59,86,True,True,FR,AU,2020-05-27,2020-05-27,2022-10-23T18:20:36,2022-10-23T18:20:36
1666,22.17,55.55,67,31,False,False,FR,CA,2024-11-17,2024-11-17,2020-04-08T23:56:51,2020-04-08T23:56:51
1667,50.49,7.66,93,103,True,False,DE,UK,2020-03-04,2020-03-04,2021-11-24T11:27:02,2021-11-24T11:27:02
1668,35.99,50.49,10,105,False,,AU,UK,2021-06-18,2021-06-18,2023-03-01T12:37:36,2023-03-01T12:37:36
1669,28.23,39.75,10,5,True,True,BR,UK,2024-08-24,,2022-08-12T06:18:39,2022-08-12T06:18:39
1670,79.48,15.5,116,0,True,False,UK,JP,2023-11-04,2023-11-04,2022-11-22T01:58:58,2022-11-22T01:58:58
1671,61.34,37.24,93,5,True,False,FR,US,2022-07-20,2022-07-20,2024-12-01T07:00:23,
1672,72.75,37.34,61,21,True,False,DE,UK,2024-06-17,2024-06-17,2022-03-14T21:13:56,2022-03-14T21:13:56
1673,96.94,43.45,86,118,False,False,BR,CA,2020-03-08,2020-03-08,2024-05-10T09:19:27,2024-05-10T09:19:27
1674,74.29,19.33,49,47,False,False,DE,CA,2021-07-05,,2022-09-29T05:18:08,
1675,48.21,31.8,40,32,True,True,US,BR,2022-11-14,2022-11-14,2020-04-29T07:51:11,2020-04-29T07:51:11
1676,8.83,1.1,105,102,False,False,DE,CA,2024-01-29,2024-01-29,2024-02-17T16:05:29,2024-02-17T16:05:29
1677,28.64,,23,42,False,False,CA,,2021-06-08,2021-06-08,2020-03-27T08:32:01,
1678,63.5,48.17,36,59,False,True,FR,US,2022-03-27,2022-03-27,2022-05-25T19:46:25,2022-05-25T19:46:25
1679,61.33,,65,2,True,False,AU,DE,2023-01-27,2023-01-27,2020-11-27T14:16:07,2020-11-27T14:16:07
1680,54.66,41.44,32,33,True,False,FR,AU,2021-03-08,2021-03-08,2020-08-06T06:38:27,2020-08-06T06:38:27
1681,97.52,,73,18,True,True,DE,JP,2021-11-26,2021-11-26,2023-07-19T09:42:20,2023-07-19T09:42:20
1682,11.51,52.82,104,25,True,False,DE,FR,2022-09-28,2022-09-28,2022-12-12T00:00:42,2022-12-12T00:00:42
1683,17.5,27.95,5,,True,,FR,DE,2023-11-05,2023-11-05,2022-11-07T04:38:06,2022-11-07T04:38:06
1684,31.09,92.93,51,8,True,False,US,BR,2024-02-24,2024-02-24,2022-11-14T06:28:10,
1685,12.4,87.18,94,8,False,True,BR,CA,2020-03-03,2020-03-03,2024-08-17T17:08:23,2024-08-17T17:08:23
1686,7.23,18.11,108,18,False,True,BR,JP,2021-12-18,2021-12-18,2024-09-15T07:31:35,2024-09-15T07:31:35
1687,20.88,50.35,68,,True,False,UK,CA,2024-03-04,2024-03-04,2024-01-27T16:52:38,2024-01-27T16:52:38
1688,7.93,82.47,61,94,True,True,JP,BR,2024-05-23,2024-05-23,2024-10-19T20:30:37,2024-10-19T20:30:37
1689,44.74,21.82,101,107,True,,FR,UK,2022-08-18,2022-08-18,2021-02-16T15:35:14,
1690,72.28,75.73,39,113,True,False,DE,JP,2021-04-29,,2024-12-09T10:56:44,2024-12-09T10:56:44
1691,62.24,41.91,28,117,True,True,FR,US,2020-01-19,2020-01-19,2024-05-24T21:50:56,
1692,18.95,,99,,False,False,JP,,2020-07-06,2020-07-06,2020-03-03T00:07:35,2020-03-03T00:07:35
1693,36.51,,59,29,False,True,AU,CA,2020-08-15,2020-08-15,2021-06-29T00:52:01,2021-06-29T00:52:01
1694,87.15,13.35,72,2,False,False,UK,UK,2023-05-24,2023-05-24,2022-12-29T13:49:58,2022-12-29T13:49:58
1695,17.27,60.03,108,11,True,False,DE,UK,2021-07-02,2021-07-02,2023-12-15T04:14:45,2023-12-15T04:14:45
1696,82.22,89.47,80,108,False,,JP,CA,2021-02-23,2021-02-23,2024-01-17T03:05:09,2024-01-17T03:05:09
1697,72.24,42.98,57,103,True,False,FR,DE,2021-04-17,2021-04-17,2022-06-20T19:15:45,2022-06-20T19:15:45
1698,14.79,89.84,114,110,False,True,FR,BR,2020-02-14,2020-02-14,2021-06-15T08:25:50,2021-06-15T08:25:50
1699,88.72,16.48,99,9,False,False,FR,DE,2020-05-24,2020-05-24,2023-05-29T01:01:32,2023-05-29T01:01:32
1700,60.91,86.37,61,111,False,False,BR,UK,2020-04-10,2020-04-10,2024-11-01T17:51:40,
1701,13.07,36.73,87,29,False,False,CA,AU,2021-10-27,2021-10-27,2020-11-04T03:52:30,2020-11-04T03:52:30
1702,55.05,74.1,36,84,True,False,DE,JP,2022-09-05,2022-09-05,2024-04-05T18:11:30,2024-04-05T18:11:30
1703,82.44,,72,106,False,True,JP,,2024-10-27,2024-10-27,2022-01-02T01:47:41,2022-01-02T01:47:41
1704,25.36,95.58,87,53,True,True,DE,DE,2024-08-13,2024-08-13,2024-02-15T02:56:36,2024-02-15T02:56:36
1705,98.38,,56,113,True,False,JP,CA,2021-08-31,2021-08-31,2021-01-17T01:21:56,2021-01-17T01:21:56
1706,40.38,35.14,70,116,False,True,FR,DE,2020-12-30,2020-12-30,2021-11-03T11:59:40,2021-11-03T11:59:40
1707,61.96,78.24,77,,True,False,UK,JP,2024-03-12,2024-03-12,2023-06-20T21:40:35,2023-06-20T21:40:35
1708,70.23,32.15,62,34,False,False,US,CA,2020-11-27,2020-11-27,2023-12-28T18:18:39,
1709,83.3,92.73,63,78,False,,BR,JP,2022-10-14,,2024-12-02T09:11:03,2024-12-02T09:11:03
1710,27.83,50.96,70,,True,True,DE,JP,2021-10-24,,2020-11-08T20:31:38,2020-11-08T20:31:38
1711,27.65,85.2,94,66,False,True,US,UK,2024-11-08,2024-11-08,2021-02-11T13:34:43,2021-02-11T13:34:43
1712,41.87,67.68,64,102,True,True,AU,JP,2020-05-17,2020-05-17,2020-11-20T20:04:58,2020-11-20T20:04:58
1713,76.79,52.75,43,69,False,False,JP,FR,2020-11-24,2020-11-24,2024-10-02T16:07:33,2024-10-02T16:07:33
1714,48.6,36.09,91,111,False,True,UK,US,2022-10-15,2022-10-15,2024-10-28T14:12:35,2024-10-28T14:12:35
1715,19.62,17.27,117,34,True,True,US,JP,2021-12-22,2021-12-22,2020-10-08T05:09:13,2020-10-08T05:09:13
1716,31.01,56.29,16,38,False,True,CA,DE,2021-05-08,2021-05-08,2021-12-03T08:02:54,2021-12-03T08:02:54
1717,0.75,21.31,66,104,False,True,BR,AU,2023-05-02,2023-05-02,2020-07-02T22:50:37,2020-07-02T22:50:37
1718,22.34,76.38,1,74,True,False,CA,US,2021-01-06,2021-01-06,2022-02-24T04:49:43,2022-02-24T04:49:43
1719,8.64,9.19,52,4,True,False,AU,UK,2023-06-26,2023-06-26,2022-11-09T03:04:01,2022-11-09T03:04:01
1720,36.52,72.1,41,50,False,False,UK,BR,2021-12-09,2021-12-09,2020-06-25T23:41:55,2020-06-25T23:41:55
1721,63.49,2.63,111,10,True,False,BR,AU,2023-10-31,2023-10-31,2022-12-23T04:25:21,2022-12-23T04:25:21
1722,44.92,70.37,110,11,False,True,US,BR,2022-05-28,2022-05-28,2023-08-10T10:06:03,2023-08-10T10:06:03
1723,18.42,78.03,37,,True,True,CA,JP,2022-11-03,2022-11-03,2022-11-12T07:02:04,
1724,65.27,40.0,12,15,False,False,DE,US,2022-06-30,2022-06-30,2023-12-01T03:31:40,2023-12-01T03:31:40
1725,3.39,45.43,99,89,True,False,FR,FR,2024-03-11,2024-03-11,2021-12-20T02:08:31,2021-12-20T02:08:31
1726,5.7,11.21,42,80,True,True,CA,UK,2021-04-19,2021-04-19,2020-08-21T18:52:53,2020-08-21T18:52:53
1727,64.66,,12,57,True,False,AU,FR,2021-03-04,2021-03-04,2021-01-01T03:27:20,2021-01-01T03:27:20
1728,57.77,,60,32,False,False,BR,AU,2021-09-23,2021-09-23,2023-02-10T21:30:54,2023-02-10T21:30:54
1729,21.67,79.92,68,0,True,True,US,BR,2022-04-18,2022-04-18,2024-11-13T20:15:43,2024-11-13T20:15:43
1730,25.3,89.91,0,73,False,False,AU,DE,2020-05-27,2020-05-27,2024-04-15T15:02:49,2024-04-15T15:02:49
1731,71.08,5.63,68,,True,,FR,CA,2020-10-11,2020-10-11,2024-04-28T21:42:03,2024-04-28T21:42:03
1732,20.72,70.55,85,,True,False,UK,FR,2023-09-20,2023-09-20,2023-02-07T15:59:22,2023-02-07T15:59:22
1733,78.78,92.69,33,33,True,True,UK,US,2024-10-13,2024-10-13,2023-05-07T20:55:45,2023-05-07T20:55:45
1734,4.6,,24,62,True,True,AU,UK,2022-03-29,,2020-06-02T11:30:08,2020-06-02T11:30:08
1735,83.97,41.52,53,72,True,False,FR,CA,2023-07-14,2023-07-14,2020-09-03T18:08:15,2020-09-03T18:08:15
1736,18.99,62.64,29,71,False,,FR,JP,2024-07-01,2024-07-01,2024-11-18T05:24:27,2024-11-18T05:24:27
1737,39.88,6.8,33,59,False,False,UK,CA,2024-03-31,2024-03-31,2021-08-14T20:27:29,2021-08-14T20:27:29
1738,21.85,47.97,25,58,True,False,JP,JP,2020-06-05,2020-06-05,2020-09-14T12:30:57,2020-09-14T12:30:57
1739,90.2,96.89,17,51,False,False,UK,FR,2024-03-18,2024-03-18,2020-02-11T12:28:51,2020-02-11T12:28:51
1740,96.94,99.96,21,105,True,True,BR,DE,2023-12-09,2023-12-09,2022-07-18T03:20:36,
1741,98.15,4.85,84,36,True,True,AU,CA,2022-03-11,2022-03-11,2023-03-07T23:23:47,2023-03-07T23:23:47
1742,83.16,62.74,10,16,False,False,AU,AU,2020-07-24,2020-07-24,2021-10-23T13:06:22,2021-10-23T13:06:22
1743,15.92,4.28,110,119,False,False,DE,DE,2020-02-02,2020-02-02,2022-05-27T13:01:56,2022-05-27T13:01:56
1744,94.41,53.97,93,1,False,True,UK,CA,2023-08-18,2023-08-18,2021-11-13T22:53:14,
1745,71.98,,108,52,True,False,UK,AU,2024-06-16,2024-06-16,2021-05-11T04:42:29,2021-05-11T04:42:29
1746,44.46,65.63,47,86,True,False,DE,US,2022-06-20,2022-06-20,2022-08-11T07:35:59,2022-08-11T07:35:59
1747,82.44,82.11,87,77,True,True,DE,AU,2024-04-12,2024-04-12,2022-09-21T23:19:35,2022-09-21T23:19:35
1748,29.15,68.69,85,97,False,True,DE,JP,2024-11-12,2024-11-12,2024-09-04T12:01:51,2024-09-04T12:01:51
1749,33.82,56.25,45,,True,False,CA,US,2024-06-08,2024-06-08,2022-12-03T20:06:29,2022-12-03T20:06:29
1750,98.45,62.85,36,27,False,False,DE,DE,2023-08-08,2023-08-08,2021-10-08T18:57:36,2021-10-08T18:57:36
1751,79.49,79.05,17,37,False,True,JP,JP,2023-02-11,2023-02-11,2022-03-13T02:00:02,2022-03-13T02:00:02
1752,63.64,8.99,20,3,True,True,DE,FR,2024-02-24,2024-02-24,2024-08-24T07:52:42,2024-08-24T07:52:42
1753,43.61,88.24,36,18,False,False,UK,,2020-04-12,2020-04-12,2023-05-12T02:17:19,2023-05-12T02:17:19
1754,64.46,,76,,False,True,UK,US,2024-06-26,2024-06-26,2020-12-26T07:41:13,
1755,83.11,37.61,41,63,False,False,JP,BR,2022-05-10,2022-05-10,2022-04-01T00:14:00,2022-04-01T00:14:00
1756,69.49,98.79,109,35,True,False,FR,AU,2023-08-05,,2024-07-16T21:23:24,2024-07-16T21:23:24
1757,97.36,65.34,88,64,False,True,UK,AU,2022-12-22,2022-12-22,2020-02-20T07:34:05,2020-02-20T07:34:05
1758,59.94,33.23,0,116,True,False,US,BR,2024-09-24,,2020-02-18T03:07:35,
1759,82.38,99.18,72,48,True,True,DE,CA,2021-06-17,2021-06-17,2020-08-11T08:56:33,
1760,6.06,28.2,4,13,False,False,US,BR,2022-06-12,2022-06-12,2023-05-27T10:23:12,2023-05-27T10:23:12
1761,78.3,,84,,False,False,DE,CA,2022-07-07,2022-07-07,2022-03-30T19:09:02,2022-03-30T19:09:02
1762,55.47,4.59,44,112,False,False,UK,DE,2020-11-17,2020-11-17,2020-07-09T21:50:22,2020-07-09T21:50:22
1763,38.42,71.78,60,51,True,True,JP,DE,2024-05-20,2024-05-20,2024-03-25T22:28:13,2024-03-25T22:28:13
1764,81.77,87.04,17,30,False,True,JP,AU,2020-02-25,2020-02-25,2022-08-28T10:52:58,2022-08-28T10:52:58
1765,87.62,26.67,55,10,True,False,BR,FR,2021-06-25,2021-06-25,2022-12-09T14:13:03,2022-12-09T14:13:03
1766,72.98,42.73,108,31,True,True,UK,DE,2021-07-10,2021-07-10,2023-09-08T12:56:27,2023-09-08T12:56:27
1767,58.69,88.37,65,61,False,False,DE,FR,2023-09-11,2023-09-11,2022-05-07T15:02:54,2022-05-07T15:02:54
1768,1.39,18.55,74,49,True,True,JP,DE,2021-09-12,2021-09-12,2024-08-27T23:12:48,2024-08-27T23:12:48
1769,52.93,,17,100,True,True,AU,BR,2023-10-19,2023-10-19,2021-01-08T22:03:46,2021-01-08T22:03:46
1770,53.4,75.4,15,51,False,True,JP,AU,2023-03-29,2023-03-29,2021-01-31T00:25:46,2021-01-31T00:25:46
1771,99.52,97.29,66,91,False,False,CA,CA,2022-04-28,2022-04-28,2023-04-22T21:14:32,2023-04-22T21:14:32
1772,75.84,61.06,107,57,True,False,AU,BR,2022-08-25,2022-08-25,2023-02-02T01:11:38,2023-02-02T01:11:38
1773,42.47,55.53,98,107,True,True,JP,CA,2023-01-22,2023-01-22,2020-09-25T01:38:44,2020-09-25T01:38:44
1774,3.34,,70,,True,True,JP,JP,2020-11-04,2020-11-04,2024-06-28T12:06:05,2024-06-28T12:06:05
1775,38.69,,103,22,True,False,CA,JP,2021-11-24,2021-11-24,2023-06-19T10:16:41,
1776,15.84,0.58,112,34,False,True,AU,FR,2020-12-26,2020-12-26,2022-01-29T22:06:33,2022-01-29T22:06:33
1777,41.04,95.72,30,94,True,True,FR,CA,2024-12-24,2024-12-24,2022-05-04T11:37:38,
1778,87.45,,118,,True,True,JP,CA,2024-02-17,2024-02-17,2024-02-06T00:10:20,2024-02-06T00:10:20
1779,65.27,,54,78,True,,US,FR,2021-12-14,2021-12-14,2024-09-13T15:27:08,2024-09-13T15:27:08
1780,9.79,84.08,88,,True,True,CA,FR,2022-01-25,2022-01-25,2024-02-29T22:19:44,2024-02-29T22:19:44
1781,61.54,43.97,74,61,False,True,FR,UK,2023-01-22,2023-01-22,2023-07-01T04:44:35,2023-07-01T04:44:35
1782,94.7,63.95,75,99,False,True,UK,DE,2022-08-31,2022-08-31,2021-06-29T17:20:04,2021-06-29T17:20:04
1783,13.94,28.19,48,111,False,False,CA,BR,2021-11-02,2021-11-02,2021-04-04T01:36:01,2021-04-04T01:36:01
1784,13.02,,13,110,True,False,AU,DE,2021-02-17,2021-02-17,2021-06-05T18:59:29,2021-06-05T18:59:29
1785,97.71,,66,57,False,True,AU,US,2024-12-05,2024-12-05,2020-06-06T18:11:38,2020-06-06T18:11:38
1786,70.31,54.76,10,,True,False,US,JP,2024-11-25,2024-11-25,2021-07-26T03:52:21,
1787,70.92,84.4,106,37,False,False,FR,DE,2024-01-20,2024-01-20,2020-11-26T10:11:40,2020-11-26T10:11:40
1788,61.17,11.16,115,94,False,False,UK,BR,2022-02-18,2022-02-18,2023-06-22T20:27:33,2023-06-22T20:27:33
1789,51.6,56.19,118,7,True,True,UK,DE,2024-04-19,,2020-06-10T09:06:33,2020-06-10T09:06:33
1790,9.83,24.8,45,6,False,False,JP,JP,2021-12-18,2021-12-18,2024-06-02T14:30:00,2024-06-02T14:30:00
1791,72.15,58.22,37,18,False,False,AU,,2021-06-30,2021-06-30,2024-11-19T20:53:07,
1792,66.9,99.38,97,98,True,False,JP,DE,2022-01-04,2022-01-04,2024-10-26T10:05:29,2024-10-26T10:05:29
1793,36.8,95.04,79,105,False,False,DE,BR,2022-08-24,2022-08-24,2021-12-18T01:14:50,
1794,68.01,29.9,86,75,True,False,CA,UK,2021-07-11,2021-07-11,2024-01-25T18:24:58,
1795,97.13,31.24,21,0,False,True,AU,BR,2020-04-04,2020-04-04,2024-07-08T14:28:06,2024-07-08T14:28:06
1796,26.47,96.65,22,41,True,False,CA,,2023-12-12,2023-12-12,2022-02-15T21:06:00,
1797,14.94,29.47,96,,False,True,UK,AU,2020-02-15,2020-02-15,2021-08-12T11:44:40,2021-08-12T11:44:40
1798,72.26,71.26,86,,False,False,US,BR,2021-02-04,2021-02-04,2020-11-11T13:41:19,2020-11-11T13:41:19
1799,59.97,78.16,70,13,False,True,CA,DE,2021-10-13,2021-10-13,2023-01-02T22:30:26,2023-01-02T22:30:26
1800,46.66,4.11,48,51,True,False,BR,DE,2020-11-19,2020-11-19,2021-10-11T20:00:30,2021-10-11T20:00:30
1801,12.84,51.45,58,60,False,True,CA,US,2020-05-26,2020-05-26,2023-01-10T03:32:09,2023-01-10T03:32:09
1802,19.41,14.86,14,34,True,False,US,US,2023-07-26,2023-07-26,2021-11-06T07:31:29,
1803,78.36,66.0,28,61,False,True,AU,FR,2024-04-17,2024-04-17,2022-10-03T08:31:51,2022-10-03T08:31:51
1804,99.59,92.89,11,69,True,False,BR,FR,2024-09-14,2024-09-14,2022-03-03T12:00:03,2022-03-03T12:00:03
1805,61.57,11.6,74,87,False,True,JP,UK,2024-08-01,2024-08-01,2020-10-07T01:02:18,2020-10-07T01:02:18
1806,28.38,67.17,52,,False,,AU,DE,2024-03-19,2024-03-19,2024-09-08T05:50:03,
1807,64.81,31.7,3,77,False,,US,AU,2020-05-14,,2021-02-24T02:01:17,2021-02-24T02:01:17
1808,68.13,15.36,51,77,True,True,CA,AU,2023-07-04,2023-07-04,2024-03-29T07:49:44,
1809,80.03,74.89,8,19,True,False,AU,FR,2024-03-01,2024-03-01,2022-04-07T04:46:17,2022-04-07T04:46:17
1810,36.07,97.5,105,51,False,True,JP,FR,2021-09-04,2021-09-04,2020-10-27T03:03:51,2020-10-27T03:03:51
1811,31.49,40.26,53,55,False,False,US,UK,2024-10-06,2024-10-06,2020-11-22T23:26:44,2020-11-22T23:26:44
1812,50.62,25.33,103,43,True,True,FR,CA,2023-06-11,2023-06-11,2020-04-15T01:01:09,2020-04-15T01:01:09
1813,50.47,,51,82,False,False,BR,AU,2024-10-15,2024-10-15,2023-03-31T09:19:36,2023-03-31T09:19:36
1814,64.19,21.05,39,24,True,False,JP,JP,2023-06-17,2023-06-17,2024-12-20T11:56:38,2024-12-20T11:56:38
1815,72.32,49.85,91,56,False,True,US,JP,2022-12-10,2022-12-10,2022-08-19T07:20:55,2022-08-19T07:20:55
1816,92.8,31.03,81,109,False,True,DE,US,2020-09-13,2020-09-13,2023-05-05T09:02:24,2023-05-05T09:02:24
1817,22.34,37.55,68,50,False,False,FR,FR,2021-04-22,,2020-04-03T05:21:29,2020-04-03T05:21:29
1818,64.35,,58,33,False,True,US,BR,2024-03-22,2024-03-22,2020-08-08T22:02:25,2020-08-08T22:02:25
1819,49.68,52.43,63,54,True,False,BR,DE,2020-11-28,2020-11-28,2021-10-11T22:28:42,2021-10-11T22:28:42
1820,77.82,97.54,34,54,True,True,FR,BR,2022-09-02,2022-09-02,2023-11-06T16:15:26,2023-11-06T16:15:26
1821,21.05,43.91,45,94,False,False,UK,FR,2024-11-19,2024-11-19,2021-01-15T21:50:01,2021-01-15T21:50:01
1822,12.13,1.51,82,52,True,True,UK,CA,2020-06-10,2020-06-10,2024-05-01T21:06:08,2024-05-01T21:06:08
1823,43.11,45.28,8,23,True,False,DE,CA,2023-11-16,2023-11-16,2023-04-19T18:34:08,2023-04-19T18:34:08
1824,25.86,,98,15,True,True,AU,CA,2024-06-05,,2020-02-07T20:12:30,2020-02-07T20:12:30
1825,8.74,23.6,41,40,True,False,US,AU,2020-05-29,,2024-01-20T19:11:09,2024-01-20T19:11:09
1826,66.43,99.02,115,87,False,True,FR,US,2023-06-24,2023-06-24,2021-04-01T21:11:44,2021-04-01T21:11:44
1827,58.85,64.94,119,,True,True,DE,BR,2021-06-26,2021-06-26,2020-07-13T19:30:17,2020-07-13T19:30:17
1828,43.53,,28,116,False,False,DE,AU,2023-07-16,2023-07-16,2020-12-05T14:53:07,2020-12-05T14:53:07
1829,85.51,98.81,3,76,True,True,DE,FR,2023-02-05,2023-02-05,2022-06-05T23:12:19,2022-06-05T23:12:19
1830,78.75,97.64,112,15,True,,CA,CA,2024-02-20,2024-02-20,2022-04-03T05:59:35,2022-04-03T05:59:35
1831,48.21,18.51,91,34,True,True,CA,UK,2024-06-14,2024-06-14,2024-02-24T08:33:18,2024-02-24T08:33:18
1832,38.95,,105,6,False,False,JP,CA,2023-08-02,2023-08-02,2024-01-05T00:16:44,2024-01-05T00:16:44
1833,69.89,86.37,55,103,False,,CA,FR,2023-02-04,2023-02-04,2020-11-14T22:21:13,2020-11-14T22:21:13
1834,21.63,87.11,106,,True,True,UK,,2020-08-18,2020-08-18,2022-10-24T04:08:57,2022-10-24T04:08:57
1835,33.07,2.88,114,20,False,True,FR,US,2021-12-15,2021-12-15,2023-06-14T07:57:30,
1836,55.65,82.13,14,84,True,True,BR,JP,2022-12-13,2022-12-13,2024-02-15T10:18:05,2024-02-15T10:18:05
1837,9.7,8.19,102,118,True,True,UK,FR,2024-11-26,2024-11-26,2021-08-27T14:11:42,2021-08-27T14:11:42
1838,59.29,70.62,38,63,True,True,UK,JP,2023-07-12,2023-07-12,2023-01-22T06:38:34,2023-01-22T06:38:34
1839,13.4,77.0,88,32,False,False,BR,,2022-11-23,,2023-07-06T13:37:47,2023-07-06T13:37:47
1840,38.26,71.79,92,45,False,True,JP,FR,2023-02-08,2023-02-08,2022-06-03T12:10:48,2022-06-03T12:10:48
1841,11.3,52.48,15,66,False,True,UK,DE,2022-05-22,2022-05-22,2024-01-18T02:50:09,2024-01-18T02:50:09
1842,32.14,57.52,41,98,False,False,US,UK,2024-03-08,2024-03-08,2023-05-09T03:02:23,2023-05-09T03:02:23
1843,94.0,67.23,22,94,True,False,JP,DE,2022-04-10,2022-04-10,2023-03-20T04:19:25,2023-03-20T04:19:25
1844,31.35,1.33,94,100,False,True,UK,CA,2020-12-01,2020-12-01,2021-06-07T18:49:27,2021-06-07T18:49:27
1845,38.66,11.53,30,88,False,,BR,BR,2020-02-26,2020-02-26,2024-04-21T10:44:32,2024-04-21T10:44:32
1846,79.34,56.75,71,24,True,False,AU,AU,2022-11-01,2022-11-01,2021-12-04T17:35:00,2021-12-04T17:35:00
1847,18.58,26.48,82,72,False,,DE,CA,2022-02-16,2022-02-16,2021-06-03T20:08:28,2021-06-03T20:08:28
1848,30.92,0.57,16,114,True,True,CA,JP,2023-09-12,2023-09-12,2022-12-02T13:10:12,2022-12-02T13:10:12
1849,82.28,90.04,20,,True,,FR,JP,2020-01-04,2020-01-04,2023-06-08T18:55:44,2023-06-08T18:55:44
1850,31.57,23.58,101,112,False,False,AU,UK,2022-05-07,2022-05-07,2022-04-22T02:43:43,2022-04-22T02:43:43
1851,44.89,65.45,79,52,False,True,DE,,2022-03-12,2022-03-12,2024-08-02T16:36:20,2024-08-02T16:36:20
1852,10.21,87.04,78,85,True,False,UK,UK,2020-06-15,2020-06-15,2020-05-24T03:55:33,2020-05-24T03:55:33
1853,73.51,0.79,99,115,False,False,DE,UK,2021-10-10,2021-10-10,2023-11-29T06:17:25,2023-11-29T06:17:25
1854,72.79,13.59,5,29,False,True,UK,CA,2022-12-29,2022-12-29,2023-05-07T14:25:20,2023-05-07T14:25:20
1855,63.74,,107,,False,False,DE,CA,2021-04-30,,2022-06-08T03:10:17,2022-06-08T03:10:17
1856,25.37,59.12,88,38,False,False,CA,DE,2023-12-12,,2023-08-07T03:03:38,2023-08-07T03:03:38
1857,51.67,25.36,60,85,False,False,CA,FR,2023-12-11,,2021-06-06T02:35:04,2021-06-06T02:35:04
1858,79.02,91.44,39,27,False,True,BR,,2021-02-16,,2021-02-26T06:13:44,2021-02-26T06:13:44
1859,12.65,56.18,105,96,True,,BR,FR,2021-07-16,2021-07-16,2024-08-09T01:30:40,2024-08-09T01:30:40
1860,35.73,11.09,59,12,True,True,AU,BR,2021-08-26,2021-08-26,2024-12-17T21:10:08,2024-12-17T21:10:08
1861,67.78,89.87,6,84,True,False,UK,DE,2020-07-26,2020-07-26,2023-08-01T09:44:01,2023-08-01T09:44:01
1862,45.05,44.71,39,99,False,True,US,UK,2021-02-16,2021-02-16,2021-10-30T16:24:36,2021-10-30T16:24:36
1863,18.03,67.34,66,44,True,False,BR,JP,2020-06-22,2020-06-22,2022-05-29T12:24:15,2022-05-29T12:24:15
1864,40.95,96.39,43,61,True,False,UK,AU,2021-04-05,2021-04-05,2022-04-21T01:07:07,2022-04-21T01:07:07
1865,53.3,38.72,103,109,False,True,BR,,2022-11-10,2022-11-10,2023-09-16T03:22:11,
1866,33.91,38.08,68,48,True,True,FR,CA,2022-07-08,2022-07-08,2023-07-16T13:48:03,2023-07-16T13:48:03
1867,71.35,29.4,14,7,False,True,BR,UK,2024-11-21,2024-11-21,2023-06-25T16:05:52,2023-06-25T16:05:52
1868,83.76,82.43,59,94,True,False,FR,CA,2022-10-13,2022-10-13,2020-11-16T16:23:18,2020-11-16T16:23:18
1869,54.58,65.69,93,24,False,False,BR,AU,2023-04-23,2023-04-23,2021-11-07T14:26:42,2021-11-07T14:26:42
1870,54.0,47.82,43,,False,True,FR,FR,2021-06-14,2021-06-14,2024-05-14T13:35:34,2024-05-14T13:35:34
1871,26.52,94.38,98,59,True,False,BR,US,2022-04-06,,2023-04-25T02:09:12,2023-04-25T02:09:12
1872,7.45,80.69,115,96,True,True,JP,JP,2024-05-17,2024-05-17,2023-05-02T11:02:17,2023-05-02T11:02:17
1873,60.83,21.72,77,99,True,,FR,DE,2024-08-01,2024-08-01,2022-07-26T19:06:24,2022-07-26T19:06:24
1874,8.28,72.87,42,29,True,True,UK,CA,2022-01-06,2022-01-06,2020-03-24T03:11:09,2020-03-24T03:11:09
1875,77.14,87.88,40,9,True,False,US,DE,2022-06-14,2022-06-14,2024-10-09T09:41:19,2024-10-09T09:41:19
1876,34.05,25.24,18,,True,True,US,BR,2021-05-12,2021-05-12,2021-12-11T22:55:42,2021-12-11T22:55:42
1877,14.96,0.34,43,55,False,True,UK,JP,2021-10-19,2021-10-19,2023-04-21T21:30:32,
1878,24.21,87.41,11,9,False,False,BR,UK,2023-07-31,2023-07-31,2022-03-22T23:23:21,2022-03-22T23:23:21
1879,40.0,,80,10,True,True,CA,US,2021-10-19,2021-10-19,2022-01-23T13:49:31,2022-01-23T13:49:31
1880,30.26,95.1,56,,False,False,AU,BR,2022-04-29,2022-04-29,2024-07-04T13:47:49,2024-07-04T13:47:49
1881,53.26,51.96,77,13,False,False,FR,AU,2024-05-29,2024-05-29,2021-02-05T18:13:17,2021-02-05T18:13:17
1882,0.27,44.11,111,59,True,,FR,AU,2022-06-04,2022-06-04,2023-07-23T01:08:57,2023-07-23T01:08:57
1883,16.05,18.21,12,23,False,True,US,DE,2022-03-12,2022-03-12,2021-10-27T00:01:23,2021-10-27T00:01:23
1884,0.4,,66,63,False,True,US,BR,2020-12-11,2020-12-11,2024-05-13T13:23:53,2024-05-13T13:23:53
1885,12.52,96.1,69,59,True,False,US,UK,2022-12-16,2022-12-16,2022-04-17T10:42:47,2022-04-17T10:42:47
1886,62.12,31.14,102,,True,True,JP,JP,2021-11-08,,2024-09-28T07:23:05,2024-09-28T07:23:05
1887,80.75,76.6,30,40,True,False,US,FR,2023-04-09,,2021-02-09T14:05:40,2021-02-09T14:05:40
1888,53.41,45.67,44,92,True,True,US,CA,2020-11-30,2020-11-30,2022-12-22T19:58:48,2022-12-22T19:58:48
1889,82.92,20.83,72,48,True,False,CA,DE,2023-12-24,2023-12-24,2024-04-23T21:45:36,2024-04-23T21:45:36
1890,35.05,38.17,10,35,True,True,US,JP,2020-12-19,2020-12-19,2021-01-21T11:49:33,
1891,23.87,0.31,1,39,True,False,UK,FR,2020-03-20,2020-03-20,2023-03-14T23:33:25,2023-03-14T23:33:25
1892,12.46,7.27,89,86,True,,AU,,2022-10-06,2022-10-06,2020-02-26T04:21:51,2020-02-26T04:21:51
1893,1.3,27.39,12,95,False,True,DE,AU,2021-03-28,2021-03-28,2023-11-15T10:11:58,2023-11-15T10:11:58
1894,33.79,73.07,49,51,True,True,US,UK,2024-12-29,2024-12-29,2023-09-16T03:28:37,2023-09-16T03:28:37
1895,12.04,62.24,96,50,True,True,AU,JP,2024-08-16,2024-08-16,2020-02-17T00:02:21,2020-02-17T00:02:21
1896,44.82,97.81,57,100,True,True,UK,JP,2021-09-10,2021-09-10,2021-01-04T13:56:38,2021-01-04T13:56:38
1897,39.53,22.15,90,11,False,True,US,CA,2022-10-22,2022-10-22,2022-07-24T18:05:52,
1898,74.71,23.38,117,,True,False,FR,AU,2023-07-30,2023-07-30,2023-08-14T06:35:49,
1899,48.53,94.71,42,,False,False,JP,FR,2020-02-04,2020-02-04,2023-08-26T16:47:06,2023-08-26T16:47:06
1900,69.76,21.85,38,,True,False,US,UK,2020-01-18,2020-01-18,2023-10-24T23:42:32,2023-10-24T23:42:32
1901,75.94,4.16,40,,False,,DE,DE,2024-09-07,2024-09-07,2024-11-27T21:14:24,
1902,24.1,24.12,43,0,True,True,FR,US,2024-03-27,2024-03-27,2024-02-16T23:03:18,2024-02-16T23:03:18
1903,37.53,77.6,83,108,False,False,FR,US,2021-05-14,,2022-04-14T20:55:36,2022-04-14T20:55:36
1904,6.25,58.47,26,34,True,False,CA,DE,2022-03-01,2022-03-01,2023-05-08T00:53:32,2023-05-08T00:53:32
1905,59.6,72.38,50,4,True,True,AU,AU,2024-03-05,2024-03-05,2022-07-01T19:52:59,2022-07-01T19:52:59
1906,52.35,57.46,91,80,False,False,CA,DE,2023-03-23,2023-03-23,2023-03-28T21:39:11,2023-03-28T21:39:11
1907,4.15,66.51,2,47,False,True,FR,DE,2023-04-03,2023-04-03,2022-05-18T04:29:19,2022-05-18T04:29:19
1908,11.35,99.37,58,119,False,False,DE,FR,2022-04-06,2022-04-06,2023-12-05T07:09:48,2023-12-05T07:09:48
1909,62.45,79.69,43,26,False,False,AU,DE,2021-05-17,,2020-10-11T16:00:11,2020-10-11T16:00:11
1910,31.45,67.05,93,25,False,False,AU,JP,2022-09-03,2022-09-03,2020-06-01T12:18:58,2020-06-01T12:18:58
1911,56.97,89.41,33,90,False,False,AU,UK,2022-10-29,2022-10-29,2023-10-05T07:11:17,2023-10-05T07:11:17
1912,45.46,65.18,61,45,False,True,JP,DE,2024-09-25,2024-09-25,2024-02-21T18:07:01,2024-02-21T18:07:01
1913,62.76,38.71,43,17,False,False,FR,AU,2020-12-08,2020-12-08,2023-01-10T09:56:15,2023-01-10T09:56:15
1914,62.87,73.09,53,84,True,True,AU,DE,2022-06-05,2022-06-05,2020-03-29T13:37:28,2020-03-29T13:37:28
1915,72.93,52.2,15,10,False,False,JP,,2024-03-30,2024-03-30,2023-04-12T09:58:28,
1916,50.47,81.64,26,116,True,True,AU,DE,2023-03-05,2023-03-05,2020-03-11T04:40:20,2020-03-11T04:40:20
1917,98.97,23.25,58,71,False,True,BR,CA,2021-06-29,2021-06-29,2021-09-09T10:23:57,2021-09-09T10:23:57
1918,7.99,22.84,94,,True,,BR,,2023-04-07,2023-04-07,2023-09-08T13:56:14,2023-09-08T13:56:14
1919,32.14,2.45,39,75,False,True,JP,US,2021-04-28,,2022-12-01T04:34:00,2022-12-01T04:34:00
1920,57.23,3.29,13,,True,False,BR,,2022-11-02,2022-11-02,2024-01-25T17:25:59,2024-01-25T17:25:59
1921,51.11,39.65,4,110,False,True,CA,JP,2020-10-31,2020-10-31,2021-11-19T03:14:21,2021-11-19T03:14:21
1922,50.91,41.19,40,17,False,True,BR,CA,2020-04-13,,2022-05-14T06:47:28,2022-05-14T06:47:28
1923,4.93,21.81,24,57,False,True,DE,AU,2024-12-12,2024-12-12,2024-05-02T13:59:25,2024-05-02T13:59:25
1924,26.35,32.17,107,7,True,True,UK,FR,2022-04-15,2022-04-15,2023-04-06T12:44:00,2023-04-06T12:44:00
1925,94.75,,74,78,False,,BR,,2023-02-19,2023-02-19,2021-05-02T06:40:19,2021-05-02T06:40:19
1926,3.37,5.34,65,97,True,True,DE,DE,2020-07-24,2020-07-24,2024-02-06T11:16:16,2024-02-06T11:16:16
1927,64.07,10.21,112,0,False,False,US,DE,2022-11-21,2022-11-21,2023-07-11T04:04:37,2023-07-11T04:04:37
1928,62.01,50.87,99,64,False,True,JP,JP,2021-02-27,2021-02-27,2024-05-21T15:42:32,
1929,43.41,79.6,18,42,True,True,JP,UK,2020-11-15,2020-11-15,2021-11-15T03:20:35,2021-11-15T03:20:35
1930,46.59,65.95,21,53,True,True,CA,AU,2024-03-16,2024-03-16,2022-06-24T20:03:31,2022-06-24T20:03:31
1931,31.57,68.65,84,59,False,False,US,BR,2023-10-14,2023-10-14,2021-01-23T09:55:12,
1932,21.16,62.63,78,115,True,True,US,AU,2022-02-07,2022-02-07,2022-09-04T08:27:25,2022-09-04T08:27:25
1933,0.56,24.29,2,96,False,False,DE,,2024-08-02,2024-08-02,2022-09-15T02:07:03,2022-09-15T02:07:03
1934,98.09,36.27,68,86,False,,BR,UK,2020-12-31,,2024-09-03T11:52:35,
1935,11.08,67.99,37,33,True,False,FR,,2022-12-24,,2020-02-05T09:38:30,2020-02-05T09:38:30
1936,99.04,34.88,87,0,True,False,UK,CA,2024-01-28,2024-01-28,2022-05-03T16:36:38,2022-05-03T16:36:38
1937,88.01,88.26,38,71,True,True,UK,CA,2024-03-06,2024-03-06,2024-07-09T15:14:00,2024-07-09T15:14:00
1938,76.07,27.36,9,109,True,False,FR,,2020-11-27,,2023-06-15T22:09:11,2023-06-15T22:09:11
1939,60.85,,28,87,False,True,UK,JP,2020-06-24,2020-06-24,2021-02-16T05:16:18,2021-02-16T05:16:18
1940,15.86,52.49,61,32,True,False,UK,CA,2021-10-24,2021-10-24,2022-05-01T07:38:10,2022-05-01T07:38:10
1941,29.16,90.36,60,42,True,False,DE,DE,2021-09-22,2021-09-22,2022-08-11T12:44:09,2022-08-11T12:44:09
1942,63.5,75.71,47,41,True,,UK,BR,2024-01-03,2024-01-03,2023-11-01T15:20:59,2023-11-01T15:20:59
1943,91.08,78.24,88,117,True,True,AU,FR,2022-11-11,2022-11-11,2023-01-19T01:54:14,2023-01-19T01:54:14
1944,18.49,82.24,25,117,False,False,AU,JP,2022-10-27,,2021-10-30T23:40:14,2021-10-30T23:40:14
1945,16.21,52.89,33,38,True,,FR,JP,2024-01-29,2024-01-29,2021-08-14T00:36:03,2021-08-14T00:36:03
1946,15.18,2.75,38,,False,True,FR,DE,2024-06-14,2024-06-14,2022-01-31T18:56:26,2022-01-31T18:56:26
1947,98.39,54.0,110,47,True,True,UK,JP,2022-12-31,2022-12-31,2021-05-12T11:12:49,2021-05-12T11:12:49
1948,78.59,28.61,104,91,False,True,FR,JP,2020-04-08,2020-04-08,2021-08-20T15:56:34,2021-08-20T15:56:34
1949,17.38,34.95,90,115,True,False,US,,2021-09-05,2021-09-05,2023-05-01T18:27:02,2023-05-01T18:27:02
1950,96.93,77.08,62,86,False,False,AU,DE,2021-09-12,2021-09-12,2023-09-20T12:17:58,2023-09-20T12:17:58
1951,84.66,19.69,76,105,True,,BR,JP,2024-03-19,2024-03-19,2020-08-22T17:29:19,
1952,3.68,72.05,107,67,False,False,JP,US,2024-06-17,2024-06-17,2023-07-05T04:32:18,2023-07-05T04:32:18
1953,93.29,90.67,118,64,False,False,FR,JP,2021-10-18,2021-10-18,2022-11-28T20:37:26,2022-11-28T20:37:26
1954,80.28,48.47,11,105,False,False,US,JP,2022-11-11,2022-11-11,2021-10-03T08:07:17,2021-10-03T08:07:17
1955,13.66,1.09,0,22,True,False,UK,FR,2021-03-09,2021-03-09,2020-06-14T10:01:46,2020-06-14T10:01:46
1956,85.77,83.77,67,40,False,True,BR,DE,2024-04-30,2024-04-30,2020-11-23T15:14:01,2020-11-23T15:14:01
1957,18.3,30.45,45,13,True,True,JP,US,2022-07-26,2022-07-26,2023-08-16T09:55:44,2023-08-16T09:55:44
1958,57.39,62.18,85,39,True,False,DE,,2022-07-20,2022-07-20,2024-07-15T03:25:18,2024-07-15T03:25:18
1959,21.85,7.38,86,4,False,False,US,FR,2021-08-29,2021-08-29,2022-12-08T12:50:31,2022-12-08T12:50:31
1960,10.74,45.38,34,67,False,False,AU,BR,2020-01-25,2020-01-25,2021-03-05T11:26:08,2021-03-05T11:26:08
1961,76.84,98.5,12,56,True,True,JP,US,2024-12-14,2024-12-14,2020-05-11T21:29:25,
1962,33.36,91.72,39,,True,True,CA,CA,2020-03-27,2020-03-27,2022-07-11T16:06:52,2022-07-11T16:06:52
1963,32.5,,55,68,True,,JP,DE,2020-07-10,2020-07-10,2021-07-22T16:08:00,2021-07-22T16:08:00
1964,37.33,56.63,73,68,False,True,UK,BR,2021-02-16,2021-02-16,2020-05-11T14:55:21,2020-05-11T14:55:21
1965,64.16,54.99,24,61,False,True,CA,BR,2021-08-13,,2024-01-14T01:46:08,2024-01-14T01:46:08
1966,32.35,57.86,28,89,True,True,CA,JP,2021-01-03,2021-01-03,2021-09-27T03:38:49,2021-09-27T03:38:49
1967,23.04,61.97,93,51,True,True,BR,BR,2020-03-05,2020-03-05,2021-01-01T16:21:06,2021-01-01T16:21:06
1968,31.58,79.47,37,74,True,True,BR,BR,2023-04-22,2023-04-22,2022-09-09T17:23:50,2022-09-09T17:23:50
1969,78.46,78.01,73,13,False,True,DE,FR,2022-04-20,2022-04-20,2024-08-08T02:08:30,
1970,32.04,64.11,62,,False,True,US,FR,2021-04-05,2021-04-05,2022-10-03T07:51:48,2022-10-03T07:51:48
1971,37.32,14.26,47,8,True,False,CA,DE,2023-11-19,2023-11-19,2023-04-20T23:17:01,
1972,88.8,68.21,62,51,False,False,CA,US,2020-03-03,2020-03-03,2023-04-02T03:32:24,
1973,52.87,51.53,18,119,False,True,DE,UK,2024-06-25,2024-06-25,2022-04-13T20:10:45,
1974,65.39,44.43,4,54,True,False,JP,JP,2024-01-26,2024-01-26,2021-10-03T20:48:37,2021-10-03T20:48:37
1975,7.4,31.92,57,9,False,True,CA,CA,2020-11-30,2020-11-30,2023-08-14T11:23:59,2023-08-14T11:23:59
1976,85.54,76.91,104,93,True,,JP,,2023-09-01,2023-09-01,2024-08-31T13:49:50,2024-08-31T13:49:50
1977,53.63,45.46,117,70,False,True,CA,JP,2022-08-13,2022-08-13,2023-02-27T05:03:03,2023-02-27T05:03:03
1978,97.37,35.2,115,57,True,True,AU,FR,2023-03-17,2023-03-17,2022-09-27T02:48:57,2022-09-27T02:48:57
1979,88.46,60.56,72,66,False,True,UK,DE,2023-07-19,2023-07-19,2024-10-04T15:43:22,2024-10-04T15:43:22
1980,47.59,77.65,3,51,True,False,JP,US,2021-08-04,2021-08-04,2024-05-12T21:58:39,
1981,38.48,48.8,104,89,False,,JP,,2020-09-01,2020-09-01,2020-12-30T20:53:55,2020-12-30T20:53:55
1982,50.1,60.83,20,,False,,AU,JP,2024-03-02,,2024-09-17T22:03:41,2024-09-17T22:03:41
1983,67.85,93.1,100,103,False,False,CA,FR,2023-03-04,2023-03-04,2020-12-05T21:38:29,2020-12-05T21:38:29
1984,94.98,37.17,81,55,False,True,BR,CA,2024-01-04,2024-01-04,2023-10-19T12:30:03,2023-10-19T12:30:03
1985,30.55,33.82,20,116,False,True,BR,,2023-09-16,2023-09-16,2022-07-24T22:17:07,2022-07-24T22:17:07
1986,4.15,23.1,104,105,False,True,AU,BR,2021-07-29,2021-07-29,2023-09-09T11:18:58,2023-09-09T11:18:58
1987,1.83,94.97,43,99,True,True,UK,AU,2023-07-09,2023-07-09,2021-06-07T15:10:53,2021-06-07T15:10:53
1988,51.38,62.2,62,33,False,True,BR,JP,2022-04-22,2022-04-22,2023-04-28T13:40:55,2023-04-28T13:40:55
1989,9.93,53.84,29,27,True,True,DE,BR,2022-02-06,2022-02-06,2024-07-19T13:28:53,2024-07-19T13:28:53
1990,55.42,,96,21,True,True,US,,2023-09-16,,2021-12-12T07:14:41,2021-12-12T07:14:41
1991,21.61,63.55,101,106,False,True,CA,BR,2024-05-06,2024-05-06,2023-08-13T01:24:44,2023-08-13T01:24:44
1992,88.62,52.64,45,16,False,True,CA,,2023-06-27,2023-06-27,2022-09-20T18:07:16,2022-09-20T18:07:16
1993,63.58,81.15,83,40,False,,UK,BR,2020-08-30,2020-08-30,2023-07-28T00:45:00,2023-07-28T00:45:00
1994,59.43,51.63,70,4,True,False,US,AU,2022-09-07,2022-09-07,2020-01-29T13:09:50,
1995,52.48,60.99,104,94,True,False,JP,JP,2021-12-30,2021-12-30,2024-12-09T07:03:07,2024-12-09T07:03:07
1996,24.61,30.36,7,116,False,True,AU,DE,2023-04-14,2023-04-14,2021-02-09T21:05:21,
1997,89.94,27.73,100,54,True,False,BR,US,2023-12-08,2023-12-08,2022-07-25T03:59:03,2022-07-25T03:59:03
1998,19.21,5.66,24,104,False,False,DE,FR,2023-06-08,2023-06-08,2023-06-09T17:49:33,2023-06-09T17:49:33
1999,4.24,12.43,85,6,False,False,UK,DE,2021-05-07,2021-05-07,2021-09-06T01:26:52,2021-09-06T01:26:52
2000,46.29,,1,20,True,False,JP,CA,2024-08-05,2024-08-05,2020-03-27T06:20:59,2020-03-27T06:20:59
2001,9.78,74.19,97,90,True,,DE,BR,2021-04-22,2021-04-22,2021-05-22T15:10:25,2021-05-22T15:10:25
2002,86.78,47.98,112,24,False,,CA,FR,2020-11-10,2020-11-10,2023-10-06T00:37:13,2023-10-06T00:37:13
2003,36.94,2.17,1,105,True,True,CA,US,2023-08-14,,2024-06-14T01:16:16,2024-06-14T01:16:16
2004,26.61,91.79,103,95,True,False,JP,,2020-03-13,2020-03-13,2024-08-08T20:22:20,2024-08-08T20:22:20
2005,79.4,71.31,28,64,False,True,AU,,2022-04-29,2022-04-29,2023-04-20T21:13:15,2023-04-20T21:13:15
2006,49.5,22.74,108,29,True,True,CA,DE,2022-11-23,,2021-02-18T21:01:06,2021-02-18T21:01:06
2007,4.87,60.07,52,37,False,False,JP,BR,2023-05-06,2023-05-06,2022-05-09T17:04:45,2022-05-09T17:04:45
2008,78.87,76.53,55,,False,False,CA,BR,2020-07-07,2020-07-07,2022-04-28T19:48:50,
2009,54.94,,78,45,True,False,UK,FR,2023-07-18,2023-07-18,2023-11-21T05:47:25,2023-11-21T05:47:25
2010,54.01,8.05,49,56,True,False,BR,JP,2022-11-12,,2021-08-18T07:21:14,2021-08-18T07:21:14
2011,30.43,32.28,61,24,True,True,US,DE,2024-03-15,2024-03-15,2024-04-12T17:19:57,2024-04-12T17:19:57
2012,50.16,21.01,73,119,True,True,US,FR,2023-07-20,2023-07-20,2022-06-05T12:13:57,2022-06-05T12:13:57
2013,1.6,48.08,93,23,False,True,CA,,2021-02-26,2021-02-26,2024-09-16T23:44:27,2024-09-16T23:44:27
2014,31.89,59.61,33,,False,True,UK,UK,2024-03-19,2024-03-19,2024-10-01T18:53:43,2024-10-01T18:53:43
2015,79.84,31.72,101,,True,True,AU,UK,2021-05-09,2021-05-09,2021-07-08T03:07:57,2021-07-08T03:07:57
2016,23.94,73.69,46,46,True,False,DE,DE,2023-10-01,2023-10-01,2024-08-14T20:47:37,2024-08-14T20:47:37
2017,4.05,13.22,30,21,False,False,CA,US,2021-12-05,2021-12-05,2020-08-24T15:57:23,2020-08-24T15:57:23
2018,80.33,5.26,79,44,True,True,UK,,2023-01-17,2023-01-17,2021-04-06T15:49:54,2021-04-06T15:49:54
2019,88.22,86.82,28,46,False,True,AU,US,2024-07-29,2024-07-29,2020-01-14T22:13:13,2020-01-14T22:13:13
2020,26.66,25.83,75,17,True,True,AU,,2020-02-25,2020-02-25,2024-10-28T00:28:05,2024-10-28T00:28:05
2021,2.46,23.14,100,,True,,AU,,2024-07-26,,2024-12-22T19:56:04,
2022,22.87,26.76,40,95,False,,AU,US,2020-12-10,2020-12-10,2020-02-20T08:29:35,2020-02-20T08:29:35
2023,52.22,18.05,93,118,True,True,CA,DE,2020-12-24,,2022-02-03T14:02:27,2022-02-03T14:02:27
2024,2.16,59.73,37,75,True,True,US,CA,2023-11-30,2023-11-30,2020-04-14T14:16:20,2020-04-14T14:16:20
2025,56.03,43.06,112,15,False,False,US,FR,2023-12-28,2023-12-28,2021-09-16T18:07:57,2021-09-16T18:07:57
2026,20.8,69.42,96,98,True,True,JP,US,2020-08-18,2020-08-18,2021-04-06T00:38:07,2021-04-06T00:38:07
2027,21.01,74.41,98,67,False,False,AU,FR,2021-10-30,2021-10-30,2023-11-13T08:43:12,2023-11-13T08:43:12
2028,93.76,70.86,43,108,False,True,BR,FR,2022-11-16,2022-11-16,2021-12-20T17:13:43,
2029,93.57,17.68,33,19,True,False,JP,,2023-01-19,2023-01-19,2021-10-26T04:05:32,
2030,78.5,69.7,66,106,True,False,JP,DE,2024-08-09,2024-08-09,2022-11-06T09:07:35,2022-11-06T09:07:35
2031,83.85,13.3,107,,False,False,UK,US,2023-12-11,2023-12-11,2022-12-25T00:21:44,2022-12-25T00:21:44
2032,2.24,,98,31,False,,CA,FR,2023-12-01,2023-12-01,2020-05-21T17:57:50,2020-05-21T17:57:50
2033,24.2,20.59,1,27,True,True,CA,DE,2024-05-02,2024-05-02,2022-05-12T09:42:46,2022-05-12T09:42:46
2034,42.08,99.48,58,,True,False,BR,,2022-07-05,2022-07-05,2020-12-22T22:18:01,2020-12-22T22:18:01
2035,61.81,46.35,73,5,False,True,FR,UK,2024-03-10,2024-03-10,2021-05-16T21:48:53,2021-05-16T21:48:53
2036,42.84,50.67,20,,True,True,FR,CA,2021-01-23,,2020-01-07T18:26:24,2020-01-07T18:26:24
2037,13.61,0.46,15,,True,True,UK,CA,2023-12-21,,2023-04-07T03:33:51,2023-04-07T03:33:51
2038,6.55,73.04,118,24,True,False,FR,UK,2024-07-27,2024-07-27,2021-04-11T00:10:32,2021-04-11T00:10:32
2039,22.34,,44,18,False,False,CA,BR,2023-09-19,2023-09-19,2023-10-29T10:03:18,
2040,87.27,85.03,31,47,True,False,DE,US,2024-06-10,2024-06-10,2020-12-01T09:03:54,2020-12-01T09:03:54
2041,8.02,92.58,28,96,False,True,CA,DE,2023-03-24,2023-03-24,2021-11-28T07:39:01,2021-11-28T07:39:01
2042,62.09,54.86,75,103,True,False,UK,UK,2022-08-24,2022-08-24,2021-04-25T22:34:10,2021-04-25T22:34:10
2043,20.23,78.75,79,113,False,True,UK,,2022-09-05,2022-09-05,2021-10-01T15:55:58,2021-10-01T15:55:58
2044,72.01,86.77,37,76,True,True,DE,FR,2021-06-03,2021-06-03,2023-10-13T17:05:55,2023-10-13T17:05:55
2045,68.95,48.28,77,22,False,False,JP,AU,2020-11-23,2020-11-23,2024-05-12T14:03:11,2024-05-12T14:03:11
2046,41.91,83.48,36,11,True,False,CA,JP,2022-06-11,2022-06-11,2024-01-28T18:14:36,2024-01-28T18:14:36
2047,77.74,17.63,7,32,False,True,AU,UK,2022-11-14,2022-11-14,2023-01-20T23:40:31,2023-01-20T23:40:31
2048,22.3,64.21,14,,True,False,DE,UK,2021-06-23,2021-06-23,2020-10-01T00:08:41,
2049,86.68,46.07,108,84,True,,CA,AU,2023-03-10,2023-03-10,2024-01-28T15:54:40,
2050,30.89,54.79,10,111,True,True,UK,,2021-12-15,2021-12-15,2021-03-14T08:45:41,2021-03-14T08:45:41
2051,12.95,27.7,43,99,False,False,JP,JP,2023-05-31,2023-05-31,2023-08-21T07:52:32,
2052,92.77,72.31,40,98,False,True,JP,JP,2020-07-02,2020-07-02,2020-07-25T07:13:23,2020-07-25T07:13:23
2053,30.41,52.22,50,84,True,True,DE,BR,2020-04-05,2020-04-05,2020-04-11T11:13:18,2020-04-11T11:13:18
2054,30.55,40.95,8,50,True,False,BR,,2021-04-05,2021-04-05,2021-09-12T06:36:03,2021-09-12T06:36:03
2055,35.52,36.12,0,,False,False,AU,FR,2022-03-16,2022-03-16,2022-05-03T00:57:31,2022-05-03T00:57:31
2056,24.66,80.98,103,68,True,False,AU,US,2021-12-03,2021-12-03,2021-05-16T17:24:32,2021-05-16T17:24:32
2057,51.28,53.31,67,30,True,True,BR,,2024-08-17,2024-08-17,2020-02-20T10:23:50,2020-02-20T10:23:50
2058,5.14,67.18,73,116,False,True,DE,CA,2020-05-02,2020-05-02,2020-06-22T23:45:34,2020-06-22T23:45:34
2059,42.66,11.32,0,77,True,False,JP,AU,2022-01-09,2022-01-09,2022-08-21T22:57:42,
2060,75.95,86.95,81,1,True,,FR,,2021-12-26,,2020-02-29T03:05:19,2020-02-29T03:05:19
2061,9.41,31.89,74,12,False,True,US,JP,2020-09-28,2020-09-28,2020-10-29T18:20:32,2020-10-29T18:20:32
2062,54.86,19.92,99,1,True,True,UK,,2022-07-27,2022-07-27,2020-05-31T19:58:09,2020-05-31T19:58:09
2063,6.89,19.79,33,98,False,False,AU,DE,2024-05-17,2024-05-17,2022-10-23T12:41:04,2022-10-23T12:41:04
2064,97.4,50.99,0,49,False,True,AU,,2020-08-03,2020-08-03,2021-04-20T09:52:36,2021-04-20T09:52:36
2065,51.68,76.3,40,90,False,True,DE,UK,2022-08-25,2022-08-25,2023-08-12T10:23:56,2023-08-12T10:23:56
2066,20.27,36.38,3,,True,True,UK,DE,2023-01-28,2023-01-28,2023-03-18T20:42:18,2023-03-18T20:42:18
2067,8.38,72.04,59,,True,True,DE,CA,2020-05-30,2020-05-30,2021-08-06T23:02:32,2021-08-06T23:02:32
2068,26.2,67.06,52,30,True,True,AU,BR,2022-03-17,,2024-03-07T20:23:09,2024-03-07T20:23:09
2069,72.51,13.28,46,17,True,True,JP,CA,2024-04-08,2024-04-08,2023-11-18T12:05:55,2023-11-18T12:05:55
2070,19.16,53.13,31,80,False,False,JP,US,2024-05-28,2024-05-28,2020-09-26T05:55:58,2020-09-26T05:55:58
2071,37.22,90.62,114,,False,False,JP,AU,2022-09-06,2022-09-06,2020-08-14T08:01:08,
2072,10.05,8.61,93,,True,,JP,UK,2021-05-09,2021-05-09,2020-10-03T18:51:31,2020-10-03T18:51:31
2073,35.17,8.77,97,108,True,True,JP,JP,2020-11-07,2020-11-07,2021-11-15T00:33:32,2021-11-15T00:33:32
2074,58.49,92.56,43,,False,True,BR,AU,2022-09-28,,2020-12-21T19:44:29,2020-12-21T19:44:29
2075,82.18,25.1,5,,False,False,JP,US,2024-07-29,2024-07-29,2021-08-05T06:19:42,2021-08-05T06:19:42
2076,28.42,50.39,103,7,False,,FR,,2022-12-26,,2023-12-14T23:05:51,2023-12-14T23:05:51
2077,95.46,,2,0,True,False,CA,CA,2020-10-06,2020-10-06,2022-03-07T23:04:37,2022-03-07T23:04:37
2078,36.92,,62,77,True,True,AU,UK,2021-04-28,2021-04-28,2023-07-06T08:05:29,
2079,54.81,4.51,35,105,False,False,UK,CA,2021-02-11,2021-02-11,2021-05-19T02:55:27,2021-05-19T02:55:27
2080,59.43,90.58,90,112,True,True,CA,CA,2022-03-26,2022-03-26,2023-10-25T03:19:34,2023-10-25T03:19:34
2081,89.06,4.44,98,83,True,True,US,BR,2022-08-27,2022-08-27,2023-01-19T08:05:27,2023-01-19T08:05:27
2082,17.34,97.92,98,119,True,True,FR,DE,2021-10-07,2021-10-07,2023-05-10T08:19:50,2023-05-10T08:19:50
2083,37.8,22.57,27,40,False,True,FR,BR,2022-06-16,2022-06-16,2021-12-07T21:09:16,2021-12-07T21:09:16
2084,65.83,31.23,79,41,False,True,FR,FR,2020-07-21,2020-07-21,2021-04-30T16:36:21,
2085,88.28,17.64,24,75,False,True,US,US,2021-04-24,2021-04-24,2021-10-10T20:52:17,2021-10-10T20:52:17
2086,21.08,11.52,9,53,False,False,JP,AU,2023-02-16,2023-02-16,2021-07-29T18:14:24,2021-07-29T18:14:24
2087,22.62,69.68,10,30,True,True,UK,UK,2021-12-14,,2021-04-20T06:34:24,
2088,80.35,42.21,82,19,True,False,AU,FR,2021-10-30,2021-10-30,2021-11-13T00:31:00,2021-11-13T00:31:00
2089,17.49,36.74,29,,True,True,US,DE,2020-07-14,2020-07-14,2024-11-12T12:45:29,2024-11-12T12:45:29
2090,14.96,58.11,17,39,False,True,US,FR,2023-10-24,2023-10-24,2022-08-08T15:06:55,
2091,34.56,57.52,108,100,False,True,AU,CA,2021-11-25,2021-11-25,2024-03-08T19:32:45,2024-03-08T19:32:45
2092,35.33,,33,39,False,False,AU,DE,2024-05-01,2024-05-01,2021-06-19T20:07:53,2021-06-19T20:07:53
2093,55.39,24.5,4,,True,True,FR,US,2022-10-01,2022-10-01,2023-11-27T02:31:18,2023-11-27T02:31:18
2094,21.71,96.71,119,54,True,True,UK,DE,2024-05-04,2024-05-04,2020-12-26T07:22:19,
2095,16.63,,93,60,True,False,JP,CA,2020-09-08,2020-09-08,2024-05-18T16:45:54,2024-05-18T16:45:54
2096,59.77,14.11,48,11,False,False,DE,BR,2022-06-01,2022-06-01,2023-04-01T21:18:52,2023-04-01T21:18:52
2097,16.95,11.49,76,27,True,True,US,JP,2022-12-10,2022-12-10,2024-04-13T20:26:57,2024-04-13T20:26:57
2098,46.58,0.5,103,98,True,True,DE,CA,2023-07-26,,2021-01-11T12:19:39,2021-01-11T12:19:39
2099,22.34,1.41,87,,True,,JP,,2020-05-20,2020-05-20,2021-03-05T23:49:03,
2100,55.11,56.76,73,41,True,True,US,BR,2022-12-06,2022-12-06,2024-09-15T09:38:32,
2101,59.1,50.47,48,70,False,False,BR,FR,2020-03-15,,2022-06-20T13:56:04,2022-06-20T13:56:04
2102,16.82,41.37,114,66,False,True,US,BR,2021-12-30,2021-12-30,2022-08-03T13:46:23,2022-08-03T13:46:23
2103,22.44,10.69,15,21,True,True,UK,UK,2024-05-12,2024-05-12,2023-06-25T11:16:17,2023-06-25T11:16:17
2104,96.18,56.02,42,95,True,False,FR,JP,2022-01-01,2022-01-01,2020-07-02T17:44:46,2020-07-02T17:44:46
2105,37.44,,89,28,True,True,JP,CA,2021-01-12,2021-01-12,2021-10-25T03:03:05,2021-10-25T03:03:05
2106,59.18,74.11,67,70,True,False,FR,BR,2024-04-20,2024-04-20,2021-01-30T15:49:14,2021-01-30T15:49:14
2107,80.13,69.99,84,71,True,False,CA,US,2024-11-29,2024-11-29,2020-12-10T17:50:55,2020-12-10T17:50:55
2108,14.86,5.69,21,97,False,True,UK,,2022-11-07,2022-11-07,2021-08-13T01:54:19,2021-08-13T01:54:19
2109,6.58,87.09,78,68,False,True,UK,BR,2020-01-17,2020-01-17,2023-06-18T18:22:24,2023-06-18T18:22:24
2110,62.62,18.55,32,28,True,False,FR,CA,2024-09-11,2024-09-11,2023-12-12T10:36:55,2023-12-12T10:36:55
2111,75.01,3.27,17,95,True,True,CA,UK,2023-11-08,2023-11-08,2021-02-13T21:11:03,2021-02-13T21:11:03
2112,17.21,89.65,4,46,False,False,UK,JP,2023-10-24,2023-10-24,2021-10-29T07:22:46,2021-10-29T07:22:46
2113,53.81,24.1,89,31,False,False,JP,JP,2023-06-11,2023-06-11,2022-02-14T17:43:58,2022-02-14T17:43:58
2114,39.02,58.7,116,85,True,True,US,UK,2021-01-16,2021-01-16,2021-12-04T06:04:08,2021-12-04T06:04:08
2115,19.56,57.81,3,64,True,False,US,,2021-07-15,2021-07-15,2023-12-25T21:39:51,2023-12-25T21:39:51
2116,40.63,65.15,91,88,True,False,BR,,2022-01-05,,2022-01-29T21:32:08,2022-01-29T21:32:08
2117,71.76,67.43,68,12,True,False,DE,BR,2022-01-01,2022-01-01,2022-07-08T09:02:14,2022-07-08T09:02:14
2118,57.5,80.78,91,1,False,False,JP,UK,2020-08-26,2020-08-26,2020-02-09T05:33:03,2020-02-09T05:33:03
2119,89.02,81.84,42,82,False,True,AU,US,2024-01-17,2024-01-17,2020-06-11T08:33:12,2020-06-11T08:33:12
2120,84.55,25.31,63,96,False,False,DE,UK,2021-11-04,,2021-08-24T16:28:12,2021-08-24T16:28:12
2121,39.22,34.85,69,61,True,False,US,JP,2022-06-03,2022-06-03,2024-12-26T20:58:47,
2122,90.07,44.15,26,107,False,True,DE,AU,2024-10-02,,2023-08-07T06:53:52,2023-08-07T06:53:52
2123,38.5,87.25,53,19,True,False,AU,CA,2021-04-27,2021-04-27,2024-09-10T12:10:05,2024-09-10T12:10:05
2124,98.95,11.02,12,,False,True,FR,AU,2020-12-01,2020-12-01,2020-11-22T13:36:30,2020-11-22T13:36:30
2125,64.16,62.34,13,97,True,True,BR,AU,2024-11-27,2024-11-27,2023-01-09T07:53:13,2023-01-09T07:53:13
2126,41.08,9.93,119,58,True,True,BR,BR,2024-02-16,2024-02-16,2021-12-02T14:12:15,2021-12-02T14:12:15
2127,70.62,78.41,52,86,False,False,UK,UK,2022-03-08,2022-03-08,2023-01-29T19:20:21,2023-01-29T19:20:21
2128,55.72,55.16,118,96,True,False,CA,UK,2020-03-14,2020-03-14,2024-10-31T03:55:11,2024-10-31T03:55:11
2129,3.03,5.92,73,41,True,True,AU,,2021-03-30,2021-03-30,2023-08-05T20:26:02,2023-08-05T20:26:02
2130,55.09,2.21,53,37,True,False,DE,DE,2020-01-20,2020-01-20,2021-07-21T00:13:30,2021-07-21T00:13:30
2131,7.64,,72,96,False,True,AU,DE,2022-01-30,2022-01-30,2020-11-06T21:53:05,2020-11-06T21:53:05
2132,62.75,,104,60,False,False,CA,AU,2024-03-19,2024-03-19,2024-08-04T23:08:58,2024-08-04T23:08:58
2133,35.64,87.29,78,18,False,True,UK,UK,2021-03-20,2021-03-20,2020-11-05T21:52:06,2020-11-05T21:52:06
2134,58.85,33.99,66,22,True,True,BR,,2020-04-05,2020-04-05,2021-10-14T00:46:39,2021-10-14T00:46:39
2135,87.35,30.17,109,85,True,True,CA,JP,2023-01-17,2023-01-17,2023-05-17T09:18:02,2023-05-17T09:18:02
2136,12.0,0.07,32,114,True,False,JP,DE,2020-04-30,2020-04-30,2022-11-15T16:10:42,2022-11-15T16:10:42
2137,29.01,51.11,46,104,False,True,CA,UK,2023-12-16,2023-12-16,2023-01-01T13:20:31,2023-01-01T13:20:31
2138,70.94,22.48,46,41,True,,UK,JP,2024-09-21,2024-09-21,2023-04-14T17:50:24,2023-04-14T17:50:24
2139,19.24,72.53,22,42,False,False,BR,CA,2020-09-22,2020-09-22,2021-06-04T21:21:57,
2140,51.55,56.92,46,103,True,True,AU,,2022-04-06,2022-04-06,2020-08-25T16:14:57,2020-08-25T16:14:57
2141,42.73,31.59,12,46,True,True,US,,2020-01-25,2020-01-25,2023-12-07T02:43:40,2023-12-07T02:43:40
2142,50.01,19.14,16,116,True,True,DE,CA,2024-12-14,2024-12-14,2022-03-09T09:35:54,2022-03-09T09:35:54
2143,39.68,97.85,68,80,False,False,CA,CA,2023-07-02,2023-07-02,2021-08-29T14:58:15,2021-08-29T14:58:15
2144,12.79,,56,113,True,,FR,BR,2022-10-06,2022-10-06,2024-10-14T05:35:28,2024-10-14T05:35:28
2145,95.22,91.98,1,93,False,True,JP,,2023-03-13,2023-03-13,2021-07-02T05:48:47,2021-07-02T05:48:47
2146,52.57,21.26,11,,False,False,DE,CA,2023-07-21,2023-07-21,2023-03-13T20:34:32,2023-03-13T20:34:32
2147,40.35,52.36,102,85,False,True,AU,UK,2024-12-24,,2020-03-28T18:18:19,2020-03-28T18:18:19
2148,55.13,70.57,49,6,True,True,AU,CA,2020-11-21,2020-11-21,2020-06-09T21:12:54,2020-06-09T21:12:54
2149,23.04,74.14,81,75,False,True,AU,DE,2023-09-07,2023-09-07,2023-08-03T23:43:09,2023-08-03T23:43:09
2150,93.93,98.78,49,,False,True,CA,CA,2023-05-24,2023-05-24,2022-07-18T11:48:15,2022-07-18T11:48:15
2151,78.56,95.31,7,97,True,True,JP,,2023-07-07,2023-07-07,2024-06-05T19:26:18,2024-06-05T19:26:18
2152,26.67,98.47,0,42,True,False,BR,BR,2021-04-19,2021-04-19,2021-07-15T11:00:56,
2153,22.9,35.0,65,112,True,True,AU,BR,2022-07-18,2022-07-18,2022-05-07T10:13:44,2022-05-07T10:13:44
2154,79.05,95.03,18,98,False,False,US,JP,2021-04-14,2021-04-14,2020-04-30T01:19:20,2020-04-30T01:19:20
2155,59.08,88.71,99,43,False,,US,,2021-03-10,2021-03-10,2024-05-14T08:25:06,2024-05-14T08:25:06
2156,2.92,11.94,73,9,False,False,AU,CA,2021-07-16,2021-07-16,2024-09-20T00:35:23,
2157,76.09,,30,45,True,True,FR,US,2020-07-05,2020-07-05,2022-07-12T01:54:28,2022-07-12T01:54:28
2158,19.54,81.55,12,,True,False,BR,UK,2024-12-17,2024-12-17,2021-10-19T21:14:06,2021-10-19T21:14:06
2159,0.02,94.91,32,13,False,True,DE,DE,2021-01-11,2021-01-11,2020-06-09T22:40:18,2020-06-09T22:40:18
2160,35.14,33.44,81,,False,False,AU,US,2020-12-11,2020-12-11,2024-05-17T10:21:58,2024-05-17T10:21:58
2161,9.25,73.6,56,7,True,False,JP,FR,2024-01-02,2024-01-02,2020-09-02T13:28:58,2020-09-02T13:28:58
2162,0.48,92.02,36,21,True,True,BR,BR,2022-05-19,,2024-12-15T06:10:58,2024-12-15T06:10:58
2163,91.15,55.45,7,0,False,False,AU,CA,2023-03-10,2023-03-10,2022-08-06T01:59:51,2022-08-06T01:59:51
2164,16.42,52.16,30,10,True,False,JP,US,2020-05-10,2020-05-10,2022-08-30T02:17:51,2022-08-30T02:17:51
2165,92.11,,62,92,True,False,BR,CA,2022-12-28,2022-12-28,2023-10-03T02:04:19,2023-10-03T02:04:19
2166,35.18,54.02,62,38,True,True,AU,US,2020-07-10,2020-07-10,2022-09-03T05:47:23,2022-09-03T05:47:23
2167,35.21,,70,117,False,True,JP,JP,2024-05-02,2024-05-02,2024-07-08T04:51:47,2024-07-08T04:51:47
2168,93.19,,47,115,False,False,US,CA,2021-06-15,,2023-09-22T17:08:04,2023-09-22T17:08:04
2169,5.68,84.56,15,91,True,False,JP,AU,2022-12-28,,2022-12-08T11:16:42,2022-12-08T11:16:42
2170,50.75,14.99,10,76,True,,BR,BR,2020-02-20,2020-02-20,2023-01-12T18:09:11,
2171,63.36,33.89,47,50,False,True,AU,US,2022-07-12,2022-07-12,2023-04-18T01:20:29,2023-04-18T01:20:29
2172,13.44,4.57,93,17,False,False,US,US,2020-11-10,2020-11-10,2021-09-03T10:38:49,2021-09-03T10:38:49
2173,86.34,68.59,77,53,False,True,JP,UK,2020-07-29,,2022-08-25T05:04:22,2022-08-25T05:04:22
2174,26.96,,54,27,False,True,BR,CA,2023-09-04,2023-09-04,2020-04-18T17:17:33,2020-04-18T17:17:33
2175,24.36,44.73,68,12,False,,FR,FR,2023-12-27,2023-12-27,2021-01-21T08:55:49,2021-01-21T08:55:49
2176,18.32,73.89,66,51,True,False,FR,JP,2020-09-20,2020-09-20,2023-11-07T23:42:56,2023-11-07T23:42:56
2177,47.66,98.57,42,50,True,True,FR,CA,2021-01-20,2021-01-20,2024-11-09T22:57:47,2024-11-09T22:57:47
2178,79.79,58.91,5,8,True,True,DE,UK,2023-10-26,2023-10-26,2022-12-17T19:00:44,2022-12-17T19:00:44
2179,63.64,6.32,77,12,False,True,AU,JP,2024-02-23,2024-02-23,2024-09-16T12:18:09,2024-09-16T12:18:09
2180,9.64,40.07,97,19,False,,US,BR,2020-09-19,2020-09-19,2020-02-05T14:01:03,2020-02-05T14:01:03
2181,20.36,69.39,108,80,True,False,FR,JP,2021-03-17,2021-03-17,2024-12-14T15:41:09,2024-12-14T15:41:09
2182,44.11,18.25,56,80,False,True,BR,BR,2024-11-04,2024-11-04,2024-09-28T18:53:21,
2183,73.35,0.44,15,47,False,False,CA,JP,2021-11-23,2021-11-23,2024-01-08T18:40:06,
2184,89.6,40.57,106,55,False,True,UK,US,2023-02-19,2023-02-19,2022-09-23T17:10:43,2022-09-23T17:10:43
2185,49.72,34.95,11,119,False,True,FR,AU,2022-10-18,2022-10-18,2024-10-12T14:23:34,2024-10-12T14:23:34
2186,66.2,47.65,42,53,False,False,CA,AU,2022-09-04,2022-09-04,2021-03-25T18:14:56,2021-03-25T18:14:56
2187,89.44,35.58,63,48,False,,CA,US,2022-11-19,2022-11-19,2024-03-14T06:52:49,2024-03-14T06:52:49
2188,4.92,83.64,25,99,True,False,BR,CA,2023-09-21,2023-09-21,2022-12-06T08:01:44,2022-12-06T08:01:44
2189,33.03,79.71,83,30,True,False,UK,AU,2021-12-26,2021-12-26,2023-08-03T16:52:55,2023-08-03T16:52:55
2190,23.09,20.16,8,47,True,False,DE,CA,2021-05-10,2021-05-10,2021-11-06T19:26:30,2021-11-06T19:26:30
2191,87.26,84.46,24,13,True,True,AU,,2023-05-15,2023-05-15,2021-11-23T06:58:49,2021-11-23T06:58:49
2192,75.87,17.65,16,102,True,True,CA,CA,2023-01-20,2023-01-20,2023-04-21T13:31:20,2023-04-21T13:31:20
2193,86.25,51.79,56,21,True,False,DE,JP,2020-06-22,2020-06-22,2024-09-24T15:39:01,2024-09-24T15:39:01
2194,23.88,3.35,106,24,True,False,CA,UK,2024-02-23,2024-02-23,2020-07-07T16:10:06,2020-07-07T16:10:06
2195,92.35,26.29,29,69,True,True,US,,2020-05-13,2020-05-13,2023-07-04T09:40:14,2023-07-04T09:40:14
2196,29.86,93.23,23,52,True,False,BR,FR,2021-02-20,2021-02-20,2024-05-09T06:23:17,2024-05-09T06:23:17
2197,69.39,85.25,1,110,False,True,CA,CA,2021-02-11,2021-02-11,2024-06-23T05:11:59,2024-06-23T05:11:59
2198,11.93,45.01,52,97,True,True,CA,US,2023-02-02,2023-02-02,2024-12-01T01:33:50,2024-12-01T01:33:50
2199,87.13,67.09,85,,False,True,CA,JP,2022-08-25,2022-08-25,2023-01-19T10:36:40,2023-01-19T10:36:40
2200,9.19,33.74,93,113,True,False,FR,UK,2021-03-03,2021-03-03,2023-06-26T03:58:53,2023-06-26T03:58:53
2201,28.38,16.37,33,44,True,,CA,,2024-12-23,,2021-09-23T02:54:09,2021-09-23T02:54:09
2202,41.17,57.3,40,53,True,False,US,BR,2024-05-22,2024-05-22,2020-06-02T16:28:51,2020-06-02T16:28:51
2203,82.12,28.11,103,87,False,True,AU,UK,2022-09-14,2022-09-14,2024-10-02T05:22:19,2024-10-02T05:22:19
2204,20.9,37.52,13,63,False,False,US,BR,2020-11-12,2020-11-12,2022-05-11T23:25:41,2022-05-11T23:25:41
2205,83.9,33.09,5,116,False,False,AU,DE,2023-11-01,2023-11-01,2022-09-28T02:49:07,2022-09-28T02:49:07
2206,60.53,27.76,43,21,True,False,US,US,2020-06-11,2020-06-11,2023-04-26T20:13:26,2023-04-26T20:13:26
2207,68.31,21.31,4,75,False,False,DE,BR,2021-02-04,2021-02-04,2020-04-18T00:46:05,2020-04-18T00:46:05
2208,12.94,92.48,48,104,True,True,UK,,2020-11-16,2020-11-16,2022-05-22T13:40:07,2022-05-22T13:40:07
2209,96.09,98.56,97,43,False,,DE,JP,2021-05-29,2021-05-29,2021-12-26T09:44:48,
2210,38.51,21.29,110,,False,True,AU,US,2021-05-12,2021-05-12,2021-09-02T18:50:07,
2211,87.4,,35,96,False,False,BR,,2022-09-08,2022-09-08,2022-07-20T07:00:27,2022-07-20T07:00:27
2212,15.11,20.63,38,59,True,True,FR,US,2021-09-01,2021-09-01,2022-02-18T12:39:33,2022-02-18T12:39:33
2213,18.44,64.39,14,1,False,True,DE,DE,2020-01-30,2020-01-30,2023-06-16T07:41:46,2023-06-16T07:41:46
2214,87.85,60.24,71,83,False,False,US,UK,2021-10-18,2021-10-18,2020-01-04T05:15:08,2020-01-04T05:15:08
2215,67.06,68.39,102,,True,False,US,BR,2024-09-20,2024-09-20,2022-06-03T10:57:27,2022-06-03T10:57:27
2216,27.39,92.58,81,71,True,True,JP,FR,2024-10-15,2024-10-15,2020-12-01T06:24:22,2020-12-01T06:24:22
2217,66.25,29.84,91,49,True,False,CA,UK,2021-06-18,2021-06-18,2023-10-17T08:01:39,2023-10-17T08:01:39
2218,57.28,6.65,88,0,True,,DE,US,2023-09-25,,2024-04-25T21:15:34,2024-04-25T21:15:34
2219,37.45,95.3,82,89,True,True,BR,FR,2021-10-21,2021-10-21,2024-02-08T14:56:47,2024-02-08T14:56:47
2220,17.64,96.41,33,90,False,True,CA,US,2021-12-28,2021-12-28,2024-07-12T23:35:30,2024-07-12T23:35:30
2221,41.29,76.88,29,,True,True,DE,UK,2023-08-24,2023-08-24,2021-04-16T15:58:51,2021-04-16T15:58:51
2222,33.43,53.87,108,93,False,False,BR,BR,2020-12-10,2020-12-10,2022-03-20T12:29:12,2022-03-20T12:29:12
2223,39.87,62.23,96,111,True,True,JP,JP,2024-01-24,2024-01-24,2021-11-02T05:16:40,2021-11-02T05:16:40
2224,62.77,20.39,48,82,False,False,FR,JP,2024-05-12,2024-05-12,2021-03-01T15:56:01,2021-03-01T15:56:01
2225,31.66,94.51,66,62,True,False,CA,DE,2023-06-28,2023-06-28,2021-01-29T04:52:48,2021-01-29T04:52:48
2226,90.63,,104,64,True,False,AU,BR,2024-09-09,,2023-02-13T00:55:14,2023-02-13T00:55:14
2227,54.29,17.38,42,47,True,True,CA,,2023-02-19,2023-02-19,2020-07-21T18:22:31,2020-07-21T18:22:31
2228,94.69,49.81,16,37,False,True,BR,UK,2021-12-29,2021-12-29,2024-12-11T04:20:54,2024-12-11T04:20:54
2229,54.9,9.01,47,86,False,False,DE,,2021-06-24,,2021-11-19T02:19:28,2021-11-19T02:19:28
2230,60.27,37.9,58,9,False,True,JP,AU,2024-04-14,2024-04-14,2021-05-22T19:37:07,2021-05-22T19:37:07
2231,53.34,66.83,55,50,True,False,BR,BR,2023-07-09,2023-07-09,2024-09-07T07:01:39,2024-09-07T07:01:39
2232,82.88,66.17,6,73,False,True,JP,DE,2024-04-08,2024-04-08,2024-09-16T16:23:44,2024-09-16T16:23:44
2233,28.4,12.31,83,50,False,True,JP,DE,2020-03-20,,2024-09-29T03:37:48,2024-09-29T03:37:48
2234,10.92,32.16,37,43,True,True,CA,DE,2024-09-07,2024-09-07,2021-08-07T20:55:45,2021-08-07T20:55:45
2235,27.97,34.17,42,85,True,True,JP,BR,2023-05-29,2023-05-29,2024-06-12T09:55:45,2024-06-12T09:55:45
2236,71.56,73.93,13,3,True,False,US,US,2023-09-04,2023-09-04,2021-10-14T16:13:57,2021-10-14T16:13:57
2237,62.5,90.71,91,50,True,False,US,JP,2021-03-09,2021-03-09,2023-03-23T14:36:52,2023-03-23T14:36:52
2238,40.08,10.27,78,3,False,False,US,CA,2021-12-09,2021-12-09,2021-03-19T21:47:35,2021-03-19T21:47:35
2239,12.89,46.78,0,110,True,False,JP,,2023-12-22,2023-12-22,2022-11-30T11:10:19,2022-11-30T11:10:19
2240,83.53,18.67,81,97,True,True,UK,BR,2022-03-23,2022-03-23,2022-12-14T13:33:57,2022-12-14T13:33:57
2241,75.38,29.56,15,68,True,,CA,UK,2022-06-03,2022-06-03,2022-06-11T15:49:25,2022-06-11T15:49:25
2242,86.04,38.02,84,16,False,False,AU,FR,2023-11-26,2023-11-26,2023-11-07T20:04:41,2023-11-07T20:04:41
2243,41.82,86.73,44,26,True,False,FR,US,2021-02-04,2021-02-04,2021-01-02T06:59:29,2021-01-02T06:59:29
2244,15.08,87.49,33,13,True,True,UK,BR,2021-05-02,2021-05-02,2024-10-24T05:40:45,2024-10-24T05:40:45
2245,42.69,,111,103,True,False,FR,FR,2024-09-25,2024-09-25,2020-05-29T11:04:01,2020-05-29T11:04:01
2246,21.62,83.67,94,78,True,True,AU,FR,2021-05-26,2021-05-26,2024-08-26T10:43:00,2024-08-26T10:43:00
2247,61.7,27.06,94,46,False,True,DE,JP,2024-04-19,2024-04-19,2020-03-25T12:12:38,
2248,24.23,59.01,38,13,True,False,DE,JP,2023-01-12,2023-01-12,2023-06-01T16:38:12,
2249,71.84,19.51,52,,False,True,JP,AU,2023-09-28,,2020-04-15T09:08:37,
2250,98.67,67.81,64,74,True,,AU,DE,2022-03-12,2022-03-12,2024-06-03T11:33:17,2024-06-03T11:33:17
2251,8.9,80.03,82,41,True,True,AU,,2023-05-04,,2022-07-11T04:35:19,2022-07-11T04:35:19
2252,78.61,6.39,75,50,False,False,AU,JP,2021-11-27,2021-11-27,2024-07-17T15:00:02,2024-07-17T15:00:02
2253,83.77,15.38,34,35,False,True,DE,DE,2024-08-21,2024-08-21,2022-04-28T01:20:47,2022-04-28T01:20:47
2254,47.85,62.94,23,,True,True,AU,UK,2020-09-14,,2023-05-22T09:33:11,2023-05-22T09:33:11
2255,40.71,48.98,69,21,False,,UK,JP,2022-09-27,2022-09-27,2024-06-08T04:10:38,2024-06-08T04:10:38
2256,4.22,65.71,85,58,False,False,FR,BR,2022-03-20,2022-03-20,2020-08-04T08:00:18,2020-08-04T08:00:18
2257,11.13,37.26,31,22,True,False,BR,US,2022-08-05,2022-08-05,2022-02-15T07:32:44,
2258,33.4,7.53,100,111,True,False,DE,,2022-11-27,2022-11-27,2022-12-11T07:45:43,2022-12-11T07:45:43
2259,58.44,12.72,84,83,False,True,AU,AU,2024-02-12,2024-02-12,2020-11-19T09:46:38,2020-11-19T09:46:38
2260,76.69,24.3,89,119,False,False,DE,UK,2023-11-05,2023-11-05,2022-05-19T02:48:57,2022-05-19T02:48:57
2261,39.99,,66,25,False,True,UK,JP,2023-12-20,2023-12-20,2020-11-27T00:24:22,2020-11-27T00:24:22
2262,36.27,13.06,102,33,True,False,DE,,2024-07-31,2024-07-31,2022-10-21T05:11:09,2022-10-21T05:11:09
2263,25.1,55.73,55,16,False,True,US,,2022-12-31,2022-12-31,2020-09-08T06:17:15,2020-09-08T06:17:15
2264,10.43,,95,66,False,False,UK,,2024-10-10,2024-10-10,2024-03-02T12:38:48,2024-03-02T12:38:48
2265,28.81,47.04,11,117,False,True,AU,BR,2023-04-07,2023-04-07,2024-03-08T00:29:02,2024-03-08T00:29:02
2266,19.47,72.51,117,102,True,False,DE,,2020-06-17,2020-06-17,2024-09-04T23:08:50,2024-09-04T23:08:50
2267,77.28,20.48,35,9,False,False,CA,BR,2021-10-05,2021-10-05,2024-07-07T09:54:27,2024-07-07T09:54:27
2268,61.71,,97,74,True,True,US,UK,2022-12-19,2022-12-19,2022-04-28T19:31:39,2022-04-28T19:31:39
2269,54.07,51.39,23,10,True,False,US,FR,2022-07-04,2022-07-04,2021-12-03T12:54:43,2021-12-03T12:54:43
2270,57.15,2.98,64,,False,True,JP,,2020-07-07,2020-07-07,2020-03-05T20:06:52,2020-03-05T20:06:52
2271,15.63,68.3,36,0,False,False,FR,CA,2023-07-18,2023-07-18,2024-08-18T11:56:58,
2272,15.25,47.87,35,23,False,False,CA,AU,2022-07-11,2022-07-11,2021-06-28T01:46:13,2021-06-28T01:46:13
2273,21.09,71.98,33,19,True,False,DE,US,2022-02-06,2022-02-06,2024-04-17T02:04:01,2024-04-17T02:04:01
2274,80.44,5.98,100,96,True,,DE,AU,2024-05-22,2024-05-22,2020-09-01T09:06:45,2020-09-01T09:06:45
2275,63.9,54.26,45,,True,False,UK,DE,2020-02-27,2020-02-27,2024-09-23T22:54:13,2024-09-23T22:54:13
2276,35.68,62.82,7,27,True,True,UK,,2020-12-17,2020-12-17,2020-05-06T05:53:54,2020-05-06T05:53:54
2277,61.96,,56,67,True,True,UK,BR,2021-03-23,2021-03-23,2021-03-07T01:14:06,2021-03-07T01:14:06
2278,55.18,12.1,87,95,False,True,DE,AU,2022-05-05,2022-05-05,2023-03-20T07:58:29,2023-03-20T07:58:29
2279,81.71,59.01,98,11,True,False,US,DE,2024-10-13,2024-10-13,2023-06-07T06:43:00,2023-06-07T06:43:00
2280,95.79,24.35,14,22,True,False,US,BR,2020-03-15,2020-03-15,2021-08-30T18:39:09,
2281,10.12,50.75,111,118,True,False,JP,FR,2021-06-02,2021-06-02,2022-09-04T05:32:03,2022-09-04T05:32:03
2282,11.82,11.9,33,44,True,True,FR,JP,2022-04-22,2022-04-22,2024-09-14T10:05:46,2024-09-14T10:05:46
2283,66.13,43.85,51,60,True,True,FR,DE,2023-09-03,2023-09-03,2023-04-17T01:16:24,2023-04-17T01:16:24
2284,80.59,14.83,38,112,True,True,AU,,2022-03-04,2022-03-04,2020-05-07T18:21:06,2020-05-07T18:21:06
2285,95.03,50.66,67,63,True,True,JP,UK,2020-01-22,2020-01-22,2020-08-17T18:15:42,2020-08-17T18:15:42
2286,95.71,88.68,55,,False,True,BR,FR,2024-02-17,2024-02-17,2021-09-22T00:29:26,2021-09-22T00:29:26
2287,80.8,76.93,84,41,False,True,JP,CA,2022-11-23,2022-11-23,2022-02-04T09:45:32,2022-02-04T09:45:32
2288,10.85,78.72,97,111,False,False,DE,DE,2023-12-29,2023-12-29,2023-02-03T03:34:31,2023-02-03T03:34:31
2289,90.33,95.9,94,18,True,True,DE,FR,2021-11-08,2021-11-08,2024-06-14T17:21:32,2024-06-14T17:21:32
2290,52.59,78.05,13,71,True,True,US,BR,2022-03-03,2022-03-03,2021-10-15T04:27:59,2021-10-15T04:27:59
2291,8.56,93.14,104,29,True,True,JP,UK,2020-06-17,2020-06-17,2021-08-01T01:17:19,2021-08-01T01:17:19
2292,74.3,74.88,84,18,True,True,BR,DE,2022-12-13,2022-12-13,2023-01-09T23:55:23,2023-01-09T23:55:23
2293,97.31,60.43,32,87,False,,CA,AU,2023-01-06,2023-01-06,2020-12-22T20:52:34,2020-12-22T20:52:34
2294,2.61,55.85,48,7,False,True,BR,US,2021-07-22,2021-07-22,2022-07-07T01:53:00,2022-07-07T01:53:00
2295,10.41,46.2,67,9,False,True,US,BR,2023-02-19,2023-02-19,2022-10-03T04:40:11,2022-10-03T04:40:11
2296,79.83,3.26,41,34,True,,FR,CA,2021-05-04,2021-05-04,2021-08-16T16:14:37,2021-08-16T16:14:37
2297,47.13,91.82,41,36,True,True,JP,JP,2020-12-14,2020-12-14,2022-03-24T08:50:44,2022-03-24T08:50:44
2298,28.73,80.92,18,9,True,False,FR,,2023-06-02,2023-06-02,2022-11-04T03:28:15,2022-11-04T03:28:15
2299,76.59,,36,13,False,False,DE,CA,2021-09-12,2021-09-12,2021-05-02T23:48:14,2021-05-02T23:48:14
2300,42.33,22.57,82,80,True,True,AU,UK,2023-09-09,2023-09-09,2024-01-02T02:21:06,2024-01-02T02:21:06
2301,0.38,96.88,50,,False,False,FR,DE,2022-08-19,2022-08-19,2021-04-27T14:06:03,2021-04-27T14:06:03
2302,12.29,95.73,113,79,True,False,FR,DE,2022-01-13,2022-01-13,2023-04-02T20:41:40,2023-04-02T20:41:40
2303,75.71,23.16,89,90,True,False,CA,US,2022-08-08,2022-08-08,2024-10-31T15:18:23,2024-10-31T15:18:23
2304,8.15,79.6,23,13,True,True,BR,DE,2023-07-07,2023-07-07,2021-11-21T13:43:09,2021-11-21T13:43:09
2305,35.0,,20,14,True,False,FR,UK,2024-06-21,2024-06-21,2020-11-06T12:24:37,2020-11-06T12:24:37
2306,7.55,13.86,101,112,True,True,US,,2023-10-03,2023-10-03,2021-10-17T01:22:16,2021-10-17T01:22:16
2307,41.16,,57,66,True,,AU,UK,2020-11-07,,2020-10-30T01:26:00,2020-10-30T01:26:00
2308,53.7,55.68,67,28,False,False,CA,BR,2022-12-07,,2024-05-31T16:46:52,2024-05-31T16:46:52
2309,69.31,23.54,7,92,True,False,JP,BR,2024-04-04,2024-04-04,2024-11-19T08:39:56,2024-11-19T08:39:56
2310,59.5,58.1,25,19,True,True,CA,,2023-08-16,2023-08-16,2024-02-22T11:32:55,
2311,30.09,67.67,72,22,False,True,JP,AU,2024-02-05,2024-02-05,2024-06-07T14:57:39,2024-06-07T14:57:39
2312,13.98,32.05,102,10,True,,DE,DE,2024-09-21,2024-09-21,2021-01-22T20:05:45,2021-01-22T20:05:45
2313,37.03,42.33,118,41,True,True,CA,,2021-12-30,2021-12-30,2024-08-19T19:22:23,2024-08-19T19:22:23
2314,75.71,60.75,22,44,False,False,UK,AU,2024-04-03,2024-04-03,2022-03-16T08:28:01,2022-03-16T08:28:01
2315,58.18,53.64,8,30,False,True,DE,US,2024-10-11,2024-10-11,2023-11-09T10:37:13,2023-11-09T10:37:13
2316,53.18,5.76,32,48,True,,US,UK,2022-05-03,2022-05-03,2024-03-04T18:22:58,
2317,68.07,79.29,29,,True,True,CA,US,2024-06-21,2024-06-21,2022-11-22T22:12:55,
2318,13.94,20.41,100,102,True,True,US,CA,2021-05-31,2021-05-31,2024-06-10T09:36:09,2024-06-10T09:36:09
2319,75.06,29.79,97,84,True,True,FR,CA,2022-12-08,2022-12-08,2023-12-23T19:12:05,2023-12-23T19:12:05
2320,25.1,18.51,68,22,False,True,JP,UK,2020-10-29,2020-10-29,2021-11-04T23:38:54,2021-11-04T23:38:54
2321,50.45,49.96,35,69,False,True,JP,JP,2021-10-24,2021-10-24,2023-09-23T16:26:57,2023-09-23T16:26:57
2322,87.46,,54,15,False,True,UK,JP,2024-10-30,2024-10-30,2020-09-01T21:52:53,
2323,69.86,98.49,43,71,False,False,UK,AU,2020-11-19,2020-11-19,2024-01-26T14:00:29,2024-01-26T14:00:29
2324,20.07,41.28,93,80,True,False,BR,US,2022-04-30,,2022-03-21T15:54:37,2022-03-21T15:54:37
2325,27.48,,49,119,False,True,DE,FR,2024-12-30,2024-12-30,2023-10-10T06:19:24,2023-10-10T06:19:24
2326,47.95,23.47,21,94,False,,AU,US,2020-03-20,2020-03-20,2024-05-15T04:23:56,2024-05-15T04:23:56
2327,14.75,,37,16,False,True,JP,UK,2020-06-06,2020-06-06,2022-11-16T03:38:30,2022-11-16T03:38:30
2328,26.74,21.1,113,113,True,True,DE,US,2021-08-20,2021-08-20,2021-12-30T08:24:02,2021-12-30T08:24:02
2329,65.03,94.41,74,49,True,False,CA,AU,2021-04-15,2021-04-15,2022-05-04T05:12:55,2022-05-04T05:12:55
2330,18.49,71.75,26,70,False,True,CA,,2024-04-08,2024-04-08,2021-12-01T05:52:16,2021-12-01T05:52:16
2331,13.28,78.13,98,106,True,,UK,DE,2022-03-15,2022-03-15,2023-07-28T09:24:25,2023-07-28T09:24:25
2332,12.54,88.99,13,57,False,False,DE,,2020-07-19,2020-07-19,2024-07-27T13:10:45,
2333,17.11,35.78,11,21,True,False,FR,FR,2021-10-13,2021-10-13,2020-09-07T09:45:05,
2334,23.34,53.55,42,63,False,True,CA,AU,2020-12-05,,2023-03-09T15:45:04,2023-03-09T15:45:04
2335,75.54,55.16,34,117,True,True,JP,BR,2020-07-18,2020-07-18,2023-07-04T20:18:26,2023-07-04T20:18:26
2336,19.15,66.89,115,25,False,True,UK,JP,2023-01-17,2023-01-17,2024-06-29T06:25:18,2024-06-29T06:25:18
2337,20.01,30.73,8,,True,True,FR,UK,2024-10-31,2024-10-31,2024-12-08T17:11:57,2024-12-08T17:11:57
2338,29.38,25.19,11,,False,,BR,BR,2023-02-17,2023-02-17,2020-01-04T04:23:26,2020-01-04T04:23:26
2339,59.22,,17,3,True,False,UK,,2020-03-08,2020-03-08,2020-03-20T17:54:43,2020-03-20T17:54:43
2340,83.12,42.4,86,78,False,True,DE,AU,2022-10-01,2022-10-01,2024-12-25T23:35:20,2024-12-25T23:35:20
2341,43.44,5.14,12,119,True,False,BR,AU,2020-06-16,2020-06-16,2020-09-10T11:58:43,2020-09-10T11:58:43
2342,68.84,93.42,25,30,True,False,JP,AU,2024-10-04,2024-10-04,2021-04-04T12:22:42,2021-04-04T12:22:42
2343,63.84,85.66,58,100,False,True,US,AU,2020-12-27,,2020-11-19T14:48:14,2020-11-19T14:48:14
2344,95.42,40.54,57,,False,False,AU,DE,2023-12-05,2023-12-05,2023-06-10T21:05:13,2023-06-10T21:05:13
2345,95.64,66.5,98,86,True,False,BR,BR,2024-04-21,2024-04-21,2020-01-03T13:17:54,2020-01-03T13:17:54
2346,61.39,21.1,28,97,False,True,BR,FR,2022-11-02,2022-11-02,2022-04-03T14:58:07,2022-04-03T14:58:07
2347,62.39,25.5,117,79,False,True,BR,UK,2022-05-13,,2020-12-30T04:29:41,2020-12-30T04:29:41
2348,74.82,97.54,25,81,True,True,US,CA,2022-01-11,2022-01-11,2020-03-21T16:56:51,2020-03-21T16:56:51
2349,86.24,47.57,104,97,False,False,FR,,2024-09-15,2024-09-15,2021-01-06T07:38:09,2021-01-06T07:38:09
2350,85.85,87.56,71,73,False,False,UK,US,2020-09-06,2020-09-06,2020-04-08T02:28:33,2020-04-08T02:28:33
2351,85.92,10.68,91,18,False,False,AU,JP,2020-11-13,2020-11-13,2021-05-11T04:53:38,2021-05-11T04:53:38
2352,83.3,83.07,23,75,True,False,DE,FR,2023-02-07,2023-02-07,2022-02-27T12:12:34,2022-02-27T12:12:34
2353,12.37,52.52,21,3,False,False,BR,FR,2021-10-22,2021-10-22,2024-03-22T17:37:36,
2354,5.14,89.62,46,11,False,True,DE,CA,2024-11-26,2024-11-26,2024-01-29T21:53:49,2024-01-29T21:53:49
2355,69.29,35.61,31,52,False,False,DE,BR,2023-11-25,2023-11-25,2022-09-09T00:03:15,2022-09-09T00:03:15
2356,34.01,61.2,79,105,True,False,JP,DE,2021-08-19,2021-08-19,2023-07-17T07:19:34,2023-07-17T07:19:34
2357,38.21,58.49,34,48,True,False,FR,DE,2020-02-21,2020-02-21,2022-11-06T19:08:02,2022-11-06T19:08:02
2358,62.33,72.25,49,87,True,False,US,DE,2023-05-21,2023-05-21,2023-01-23T02:38:13,
2359,58.29,81.75,109,106,True,False,CA,AU,2021-06-23,2021-06-23,2024-04-27T15:49:16,
2360,58.7,96.01,89,66,True,True,FR,CA,2021-05-23,2021-05-23,2023-03-05T21:29:50,2023-03-05T21:29:50
2361,76.16,49.49,64,,False,True,FR,,2023-11-25,2023-11-25,2021-11-29T03:58:52,2021-11-29T03:58:52
2362,39.18,97.88,9,16,False,,US,US,2021-02-18,2021-02-18,2023-09-08T02:19:29,2023-09-08T02:19:29
2363,7.37,27.37,19,115,True,False,FR,FR,2021-05-12,2021-05-12,2024-11-07T10:15:16,
2364,99.04,,110,117,False,False,JP,JP,2023-06-07,,2022-12-02T05:04:33,2022-12-02T05:04:33
2365,20.36,86.29,67,75,True,True,UK,AU,2022-01-08,,2021-01-05T11:26:20,2021-01-05T11:26:20
2366,65.43,,109,66,True,False,CA,US,2020-01-05,2020-01-05,2021-04-15T16:12:22,2021-04-15T16:12:22
2367,55.51,65.04,93,98,True,True,JP,,2023-08-29,2023-08-29,2023-06-17T16:28:46,2023-06-17T16:28:46
2368,17.85,77.18,29,91,False,True,DE,CA,2021-06-18,2021-06-18,2020-03-21T09:15:27,2020-03-21T09:15:27
2369,30.52,5.2,118,,True,True,DE,UK,2022-05-27,2022-05-27,2022-06-09T05:45:48,2022-06-09T05:45:48
2370,46.24,31.97,73,33,True,False,DE,US,2022-01-03,2022-01-03,2023-10-29T10:57:29,2023-10-29T10:57:29
2371,93.36,48.11,17,74,False,True,US,BR,2020-02-07,2020-02-07,2022-08-26T07:18:17,2022-08-26T07:18:17
2372,97.71,47.33,55,41,False,,UK,,2022-10-13,2022-10-13,2024-06-16T11:21:34,2024-06-16T11:21:34
2373,31.42,1.8,89,76,False,False,DE,DE,2024-01-12,2024-01-12,2020-08-24T13:36:29,2020-08-24T13:36:29
2374,64.9,70.05,26,25,False,True,BR,UK,2024-10-02,2024-10-02,2023-07-27T11:03:14,2023-07-27T11:03:14
2375,8.34,18.12,34,56,True,True,CA,AU,2020-03-09,,2022-09-24T22:32:05,2022-09-24T22:32:05
2376,45.13,89.8,9,54,True,True,BR,CA,2021-04-07,2021-04-07,2022-05-08T11:36:56,2022-05-08T11:36:56
2377,96.87,69.48,20,56,True,False,CA,US,2024-09-04,2024-09-04,2021-07-06T06:18:05,2021-07-06T06:18:05
2378,41.91,82.5,85,113,True,,UK,DE,2023-08-06,2023-08-06,2024-04-19T03:35:16,2024-04-19T03:35:16
2379,80.71,50.64,52,83,True,True,FR,CA,2020-12-18,2020-12-18,2022-11-09T08:32:05,2022-11-09T08:32:05
2380,18.14,77.09,22,73,True,False,FR,JP,2023-04-16,2023-04-16,2024-01-15T23:34:44,
2381,28.61,45.73,4,6,True,False,FR,AU,2020-11-06,2020-11-06,2023-01-29T06:44:15,2023-01-29T06:44:15
2382,2.3,28.05,14,17,False,False,FR,AU,2024-07-04,2024-07-04,2022-02-11T22:59:31,2022-02-11T22:59:31
2383,7.03,66.7,94,,True,True,UK,,2022-08-12,2022-08-12,2021-05-09T15:08:05,2021-05-09T15:08:05
2384,62.65,20.63,4,,True,True,BR,JP,2024-09-09,2024-09-09,2021-06-17T04:29:05,2021-06-17T04:29:05
2385,55.03,18.67,117,118,True,True,FR,FR,2021-10-07,2021-10-07,2022-10-11T11:36:39,
2386,90.84,66.52,34,12,False,False,UK,JP,2023-03-06,2023-03-06,2024-03-29T03:38:55,2024-03-29T03:38:55
2387,16.51,17.52,93,4,True,True,AU,UK,2023-11-16,2023-11-16,2022-07-11T08:25:29,2022-07-11T08:25:29
2388,14.72,64.63,51,,False,True,DE,BR,2022-09-03,2022-09-03,2021-10-18T00:45:47,2021-10-18T00:45:47
2389,31.58,90.1,61,79,True,False,US,JP,2023-07-12,2023-07-12,2021-09-10T06:38:57,2021-09-10T06:38:57
2390,68.15,37.9,109,87,False,True,FR,BR,2024-12-24,2024-12-24,2024-04-14T05:39:59,2024-04-14T05:39:59
2391,25.99,33.52,66,93,False,True,US,US,2022-10-20,2022-10-20,2022-03-19T03:34:24,2022-03-19T03:34:24
2392,65.03,88.23,79,77,True,True,US,US,2022-11-07,2022-11-07,2022-04-30T22:54:36,2022-04-30T22:54:36
2393,27.57,44.71,73,83,True,True,BR,UK,2024-12-20,2024-12-20,2023-04-04T05:53:18,2023-04-04T05:53:18
2394,69.17,,112,93,True,,BR,US,2022-03-23,2022-03-23,2024-02-27T22:34:08,2024-02-27T22:34:08
2395,76.06,87.37,115,34,True,True,BR,BR,2023-08-10,2023-08-10,2021-12-25T18:02:05,2021-12-25T18:02:05
2396,99.4,24.11,22,99,True,True,DE,US,2024-02-07,2024-02-07,2022-12-08T13:01:15,2022-12-08T13:01:15
2397,17.85,71.74,4,41,True,False,AU,FR,2020-07-10,2020-07-10,2020-09-23T01:52:47,2020-09-23T01:52:47
2398,7.57,56.87,71,93,False,True,UK,CA,2023-09-10,,2022-05-07T03:58:56,2022-05-07T03:58:56
2399,54.43,46.91,108,61,True,True,DE,US,2023-08-07,2023-08-07,2021-03-31T13:01:29,2021-03-31T13:01:29
2400,17.0,,36,59,False,False,CA,FR,2023-08-05,2023-08-05,2023-12-12T14:55:31,2023-12-12T14:55:31
2401,72.68,69.26,102,37,False,True,US,FR,2020-10-25,2020-10-25,2023-03-07T15:41:51,2023-03-07T15:41:51
2402,91.84,46.71,66,71,False,True,AU,DE,2020-08-04,2020-08-04,2020-10-10T08:10:03,2020-10-10T08:10:03
2403,99.83,37.84,69,59,False,True,FR,UK,2024-04-07,,2023-08-26T08:53:26,2023-08-26T08:53:26
2404,64.09,31.67,34,74,True,True,FR,US,2024-09-28,2024-09-28,2022-05-27T07:20:05,2022-05-27T07:20:05
2405,26.65,80.74,95,87,False,,DE,,2022-10-06,2022-10-06,2022-09-11T12:53:55,2022-09-11T12:53:55
2406,2.59,67.47,114,65,True,False,UK,AU,2023-01-31,2023-01-31,2022-12-17T11:10:25,2022-12-17T11:10:25
2407,31.92,99.7,60,24,False,False,AU,UK,2022-12-31,,2022-08-02T23:49:28,
2408,63.42,59.45,79,83,False,True,UK,BR,2023-08-20,2023-08-20,2021-11-12T00:27:02,2021-11-12T00:27:02
2409,4.77,70.06,110,111,False,,US,JP,2022-10-02,2022-10-02,2023-03-02T21:02:44,2023-03-02T21:02:44
2410,31.92,58.81,40,21,False,True,CA,JP,2020-10-24,2020-10-24,2022-01-17T15:56:59,2022-01-17T15:56:59
2411,83.71,85.74,48,41,True,False,UK,AU,2020-03-13,2020-03-13,2024-03-29T07:06:11,2024-03-29T07:06:11
2412,43.33,17.03,98,60,False,False,FR,BR,2022-10-18,2022-10-18,2021-04-16T11:35:40,2021-04-16T11:35:40
2413,60.38,84.15,107,106,False,True,BR,DE,2021-06-27,2021-06-27,2022-04-17T11:43:33,2022-04-17T11:43:33
2414,98.53,66.26,26,7,False,True,BR,DE,2023-09-16,2023-09-16,2020-03-01T13:16:26,2020-03-01T13:16:26
2415,21.72,64.98,49,37,True,False,BR,CA,2022-06-14,2022-06-14,2020-06-01T01:13:21,2020-06-01T01:13:21
2416,75.22,7.31,77,70,False,False,US,DE,2024-01-24,2024-01-24,2020-12-29T06:06:42,2020-12-29T06:06:42
2417,39.16,76.0,51,57,True,True,BR,BR,2021-04-25,2021-04-25,2023-01-14T10:29:16,2023-01-14T10:29:16
2418,3.75,71.79,115,109,True,True,AU,DE,2020-08-05,2020-08-05,2024-03-18T11:27:45,2024-03-18T11:27:45
2419,36.01,40.9,105,35,False,,US,UK,2020-12-12,2020-12-12,2020-12-26T20:52:13,2020-12-26T20:52:13
2420,10.69,81.29,37,79,False,True,JP,JP,2023-01-31,2023-01-31,2021-08-31T21:48:06,2021-08-31T21:48:06
2421,75.28,39.53,106,57,False,False,CA,AU,2024-11-26,2024-11-26,2020-08-07T01:20:06,2020-08-07T01:20:06
2422,49.66,63.85,90,24,False,False,BR,,2021-04-25,,2021-02-23T18:27:58,2021-02-23T18:27:58
2423,64.46,28.84,15,,False,,JP,JP,2021-06-08,2021-06-08,2023-02-09T22:00:23,2023-02-09T22:00:23
2424,53.15,56.58,77,62,False,False,US,AU,2024-09-07,2024-09-07,2024-10-11T20:21:42,2024-10-11T20:21:42
2425,39.07,15.96,110,24,True,,JP,DE,2024-03-08,2024-03-08,2021-01-29T12:30:28,2021-01-29T12:30:28
2426,85.26,78.54,82,,False,True,UK,US,2021-06-20,2021-06-20,2022-06-06T22:18:21,2022-06-06T22:18:21
2427,51.37,9.8,49,24,False,True,CA,,2024-04-01,2024-04-01,2021-08-06T15:01:23,2021-08-06T15:01:23
2428,85.96,77.88,72,4,False,True,FR,UK,2020-05-01,2020-05-01,2024-12-01T22:33:23,2024-12-01T22:33:23
2429,88.8,39.28,19,35,True,True,FR,US,2022-05-10,2022-05-10,2022-10-06T12:26:56,
2430,30.97,1.7,44,44,True,False,AU,UK,2024-11-29,2024-11-29,2023-05-15T04:47:36,2023-05-15T04:47:36
2431,27.38,30.57,89,,True,False,FR,UK,2023-07-15,2023-07-15,2021-08-26T20:22:42,2021-08-26T20:22:42
2432,8.64,63.04,104,40,True,True,FR,BR,2022-11-19,2022-11-19,2020-08-23T09:25:38,2020-08-23T09:25:38
2433,20.44,52.21,106,81,True,True,US,BR,2021-09-28,2021-09-28,2021-06-23T00:46:22,2021-06-23T00:46:22
2434,58.89,,63,80,False,True,DE,BR,2024-04-11,2024-04-11,2023-09-02T22:21:34,
2435,67.65,62.9,113,66,False,True,UK,AU,2024-12-30,2024-12-30,2023-11-22T11:53:09,2023-11-22T11:53:09
2436,52.86,71.44,70,67,False,True,UK,JP,2020-03-23,2020-03-23,2021-07-12T18:26:37,2021-07-12T18:26:37
2437,57.4,10.11,90,62,True,False,FR,FR,2022-04-07,2022-04-07,2020-08-03T13:23:19,2020-08-03T13:23:19
2438,35.76,,47,39,False,False,AU,FR,2021-07-11,2021-07-11,2021-04-04T04:39:18,2021-04-04T04:39:18
2439,71.72,80.98,32,42,True,True,AU,FR,2021-02-13,2021-02-13,2022-03-27T02:18:43,
2440,10.54,61.11,1,114,True,False,JP,US,2023-09-03,2023-09-03,2020-04-30T23:48:38,2020-04-30T23:48:38
2441,17.58,39.29,105,103,True,True,DE,CA,2021-04-18,2021-04-18,2024-07-14T03:01:14,2024-07-14T03:01:14
2442,89.15,25.48,78,2,True,False,AU,,2021-01-03,2021-01-03,2024-07-18T04:04:04,2024-07-18T04:04:04
2443,92.24,67.95,29,112,True,False,UK,JP,2024-04-23,2024-04-23,2023-01-29T15:02:09,2023-01-29T15:02:09
2444,56.52,46.09,30,80,True,True,BR,,2021-09-02,2021-09-02,2021-07-18T09:59:23,2021-07-18T09:59:23
2445,72.46,20.34,58,61,False,True,FR,,2021-04-13,,2023-09-19T07:34:50,2023-09-19T07:34:50
2446,45.4,,87,62,True,False,DE,FR,2023-03-17,2023-03-17,2021-06-19T05:53:22,2021-06-19T05:53:22
2447,73.9,55.07,102,99,False,False,US,FR,2020-03-03,2020-03-03,2020-03-02T03:35:02,2020-03-02T03:35:02
2448,3.31,29.8,20,57,True,True,DE,CA,2022-09-16,2022-09-16,2023-05-10T04:08:11,2023-05-10T04:08:11
2449,34.75,,117,85,False,True,US,AU,2023-09-23,2023-09-23,2024-04-10T19:14:11,2024-04-10T19:14:11
2450,64.28,63.21,111,14,False,False,US,UK,2020-05-29,2020-05-29,2021-03-03T16:59:20,2021-03-03T16:59:20
2451,36.91,7.93,117,78,True,False,JP,BR,2021-10-09,2021-10-09,2023-08-29T12:23:36,2023-08-29T12:23:36
2452,28.48,58.86,81,101,True,True,FR,JP,2022-09-01,2022-09-01,2023-07-14T20:53:51,2023-07-14T20:53:51
2453,24.14,68.98,27,56,False,True,JP,,2023-07-24,2023-07-24,2023-01-17T07:00:55,2023-01-17T07:00:55
2454,68.28,35.52,60,16,False,False,CA,AU,2023-10-10,2023-10-10,2020-02-17T03:19:53,2020-02-17T03:19:53
2455,97.89,98.63,95,65,False,False,JP,FR,2024-10-28,2024-10-28,2023-05-08T05:28:12,2023-05-08T05:28:12
2456,36.17,89.32,114,116,False,True,AU,BR,2022-07-24,2022-07-24,2020-06-21T00:31:35,2020-06-21T00:31:35
2457,59.8,59.37,109,80,True,False,US,US,2021-06-12,2021-06-12,2021-02-13T08:29:02,
2458,93.77,13.18,84,112,True,False,UK,JP,2021-10-09,,2021-08-13T06:50:26,2021-08-13T06:50:26
2459,52.03,31.78,87,18,True,False,FR,US,2022-07-25,2022-07-25,2021-05-15T22:47:16,2021-05-15T22:47:16
2460,15.22,27.18,46,81,False,True,AU,DE,2023-06-05,2023-06-05,2020-01-29T11:50:35,2020-01-29T11:50:35
2461,84.35,22.4,15,14,True,False,US,US,2022-06-29,2022-06-29,2020-05-21T09:05:26,2020-05-21T09:05:26
2462,20.13,57.86,77,42,False,True,UK,UK,2022-12-20,2022-12-20,2021-11-24T10:32:02,2021-11-24T10:32:02
2463,46.98,83.55,72,99,True,False,UK,AU,2023-12-30,2023-12-30,2021-02-20T05:15:30,2021-02-20T05:15:30
2464,33.14,17.14,118,83,False,True,CA,BR,2024-06-04,,2022-10-29T23:55:47,2022-10-29T23:55:47
2465,61.06,71.06,105,14,False,False,US,DE,2022-08-11,2022-08-11,2020-04-22T10:40:52,2020-04-22T10:40:52
2466,10.14,47.72,26,,True,True,CA,AU,2024-06-21,2024-06-21,2022-12-11T17:28:40,2022-12-11T17:28:40
2467,94.93,58.1,40,1,False,True,DE,,2020-09-12,2020-09-12,2024-06-09T09:45:56,2024-06-09T09:45:56
2468,65.2,,51,112,True,False,FR,,2020-07-31,2020-07-31,2021-10-12T08:52:34,2021-10-12T08:52:34
2469,46.37,99.73,34,111,True,False,CA,CA,2021-12-05,2021-12-05,2020-03-23T19:44:22,2020-03-23T19:44:22
2470,73.33,97.43,30,11,False,False,AU,JP,2020-04-26,2020-04-26,2022-07-16T21:26:01,2022-07-16T21:26:01
2471,0.69,39.32,57,60,False,,US,BR,2024-06-13,2024-06-13,2023-08-06T23:03:40,2023-08-06T23:03:40
2472,25.07,66.74,16,27,True,,FR,US,2023-05-30,2023-05-30,2020-07-25T01:29:27,2020-07-25T01:29:27
2473,34.98,84.25,113,88,False,True,AU,FR,2022-03-16,2022-03-16,2022-07-10T05:20:12,2022-07-10T05:20:12
2474,39.24,74.35,35,21,False,False,AU,DE,2022-01-02,,2024-11-09T23:27:39,2024-11-09T23:27:39
2475,70.83,36.74,61,29,False,True,FR,DE,2020-04-16,2020-04-16,2024-09-23T00:57:34,2024-09-23T00:57:34
2476,66.38,,67,21,False,False,AU,AU,2023-03-26,2023-03-26,2021-06-04T11:32:08,2021-06-04T11:32:08
2477,87.24,68.62,47,109,False,True,US,AU,2023-09-24,2023-09-24,2024-12-27T02:14:29,2024-12-27T02:14:29
2478,83.6,71.55,82,94,True,False,US,FR,2022-06-11,2022-06-11,2023-12-08T02:58:27,2023-12-08T02:58:27
2479,75.22,,43,16,False,,CA,CA,2021-04-05,2021-04-05,2024-04-05T04:23:01,2024-04-05T04:23:01
2480,98.1,88.85,74,91,True,False,CA,CA,2021-05-04,2021-05-04,2020-12-28T15:21:46,
2481,19.46,14.73,70,22,True,True,BR,UK,2022-11-04,,2023-02-13T16:12:25,2023-02-13T16:12:25
2482,49.29,24.33,63,31,True,True,DE,UK,2022-11-05,2022-11-05,2020-01-18T08:51:44,2020-01-18T08:51:44
2483,26.69,61.16,87,97,True,False,CA,,2021-01-05,2021-01-05,2022-03-27T09:30:54,2022-03-27T09:30:54
2484,12.8,26.78,38,42,False,True,UK,BR,2020-05-20,2020-05-20,2023-08-19T21:18:13,2023-08-19T21:18:13
2485,97.47,42.22,22,96,True,False,DE,JP,2021-01-22,2021-01-22,2021-10-07T01:17:58,2021-10-07T01:17:58
2486,45.14,48.4,58,89,False,False,AU,US,2023-07-01,2023-07-01,2021-05-01T23:47:16,2021-05-01T23:47:16
2487,84.23,11.7,37,115,True,False,DE,AU,2023-11-11,2023-11-11,2021-04-10T08:22:38,2021-04-10T08:22:38
2488,66.16,67.96,75,,False,True,JP,FR,2023-10-26,2023-10-26,2024-06-28T18:50:43,2024-06-28T18:50:43
2489,12.84,63.83,3,105,True,True,CA,FR,2023-06-29,2023-06-29,2020-03-20T15:12:52,2020-03-20T15:12:52
2490,45.22,67.84,113,96,False,True,AU,UK,2020-06-04,2020-06-04,2024-12-08T09:27:10,
2491,79.59,61.4,5,75,False,True,DE,JP,2024-05-16,2024-05-16,2021-06-10T04:01:30,2021-06-10T04:01:30
2492,97.84,37.74,54,9,False,False,BR,CA,2021-05-18,2021-05-18,2022-07-02T12:23:41,2022-07-02T12:23:41
2493,15.82,50.99,30,78,True,True,DE,DE,2023-10-03,2023-10-03,2021-04-08T13:36:19,2021-04-08T13:36:19
2494,97.5,13.45,117,,False,True,US,UK,2022-09-23,2022-09-23,2022-11-05T08:53:11,2022-11-05T08:53:11
2495,48.22,44.07,92,57,True,False,DE,UK,2021-12-19,,2024-02-07T18:29:47,2024-02-07T18:29:47
2496,77.63,,49,8,False,,UK,,2024-06-05,2024-06-05,2020-05-26T22:41:49,2020-05-26T22:41:49
2497,11.69,,38,72,True,,BR,BR,2023-03-12,2023-03-12,2020-04-11T05:37:43,2020-04-11T05:37:43
2498,84.28,6.8,34,55,False,False,FR,BR,2021-10-17,2021-10-17,2021-06-15T22:51:53,2021-06-15T22:51:53
2499,12.25,87.25,118,92,False,True,BR,US,2023-10-18,2023-10-18,2020-06-27T14:12:29,2020-06-27T14:12:29
2500,38.53,55.46,52,88,True,True,BR,AU,2021-11-26,2021-11-26,2023-05-24T14:31:26,2023-05-24T14:31:26
2501,91.28,23.78,0,56,True,True,UK,JP,2023-02-16,2023-02-16,2021-05-16T02:00:10,2021-05-16T02:00:10
2502,60.17,60.06,77,,False,,UK,UK,2021-03-12,2021-03-12,2023-12-25T23:47:49,2023-12-25T23:47:49
2503,17.63,25.1,38,22,True,True,FR,CA,2020-11-25,2020-11-25,2022-06-04T15:06:23,2022-06-04T15:06:23
2504,23.37,97.52,37,95,False,False,AU,CA,2020-02-10,2020-02-10,2022-03-27T21:50:39,2022-03-27T21:50:39
2505,71.32,21.44,57,9,False,False,US,DE,2022-09-06,2022-09-06,2024-06-11T10:32:15,2024-06-11T10:32:15
2506,59.16,2.17,95,39,True,True,CA,FR,2024-08-29,2024-08-29,2020-07-12T02:54:34,2020-07-12T02:54:34
2507,25.82,78.4,15,65,False,False,UK,AU,2022-11-03,2022-11-03,2024-05-09T18:16:44,2024-05-09T18:16:44
2508,98.41,96.67,23,37,False,True,JP,JP,2023-07-28,2023-07-28,2021-06-17T23:35:53,
2509,73.72,57.05,40,8,False,True,DE,FR,2022-05-05,2022-05-05,2022-02-26T14:32:59,2022-02-26T14:32:59
2510,29.46,90.54,44,27,True,True,UK,US,2021-09-04,2021-09-04,2023-05-09T06:51:46,2023-05-09T06:51:46
2511,79.15,80.75,119,6,True,False,BR,DE,2020-07-14,2020-07-14,2024-10-02T20:45:03,2024-10-02T20:45:03
2512,33.44,36.92,50,82,False,True,AU,US,2023-09-26,2023-09-26,2020-01-07T15:02:48,2020-01-07T15:02:48
2513,81.79,87.49,80,33,False,False,DE,DE,2022-11-21,2022-11-21,2022-03-09T08:49:33,2022-03-09T08:49:33
2514,48.55,41.83,1,78,True,True,FR,AU,2021-08-30,2021-08-30,2021-08-31T09:46:55,2021-08-31T09:46:55
2515,11.12,45.8,2,41,False,False,UK,JP,2024-09-28,2024-09-28,2021-12-10T11:11:58,2021-12-10T11:11:58
2516,0.19,56.51,118,113,True,True,DE,UK,2022-07-28,2022-07-28,2023-11-05T14:26:14,2023-11-05T14:26:14
2517,68.14,12.24,103,107,True,False,US,JP,2024-08-20,2024-08-20,2020-07-26T02:33:53,2020-07-26T02:33:53
2518,42.09,62.87,92,0,False,False,AU,JP,2023-07-19,2023-07-19,2022-01-24T18:26:46,2022-01-24T18:26:46
2519,86.5,53.8,113,116,False,False,DE,US,2021-08-29,2021-08-29,2024-02-08T08:13:55,2024-02-08T08:13:55
2520,96.75,82.06,68,67,False,False,UK,AU,2023-02-27,2023-02-27,2023-03-26T19:13:11,
2521,41.6,21.25,113,62,False,False,US,JP,2024-12-21,,2020-12-04T17:56:39,2020-12-04T17:56:39
2522,33.94,29.36,11,60,False,False,FR,BR,2024-04-15,2024-04-15,2024-03-15T18:41:34,2024-03-15T18:41:34
2523,70.34,98.77,80,15,True,True,BR,,2022-01-27,2022-01-27,2023-12-14T02:35:26,2023-12-14T02:35:26
2524,20.17,8.11,98,13,True,False,DE,UK,2020-05-01,2020-05-01,2021-02-04T10:54:26,2021-02-04T10:54:26
2525,13.57,98.92,37,115,True,True,UK,FR,2020-10-09,2020-10-09,2020-02-16T14:12:31,2020-02-16T14:12:31
2526,42.11,81.84,42,30,False,,BR,CA,2021-08-05,,2023-05-20T16:43:50,2023-05-20T16:43:50
2527,33.73,65.66,3,65,False,False,US,JP,2023-12-17,2023-12-17,2021-06-23T23:23:54,2021-06-23T23:23:54
2528,2.04,,98,115,True,False,UK,US,2022-11-14,2022-11-14,2023-09-04T14:36:57,2023-09-04T14:36:57
2529,45.0,54.74,76,,False,True,BR,CA,2022-09-06,2022-09-06,2022-12-17T19:17:28,2022-12-17T19:17:28
2530,80.87,,103,17,False,False,DE,UK,2022-08-25,2022-08-25,2024-12-16T10:11:33,2024-12-16T10:11:33
2531,13.66,61.96,59,14,False,False,UK,BR,2021-12-26,2021-12-26,2024-03-16T14:16:23,2024-03-16T14:16:23
2532,92.72,,20,58,False,True,CA,FR,2022-10-21,2022-10-21,2022-03-22T11:33:17,2022-03-22T11:33:17
2533,6.71,64.13,68,,False,False,CA,FR,2021-05-23,2021-05-23,2024-02-21T12:59:26,2024-02-21T12:59:26
2534,89.36,51.43,51,41,False,False,CA,US,2023-10-15,2023-10-15,2021-02-22T15:52:44,2021-02-22T15:52:44
2535,71.39,80.29,16,65,True,True,US,BR,2022-01-04,2022-01-04,2023-12-07T20:38:19,2023-12-07T20:38:19
2536,26.57,51.2,111,104,True,True,FR,BR,2023-02-02,2023-02-02,2024-02-16T15:14:30,2024-02-16T15:14:30
2537,26.61,28.06,67,,False,True,FR,FR,2021-03-18,2021-03-18,2021-04-10T08:17:02,2021-04-10T08:17:02
2538,89.0,1.36,84,30,True,True,JP,CA,2021-04-28,2021-04-28,2024-09-11T23:56:12,2024-09-11T23:56:12
2539,24.39,30.3,18,28,False,False,US,DE,2022-01-01,2022-01-01,2023-10-10T16:55:37,2023-10-10T16:55:37
2540,13.29,98.2,74,,True,True,JP,UK,2020-09-12,2020-09-12,2020-12-25T01:05:42,2020-12-25T01:05:42
2541,4.89,43.84,9,105,False,False,JP,FR,2023-12-28,,2023-10-12T03:43:38,2023-10-12T03:43:38
2542,80.32,38.15,1,36,False,True,BR,CA,2022-11-30,2022-11-30,2024-04-14T08:39:44,2024-04-14T08:39:44
2543,15.63,59.32,80,79,True,,US,UK,2022-10-29,2022-10-29,2023-05-03T03:48:53,2023-05-03T03:48:53
2544,93.19,57.65,37,5,False,True,DE,US,2024-09-11,2024-09-11,2020-06-02T15:37:32,2020-06-02T15:37:32
2545,76.19,44.53,37,111,False,True,BR,UK,2021-07-18,2021-07-18,2021-05-06T19:28:13,2021-05-06T19:28:13
2546,71.37,60.1,95,100,False,False,FR,JP,2024-01-21,,2023-07-19T07:13:14,2023-07-19T07:13:14
2547,58.56,91.77,22,70,True,False,JP,UK,2024-02-25,2024-02-25,2022-07-25T09:08:38,2022-07-25T09:08:38
2548,91.52,33.1,48,97,False,False,AU,DE,2020-10-05,2020-10-05,2024-12-29T12:44:43,2024-12-29T12:44:43
2549,70.12,71.81,25,,False,False,AU,DE,2024-02-25,2024-02-25,2020-02-27T01:26:06,2020-02-27T01:26:06
2550,18.97,89.36,104,,True,False,AU,FR,2021-07-13,2021-07-13,2023-08-13T09:13:38,2023-08-13T09:13:38
2551,80.69,66.44,45,102,True,True,BR,UK,2023-07-05,2023-07-05,2023-02-20T09:30:01,2023-02-20T09:30:01
2552,28.29,11.69,110,72,False,,BR,JP,2023-01-09,2023-01-09,2023-06-01T19:49:09,2023-06-01T19:49:09
2553,7.91,29.81,46,60,False,False,US,,2024-10-29,2024-10-29,2024-01-05T22:26:09,
2554,26.36,65.0,29,44,False,False,BR,CA,2021-11-30,,2020-09-06T23:38:29,2020-09-06T23:38:29
2555,93.08,22.1,80,,False,True,CA,BR,2021-05-04,2021-05-04,2024-05-27T08:51:11,2024-05-27T08:51:11
2556,5.3,12.57,54,106,True,False,FR,BR,2021-10-21,,2023-10-02T00:10:08,2023-10-02T00:10:08
2557,87.15,98.8,98,39,True,True,JP,US,2024-02-28,,2022-04-17T19:32:37,2022-04-17T19:32:37
2558,78.57,56.82,106,58,False,True,JP,AU,2024-06-11,2024-06-11,2022-02-02T19:13:23,2022-02-02T19:13:23
2559,99.25,22.25,17,51,True,False,AU,US,2023-02-24,2023-02-24,2023-07-02T16:37:48,2023-07-02T16:37:48
2560,41.38,75.05,71,72,True,True,CA,US,2024-04-05,,2022-03-21T12:34:55,2022-03-21T12:34:55
2561,43.29,88.03,49,102,False,True,FR,JP,2021-07-29,2021-07-29,2023-02-06T00:46:17,2023-02-06T00:46:17
2562,95.89,68.53,115,15,False,True,UK,,2024-02-11,2024-02-11,2022-02-20T15:45:37,2022-02-20T15:45:37
2563,98.15,77.11,37,26,False,False,DE,FR,2022-11-05,2022-11-05,2023-04-25T01:54:05,2023-04-25T01:54:05
2564,20.88,59.73,16,26,False,True,JP,FR,2021-11-02,2021-11-02,2021-10-22T23:10:36,2021-10-22T23:10:36
2565,70.28,49.34,44,76,True,False,UK,,2022-04-21,,2021-03-05T14:45:41,2021-03-05T14:45:41
2566,3.61,92.45,23,101,True,False,BR,UK,2021-12-13,2021-12-13,2024-02-06T16:56:42,2024-02-06T16:56:42
2567,43.24,74.08,87,31,True,True,CA,AU,2022-04-27,2022-04-27,2024-10-18T15:35:56,2024-10-18T15:35:56
2568,89.73,92.99,2,95,True,False,AU,BR,2021-05-07,2021-05-07,2022-11-21T00:24:00,2022-11-21T00:24:00
2569,65.52,75.85,3,23,True,True,UK,AU,2020-08-07,2020-08-07,2023-12-28T19:18:35,2023-12-28T19:18:35
2570,87.08,25.88,88,,False,False,FR,AU,2022-11-30,2022-11-30,2023-05-28T05:41:27,2023-05-28T05:41:27
2571,24.57,75.43,46,4,False,,JP,BR,2021-04-16,2021-04-16,2022-06-03T09:57:23,2022-06-03T09:57:23
2572,66.22,44.26,90,50,True,True,CA,DE,2024-08-01,2024-08-01,2022-10-30T01:55:03,2022-10-30T01:55:03
2573,28.34,35.47,27,35,False,True,FR,CA,2024-10-11,2024-10-11,2022-01-06T23:41:51,2022-01-06T23:41:51
2574,87.87,89.34,43,0,False,True,JP,US,2023-10-10,2023-10-10,2021-02-24T17:14:44,2021-02-24T17:14:44
2575,28.17,40.0,107,69,False,False,CA,CA,2020-09-11,2020-09-11,2024-05-06T07:17:49,2024-05-06T07:17:49
2576,69.93,79.87,50,96,True,True,UK,CA,2021-08-22,2021-08-22,2021-07-26T09:09:35,2021-07-26T09:09:35
2577,88.67,0.57,10,12,False,True,JP,BR,2022-02-21,2022-02-21,2023-10-26T09:03:44,2023-10-26T09:03:44
2578,35.26,15.82,111,118,True,,UK,UK,2022-06-03,2022-06-03,2023-03-15T20:46:29,2023-03-15T20:46:29
2579,41.9,56.65,119,13,False,False,US,BR,2024-03-06,2024-03-06,2022-03-09T20:15:45,2022-03-09T20:15:45
2580,55.79,43.09,50,102,True,True,AU,FR,2022-03-27,2022-03-27,2024-08-28T01:14:55,2024-08-28T01:14:55
2581,42.14,77.31,86,42,True,False,BR,BR,2021-09-24,2021-09-24,2024-10-06T16:24:03,2024-10-06T16:24:03
2582,64.54,24.46,42,112,True,False,DE,JP,2021-06-20,2021-06-20,2020-01-11T06:01:17,2020-01-11T06:01:17
2583,39.99,96.66,114,49,True,False,DE,CA,2023-05-15,2023-05-15,2022-02-14T22:57:37,2022-02-14T22:57:37
2584,15.47,87.96,106,12,False,True,BR,DE,2021-12-12,2021-12-12,2022-09-17T11:09:50,2022-09-17T11:09:50
2585,77.37,10.38,48,89,False,False,CA,JP,2022-08-21,2022-08-21,2022-07-10T07:23:19,2022-07-10T07:23:19
2586,39.49,74.05,83,8,True,False,US,JP,2023-02-05,2023-02-05,2022-10-31T04:15:56,2022-10-31T04:15:56
2587,83.06,73.69,63,102,False,,UK,CA,2023-09-10,2023-09-10,2023-04-11T11:14:05,2023-04-11T11:14:05
2588,99.4,46.67,89,70,True,True,CA,JP,2021-01-12,2021-01-12,2021-07-15T10:08:37,2021-07-15T10:08:37
2589,62.66,13.0,114,80,True,True,US,AU,2023-11-26,,2021-03-25T15:44:14,2021-03-25T15:44:14
2590,20.71,84.48,43,2,True,False,JP,DE,2023-07-27,2023-07-27,2020-05-06T10:34:41,2020-05-06T10:34:41
2591,42.05,,7,49,False,False,BR,,2023-01-23,2023-01-23,2023-08-05T20:48:13,2023-08-05T20:48:13
2592,55.48,97.56,93,55,False,True,AU,FR,2023-02-25,2023-02-25,2024-11-13T21:33:28,2024-11-13T21:33:28
2593,23.68,,54,50,True,True,FR,FR,2023-08-04,2023-08-04,2023-01-23T09:16:46,2023-01-23T09:16:46
2594,5.38,53.06,33,32,True,False,JP,BR,2021-08-18,2021-08-18,2022-02-20T09:47:55,2022-02-20T09:47:55
2595,26.6,79.63,112,74,True,True,JP,DE,2024-03-11,,2022-04-24T21:16:28,2022-04-24T21:16:28
2596,92.51,72.32,80,8,False,False,CA,US,2022-08-08,2022-08-08,2020-03-02T07:58:43,2020-03-02T07:58:43
2597,1.98,63.96,54,40,True,False,BR,AU,2023-07-11,2023-07-11,2021-11-15T17:05:23,2021-11-15T17:05:23
2598,56.89,17.88,112,63,False,True,DE,US,2024-04-12,2024-04-12,2020-03-09T15:52:24,2020-03-09T15:52:24
2599,92.9,61.36,45,11,True,True,DE,AU,2024-02-25,2024-02-25,2022-12-03T20:32:15,2022-12-03T20:32:15
2600,0.9,34.34,1,14,False,True,CA,FR,2020-12-24,2020-12-24,2020-08-07T10:59:50,2020-08-07T10:59:50
2601,67.44,11.66,105,85,False,False,FR,US,2023-03-14,2023-03-14,2022-11-24T13:01:23,2022-11-24T13:01:23
2602,9.4,41.46,15,34,True,False,DE,JP,2024-02-23,2024-02-23,2023-09-04T10:26:04,2023-09-04T10:26:04
2603,96.49,13.52,80,57,False,True,FR,FR,2022-03-14,2022-03-14,2020-05-22T08:57:43,2020-05-22T08:57:43
2604,80.75,49.74,30,102,True,False,DE,AU,2021-08-27,2021-08-27,2024-06-24T19:47:14,2024-06-24T19:47:14
2605,62.3,19.48,32,39,True,True,DE,CA,2020-12-30,2020-12-30,2023-07-26T17:09:28,2023-07-26T17:09:28
2606,77.52,24.07,111,50,True,True,UK,DE,2020-04-07,2020-04-07,2020-04-27T03:03:03,2020-04-27T03:03:03
2607,67.79,73.65,82,58,True,,AU,UK,2024-01-20,2024-01-20,2023-08-11T02:35:38,2023-08-11T02:35:38
2608,51.8,37.44,98,70,True,False,AU,UK,2022-01-26,2022-01-26,2022-12-07T06:55:44,2022-12-07T06:55:44
2609,53.82,62.59,0,73,True,,AU,CA,2024-08-16,2024-08-16,2024-08-31T09:31:59,2024-08-31T09:31:59
2610,97.27,7.46,109,42,True,True,CA,FR,2024-11-22,2024-11-22,2024-07-28T00:22:41,2024-07-28T00:22:41
2611,0.29,24.31,91,,False,True,JP,BR,2022-12-07,2022-12-07,2021-09-17T06:16:14,2021-09-17T06:16:14
2612,78.11,18.73,49,69,False,True,AU,UK,2023-03-04,2023-03-04,2022-02-22T04:58:54,2022-02-22T04:58:54
2613,27.62,26.21,59,,True,,CA,,2021-12-29,2021-12-29,2024-04-10T08:53:08,
2614,2.5,51.95,67,99,True,False,CA,US,2020-10-18,2020-10-18,2020-12-12T07:43:56,
2615,81.63,77.07,70,10,False,False,AU,AU,2021-07-17,2021-07-17,2021-08-24T13:50:50,2021-08-24T13:50:50
2616,57.09,84.24,106,,True,False,BR,FR,2021-04-13,2021-04-13,2021-05-15T01:25:49,2021-05-15T01:25:49
2617,67.16,45.64,116,9,True,True,FR,BR,2023-02-03,2023-02-03,2023-07-21T16:01:23,2023-07-21T16:01:23
2618,33.11,,59,63,False,True,BR,,2022-08-17,2022-08-17,2020-08-05T11:34:44,
2619,67.66,54.35,18,,True,False,US,US,2023-11-18,2023-11-18,2020-01-27T10:14:20,2020-01-27T10:14:20
2620,48.44,78.91,71,50,True,True,UK,US,2021-11-16,2021-11-16,2023-06-01T20:20:12,2023-06-01T20:20:12
2621,1.17,65.62,108,78,True,False,US,UK,2023-12-05,2023-12-05,2022-01-18T03:46:08,2022-01-18T03:46:08
2622,90.32,35.98,104,,False,True,FR,AU,2021-01-25,2021-01-25,2020-03-31T03:22:40,2020-03-31T03:22:40
2623,37.7,31.76,105,40,False,False,UK,AU,2024-10-01,2024-10-01,2021-03-18T13:50:31,2021-03-18T13:50:31
2624,8.92,46.3,102,18,True,True,FR,CA,2022-07-18,2022-07-18,2023-12-16T13:01:23,2023-12-16T13:01:23
2625,55.43,59.42,89,18,True,,JP,BR,2024-04-02,2024-04-02,2022-11-29T13:15:34,2022-11-29T13:15:34
2626,19.85,16.64,79,30,True,False,UK,,2024-12-14,2024-12-14,2022-11-19T18:14:30,2022-11-19T18:14:30
2627,7.92,91.27,60,69,True,,CA,AU,2022-09-23,,2021-06-07T04:50:17,2021-06-07T04:50:17
2628,75.48,83.87,102,80,True,False,BR,JP,2024-01-31,2024-01-31,2022-02-27T13:02:50,2022-02-27T13:02:50
2629,64.3,37.01,103,11,False,False,FR,CA,2023-07-20,2023-07-20,2022-03-30T11:16:13,2022-03-30T11:16:13
2630,4.76,71.48,96,,False,False,AU,US,2024-03-24,2024-03-24,2024-05-10T12:35:31,2024-05-10T12:35:31
2631,60.71,9.01,25,,True,False,AU,CA,2024-01-26,2024-01-26,2020-08-23T09:26:51,2020-08-23T09:26:51
2632,81.45,27.31,63,14,True,False,CA,CA,2024-09-02,2024-09-02,2022-10-05T14:18:31,2022-10-05T14:18:31
2633,8.94,36.46,52,62,True,True,BR,AU,2022-02-07,2022-02-07,2021-11-22T12:17:25,2021-11-22T12:17:25
2634,59.95,,70,44,False,,BR,BR,2021-09-17,2021-09-17,2022-12-04T20:46:15,2022-12-04T20:46:15
2635,49.59,73.67,8,89,True,False,DE,DE,2021-09-30,2021-09-30,2023-10-30T06:33:51,2023-10-30T06:33:51
2636,54.13,76.29,88,,False,False,DE,JP,2024-12-21,2024-12-21,2022-10-30T16:05:43,2022-10-30T16:05:43
2637,50.89,26.63,1,39,True,True,FR,,2023-01-11,2023-01-11,2020-06-20T06:39:43,2020-06-20T06:39:43
2638,89.91,41.54,5,107,True,True,AU,AU,2024-09-24,2024-09-24,2023-07-10T03:39:11,
2639,0.71,92.04,41,71,False,True,US,,2022-09-30,2022-09-30,2023-04-20T19:25:59,2023-04-20T19:25:59
2640,3.85,43.45,17,83,False,False,DE,US,2021-11-05,2021-11-05,2020-03-12T02:27:09,2020-03-12T02:27:09
2641,3.7,,119,45,False,False,BR,US,2024-07-30,2024-07-30,2022-04-18T22:41:39,2022-04-18T22:41:39
2642,52.71,24.6,92,6,True,False,JP,DE,2020-07-04,2020-07-04,2020-03-29T19:23:10,2020-03-29T19:23:10
2643,90.5,91.1,31,31,False,False,US,FR,2021-08-22,2021-08-22,2020-02-01T12:29:17,2020-02-01T12:29:17
2644,44.62,17.25,4,93,True,False,BR,CA,2024-02-10,,2024-08-18T15:29:26,2024-08-18T15:29:26
2645,67.05,74.66,19,72,False,True,US,FR,2023-08-02,2023-08-02,2021-06-28T17:55:00,2021-06-28T17:55:00
2646,58.55,78.01,62,119,False,True,FR,AU,2021-02-18,2021-02-18,2020-10-08T20:27:52,
2647,36.36,51.31,24,77,False,False,BR,DE,2023-03-08,2023-03-08,2024-03-26T06:25:40,2024-03-26T06:25:40
2648,78.44,59.65,78,51,False,False,BR,FR,2024-06-30,2024-06-30,2021-05-12T00:19:35,2021-05-12T00:19:35
2649,24.77,61.82,30,76,True,True,US,DE,2022-07-18,2022-07-18,2022-09-17T09:25:57,2022-09-17T09:25:57
2650,61.8,80.77,28,77,True,False,UK,FR,2023-12-29,2023-12-29,2024-03-25T22:05:54,2024-03-25T22:05:54
2651,53.83,29.7,58,69,False,False,JP,FR,2024-09-12,2024-09-12,2024-07-25T22:14:18,2024-07-25T22:14:18
2652,38.77,19.56,30,79,False,True,AU,DE,2024-09-27,2024-09-27,2024-12-28T17:54:41,2024-12-28T17:54:41
2653,15.39,90.92,97,66,True,True,FR,JP,2022-11-14,2022-11-14,2024-11-19T19:36:44,2024-11-19T19:36:44
2654,18.57,34.13,97,14,False,False,CA,AU,2024-05-11,2024-05-11,2023-03-24T17:40:46,2023-03-24T17:40:46
2655,43.11,3.21,73,61,False,True,DE,CA,2024-08-12,2024-08-12,2023-01-10T22:17:06,2023-01-10T22:17:06
2656,65.53,,88,85,False,,AU,JP,2023-03-02,2023-03-02,2021-08-28T02:05:55,2021-08-28T02:05:55
2657,86.0,45.23,43,44,False,,FR,US,2024-05-10,2024-05-10,2022-10-06T10:29:23,2022-10-06T10:29:23
2658,33.63,94.43,110,80,True,True,JP,JP,2024-02-11,,2022-07-04T06:03:23,2022-07-04T06:03:23
2659,27.66,43.79,16,23,False,True,FR,AU,2021-12-01,2021-12-01,2020-08-19T04:11:34,
2660,75.44,47.76,109,32,False,True,US,AU,2024-06-22,2024-06-22,2024-12-12T23:31:32,2024-12-12T23:31:32
2661,8.93,52.2,38,74,False,False,CA,FR,2021-08-04,2021-08-04,2023-10-08T23:04:55,2023-10-08T23:04:55
2662,49.8,59.81,87,90,True,,AU,BR,2022-02-20,2022-02-20,2024-10-11T03:32:32,2024-10-11T03:32:32
2663,77.74,88.3,86,110,True,False,DE,DE,2023-10-28,2023-10-28,2021-09-16T22:31:06,2021-09-16T22:31:06
2664,63.16,9.05,8,2,False,True,DE,US,2023-07-13,2023-07-13,2022-04-15T23:35:20,2022-04-15T23:35:20
2665,88.74,,80,68,False,,BR,FR,2023-11-20,,2022-11-30T15:40:14,2022-11-30T15:40:14
2666,79.64,63.39,33,116,False,False,BR,DE,2020-04-30,2020-04-30,2023-03-25T12:00:06,2023-03-25T12:00:06
2667,19.41,,38,98,False,True,BR,JP,2020-09-17,2020-09-17,2024-10-02T05:04:47,
2668,54.45,64.78,57,70,False,False,UK,JP,2023-11-02,2023-11-02,2024-01-02T14:31:35,2024-01-02T14:31:35
2669,74.26,83.85,2,69,False,True,AU,AU,2023-06-10,2023-06-10,2020-12-27T00:07:22,2020-12-27T00:07:22
2670,56.54,46.19,14,103,True,,FR,FR,2021-11-02,2021-11-02,2022-09-12T12:07:14,
2671,5.57,,102,116,False,True,DE,,2022-06-05,2022-06-05,2022-01-27T08:24:56,2022-01-27T08:24:56
2672,94.13,80.32,54,34,False,False,UK,CA,2020-09-04,2020-09-04,2020-11-04T04:55:26,2020-11-04T04:55:26
2673,64.99,91.99,18,95,False,False,JP,BR,2020-03-09,2020-03-09,2020-09-11T02:00:13,2020-09-11T02:00:13
2674,87.6,86.88,117,2,True,False,AU,JP,2020-12-09,2020-12-09,2022-09-13T03:59:35,2022-09-13T03:59:35
2675,45.37,81.94,3,42,False,False,BR,US,2020-09-02,2020-09-02,2024-01-07T11:50:32,2024-01-07T11:50:32
2676,40.92,7.95,14,5,False,False,FR,UK,2020-01-31,2020-01-31,2021-01-28T09:24:01,2021-01-28T09:24:01
2677,92.83,87.5,37,8,True,True,JP,US,2023-03-29,2023-03-29,2022-09-18T00:09:31,
2678,4.36,5.3,98,57,False,,CA,DE,2021-09-21,2021-09-21,2024-01-11T21:31:18,2024-01-11T21:31:18
2679,8.34,19.23,34,,False,False,US,BR,2022-02-19,2022-02-19,2020-12-17T20:02:07,2020-12-17T20:02:07
2680,24.82,81.25,41,41,False,False,JP,AU,2020-08-08,2020-08-08,2023-12-30T02:37:32,2023-12-30T02:37:32
2681,44.73,50.38,101,118,True,False,US,,2023-02-22,2023-02-22,2023-07-14T00:34:57,2023-07-14T00:34:57
2682,95.92,22.97,118,112,True,True,FR,CA,2022-06-25,2022-06-25,2020-02-06T23:04:51,2020-02-06T23:04:51
2683,74.73,98.25,40,50,False,False,US,CA,2024-02-02,2024-02-02,2020-05-04T20:17:41,2020-05-04T20:17:41
2684,70.34,40.3,80,96,True,False,US,US,2023-11-24,2023-11-24,2022-05-22T20:18:52,2022-05-22T20:18:52
2685,91.3,36.43,61,45,False,True,FR,UK,2021-04-25,2021-04-25,2022-08-13T12:41:26,2022-08-13T12:41:26
2686,77.31,82.4,111,25,False,True,UK,FR,2024-12-26,2024-12-26,2020-08-29T05:31:08,2020-08-29T05:31:08
2687,13.96,13.28,119,91,True,False,AU,DE,2024-01-14,2024-01-14,2022-04-05T17:27:51,2022-04-05T17:27:51
2688,33.31,93.97,39,0,False,False,CA,DE,2024-12-29,2024-12-29,2024-04-30T18:22:10,2024-04-30T18:22:10
2689,81.34,71.92,111,27,False,False,FR,BR,2021-12-13,2021-12-13,2024-12-25T23:35:11,2024-12-25T23:35:11
2690,46.62,49.13,38,12,True,False,AU,FR,2020-06-21,2020-06-21,2023-01-20T15:08:12,2023-01-20T15:08:12
2691,15.08,61.38,85,75,True,True,AU,AU,2022-03-05,2022-03-05,2024-01-20T03:31:50,2024-01-20T03:31:50
2692,45.76,70.68,13,25,False,False,BR,FR,2022-10-27,2022-10-27,2020-05-01T10:16:08,2020-05-01T10:16:08
2693,51.23,13.15,105,45,True,False,AU,UK,2020-12-26,,2023-12-30T23:33:37,2023-12-30T23:33:37
2694,6.36,,82,19,True,True,JP,CA,2022-12-05,2022-12-05,2022-02-02T22:53:59,2022-02-02T22:53:59
2695,15.65,,81,83,False,False,FR,DE,2021-04-21,2021-04-21,2023-12-31T18:15:16,2023-12-31T18:15:16
2696,57.99,57.17,108,22,False,False,FR,JP,2021-09-01,2021-09-01,2023-07-30T19:50:43,2023-07-30T19:50:43
2697,10.26,14.78,23,28,False,False,DE,DE,2024-06-04,2024-06-04,2021-08-31T19:58:18,2021-08-31T19:58:18
2698,51.91,9.01,27,25,False,True,JP,,2022-07-25,2022-07-25,2021-08-01T17:47:39,2021-08-01T17:47:39
2699,64.48,,53,100,True,True,FR,US,2022-01-07,,2021-01-15T07:02:26,2021-01-15T07:02:26
2700,53.34,36.8,71,79,False,False,AU,UK,2021-07-15,2021-07-15,2021-12-30T17:07:31,2021-12-30T17:07:31
2701,72.76,70.51,93,114,True,False,DE,JP,2023-08-23,2023-08-23,2023-04-20T13:39:25,2023-04-20T13:39:25
2702,52.23,17.44,67,5,False,False,UK,BR,2020-01-24,2020-01-24,2021-07-29T16:40:45,2021-07-29T16:40:45
2703,78.51,81.1,11,18,False,False,UK,BR,2023-05-24,,2023-04-20T07:40:37,2023-04-20T07:40:37
2704,39.77,4.63,20,100,True,False,CA,US,2022-01-21,2022-01-21,2021-03-20T07:47:48,2021-03-20T07:47:48
2705,12.26,95.37,107,87,False,True,US,,2022-02-10,2022-02-10,2023-02-17T10:49:12,2023-02-17T10:49:12
2706,31.07,7.45,73,,False,True,US,,2022-03-31,2022-03-31,2020-05-02T09:45:03,2020-05-02T09:45:03
2707,71.64,98.16,91,63,False,False,FR,AU,2023-03-10,2023-03-10,2021-03-15T01:16:21,2021-03-15T01:16:21
2708,9.88,18.04,73,67,False,False,FR,JP,2021-02-26,2021-02-26,2024-02-05T18:10:22,2024-02-05T18:10:22
2709,23.35,57.57,1,74,True,False,UK,BR,2020-03-24,2020-03-24,2021-04-08T21:33:48,2021-04-08T21:33:48
2710,81.28,85.83,51,64,False,True,US,BR,2022-03-11,2022-03-11,2022-08-13T18:49:15,2022-08-13T18:49:15
2711,80.07,28.77,0,52,False,False,AU,US,2021-06-16,2021-06-16,2020-08-05T06:22:00,2020-08-05T06:22:00
2712,55.35,19.84,38,5,False,True,DE,UK,2024-10-28,2024-10-28,2020-11-19T23:50:37,2020-11-19T23:50:37
2713,86.17,25.14,81,64,True,False,UK,,2020-09-19,2020-09-19,2022-03-09T20:24:05,2022-03-09T20:24:05
2714,88.21,66.12,107,4,True,True,AU,AU,2023-11-16,2023-11-16,2023-01-05T16:49:05,2023-01-05T16:49:05
2715,19.01,65.59,73,7,False,True,CA,US,2024-12-12,2024-12-12,2024-02-11T18:35:18,2024-02-11T18:35:18
2716,48.83,1.13,6,46,True,,FR,BR,2024-04-19,2024-04-19,2024-03-11T02:49:03,2024-03-11T02:49:03
2717,18.58,28.67,43,70,True,False,US,BR,2024-10-27,2024-10-27,2023-04-29T09:16:24,
2718,10.89,74.59,90,14,True,,AU,CA,2021-07-15,2021-07-15,2021-11-10T18:06:04,2021-11-10T18:06:04
2719,16.53,19.53,2,91,True,,UK,US,2022-09-05,2022-09-05,2021-04-09T13:43:41,2021-04-09T13:43:41
2720,31.88,1.51,9,32,True,False,UK,AU,2021-07-11,,2020-06-03T13:13:40,2020-06-03T13:13:40
2721,96.13,50.66,8,95,False,True,BR,BR,2020-12-14,2020-12-14,2020-01-15T20:34:59,2020-01-15T20:34:59
2722,62.5,14.55,119,41,True,False,JP,JP,2024-11-15,2024-11-15,2024-01-14T18:52:06,2024-01-14T18:52:06
2723,32.26,25.38,34,90,True,,AU,BR,2024-02-16,2024-02-16,2020-06-23T02:01:03,2020-06-23T02:01:03
2724,95.69,39.67,37,,True,False,BR,CA,2023-11-10,,2021-07-20T20:12:08,2021-07-20T20:12:08
2725,10.85,28.13,84,62,False,True,UK,DE,2022-05-02,2022-05-02,2020-06-27T00:35:31,2020-06-27T00:35:31
2726,18.89,49.48,80,72,True,True,BR,,2021-08-26,2021-08-26,2022-10-21T00:04:40,2022-10-21T00:04:40
2727,30.32,70.59,24,,True,True,JP,FR,2023-04-29,2023-04-29,2020-11-14T08:05:25,2020-11-14T08:05:25
2728,77.31,88.63,113,27,True,False,FR,FR,2020-02-17,2020-02-17,2024-02-05T14:20:40,2024-02-05T14:20:40
2729,44.79,90.35,25,84,True,False,AU,UK,2023-05-09,2023-05-09,2022-09-05T19:10:52,2022-09-05T19:10:52
2730,85.95,8.58,68,3,True,,CA,JP,2021-08-27,2021-08-27,2024-03-14T23:12:13,2024-03-14T23:12:13
2731,21.32,40.44,79,,True,,DE,DE,2021-07-22,2021-07-22,2023-06-18T11:13:02,2023-06-18T11:13:02
2732,52.02,50.47,80,74,True,True,US,FR,2023-05-22,2023-05-22,2021-12-21T16:56:01,
2733,56.93,13.94,17,5,True,,DE,UK,2022-04-20,,2022-02-24T16:17:15,2022-02-24T16:17:15
2734,41.1,28.26,97,10,True,False,UK,UK,2021-06-09,2021-06-09,2023-07-13T00:23:55,2023-07-13T00:23:55
2735,3.99,19.68,90,112,False,False,US,DE,2020-01-19,2020-01-19,2021-08-17T19:05:19,
2736,72.86,98.24,41,97,False,True,AU,CA,2024-06-21,2024-06-21,2024-07-18T17:05:07,2024-07-18T17:05:07
2737,98.36,13.17,36,55,True,,US,CA,2022-08-28,2022-08-28,2024-04-01T00:40:29,2024-04-01T00:40:29
2738,40.13,19.12,54,,False,,CA,JP,2023-11-26,2023-11-26,2020-01-20T00:15:07,2020-01-20T00:15:07
2739,69.35,24.84,103,63,False,False,AU,CA,2020-01-20,2020-01-20,2023-08-18T06:03:44,
2740,76.45,77.42,113,19,True,False,AU,US,2024-02-25,2024-02-25,2021-09-25T20:19:30,2021-09-25T20:19:30
2741,0.59,27.81,60,33,False,True,CA,DE,2023-07-30,2023-07-30,2023-12-26T10:17:29,
2742,38.57,52.03,101,1,True,False,FR,CA,2024-09-28,2024-09-28,2022-09-20T06:07:37,2022-09-20T06:07:37
2743,53.14,7.43,85,24,False,False,CA,CA,2021-04-30,,2021-04-09T12:07:46,2021-04-09T12:07:46
2744,69.72,83.33,107,9,True,,JP,DE,2020-07-07,2020-07-07,2021-03-13T15:46:25,2021-03-13T15:46:25
2745,26.41,57.25,2,47,False,True,CA,AU,2022-06-11,2022-06-11,2024-04-12T06:02:56,2024-04-12T06:02:56
2746,10.75,12.33,114,84,False,True,JP,UK,2023-02-10,2023-02-10,2024-02-03T23:43:02,2024-02-03T23:43:02
2747,44.69,9.52,108,62,False,False,CA,,2020-07-26,2020-07-26,2020-02-27T03:16:53,2020-02-27T03:16:53
2748,85.06,56.84,56,59,True,True,JP,FR,2021-06-05,2021-06-05,2023-10-17T22:52:04,2023-10-17T22:52:04
2749,20.74,89.58,9,46,False,,BR,JP,2021-03-15,,2021-06-05T18:36:15,2021-06-05T18:36:15
2750,31.42,99.58,65,71,True,True,DE,JP,2024-04-22,2024-04-22,2022-05-30T08:19:18,2022-05-30T08:19:18
2751,49.36,15.07,55,12,False,True,UK,US,2020-08-15,2020-08-15,2020-10-16T09:06:11,2020-10-16T09:06:11
2752,67.36,21.14,8,88,True,,DE,US,2024-11-20,2024-11-20,2020-07-11T10:05:38,2020-07-11T10:05:38
2753,24.83,31.15,56,102,False,False,BR,US,2022-03-31,,2024-01-25T15:47:11,2024-01-25T15:47:11
2754,54.55,95.53,5,,False,False,CA,BR,2020-11-30,2020-11-30,2023-05-01T22:58:44,2023-05-01T22:58:44
2755,50.37,34.92,34,65,True,,UK,CA,2022-03-14,2022-03-14,2024-02-09T08:42:14,
2756,62.25,74.07,56,45,False,True,FR,US,2021-10-14,2021-10-14,2024-05-01T20:31:27,2024-05-01T20:31:27
2757,71.12,0.08,95,81,False,False,JP,US,2020-12-10,2020-12-10,2022-02-08T00:22:20,2022-02-08T00:22:20
2758,43.98,96.67,42,13,False,False,CA,AU,2024-07-12,2024-07-12,2022-05-21T23:08:51,2022-05-21T23:08:51
2759,61.69,,23,79,False,True,CA,,2023-03-30,2023-03-30,2021-03-16T05:49:18,2021-03-16T05:49:18
2760,8.15,81.44,77,,True,True,CA,US,2021-04-18,2021-04-18,2020-09-26T11:14:39,2020-09-26T11:14:39
2761,21.19,24.15,105,62,True,False,US,BR,2021-03-21,2021-03-21,2022-10-29T19:42:47,2022-10-29T19:42:47
2762,55.88,42.92,62,1,False,,DE,DE,2020-09-16,2020-09-16,2020-03-22T09:19:10,2020-03-22T09:19:10
2763,77.53,41.8,50,102,False,True,JP,CA,2022-02-09,2022-02-09,2024-03-06T20:58:00,2024-03-06T20:58:00
2764,97.28,91.07,72,41,True,True,BR,DE,2022-10-16,2022-10-16,2022-04-30T10:43:25,2022-04-30T10:43:25
2765,37.74,,55,9,True,True,FR,,2022-10-31,2022-10-31,2024-12-21T12:33:05,2024-12-21T12:33:05
2766,95.98,60.46,42,34,True,False,UK,AU,2022-04-11,2022-04-11,2022-11-21T09:32:03,2022-11-21T09:32:03
2767,82.27,43.4,9,106,False,False,US,JP,2024-06-05,2024-06-05,2020-12-02T20:09:38,2020-12-02T20:09:38
2768,12.69,80.78,15,5,False,False,JP,UK,2022-11-30,2022-11-30,2023-10-28T04:49:17,2023-10-28T04:49:17
2769,82.41,96.25,107,27,False,False,FR,BR,2021-09-16,2021-09-16,2022-04-02T03:02:29,2022-04-02T03:02:29
2770,94.86,49.37,26,119,True,True,UK,BR,2023-06-13,2023-06-13,2023-12-20T17:04:18,2023-12-20T17:04:18
2771,30.13,2.7,10,37,False,False,AU,UK,2021-01-21,2021-01-21,2022-09-21T16:00:44,2022-09-21T16:00:44
2772,62.34,76.02,100,110,False,True,AU,US,2021-12-01,,2023-07-27T07:44:57,2023-07-27T07:44:57
2773,42.8,39.67,57,50,False,True,UK,US,2023-07-06,2023-07-06,2020-07-13T20:57:40,2020-07-13T20:57:40
2774,73.8,50.88,103,15,False,False,AU,JP,2022-01-27,2022-01-27,2020-07-17T22:26:00,2020-07-17T22:26:00
2775,33.15,96.23,77,110,True,False,AU,,2024-05-31,2024-05-31,2024-11-30T13:19:33,2024-11-30T13:19:33
2776,4.06,94.96,1,81,False,True,AU,UK,2020-04-20,2020-04-20,2022-07-19T05:39:36,2022-07-19T05:39:36
2777,44.6,52.83,96,114,True,False,AU,UK,2022-10-23,2022-10-23,2020-06-14T12:20:55,2020-06-14T12:20:55
2778,58.64,52.0,29,38,False,True,JP,UK,2022-09-03,2022-09-03,2022-09-18T15:06:14,2022-09-18T15:06:14
2779,52.39,82.07,70,,True,False,DE,JP,2023-03-17,2023-03-17,2020-10-25T05:48:44,2020-10-25T05:48:44
2780,50.72,4.02,88,92,True,True,US,AU,2021-10-23,,2022-01-08T02:38:10,
2781,62.87,57.4,46,105,False,True,BR,FR,2023-10-02,2023-10-02,2022-01-31T08:38:46,2022-01-31T08:38:46
2782,65.7,49.52,101,57,True,True,DE,CA,2021-07-16,2021-07-16,2022-11-25T12:28:10,2022-11-25T12:28:10
2783,55.57,44.12,117,26,True,True,BR,CA,2022-03-03,2022-03-03,2022-03-17T08:48:28,2022-03-17T08:48:28
2784,19.85,67.02,104,,True,False,DE,US,2024-01-11,2024-01-11,2024-08-29T20:42:22,2024-08-29T20:42:22
2785,3.43,64.35,38,95,True,False,US,FR,2021-10-12,2021-10-12,2023-07-06T21:10:25,2023-07-06T21:10:25
2786,49.72,92.04,31,118,False,False,AU,FR,2021-07-25,2021-07-25,2023-11-16T22:19:13,
2787,33.36,,13,117,True,False,AU,CA,2021-11-16,2021-11-16,2022-11-05T02:42:58,2022-11-05T02:42:58
2788,72.04,0.88,112,18,False,False,AU,UK,2024-03-12,2024-03-12,2020-06-11T15:53:55,2020-06-11T15:53:55
2789,28.04,61.34,26,68,True,,BR,BR,2020-07-19,2020-07-19,2024-05-18T20:14:18,2024-05-18T20:14:18
2790,17.8,2.73,104,82,True,False,CA,CA,2024-11-05,2024-11-05,2024-07-28T06:51:09,2024-07-28T06:51:09
2791,6.91,0.25,33,114,True,False,DE,AU,2020-07-04,2020-07-04,2022-09-03T12:46:58,2022-09-03T12:46:58
2792,3.48,28.89,63,105,False,True,UK,BR,2020-04-29,2020-04-29,2021-10-21T02:16:25,2021-10-21T02:16:25
2793,68.34,11.5,55,91,False,False,BR,AU,2022-09-21,2022-09-21,2021-11-19T17:31:14,2021-11-19T17:31:14
2794,45.91,5.53,105,32,False,False,UK,US,2022-01-09,2022-01-09,2020-08-20T14:38:07,2020-08-20T14:38:07
2795,26.55,96.85,43,70,False,,US,BR,2022-06-08,2022-06-08,2020-10-13T18:12:22,2020-10-13T18:12:22
2796,19.04,8.48,91,46,False,True,US,UK,2024-01-01,2024-01-01,2022-03-02T00:57:39,2022-03-02T00:57:39
2797,45.85,12.87,63,95,True,True,BR,BR,2021-12-09,2021-12-09,2024-07-12T10:56:35,2024-07-12T10:56:35
2798,65.47,59.13,89,44,True,False,CA,UK,2024-10-02,,2021-11-29T04:23:46,2021-11-29T04:23:46
2799,38.68,87.33,5,50,False,False,AU,CA,2022-09-05,2022-09-05,2020-09-25T05:52:54,2020-09-25T05:52:54
2800,24.25,26.55,64,,False,False,AU,AU,2023-06-02,2023-06-02,2023-04-26T01:52:09,2023-04-26T01:52:09
2801,39.33,,74,67,True,True,BR,CA,2024-03-12,2024-03-12,2020-09-26T13:17:05,2020-09-26T13:17:05
2802,96.39,7.45,79,5,False,True,FR,BR,2022-12-20,2022-12-20,2023-12-18T06:55:25,2023-12-18T06:55:25
2803,60.83,69.8,47,67,False,,DE,JP,2020-01-25,2020-01-25,2024-05-11T14:24:24,2024-05-11T14:24:24
2804,22.64,61.22,20,28,False,False,CA,AU,2024-03-11,2024-03-11,2021-05-16T00:29:22,
2805,82.25,53.73,113,12,False,False,FR,BR,2021-05-05,2021-05-05,2020-08-25T22:10:17,
2806,28.21,13.48,62,54,False,True,CA,AU,2021-12-04,,2023-05-21T00:27:08,2023-05-21T00:27:08
2807,54.31,37.63,26,78,False,True,UK,BR,2022-12-30,2022-12-30,2021-02-19T00:42:01,2021-02-19T00:42:01
2808,32.05,66.55,115,14,False,True,FR,DE,2023-11-08,2023-11-08,2021-07-24T14:09:56,2021-07-24T14:09:56
2809,5.1,17.46,111,54,True,,AU,DE,2021-09-23,2021-09-23,2024-04-09T06:03:35,2024-04-09T06:03:35
2810,4.58,26.25,117,5,True,False,UK,UK,2021-01-10,,2023-09-06T12:43:15,2023-09-06T12:43:15
2811,58.26,79.66,28,66,True,False,JP,BR,2023-09-10,2023-09-10,2020-06-20T13:32:34,2020-06-20T13:32:34
2812,44.06,89.91,99,119,False,True,CA,AU,2020-10-29,2020-10-29,2021-01-03T02:21:19,2021-01-03T02:21:19
2813,35.92,13.93,72,27,False,,BR,UK,2021-09-23,2021-09-23,2020-07-07T00:00:59,2020-07-07T00:00:59
2814,81.76,23.63,26,62,False,True,UK,US,2022-10-25,2022-10-25,2024-05-22T05:12:21,2024-05-22T05:12:21
2815,38.49,72.69,46,89,False,True,UK,JP,2024-05-02,2024-05-02,2024-06-07T19:35:24,
2816,94.54,,14,41,True,True,JP,AU,2024-05-21,2024-05-21,2021-08-10T19:17:44,2021-08-10T19:17:44
2817,69.93,44.67,55,88,False,False,JP,UK,2022-01-07,2022-01-07,2024-10-29T18:52:31,2024-10-29T18:52:31
2818,37.03,,55,53,False,True,CA,JP,2022-10-25,2022-10-25,2021-01-13T23:31:14,2021-01-13T23:31:14
2819,79.48,63.21,23,12,False,False,CA,BR,2024-05-28,2024-05-28,2022-07-30T22:37:01,2022-07-30T22:37:01
2820,60.48,,116,24,False,,US,FR,2023-01-01,2023-01-01,2022-07-09T08:34:43,2022-07-09T08:34:43
2821,18.57,95.7,19,42,True,False,AU,BR,2022-09-10,2022-09-10,2022-03-17T20:55:44,2022-03-17T20:55:44
2822,91.27,74.01,14,14,False,False,CA,,2024-04-17,,2020-04-20T07:25:00,
2823,68.24,65.79,99,56,True,True,JP,AU,2024-08-25,2024-08-25,2022-09-14T04:49:55,2022-09-14T04:49:55
2824,5.11,30.74,61,68,True,False,BR,DE,2023-07-12,2023-07-12,2024-08-19T17:03:55,2024-08-19T17:03:55
2825,74.85,7.73,50,47,False,False,FR,CA,2022-02-14,2022-02-14,2022-08-09T11:11:04,2022-08-09T11:11:04
2826,7.73,81.21,113,116,False,False,DE,,2024-03-18,2024-03-18,2020-11-23T16:13:54,2020-11-23T16:13:54
2827,2.69,80.15,60,13,False,False,JP,FR,2020-02-27,2020-02-27,2021-04-22T14:27:29,2021-04-22T14:27:29
2828,63.59,74.83,76,25,False,True,FR,JP,2023-11-10,2023-11-10,2021-02-20T15:45:36,2021-02-20T15:45:36
2829,7.95,3.22,45,45,False,False,DE,CA,2021-05-20,2021-05-20,2020-06-02T21:06:57,2020-06-02T21:06:57
2830,90.18,27.83,119,46,True,True,DE,UK,2021-12-15,2021-12-15,2024-10-29T13:33:03,2024-10-29T13:33:03
2831,69.4,1.38,8,106,False,True,UK,CA,2024-01-22,2024-01-22,2020-12-25T18:21:22,2020-12-25T18:21:22
2832,6.06,12.14,24,82,True,True,DE,JP,2021-09-15,2021-09-15,2022-03-11T20:51:35,2022-03-11T20:51:35
2833,41.18,95.38,68,115,False,True,UK,BR,2020-09-12,2020-09-12,2023-06-20T12:10:19,2023-06-20T12:10:19
2834,71.65,11.84,50,109,False,True,CA,BR,2022-01-16,2022-01-16,2024-10-21T14:06:46,
2835,93.57,13.82,103,,True,True,AU,DE,2020-02-25,2020-02-25,2023-06-27T12:03:44,2023-06-27T12:03:44
2836,8.09,98.1,33,85,False,False,FR,FR,2022-03-21,2022-03-21,2023-04-30T02:58:49,2023-04-30T02:58:49
2837,54.71,27.2,31,85,False,False,BR,US,2023-10-20,2023-10-20,2023-05-14T03:55:23,2023-05-14T03:55:23
2838,48.97,,12,74,False,True,US,FR,2023-11-15,2023-11-15,2020-12-01T18:22:06,2020-12-01T18:22:06
2839,5.26,33.9,62,98,False,True,JP,DE,2020-09-28,2020-09-28,2020-07-12T06:52:57,
2840,43.79,43.83,58,12,True,,BR,DE,2020-07-07,,2022-12-29T23:57:38,2022-12-29T23:57:38
2841,78.15,17.73,52,23,False,False,BR,AU,2021-11-28,,2022-12-04T21:03:46,2022-12-04T21:03:46
2842,68.87,84.32,77,35,False,True,AU,JP,2020-02-28,,2020-03-15T15:50:15,2020-03-15T15:50:15
2843,80.78,8.4,76,,False,False,BR,FR,2021-07-07,2021-07-07,2021-08-31T21:12:35,2021-08-31T21:12:35
2844,1.86,94.82,119,6,True,True,AU,,2020-12-05,,2021-08-31T18:56:17,
2845,63.72,71.94,90,5,True,False,CA,DE,2024-02-20,2024-02-20,2022-07-20T20:14:05,2022-07-20T20:14:05
2846,29.82,20.2,60,91,True,False,CA,UK,2024-08-23,2024-08-23,2024-03-10T00:50:57,
2847,21.38,64.46,19,,False,False,UK,US,2024-06-11,2024-06-11,2022-01-11T06:36:49,2022-01-11T06:36:49
2848,79.77,88.07,111,39,False,False,US,UK,2024-10-14,2024-10-14,2024-04-28T08:35:17,2024-04-28T08:35:17
2849,40.21,25.22,101,29,False,False,BR,DE,2022-10-29,2022-10-29,2020-03-13T13:29:55,2020-03-13T13:29:55
2850,72.9,23.17,16,106,False,,US,BR,2024-05-03,2024-05-03,2022-07-23T12:07:00,2022-07-23T12:07:00
2851,82.63,,12,98,True,True,AU,UK,2022-04-12,2022-04-12,2023-01-16T07:15:36,2023-01-16T07:15:36
2852,61.82,36.92,93,68,True,True,CA,AU,2023-05-10,2023-05-10,2023-04-24T23:02:34,2023-04-24T23:02:34
2853,8.74,25.45,105,94,True,False,UK,CA,2020-07-13,,2024-10-04T09:49:17,2024-10-04T09:49:17
2854,47.68,95.59,0,90,False,True,FR,DE,2023-04-24,2023-04-24,2024-01-22T16:22:36,2024-01-22T16:22:36
2855,32.53,58.46,69,63,True,True,JP,AU,2024-05-25,2024-05-25,2021-02-03T12:02:59,2021-02-03T12:02:59
2856,51.99,73.33,57,113,True,,UK,US,2022-01-02,2022-01-02,2022-01-08T22:57:53,2022-01-08T22:57:53
2857,10.69,66.72,24,45,False,True,JP,DE,2023-05-18,2023-05-18,2021-12-20T15:10:55,2021-12-20T15:10:55
2858,25.7,6.26,3,47,True,True,JP,FR,2021-05-29,2021-05-29,2020-03-08T14:20:33,2020-03-08T14:20:33
2859,15.66,2.94,109,64,True,True,DE,DE,2022-07-31,2022-07-31,2020-01-05T21:38:07,2020-01-05T21:38:07
2860,33.9,7.85,70,,True,False,AU,UK,2022-05-17,2022-05-17,2021-09-02T00:03:41,2021-09-02T00:03:41
2861,67.15,52.98,70,52,False,False,FR,DE,2024-10-05,2024-10-05,2020-07-28T08:46:22,2020-07-28T08:46:22
2862,96.42,67.47,25,28,False,False,UK,US,2022-07-14,2022-07-14,2020-04-12T20:41:09,2020-04-12T20:41:09
2863,85.07,96.08,86,,False,,BR,US,2021-06-29,2021-06-29,2022-07-18T05:16:20,2022-07-18T05:16:20
2864,9.23,77.99,69,,True,False,BR,CA,2021-07-06,2021-07-06,2021-09-08T12:12:26,
2865,48.72,16.0,111,,True,,DE,UK,2023-03-08,2023-03-08,2021-12-20T23:36:44,2021-12-20T23:36:44
2866,41.42,77.23,35,,True,True,FR,,2022-10-30,2022-10-30,2020-02-28T05:53:22,2020-02-28T05:53:22
2867,14.4,53.05,14,0,False,True,BR,FR,2024-05-15,,2022-06-10T05:59:30,2022-06-10T05:59:30
2868,67.24,22.58,119,16,False,False,DE,CA,2024-02-20,2024-02-20,2021-04-16T03:41:12,2021-04-16T03:41:12
2869,23.6,49.69,78,91,False,True,CA,JP,2024-05-25,,2024-12-13T14:06:04,2024-12-13T14:06:04
2870,54.9,58.59,116,48,True,False,UK,FR,2022-11-17,2022-11-17,2020-10-15T15:29:04,2020-10-15T15:29:04
2871,84.15,,76,22,False,True,BR,US,2022-10-16,2022-10-16,2020-08-07T13:53:51,2020-08-07T13:53:51
2872,99.04,81.58,19,,True,True,CA,,2022-06-22,2022-06-22,2022-08-10T00:28:44,2022-08-10T00:28:44
2873,63.42,45.78,93,62,False,True,AU,CA,2020-12-25,2020-12-25,2022-06-08T14:36:10,2022-06-08T14:36:10
2874,41.82,45.74,117,90,True,False,BR,US,2023-08-18,2023-08-18,2023-09-20T13:38:21,2023-09-20T13:38:21
2875,49.49,97.11,88,11,True,,CA,US,2024-06-13,2024-06-13,2022-08-12T19:08:20,2022-08-12T19:08:20
2876,40.71,88.29,78,102,False,True,BR,DE,2023-06-22,2023-06-22,2022-01-26T17:22:36,2022-01-26T17:22:36
2877,61.69,67.18,91,,True,,UK,DE,2024-07-24,2024-07-24,2021-12-27T05:24:20,2021-12-27T05:24:20
2878,35.19,60.22,52,93,True,True,FR,UK,2021-08-13,,2020-07-04T16:55:58,2020-07-04T16:55:58
2879,37.8,60.93,82,17,True,True,AU,JP,2022-08-21,,2020-04-30T00:50:55,2020-04-30T00:50:55
2880,38.33,90.72,44,99,False,True,CA,AU,2023-06-16,2023-06-16,2024-11-26T22:03:04,2024-11-26T22:03:04
2881,68.77,83.76,117,35,False,False,FR,FR,2021-05-29,2021-05-29,2021-05-08T04:34:50,2021-05-08T04:34:50
2882,60.65,29.14,87,27,True,True,UK,BR,2023-05-17,,2023-10-08T16:45:20,2023-10-08T16:45:20
2883,89.21,55.21,87,,False,False,DE,DE,2022-12-13,2022-12-13,2022-09-02T16:17:20,2022-09-02T16:17:20
2884,73.77,,29,47,False,True,DE,JP,2021-12-11,2021-12-11,2023-06-25T15:11:55,2023-06-25T15:11:55
2885,81.33,17.36,88,115,True,True,BR,CA,2024-05-01,2024-05-01,2024-03-26T19:43:29,2024-03-26T19:43:29
2886,59.76,,61,114,True,True,DE,FR,2024-12-27,2024-12-27,2020-02-14T06:07:32,2020-02-14T06:07:32
2887,17.67,22.4,1,,True,False,FR,JP,2020-05-05,2020-05-05,2020-07-03T21:37:22,2020-07-03T21:37:22
2888,77.2,84.69,87,53,False,,AU,,2021-02-28,2021-02-28,2023-10-18T20:52:02,2023-10-18T20:52:02
2889,65.03,39.42,58,,False,False,AU,US,2023-10-22,2023-10-22,2023-08-04T03:27:34,2023-08-04T03:27:34
2890,74.96,,76,,False,False,AU,CA,2024-11-17,2024-11-17,2023-04-09T00:49:19,2023-04-09T00:49:19
2891,65.58,51.72,86,88,True,,AU,CA,2023-11-10,2023-11-10,2021-01-22T18:08:33,2021-01-22T18:08:33
2892,49.87,42.95,19,,False,True,AU,,2023-04-03,2023-04-03,2022-04-05T22:31:27,2022-04-05T22:31:27
2893,5.93,16.27,82,84,False,,JP,US,2020-05-02,2020-05-02,2024-10-16T08:26:53,2024-10-16T08:26:53
2894,29.07,,47,52,True,False,FR,BR,2024-10-05,2024-10-05,2024-10-19T17:31:47,2024-10-19T17:31:47
2895,10.89,,73,27,False,False,BR,JP,2024-08-28,2024-08-28,2021-02-25T15:30:48,2021-02-25T15:30:48
2896,62.3,55.1,19,76,True,True,FR,FR,2021-05-06,2021-05-06,2024-10-05T16:47:24,2024-10-05T16:47:24
2897,21.52,96.74,14,33,True,False,DE,,2021-05-05,2021-05-05,2020-06-20T19:16:16,2020-06-20T19:16:16
2898,14.0,86.01,26,70,True,True,US,UK,2023-11-27,2023-11-27,2023-02-13T19:41:54,2023-02-13T19:41:54
2899,35.66,32.07,114,106,True,False,BR,DE,2020-02-02,2020-02-02,2021-10-06T07:34:38,2021-10-06T07:34:38
2900,14.08,,114,8,False,False,DE,JP,2020-12-29,2020-12-29,2024-11-30T06:19:24,2024-11-30T06:19:24
2901,47.31,19.86,8,11,False,False,UK,US,2024-02-12,2024-02-12,2022-07-02T09:28:59,2022-07-02T09:28:59
2902,27.76,3.34,63,11,True,False,CA,UK,2020-02-21,2020-02-21,2022-01-01T07:19:21,2022-01-01T07:19:21
2903,6.6,84.48,64,,False,True,DE,JP,2023-10-27,2023-10-27,2023-09-28T18:09:03,2023-09-28T18:09:03
2904,36.37,73.37,32,19,False,True,FR,US,2021-09-28,2021-09-28,2020-10-05T11:15:42,2020-10-05T11:15:42
2905,29.11,25.42,44,34,True,True,BR,CA,2021-11-20,2021-11-20,2021-04-28T16:01:56,2021-04-28T16:01:56
2906,97.73,31.22,4,109,True,False,US,JP,2024-04-13,2024-04-13,2023-03-15T12:07:43,2023-03-15T12:07:43
2907,19.12,72.71,84,56,False,True,CA,FR,2020-02-28,2020-02-28,2022-02-05T18:21:05,2022-02-05T18:21:05
2908,1.65,93.2,33,45,False,True,JP,FR,2023-02-15,,2020-04-04T19:32:41,2020-04-04T19:32:41
2909,3.32,13.05,100,67,True,True,US,,2022-06-30,2022-06-30,2024-07-14T03:37:17,2024-07-14T03:37:17
2910,67.16,20.67,18,22,False,False,AU,JP,2021-12-22,2021-12-22,2021-06-11T15:32:58,2021-06-11T15:32:58
2911,31.89,,87,50,True,False,UK,UK,2023-11-07,2023-11-07,2020-06-15T16:40:35,2020-06-15T16:40:35
2912,88.95,99.58,5,,False,,UK,FR,2023-04-24,2023-04-24,2023-09-24T06:26:53,2023-09-24T06:26:53
2913,68.5,31.0,3,28,True,False,BR,FR,2021-06-01,2021-06-01,2022-11-16T13:24:01,2022-11-16T13:24:01
2914,74.42,61.43,37,20,True,True,BR,BR,2021-11-19,2021-11-19,2021-06-16T17:52:32,
2915,65.51,86.29,55,55,False,True,UK,DE,2021-02-20,2021-02-20,2020-03-28T23:15:28,2020-03-28T23:15:28
2916,96.3,86.22,23,18,False,,US,,2021-02-07,2021-02-07,2024-03-15T18:01:12,
2917,71.12,79.05,64,17,True,False,AU,JP,2023-11-14,2023-11-14,2023-07-21T09:31:21,2023-07-21T09:31:21
2918,27.04,69.14,18,33,True,,US,FR,2022-10-28,2022-10-28,2024-11-08T09:16:09,2024-11-08T09:16:09
2919,88.0,71.0,96,11,False,False,JP,BR,2020-10-12,2020-10-12,2023-08-05T05:52:41,
2920,11.62,22.81,13,,True,True,JP,,2024-11-04,2024-11-04,2024-05-10T23:57:10,2024-05-10T23:57:10
2921,27.85,34.84,6,47,True,,US,FR,2021-01-26,2021-01-26,2021-02-08T10:58:33,2021-02-08T10:58:33
2922,47.72,,40,9,True,True,AU,US,2023-06-04,2023-06-04,2020-09-19T14:01:20,2020-09-19T14:01:20
2923,51.31,,85,4,False,False,US,CA,2020-10-22,2020-10-22,2021-06-02T19:55:51,2021-06-02T19:55:51
2924,87.66,68.05,67,,False,False,UK,CA,2022-10-10,2022-10-10,2023-10-10T17:38:15,2023-10-10T17:38:15
2925,99.51,7.28,110,8,True,False,JP,AU,2020-08-09,2020-08-09,2020-03-05T12:34:17,2020-03-05T12:34:17
2926,85.63,7.79,16,52,False,True,UK,AU,2024-04-24,2024-04-24,2023-05-22T13:36:29,2023-05-22T13:36:29
2927,43.59,84.76,93,114,False,True,BR,CA,2022-06-01,2022-06-01,2020-10-11T08:19:04,2020-10-11T08:19:04
2928,39.06,39.82,89,51,False,False,US,US,2022-12-09,2022-12-09,2023-10-26T17:01:15,2023-10-26T17:01:15
2929,37.59,39.89,58,83,False,False,US,DE,2021-08-18,2021-08-18,2023-04-13T19:08:42,2023-04-13T19:08:42
2930,82.92,60.53,80,76,True,True,AU,FR,2021-07-10,2021-07-10,2021-11-26T18:57:46,
2931,8.1,39.11,80,69,False,False,DE,FR,2024-07-12,2024-07-12,2023-07-22T06:06:39,2023-07-22T06:06:39
2932,79.05,50.0,83,56,False,,JP,UK,2024-01-19,2024-01-19,2022-07-23T00:37:09,2022-07-23T00:37:09
2933,72.16,10.33,50,24,False,,US,JP,2021-04-10,2021-04-10,2022-06-04T10:27:40,2022-06-04T10:27:40
2934,93.22,94.0,29,101,True,True,BR,US,2022-10-23,2022-10-23,2020-06-01T02:33:52,2020-06-01T02:33:52
2935,94.0,73.62,65,23,False,False,UK,AU,2024-09-03,2024-09-03,2024-02-26T19:33:20,2024-02-26T19:33:20
2936,70.36,46.65,82,17,False,,CA,CA,2020-01-20,,2023-05-05T21:57:33,2023-05-05T21:57:33
2937,77.63,40.74,109,45,True,True,CA,DE,2022-12-26,2022-12-26,2023-01-31T09:38:57,2023-01-31T09:38:57
2938,54.89,36.04,1,31,False,True,US,UK,2020-08-19,2020-08-19,2023-05-11T13:17:07,
2939,60.21,32.53,16,46,False,True,BR,US,2022-04-02,2022-04-02,2020-11-16T05:50:47,2020-11-16T05:50:47
2940,36.87,33.37,72,112,True,True,AU,US,2020-11-27,2020-11-27,2021-09-21T05:29:20,2021-09-21T05:29:20
2941,94.07,34.43,105,95,True,False,BR,JP,2022-09-01,2022-09-01,2023-05-05T00:28:59,2023-05-05T00:28:59
2942,55.29,95.56,76,55,False,True,US,FR,2020-01-10,2020-01-10,2023-07-01T13:40:19,2023-07-01T13:40:19
2943,77.73,5.01,96,89,False,True,BR,CA,2020-02-23,,2020-12-22T01:31:52,2020-12-22T01:31:52
2944,27.96,43.04,92,113,False,True,UK,US,2023-01-13,2023-01-13,2020-02-04T16:34:33,2020-02-04T16:34:33
2945,22.1,,105,5,False,,FR,FR,2020-04-18,2020-04-18,2024-06-25T15:59:32,
2946,92.14,43.51,0,93,False,,DE,UK,2024-01-25,2024-01-25,2020-10-11T19:30:29,2020-10-11T19:30:29
2947,7.56,29.24,99,74,True,True,US,JP,2024-09-22,2024-09-22,2023-02-09T14:46:34,2023-02-09T14:46:34
2948,78.41,56.99,110,103,True,False,DE,UK,2023-11-02,2023-11-02,2024-03-07T12:04:22,2024-03-07T12:04:22
2949,55.31,43.66,17,65,False,True,BR,US,2024-08-27,2024-08-27,2021-03-18T22:57:09,
2950,93.34,8.22,15,99,False,False,DE,,2024-01-18,2024-01-18,2021-09-07T05:49:34,2021-09-07T05:49:34
2951,92.63,48.98,5,59,False,False,US,JP,2020-12-01,2020-12-01,2024-01-20T22:31:21,2024-01-20T22:31:21
2952,69.89,26.67,44,1,False,False,BR,JP,2020-12-08,2020-12-08,2022-06-14T08:27:31,2022-06-14T08:27:31
2953,13.53,83.84,13,71,False,False,UK,AU,2020-10-30,2020-10-30,2021-01-14T07:33:33,
2954,22.07,64.59,109,96,False,False,AU,US,2021-04-27,2021-04-27,2024-11-01T17:20:07,2024-11-01T17:20:07
2955,75.37,43.75,110,,True,False,CA,JP,2024-01-01,2024-01-01,2023-02-14T03:55:46,2023-02-14T03:55:46
2956,68.62,77.58,78,4,True,False,JP,JP,2024-06-10,2024-06-10,2020-10-24T17:49:52,2020-10-24T17:49:52
2957,69.07,61.13,77,119,True,,DE,US,2024-05-07,2024-05-07,2023-04-03T01:49:13,2023-04-03T01:49:13
2958,89.01,78.89,105,87,True,False,FR,AU,2021-01-11,2021-01-11,2023-01-09T18:14:58,2023-01-09T18:14:58
2959,0.85,47.07,44,100,True,True,US,UK,2023-11-07,2023-11-07,2023-03-21T11:20:48,2023-03-21T11:20:48
2960,2.77,,62,42,False,False,DE,AU,2022-03-31,2022-03-31,2022-10-13T12:47:08,
2961,22.35,,43,81,True,,FR,AU,2021-04-04,2021-04-04,2021-12-30T06:50:54,2021-12-30T06:50:54
2962,96.22,20.01,99,103,False,True,US,BR,2021-09-23,2021-09-23,2024-11-07T04:11:46,2024-11-07T04:11:46
2963,12.77,,25,55,True,False,AU,,2023-02-06,,2024-10-14T15:55:39,2024-10-14T15:55:39
2964,90.39,29.43,16,,False,True,CA,,2022-02-27,2022-02-27,2024-03-03T01:46:16,2024-03-03T01:46:16
2965,98.93,5.51,70,35,False,True,US,DE,2021-04-29,2021-04-29,2023-06-28T11:30:00,2023-06-28T11:30:00
2966,94.0,27.2,84,98,False,False,DE,DE,2020-04-04,2020-04-04,2023-01-27T05:30:08,2023-01-27T05:30:08
2967,37.26,,71,50,False,False,JP,FR,2024-02-05,2024-02-05,2022-10-24T06:42:54,2022-10-24T06:42:54
2968,91.26,86.61,27,88,False,False,FR,AU,2022-02-14,2022-02-14,2020-10-06T00:55:45,2020-10-06T00:55:45
2969,31.45,69.18,22,116,False,False,FR,FR,2024-03-23,2024-03-23,2020-02-14T22:49:47,2020-02-14T22:49:47
2970,91.74,3.23,1,41,False,False,BR,JP,2023-09-17,2023-09-17,2024-09-14T02:36:13,2024-09-14T02:36:13
2971,72.31,35.69,107,,False,True,BR,BR,2020-07-07,2020-07-07,2022-09-26T09:04:00,2022-09-26T09:04:00
2972,32.65,13.86,118,50,False,True,DE,JP,2021-04-17,2021-04-17,2021-02-20T19:55:43,
2973,28.28,27.12,66,87,False,True,BR,DE,2024-11-27,2024-11-27,2022-04-08T00:40:10,2022-04-08T00:40:10
2974,27.3,76.62,98,33,False,True,FR,JP,2021-01-23,2021-01-23,2024-12-17T18:05:55,2024-12-17T18:05:55
2975,21.31,98.19,5,77,False,,AU,FR,2021-03-06,2021-03-06,2022-03-09T23:52:22,2022-03-09T23:52:22
2976,82.42,29.89,40,5,False,True,CA,BR,2023-01-01,2023-01-01,2024-09-12T14:58:37,2024-09-12T14:58:37
2977,54.98,19.32,12,62,True,True,BR,FR,2023-07-08,2023-07-08,2023-05-20T10:28:51,2023-05-20T10:28:51
2978,37.91,96.59,3,72,True,True,UK,UK,2022-10-30,2022-10-30,2022-11-10T17:58:54,2022-11-10T17:58:54
2979,98.41,51.96,71,70,True,False,CA,AU,2023-03-10,,2021-05-20T01:40:40,2021-05-20T01:40:40
2980,24.08,51.47,94,1,False,,US,CA,2022-09-22,2022-09-22,2023-03-06T04:40:49,2023-03-06T04:40:49
2981,87.54,70.69,13,67,False,True,BR,FR,2022-06-27,2022-06-27,2020-08-20T07:08:06,2020-08-20T07:08:06
2982,68.6,55.74,41,27,False,False,US,FR,2022-03-06,2022-03-06,2020-02-28T16:22:34,
2983,44.07,90.78,30,27,False,False,FR,JP,2020-06-23,2020-06-23,2021-09-01T02:41:15,2021-09-01T02:41:15
2984,82.33,48.22,34,,True,,BR,DE,2023-08-18,2023-08-18,2023-11-19T10:47:20,2023-11-19T10:47:20
2985,39.86,80.42,92,35,True,True,UK,CA,2022-09-06,2022-09-06,2021-12-20T05:17:47,2021-12-20T05:17:47
2986,70.95,54.91,47,119,False,False,FR,,2020-08-18,,2020-06-09T07:03:07,
2987,91.57,30.72,89,18,False,True,JP,US,2020-04-30,2020-04-30,2022-01-02T07:31:29,2022-01-02T07:31:29
2988,65.28,57.74,36,66,True,True,AU,UK,2020-02-05,2020-02-05,2024-04-14T21:25:48,2024-04-14T21:25:48
2989,47.72,62.31,21,41,False,False,FR,FR,2022-11-08,2022-11-08,2021-11-30T23:32:11,
2990,85.62,23.82,98,8,False,,BR,,2021-08-25,2021-08-25,2023-01-08T10:45:09,2023-01-08T10:45:09
2991,2.43,66.9,103,90,True,False,US,,2024-03-14,2024-03-14,2024-03-08T09:06:48,2024-03-08T09:06:48
2992,24.57,90.95,73,45,True,,DE,UK,2020-07-04,2020-07-04,2020-08-12T20:26:21,2020-08-12T20:26:21
2993,70.14,97.65,36,,True,True,JP,AU,2024-05-21,2024-05-21,2020-02-06T09:56:29,2020-02-06T09:56:29
2994,57.59,89.27,83,39,False,True,JP,AU,2021-01-26,,2022-06-27T07:52:29,2022-06-27T07:52:29
2995,82.94,52.61,1,6,True,False,JP,JP,2022-09-24,2022-09-24,2022-05-22T17:21:40,2022-05-22T17:21:40
2996,87.46,68.75,90,116,True,True,BR,AU,2022-06-08,2022-06-08,2020-08-23T20:47:20,2020-08-23T20:47:20
2997,14.38,96.25,91,36,False,,BR,AU,2023-03-25,2023-03-25,2024-03-02T19:40:59,2024-03-02T19:40:59
2998,11.8,19.79,72,,True,True,DE,FR,2024-02-05,2024-02-05,2023-06-23T20:46:42,2023-06-23T20:46:42
2999,40.83,65.45,9,95,False,True,UK,DE,2021-10-13,2021-10-13,2024-04-10T01:32:58,2024-04-10T01:32:58
3000,66.38,39.62,42,49,True,False,JP,FR,2024-11-20,2024-11-20,2021-05-05T13:39:45,
3001,11.88,89.34,48,109,True,True,FR,FR,2024-04-22,2024-04-22,2020-02-15T23:35:22,2020-02-15T23:35:22
3002,32.17,94.31,19,104,True,False,AU,US,2021-04-17,2021-04-17,2022-07-24T01:02:13,2022-07-24T01:02:13
3003,41.92,8.13,113,8,True,True,US,FR,2023-09-03,2023-09-03,2021-10-17T00:26:42,
3004,0.82,34.15,50,5,False,True,UK,FR,2024-09-13,2024-09-13,2022-09-20T01:14:23,2022-09-20T01:14:23
3005,25.54,91.18,74,42,False,True,BR,,2021-04-18,2021-04-18,2023-10-16T12:18:28,
3006,54.59,23.82,23,90,True,True,UK,BR,2020-12-24,2020-12-24,2023-05-12T09:05:35,
3007,67.46,93.9,1,37,False,False,JP,UK,2022-04-13,2022-04-13,2021-02-17T21:34:02,2021-02-17T21:34:02
3008,64.86,64.74,79,78,False,True,CA,DE,2020-04-10,2020-04-10,2020-01-12T19:30:56,2020-01-12T19:30:56
3009,95.74,87.48,110,45,False,True,AU,UK,2020-06-04,,2023-02-08T11:23:01,2023-02-08T11:23:01
3010,50.83,16.82,24,88,True,False,US,US,2021-12-23,2021-12-23,2022-08-21T09:08:26,2022-08-21T09:08:26
3011,41.25,86.52,2,8,False,False,CA,,2024-09-17,2024-09-17,2024-03-13T01:06:13,2024-03-13T01:06:13
3012,13.95,82.48,102,102,False,,UK,FR,2023-03-25,2023-03-25,2023-06-01T08:45:38,
3013,24.57,84.75,1,21,True,False,AU,DE,2023-01-22,2023-01-22,2023-09-24T16:06:05,2023-09-24T16:06:05
3014,68.39,17.24,93,73,False,True,DE,JP,2021-02-01,2021-02-01,2022-09-30T08:03:12,2022-09-30T08:03:12
3015,33.6,81.4,39,86,False,False,US,JP,2022-03-20,2022-03-20,2023-12-10T03:50:36,2023-12-10T03:50:36
3016,7.11,35.62,119,98,True,True,DE,BR,2020-07-29,2020-07-29,2020-04-17T07:03:48,
3017,46.41,96.82,100,41,False,True,CA,BR,2021-01-26,2021-01-26,2024-02-03T23:34:28,2024-02-03T23:34:28
3018,34.41,49.97,115,22,False,True,DE,BR,2022-06-27,2022-06-27,2023-09-15T16:18:29,2023-09-15T16:18:29
3019,46.01,40.85,108,,False,False,UK,BR,2022-10-22,,2023-04-23T20:25:37,2023-04-23T20:25:37
3020,3.91,66.7,40,,True,,BR,CA,2022-11-29,2022-11-29,2023-03-17T00:10:19,2023-03-17T00:10:19
3021,2.27,,39,,True,,BR,AU,2020-05-16,2020-05-16,2023-05-14T06:41:20,2023-05-14T06:41:20
3022,77.89,43.7,87,4,True,True,FR,BR,2020-12-02,2020-12-02,2021-10-12T21:30:11,2021-10-12T21:30:11
3023,91.93,94.66,44,7,True,True,US,DE,2023-02-04,2023-02-04,2024-11-11T07:00:08,2024-11-11T07:00:08
3024,45.98,52.38,45,58,True,True,AU,JP,2020-04-08,2020-04-08,2022-09-23T16:10:33,2022-09-23T16:10:33
3025,76.41,75.84,11,89,False,True,CA,US,2021-08-13,2021-08-13,2023-04-30T22:25:48,2023-04-30T22:25:48
3026,97.57,89.1,25,98,False,True,UK,BR,2021-04-21,2021-04-21,2021-05-05T12:16:03,2021-05-05T12:16:03
3027,16.94,22.61,78,113,True,False,AU,FR,2021-07-18,2021-07-18,2020-01-21T07:35:21,2020-01-21T07:35:21
3028,91.76,1.1,59,105,True,False,BR,US,2020-11-09,2020-11-09,2024-04-24T17:19:16,2024-04-24T17:19:16
3029,84.18,,39,69,False,False,CA,AU,2022-05-10,2022-05-10,2021-01-11T05:37:15,2021-01-11T05:37:15
3030,75.38,98.66,108,,False,True,AU,CA,2024-05-18,2024-05-18,2020-10-10T17:31:25,2020-10-10T17:31:25
3031,23.49,13.61,64,,True,False,JP,CA,2023-06-13,2023-06-13,2021-12-23T10:43:41,2021-12-23T10:43:41
3032,30.25,97.33,10,20,True,False,BR,,2023-05-20,2023-05-20,2020-01-07T12:05:34,2020-01-07T12:05:34
3033,86.25,25.26,40,20,False,True,UK,US,2021-12-29,2021-12-29,2024-06-21T16:59:06,2024-06-21T16:59:06
3034,31.16,24.75,109,41,False,True,DE,BR,2022-08-16,2022-08-16,2024-08-06T18:27:23,2024-08-06T18:27:23
3035,50.34,16.05,44,85,True,True,UK,BR,2021-09-17,2021-09-17,2022-06-22T02:43:16,2022-06-22T02:43:16
3036,9.61,18.15,85,110,True,True,UK,AU,2020-11-20,2020-11-20,2021-10-28T10:29:16,2021-10-28T10:29:16
3037,64.44,42.12,83,52,True,False,JP,CA,2022-11-27,2022-11-27,2024-11-06T21:10:24,2024-11-06T21:10:24
3038,88.2,6.7,118,78,False,,FR,US,2020-10-17,,2023-11-09T23:54:54,2023-11-09T23:54:54
3039,95.54,53.06,94,60,True,True,US,FR,2022-12-14,2022-12-14,2021-11-15T08:53:39,
3040,82.17,66.18,53,111,False,False,BR,JP,2020-03-19,2020-03-19,2024-10-22T10:03:28,2024-10-22T10:03:28
3041,42.83,2.02,24,61,True,True,BR,,2023-10-19,2023-10-19,2021-09-20T15:51:21,2021-09-20T15:51:21
3042,37.96,88.07,106,61,False,True,DE,JP,2020-11-13,2020-11-13,2023-12-08T12:37:31,2023-12-08T12:37:31
3043,14.33,41.46,19,84,True,,FR,FR,2020-06-13,2020-06-13,2020-12-15T15:38:10,
3044,79.74,84.15,53,,True,False,DE,US,2024-05-10,2024-05-10,2020-03-20T12:55:16,2020-03-20T12:55:16
3045,52.17,95.86,88,59,False,False,AU,FR,2021-04-22,2021-04-22,2020-02-12T11:47:27,2020-02-12T11:47:27
3046,18.87,2.62,19,26,True,False,JP,FR,2020-03-06,2020-03-06,2022-10-19T17:09:09,2022-10-19T17:09:09
3047,24.71,48.25,42,,False,True,CA,FR,2021-08-01,2021-08-01,2020-06-06T19:04:06,2020-06-06T19:04:06
3048,25.1,,4,22,False,False,BR,UK,2020-03-15,,2020-01-29T13:06:44,2020-01-29T13:06:44
3049,71.95,31.54,90,71,True,False,US,JP,2022-08-10,2022-08-10,2022-12-12T05:58:59,2022-12-12T05:58:59
3050,43.79,95.12,73,,True,False,US,,2021-03-06,2021-03-06,2021-06-19T03:45:50,
3051,46.26,12.1,20,6,False,False,FR,DE,2020-12-06,2020-12-06,2020-09-10T11:58:31,2020-09-10T11:58:31
3052,17.38,24.64,69,27,False,False,JP,FR,2022-02-23,,2023-11-19T17:06:41,
3053,17.75,93.1,57,29,True,False,US,DE,2021-10-05,2021-10-05,2024-06-05T11:47:40,2024-06-05T11:47:40
3054,88.11,19.99,50,73,False,,BR,US,2024-01-14,2024-01-14,2024-09-17T13:46:46,2024-09-17T13:46:46
3055,71.95,74.92,46,99,False,True,US,UK,2022-04-30,,2024-11-06T23:46:19,2024-11-06T23:46:19
3056,27.16,29.86,40,,True,True,BR,BR,2023-05-19,2023-05-19,2021-01-21T15:41:19,2021-01-21T15:41:19
3057,91.95,73.93,52,66,True,False,AU,US,2020-03-30,2020-03-30,2024-02-14T17:52:19,2024-02-14T17:52:19
3058,97.69,41.07,94,44,False,True,BR,DE,2022-09-18,2022-09-18,2020-03-05T08:21:31,
3059,78.37,51.3,55,25,False,False,US,US,2024-12-23,2024-12-23,2022-01-02T13:09:32,2022-01-02T13:09:32
3060,41.15,15.0,93,103,False,,US,AU,2024-06-27,2024-06-27,2023-05-22T13:29:49,2023-05-22T13:29:49
3061,83.08,15.39,88,72,True,True,AU,US,2023-09-13,2023-09-13,2024-04-03T02:46:16,2024-04-03T02:46:16
3062,89.67,63.49,50,81,True,False,AU,BR,2021-07-04,2021-07-04,2024-05-10T21:20:24,2024-05-10T21:20:24
3063,66.75,61.02,11,1,False,,BR,BR,2021-09-03,2021-09-03,2024-03-26T12:29:58,2024-03-26T12:29:58
3064,19.29,42.26,60,71,True,,FR,BR,2024-01-26,2024-01-26,2023-06-21T19:03:11,2023-06-21T19:03:11
3065,95.44,40.22,60,53,False,False,UK,,2024-05-20,,2021-05-15T05:15:41,2021-05-15T05:15:41
3066,99.54,84.71,96,27,True,True,JP,CA,2020-12-01,2020-12-01,2020-05-13T23:48:55,
3067,47.09,7.45,69,63,True,True,DE,FR,2020-04-13,2020-04-13,2024-07-02T01:29:46,2024-07-02T01:29:46
3068,83.62,57.37,38,105,False,False,DE,UK,2023-10-24,2023-10-24,2020-09-02T17:25:52,2020-09-02T17:25:52
3069,88.32,22.15,8,29,True,True,UK,,2024-02-28,2024-02-28,2024-02-11T17:04:25,2024-02-11T17:04:25
3070,51.0,,6,,False,True,DE,US,2020-07-07,,2023-08-21T06:57:12,2023-08-21T06:57:12
3071,84.19,47.0,51,63,False,False,JP,UK,2023-08-02,2023-08-02,2023-02-01T11:42:45,
3072,95.99,93.06,77,8,False,True,JP,JP,2022-12-02,2022-12-02,2024-12-16T01:28:52,2024-12-16T01:28:52
3073,71.87,93.6,104,,False,True,UK,,2020-11-25,2020-11-25,2021-09-21T13:19:10,
3074,41.49,19.74,9,69,True,False,US,US,2024-08-18,2024-08-18,2020-09-03T16:23:37,2020-09-03T16:23:37
3075,5.64,69.7,26,112,True,False,FR,AU,2020-10-21,2020-10-21,2021-11-29T05:11:45,2021-11-29T05:11:45
3076,28.17,30.75,96,6,False,,US,,2020-11-30,2020-11-30,2023-05-04T19:06:43,2023-05-04T19:06:43
3077,98.29,49.3,66,31,True,False,US,,2021-10-26,2021-10-26,2024-01-12T03:11:52,2024-01-12T03:11:52
3078,4.19,50.99,33,92,True,True,AU,FR,2022-11-16,2022-11-16,2022-07-16T09:57:21,2022-07-16T09:57:21
3079,57.39,92.07,109,101,False,False,BR,DE,2022-09-06,2022-09-06,2022-04-22T05:20:00,2022-04-22T05:20:00
3080,6.87,56.15,32,62,False,True,CA,BR,2022-04-30,2022-04-30,2021-12-19T10:13:46,2021-12-19T10:13:46
3081,5.29,33.14,0,32,True,False,BR,US,2024-11-02,2024-11-02,2020-02-14T08:03:55,2020-02-14T08:03:55
3082,89.91,74.33,74,,False,False,BR,DE,2023-06-17,2023-06-17,2023-10-30T10:51:18,2023-10-30T10:51:18
3083,31.27,25.32,12,26,False,True,UK,JP,2023-02-12,2023-02-12,2023-07-18T02:37:17,2023-07-18T02:37:17
3084,68.87,44.75,95,12,False,False,US,JP,2024-07-28,2024-07-28,2020-08-21T04:51:28,2020-08-21T04:51:28
3085,31.17,60.8,9,107,True,False,JP,,2021-02-27,2021-02-27,2022-06-15T15:42:29,2022-06-15T15:42:29
3086,5.94,61.5,15,22,True,False,US,JP,2024-05-15,2024-05-15,2020-08-31T21:26:43,2020-08-31T21:26:43
3087,75.48,,94,78,False,False,US,,2021-12-14,2021-12-14,2022-10-31T14:08:11,2022-10-31T14:08:11
3088,50.72,37.86,80,,True,False,CA,BR,2023-06-01,2023-06-01,2024-11-29T11:26:04,2024-11-29T11:26:04
3089,57.9,,49,29,False,False,DE,AU,2021-04-14,2021-04-14,2021-03-22T11:26:47,2021-03-22T11:26:47
3090,88.34,40.24,46,4,False,False,CA,,2022-05-07,2022-05-07,2024-10-31T10:45:18,2024-10-31T10:45:18
3091,41.91,98.67,22,112,True,True,US,DE,2024-11-03,2024-11-03,2022-08-03T10:08:53,2022-08-03T10:08:53
3092,35.28,61.61,102,85,False,False,UK,JP,2024-12-03,2024-12-03,2024-02-24T06:04:59,2024-02-24T06:04:59
3093,71.39,,99,51,False,False,UK,BR,2022-08-10,2022-08-10,2021-02-01T05:28:03,2021-02-01T05:28:03
3094,5.4,26.93,86,11,False,False,JP,CA,2021-02-18,2021-02-18,2024-10-24T21:29:56,2024-10-24T21:29:56
3095,37.63,24.48,23,117,True,True,DE,AU,2023-01-05,2023-01-05,2023-02-19T15:02:00,2023-02-19T15:02:00
3096,94.92,62.57,69,,False,True,US,UK,2023-04-30,2023-04-30,2023-07-18T21:45:32,
3097,54.67,32.32,91,59,False,False,CA,DE,2022-04-26,2022-04-26,2024-12-07T13:45:30,2024-12-07T13:45:30
3098,55.19,3.45,9,118,False,False,AU,DE,2021-10-26,2021-10-26,2021-12-28T17:00:47,2021-12-28T17:00:47
3099,39.9,13.52,91,,True,False,US,AU,2021-11-05,2021-11-05,2022-04-25T11:44:04,2022-04-25T11:44:04
3100,8.63,45.93,94,57,False,False,UK,JP,2024-10-26,2024-10-26,2022-05-02T22:17:43,2022-05-02T22:17:43
3101,3.67,99.9,66,,False,True,AU,DE,2022-05-25,2022-05-25,2021-04-09T23:52:23,2021-04-09T23:52:23
3102,66.87,67.79,75,32,True,,CA,DE,2022-02-22,2022-02-22,2023-01-21T15:48:19,2023-01-21T15:48:19
3103,24.05,,79,66,False,True,US,BR,2023-07-27,2023-07-27,2024-10-27T12:19:44,2024-10-27T12:19:44
3104,10.59,17.72,10,58,False,True,JP,BR,2021-02-17,2021-02-17,2020-02-19T16:46:22,2020-02-19T16:46:22
3105,83.28,45.79,53,71,False,True,DE,BR,2022-06-11,2022-06-11,2022-01-29T21:42:42,2022-01-29T21:42:42
3106,20.99,64.81,99,33,True,False,JP,AU,2023-12-11,2023-12-11,2024-02-19T14:09:23,2024-02-19T14:09:23
3107,20.47,63.85,56,29,False,True,BR,JP,2020-09-28,,2023-03-15T21:20:20,2023-03-15T21:20:20
3108,86.34,95.27,111,61,False,False,JP,CA,2020-07-02,2020-07-02,2024-06-05T20:36:51,2024-06-05T20:36:51
3109,5.5,88.03,7,56,False,False,BR,JP,2022-02-07,2022-02-07,2024-09-09T05:59:25,2024-09-09T05:59:25
3110,15.29,,73,38,True,True,JP,CA,2023-04-06,2023-04-06,2022-06-30T18:57:02,
3111,36.36,90.37,54,12,True,True,DE,AU,2021-01-20,2021-01-20,2024-04-11T03:19:28,2024-04-11T03:19:28
3112,68.68,,7,88,False,False,US,DE,2024-08-09,,2020-06-17T03:57:34,2020-06-17T03:57:34
3113,8.52,61.72,29,35,True,False,UK,FR,2022-03-10,2022-03-10,2020-09-09T05:59:34,2020-09-09T05:59:34
3114,10.16,67.22,66,31,False,True,US,DE,2020-03-07,2020-03-07,2022-01-23T17:52:41,2022-01-23T17:52:41
3115,80.04,34.75,46,10,False,False,JP,DE,2022-04-23,2022-04-23,2021-05-10T02:54:38,2021-05-10T02:54:38
3116,78.11,13.92,114,31,False,True,FR,BR,2020-04-03,2020-04-03,2021-08-19T15:44:51,2021-08-19T15:44:51
3117,79.53,34.4,41,18,False,True,UK,BR,2024-06-25,2024-06-25,2023-03-20T00:15:28,2023-03-20T00:15:28
3118,51.47,14.45,39,42,False,False,JP,DE,2022-09-12,2022-09-12,2020-05-03T07:27:32,
3119,10.96,83.67,80,,True,False,DE,AU,2021-12-16,2021-12-16,2022-02-17T07:34:01,2022-02-17T07:34:01
3120,2.41,34.49,116,49,False,True,JP,BR,2022-12-29,2022-12-29,2020-07-24T19:46:57,2020-07-24T19:46:57
3121,33.03,83.01,48,31,False,False,FR,CA,2020-05-02,2020-05-02,2023-06-17T21:55:52,2023-06-17T21:55:52
3122,85.35,12.56,10,118,False,,JP,DE,2022-06-21,,2020-08-13T15:56:29,2020-08-13T15:56:29
3123,22.85,15.86,9,69,False,False,AU,JP,2021-12-25,2021-12-25,2022-11-03T14:25:47,2022-11-03T14:25:47
3124,98.95,9.63,36,105,False,True,JP,BR,2020-04-29,2020-04-29,2022-06-25T16:37:08,2022-06-25T16:37:08
3125,25.94,88.25,21,66,False,False,DE,US,2022-03-14,2022-03-14,2024-12-26T18:19:10,2024-12-26T18:19:10
3126,78.17,9.39,112,43,True,False,JP,UK,2023-10-04,2023-10-04,2022-05-28T21:52:49,2022-05-28T21:52:49
3127,42.57,58.13,50,,True,False,FR,DE,2023-02-22,,2022-05-27T16:23:00,2022-05-27T16:23:00
3128,89.21,73.37,100,118,False,,CA,BR,2023-11-19,2023-11-19,2023-06-09T12:04:26,2023-06-09T12:04:26
3129,72.13,17.57,46,8,False,False,CA,AU,2021-04-22,2021-04-22,2020-09-13T17:25:39,2020-09-13T17:25:39
3130,11.86,28.69,2,27,False,False,AU,CA,2024-09-01,2024-09-01,2024-09-29T07:00:44,2024-09-29T07:00:44
3131,4.59,57.18,19,110,False,False,US,US,2021-04-26,2021-04-26,2020-10-18T09:24:48,2020-10-18T09:24:48
3132,59.42,96.44,64,81,False,False,AU,AU,2020-06-12,2020-06-12,2024-07-01T23:21:27,2024-07-01T23:21:27
3133,28.21,44.7,75,0,False,True,BR,AU,2023-06-08,2023-06-08,2021-07-21T11:28:52,2021-07-21T11:28:52
3134,40.13,13.04,21,73,False,True,AU,BR,2023-10-12,,2024-06-05T18:26:55,2024-06-05T18:26:55
3135,86.12,69.77,83,58,False,False,DE,JP,2023-03-03,,2020-07-31T19:52:01,2020-07-31T19:52:01
3136,59.08,67.04,42,20,True,False,CA,BR,2020-06-10,2020-06-10,2020-08-13T06:51:45,
3137,85.11,86.4,106,112,False,True,FR,UK,2020-06-04,2020-06-04,2021-01-14T22:29:19,2021-01-14T22:29:19
3138,85.54,71.17,12,42,True,False,DE,US,2023-12-17,2023-12-17,2024-02-25T13:27:04,
3139,36.11,,106,20,False,False,US,CA,2022-07-13,,2022-12-31T10:39:57,2022-12-31T10:39:57
3140,86.04,65.21,15,116,True,,CA,AU,2023-09-08,2023-09-08,2022-02-22T13:40:00,2022-02-22T13:40:00
3141,13.05,54.68,51,5,True,True,AU,JP,2023-12-04,2023-12-04,2020-08-14T08:49:11,2020-08-14T08:49:11
3142,65.07,9.96,27,63,True,False,AU,BR,2021-09-29,2021-09-29,2021-07-02T22:36:16,2021-07-02T22:36:16
3143,7.13,66.19,85,21,True,True,BR,US,2020-01-15,2020-01-15,2024-02-25T08:22:38,2024-02-25T08:22:38
3144,13.43,55.13,82,38,False,True,UK,BR,2020-04-14,,2021-04-21T10:13:17,2021-04-21T10:13:17
3145,46.53,4.37,93,92,True,False,DE,BR,2024-07-06,2024-07-06,2024-11-26T19:35:00,2024-11-26T19:35:00
3146,6.45,68.76,107,113,False,True,UK,JP,2022-08-24,2022-08-24,2024-11-11T06:01:00,2024-11-11T06:01:00
3147,64.81,78.04,116,,False,False,BR,BR,2023-02-02,2023-02-02,2021-02-16T15:35:34,2021-02-16T15:35:34
3148,38.47,,28,25,False,True,US,JP,2024-07-27,2024-07-27,2022-07-18T06:34:19,2022-07-18T06:34:19
3149,14.85,27.3,64,99,False,False,BR,US,2022-08-19,2022-08-19,2024-06-28T19:14:20,
3150,42.43,90.46,27,107,True,True,DE,UK,2021-03-11,2021-03-11,2020-09-14T22:18:11,2020-09-14T22:18:11
3151,82.95,78.54,75,51,False,True,FR,FR,2021-10-16,2021-10-16,2024-07-01T12:18:45,2024-07-01T12:18:45
3152,60.04,12.61,101,34,False,,UK,FR,2023-03-28,2023-03-28,2024-11-24T06:12:04,2024-11-24T06:12:04
3153,49.94,73.37,101,110,False,False,BR,US,2021-12-18,2021-12-18,2021-11-22T23:30:48,2021-11-22T23:30:48
3154,99.64,18.66,70,53,True,,AU,CA,2022-03-07,2022-03-07,2022-08-31T01:35:33,2022-08-31T01:35:33
3155,26.31,5.09,51,,False,,JP,CA,2021-05-15,,2020-03-27T12:29:45,2020-03-27T12:29:45
3156,0.47,40.08,113,119,True,True,CA,UK,2023-02-03,2023-02-03,2021-07-26T20:24:17,2021-07-26T20:24:17
3157,13.82,61.51,16,,True,True,UK,DE,2021-02-07,2021-02-07,2021-08-31T05:20:05,
3158,45.86,,101,119,False,False,CA,CA,2022-01-01,2022-01-01,2024-01-21T18:14:49,2024-01-21T18:14:49
3159,67.54,62.91,12,62,False,True,US,CA,2021-06-18,2021-06-18,2023-06-08T03:40:46,2023-06-08T03:40:46
3160,58.32,11.84,3,93,False,False,AU,CA,2023-10-14,2023-10-14,2023-09-17T22:38:10,2023-09-17T22:38:10
3161,92.11,99.62,109,77,False,,BR,CA,2024-07-08,2024-07-08,2024-12-29T04:36:59,2024-12-29T04:36:59
3162,66.62,7.73,54,80,True,False,BR,US,2020-05-11,2020-05-11,2021-09-29T15:18:09,2021-09-29T15:18:09
3163,26.64,27.65,50,103,False,True,AU,CA,2023-12-12,2023-12-12,2023-03-11T21:52:06,2023-03-11T21:52:06
3164,37.05,78.5,93,113,False,False,UK,CA,2023-02-24,2023-02-24,2023-08-27T01:47:12,2023-08-27T01:47:12
3165,65.05,73.0,55,102,False,False,CA,DE,2024-04-27,2024-04-27,2021-08-02T04:26:38,2021-08-02T04:26:38
3166,44.77,44.94,86,52,True,False,JP,UK,2023-02-25,,2023-11-17T10:55:35,
3167,55.3,87.83,46,78,False,False,BR,CA,2021-11-07,2021-11-07,2023-08-03T09:40:47,2023-08-03T09:40:47
3168,92.47,93.17,103,94,False,,US,AU,2021-02-12,2021-02-12,2023-02-08T08:41:40,2023-02-08T08:41:40
3169,98.08,3.01,39,29,True,,DE,CA,2023-08-27,2023-08-27,2024-06-28T22:33:23,2024-06-28T22:33:23
3170,37.25,80.31,1,72,True,False,JP,FR,2021-06-15,2021-06-15,2024-01-19T17:57:02,2024-01-19T17:57:02
3171,9.22,84.33,39,8,False,False,AU,DE,2020-09-03,2020-09-03,2023-12-21T06:56:49,2023-12-21T06:56:49
3172,27.33,,102,91,False,,FR,BR,2023-09-15,2023-09-15,2021-03-01T14:27:13,2021-03-01T14:27:13
3173,33.97,,112,58,True,True,JP,CA,2024-07-16,2024-07-16,2024-12-06T13:14:16,2024-12-06T13:14:16
3174,54.24,66.35,2,118,True,True,BR,UK,2024-06-13,2024-06-13,2024-09-30T14:26:48,2024-09-30T14:26:48
3175,40.4,2.17,115,,False,False,UK,AU,2023-02-27,2023-02-27,2023-08-21T06:24:57,2023-08-21T06:24:57
3176,24.13,2.82,103,72,False,True,UK,AU,2024-06-13,2024-06-13,2023-03-14T21:57:25,
3177,54.24,67.47,43,4,True,,FR,BR,2022-11-09,2022-11-09,2022-01-28T10:51:35,
3178,21.98,93.33,41,,False,True,UK,FR,2023-06-09,2023-06-09,2021-04-23T03:14:12,2021-04-23T03:14:12
3179,28.15,53.07,10,30,True,True,BR,,2020-06-18,2020-06-18,2023-11-05T01:25:35,2023-11-05T01:25:35
3180,47.26,80.0,83,81,True,True,CA,BR,2021-11-14,2021-11-14,2020-10-30T23:27:29,2020-10-30T23:27:29
3181,4.16,,39,50,True,False,FR,UK,2024-09-15,2024-09-15,2022-07-12T07:20:54,2022-07-12T07:20:54
3182,63.21,66.18,11,,False,False,UK,,2024-04-17,2024-04-17,2024-07-01T06:57:14,2024-07-01T06:57:14
3183,36.16,86.95,76,80,True,,UK,US,2022-12-19,,2020-09-20T17:42:18,2020-09-20T17:42:18
3184,25.33,13.21,115,10,True,False,CA,UK,2021-06-29,2021-06-29,2021-08-27T17:19:44,2021-08-27T17:19:44
3185,90.99,19.79,15,59,False,True,AU,FR,2021-02-08,2021-02-08,2020-05-30T01:15:46,2020-05-30T01:15:46
3186,77.85,,44,88,False,True,DE,US,2021-04-10,2021-04-10,2024-05-09T05:14:42,2024-05-09T05:14:42
3187,89.45,53.86,57,87,True,True,FR,CA,2021-11-20,2021-11-20,2021-12-12T04:54:52,2021-12-12T04:54:52
3188,34.45,53.52,59,56,True,False,UK,US,2024-11-29,2024-11-29,2021-05-13T14:41:55,2021-05-13T14:41:55
3189,94.22,99.88,57,9,True,False,AU,BR,2022-01-20,2022-01-20,2022-02-18T04:20:13,2022-02-18T04:20:13
3190,68.69,34.31,79,94,True,True,BR,US,2023-04-07,2023-04-07,2024-01-07T09:59:16,2024-01-07T09:59:16
3191,24.2,82.06,73,115,True,,DE,BR,2023-11-13,2023-11-13,2023-03-08T18:40:23,
3192,59.09,43.76,81,110,False,True,US,BR,2023-06-08,2023-06-08,2020-07-22T03:40:10,2020-07-22T03:40:10
3193,29.02,13.13,96,8,True,False,AU,AU,2021-12-02,2021-12-02,2022-06-15T03:53:44,2022-06-15T03:53:44
3194,17.57,,93,74,True,True,JP,DE,2023-07-28,2023-07-28,2020-04-21T20:29:02,
3195,74.21,2.43,40,86,False,True,BR,UK,2021-02-13,2021-02-13,2024-05-07T07:41:32,2024-05-07T07:41:32
3196,73.9,50.96,78,12,False,,CA,CA,2021-07-30,2021-07-30,2024-07-13T19:11:33,2024-07-13T19:11:33
3197,21.05,21.82,4,5,False,False,CA,AU,2021-02-04,2021-02-04,2023-10-26T00:13:25,2023-10-26T00:13:25
3198,75.14,96.32,47,33,True,True,US,,2023-04-08,2023-04-08,2021-02-26T13:51:39,
3199,52.71,,105,87,False,True,JP,FR,2023-01-14,2023-01-14,2022-06-01T03:12:15,2022-06-01T03:12:15
3200,49.65,23.78,10,2,True,,UK,CA,2021-04-30,2021-04-30,2023-06-12T11:31:11,2023-06-12T11:31:11
3201,45.81,91.63,33,66,False,True,CA,US,2020-06-13,,2024-02-25T01:38:10,2024-02-25T01:38:10
3202,64.47,14.24,20,62,True,False,BR,US,2021-10-25,,2021-04-14T20:26:27,2021-04-14T20:26:27
3203,30.83,68.7,23,,True,False,JP,CA,2023-04-16,2023-04-16,2021-04-06T05:41:40,2021-04-06T05:41:40
3204,87.9,26.78,79,102,False,,BR,JP,2023-01-29,2023-01-29,2022-10-01T03:47:40,2022-10-01T03:47:40
3205,73.29,31.03,116,38,True,,JP,BR,2020-10-16,2020-10-16,2022-03-10T13:22:32,2022-03-10T13:22:32
3206,82.24,64.11,49,28,False,False,AU,UK,2023-12-13,2023-12-13,2021-09-14T03:02:39,2021-09-14T03:02:39
3207,85.45,49.09,118,98,True,True,FR,DE,2024-03-22,,2021-04-22T10:08:53,2021-04-22T10:08:53
3208,10.32,28.93,3,96,True,False,FR,CA,2023-05-03,2023-05-03,2020-09-30T16:58:01,2020-09-30T16:58:01
3209,19.06,21.86,67,106,False,True,DE,AU,2023-07-02,2023-07-02,2024-01-10T09:10:00,2024-01-10T09:10:00
3210,40.61,62.84,42,4,True,False,AU,BR,2023-05-15,2023-05-15,2022-01-09T12:29:56,2022-01-09T12:29:56
3211,38.92,62.54,71,95,True,True,BR,FR,2024-01-17,2024-01-17,2020-04-12T01:14:10,2020-04-12T01:14:10
3212,91.4,56.3,102,105,False,False,JP,JP,2021-12-09,2021-12-09,2022-11-13T15:03:49,2022-11-13T15:03:49
3213,85.65,66.21,8,95,False,True,UK,CA,2024-09-14,2024-09-14,2022-04-23T03:18:52,2022-04-23T03:18:52
3214,38.63,38.08,94,94,True,False,BR,US,2024-04-18,2024-04-18,2022-12-23T21:55:40,2022-12-23T21:55:40
3215,25.15,17.49,34,114,False,False,JP,US,2021-11-08,,2021-09-12T01:15:58,2021-09-12T01:15:58
3216,71.15,30.95,35,,False,False,BR,US,2020-04-18,2020-04-18,2023-09-02T04:12:07,2023-09-02T04:12:07
3217,62.97,6.36,79,30,True,False,CA,BR,2021-01-31,2021-01-31,2023-07-11T05:03:48,2023-07-11T05:03:48
3218,7.06,1.53,58,90,True,True,JP,CA,2024-01-13,2024-01-13,2022-03-15T20:53:15,2022-03-15T20:53:15
3219,9.61,20.27,52,63,True,True,BR,AU,2022-06-10,2022-06-10,2021-11-06T08:57:59,
3220,9.47,2.5,25,30,False,False,US,,2021-02-04,2021-02-04,2020-07-04T18:23:10,2020-07-04T18:23:10
3221,45.78,65.03,27,,False,True,CA,DE,2023-08-15,2023-08-15,2020-09-21T13:54:30,2020-09-21T13:54:30
3222,72.03,49.04,116,40,False,False,UK,,2024-03-27,2024-03-27,2022-07-13T03:56:25,2022-07-13T03:56:25
3223,32.6,69.38,80,75,False,False,AU,US,2022-03-14,,2021-02-17T11:41:04,2021-02-17T11:41:04
3224,93.96,31.88,36,68,True,True,US,CA,2020-12-01,2020-12-01,2023-01-31T00:58:44,2023-01-31T00:58:44
3225,65.01,4.07,50,119,False,,BR,JP,2022-01-05,2022-01-05,2023-10-01T17:49:13,2023-10-01T17:49:13
3226,22.91,22.62,80,,True,True,US,AU,2022-06-10,2022-06-10,2022-05-27T06:38:41,2022-05-27T06:38:41
3227,80.32,5.79,77,37,True,True,BR,UK,2021-02-14,2021-02-14,2020-03-14T20:02:55,2020-03-14T20:02:55
3228,85.5,20.24,39,105,True,True,CA,DE,2020-12-17,2020-12-17,2021-12-14T21:58:02,2021-12-14T21:58:02
3229,81.66,46.01,69,37,True,False,BR,DE,2021-12-30,2021-12-30,2021-08-02T17:29:51,2021-08-02T17:29:51
3230,27.67,86.28,93,56,False,False,FR,UK,2024-05-13,2024-05-13,2024-05-11T23:08:13,2024-05-11T23:08:13
3231,10.56,,104,58,False,True,US,DE,2022-12-05,2022-12-05,2020-12-15T04:35:40,2020-12-15T04:35:40
3232,15.58,36.29,18,,True,True,UK,FR,2020-02-24,,2022-04-16T10:37:07,2022-04-16T10:37:07
3233,5.83,12.7,27,108,True,False,JP,FR,2024-01-06,2024-01-06,2024-01-08T08:51:58,
3234,53.21,55.89,109,18,True,False,JP,UK,2023-04-14,2023-04-14,2023-04-07T03:33:46,2023-04-07T03:33:46
3235,80.79,96.87,24,41,False,False,DE,JP,2023-12-28,2023-12-28,2024-05-10T21:50:06,2024-05-10T21:50:06
3236,2.26,48.56,116,93,False,False,CA,,2021-12-26,2021-12-26,2020-02-07T21:34:25,2020-02-07T21:34:25
3237,93.25,,114,,True,True,AU,FR,2020-07-27,2020-07-27,2024-05-28T07:01:12,2024-05-28T07:01:12
3238,25.3,59.11,79,63,True,False,JP,US,2024-07-01,2024-07-01,2023-01-02T11:08:29,2023-01-02T11:08:29
3239,18.2,52.65,25,69,False,False,AU,CA,2022-10-23,2022-10-23,2022-07-25T23:32:25,2022-07-25T23:32:25
3240,53.4,26.26,1,118,False,False,UK,JP,2024-04-12,,2021-05-23T22:23:51,2021-05-23T22:23:51
3241,18.6,79.83,31,3,False,True,FR,US,2023-08-07,2023-08-07,2024-08-08T11:57:09,2024-08-08T11:57:09
3242,50.9,99.22,87,16,True,False,CA,FR,2020-12-15,2020-12-15,2022-05-29T15:19:32,2022-05-29T15:19:32
3243,2.03,75.74,107,24,False,False,BR,US,2023-04-19,,2024-11-26T15:51:12,2024-11-26T15:51:12
3244,32.86,1.34,18,62,True,True,UK,CA,2021-06-30,,2020-07-25T04:21:19,2020-07-25T04:21:19
3245,2.15,65.75,36,115,True,False,CA,DE,2023-11-20,,2022-03-05T22:32:36,2022-03-05T22:32:36
3246,68.18,5.72,38,33,True,False,UK,BR,2023-03-07,2023-03-07,2021-07-27T15:11:31,2021-07-27T15:11:31
3247,6.69,16.12,80,53,True,False,CA,JP,2020-03-08,2020-03-08,2024-07-28T15:41:50,2024-07-28T15:41:50
3248,48.29,39.16,3,,True,False,DE,CA,2024-03-28,2024-03-28,2022-04-26T22:01:22,
3249,28.23,74.95,81,58,False,True,DE,BR,2023-05-02,2023-05-02,2024-02-28T19:26:29,2024-02-28T19:26:29
3250,61.03,,94,89,True,True,FR,BR,2021-06-23,2021-06-23,2021-05-08T01:15:32,2021-05-08T01:15:32
3251,10.15,65.32,16,90,False,True,AU,US,2021-11-09,2021-11-09,2020-12-10T18:15:52,2020-12-10T18:15:52
3252,88.44,71.92,28,68,True,True,DE,FR,2024-11-17,2024-11-17,2022-12-06T16:34:04,2022-12-06T16:34:04
3253,90.26,,71,77,False,True,JP,US,2023-06-07,2023-06-07,2024-08-09T03:30:47,2024-08-09T03:30:47
3254,60.63,67.25,71,38,False,False,DE,JP,2024-05-09,2024-05-09,2024-08-13T04:11:31,2024-08-13T04:11:31
3255,61.14,75.56,0,76,True,True,US,CA,2021-10-21,2021-10-21,2022-06-24T04:19:16,2022-06-24T04:19:16
3256,79.45,87.18,108,73,True,True,CA,JP,2023-06-26,,2022-03-01T09:13:09,2022-03-01T09:13:09
3257,28.02,45.61,85,114,False,False,AU,JP,2024-07-24,2024-07-24,2024-06-15T08:51:15,2024-06-15T08:51:15
3258,54.53,31.7,22,73,True,False,BR,JP,2024-09-19,2024-09-19,2023-05-29T20:58:17,2023-05-29T20:58:17
3259,9.39,34.71,89,44,False,False,BR,DE,2024-03-21,2024-03-21,2022-04-04T00:15:52,2022-04-04T00:15:52
3260,45.2,70.33,54,,False,True,BR,BR,2020-06-12,2020-06-12,2020-02-01T16:39:49,2020-02-01T16:39:49
3261,86.0,56.32,86,,False,True,FR,BR,2020-12-03,2020-12-03,2023-06-08T20:24:37,2023-06-08T20:24:37
3262,95.43,24.47,15,41,True,False,CA,DE,2021-08-10,,2022-09-19T03:39:54,2022-09-19T03:39:54
3263,48.47,80.1,45,,True,True,FR,UK,2022-10-01,2022-10-01,2024-04-28T12:21:13,2024-04-28T12:21:13
3264,3.19,87.0,4,40,True,False,JP,US,2024-12-02,2024-12-02,2024-07-29T23:30:39,2024-07-29T23:30:39
3265,3.07,33.92,100,85,False,False,US,US,2024-10-31,2024-10-31,2024-07-26T23:04:31,2024-07-26T23:04:31
3266,65.57,63.63,105,22,True,False,AU,CA,2024-06-20,2024-06-20,2020-03-19T10:28:08,2020-03-19T10:28:08
3267,16.64,91.42,81,54,True,True,FR,DE,2022-09-25,2022-09-25,2023-10-14T03:45:21,2023-10-14T03:45:21
3268,41.85,34.28,18,95,False,True,UK,FR,2024-04-02,2024-04-02,2022-11-11T06:17:05,2022-11-11T06:17:05
3269,87.16,79.77,74,36,False,True,UK,DE,2022-04-06,2022-04-06,2022-10-15T08:26:09,2022-10-15T08:26:09
3270,80.09,92.97,110,107,False,False,DE,,2020-12-30,2020-12-30,2022-04-27T12:14:05,2022-04-27T12:14:05
3271,57.32,65.44,16,70,False,True,US,US,2023-12-01,,2020-03-06T05:26:28,2020-03-06T05:26:28
3272,23.92,14.13,32,75,False,True,AU,CA,2022-12-02,2022-12-02,2020-07-14T23:04:46,2020-07-14T23:04:46
3273,9.34,16.79,1,101,True,False,JP,AU,2024-10-02,2024-10-02,2021-04-23T04:10:51,
3274,40.92,,11,50,True,True,UK,CA,2023-03-19,2023-03-19,2024-11-24T21:33:55,
3275,20.86,0.28,86,100,True,True,DE,UK,2021-01-24,2021-01-24,2021-10-14T06:15:56,
3276,58.48,9.02,79,57,True,False,DE,JP,2020-11-02,2020-11-02,2021-10-27T00:46:31,2021-10-27T00:46:31
3277,1.3,,68,36,False,False,CA,DE,2024-09-11,2024-09-11,2022-02-26T19:25:46,2022-02-26T19:25:46
3278,66.65,,66,77,False,True,US,,2021-12-29,2021-12-29,2022-09-25T21:56:13,2022-09-25T21:56:13
3279,89.31,47.76,80,55,False,False,BR,BR,2023-06-05,2023-06-05,2024-01-28T07:13:08,2024-01-28T07:13:08
3280,87.92,62.36,32,107,False,True,US,JP,2020-01-29,2020-01-29,2020-09-19T22:11:48,
3281,38.38,42.41,15,68,False,False,AU,CA,2024-10-19,,2023-03-03T14:01:28,2023-03-03T14:01:28
3282,96.49,21.54,79,97,True,False,CA,AU,2022-04-14,2022-04-14,2024-03-14T08:41:13,2024-03-14T08:41:13
3283,52.74,64.9,4,10,True,False,CA,AU,2021-11-13,2021-11-13,2021-05-06T17:43:52,2021-05-06T17:43:52
3284,70.79,96.81,101,106,True,True,FR,AU,2020-04-09,,2022-04-20T15:23:08,2022-04-20T15:23:08
3285,61.13,40.55,33,75,False,True,AU,,2022-09-11,2022-09-11,2021-10-20T18:51:30,2021-10-20T18:51:30
3286,83.84,30.99,5,110,False,True,JP,FR,2022-05-08,2022-05-08,2023-03-05T09:29:36,2023-03-05T09:29:36
3287,16.59,40.85,40,117,False,False,FR,JP,2023-09-23,2023-09-23,2021-09-08T16:55:28,2021-09-08T16:55:28
3288,90.09,,25,,True,True,BR,CA,2021-04-29,2021-04-29,2021-10-26T15:22:42,2021-10-26T15:22:42
3289,68.61,90.55,75,22,False,,DE,UK,2022-09-09,2022-09-09,2020-02-28T10:18:59,2020-02-28T10:18:59
3290,59.19,87.29,20,59,False,True,FR,US,2021-08-03,,2023-11-17T05:18:09,2023-11-17T05:18:09
3291,29.87,85.45,44,24,True,,JP,FR,2022-10-05,2022-10-05,2020-02-24T19:22:10,2020-02-24T19:22:10
3292,47.14,,13,,True,True,AU,CA,2024-01-16,2024-01-16,2020-01-22T20:55:01,
3293,5.26,3.09,92,60,False,False,CA,UK,2020-01-15,2020-01-15,2023-12-21T07:50:10,2023-12-21T07:50:10
3294,36.13,43.75,39,,False,,JP,CA,2022-09-03,2022-09-03,2021-02-16T14:57:10,2021-02-16T14:57:10
3295,63.52,52.51,111,,True,True,JP,BR,2023-09-30,2023-09-30,2022-03-13T18:37:52,2022-03-13T18:37:52
3296,42.66,35.16,40,80,False,False,JP,JP,2023-11-14,2023-11-14,2022-04-13T11:17:39,2022-04-13T11:17:39
3297,15.2,51.83,50,104,True,True,US,FR,2024-11-13,2024-11-13,2023-04-29T16:29:17,2023-04-29T16:29:17
3298,51.09,,106,59,True,,DE,AU,2022-06-23,2022-06-23,2023-02-13T20:02:36,2023-02-13T20:02:36
3299,53.51,65.56,56,116,False,True,FR,CA,2024-04-05,2024-04-05,2021-04-22T06:37:20,2021-04-22T06:37:20
3300,94.93,18.34,22,1,False,True,US,,2021-03-12,2021-03-12,2020-05-05T04:43:58,2020-05-05T04:43:58
3301,31.87,47.69,56,39,True,False,JP,AU,2022-08-19,2022-08-19,2021-11-28T09:22:06,2021-11-28T09:22:06
3302,28.86,80.47,56,0,True,False,CA,BR,2023-08-31,,2021-05-26T11:04:07,2021-05-26T11:04:07
3303,13.17,,72,48,False,,FR,FR,2020-08-11,2020-08-11,2024-04-24T11:12:24,2024-04-24T11:12:24
3304,24.34,54.55,8,113,False,True,FR,UK,2022-12-05,2022-12-05,2023-05-06T01:26:00,2023-05-06T01:26:00
3305,90.82,24.31,89,112,False,True,US,CA,2020-06-12,2020-06-12,2020-09-09T03:23:24,2020-09-09T03:23:24
3306,43.82,51.28,26,,True,False,CA,UK,2021-07-24,2021-07-24,2021-11-27T13:43:30,2021-11-27T13:43:30
3307,45.63,32.02,104,,True,True,CA,CA,2020-04-07,2020-04-07,2023-03-04T01:30:19,
3308,45.63,42.96,106,17,False,True,UK,US,2024-05-05,2024-05-05,2024-06-09T13:12:25,2024-06-09T13:12:25
3309,63.57,87.03,54,30,True,False,AU,FR,2022-09-30,2022-09-30,2024-02-04T22:53:03,2024-02-04T22:53:03
3310,84.38,16.23,90,53,True,False,JP,CA,2020-10-28,2020-10-28,2021-04-07T00:26:07,2021-04-07T00:26:07
3311,17.98,45.96,77,13,True,False,FR,FR,2022-02-27,,2024-08-31T14:50:15,
3312,68.24,71.48,30,51,True,False,US,DE,2022-04-30,2022-04-30,2021-10-05T15:20:44,2021-10-05T15:20:44
3313,20.62,,38,20,False,False,CA,US,2022-03-23,2022-03-23,2021-05-08T18:34:29,2021-05-08T18:34:29
3314,47.39,57.08,27,36,False,True,FR,BR,2024-01-01,2024-01-01,2020-08-23T21:14:16,2020-08-23T21:14:16
3315,13.03,20.9,19,26,False,True,US,JP,2020-02-14,2020-02-14,2024-11-22T21:31:56,2024-11-22T21:31:56
3316,24.66,12.36,96,117,False,False,DE,DE,2022-10-18,2022-10-18,2020-12-18T07:39:51,2020-12-18T07:39:51
3317,89.95,92.02,99,,True,False,FR,US,2024-05-06,2024-05-06,2021-03-15T13:30:31,2021-03-15T13:30:31
3318,17.32,94.26,26,50,True,False,BR,DE,2024-02-10,2024-02-10,2022-03-25T19:39:13,
3319,86.76,36.97,70,47,False,False,JP,CA,2020-08-05,2020-08-05,2021-10-06T05:36:17,
3320,23.34,9.51,60,71,True,True,US,BR,2022-10-23,,2020-11-08T02:32:02,2020-11-08T02:32:02
3321,88.56,93.05,68,40,False,True,BR,UK,2023-04-22,2023-04-22,2023-12-07T06:28:47,2023-12-07T06:28:47
3322,33.57,,81,87,False,True,FR,UK,2024-06-27,2024-06-27,2021-10-09T13:38:29,2021-10-09T13:38:29
3323,28.25,41.13,97,28,True,False,BR,FR,2023-05-15,2023-05-15,2024-02-23T22:33:38,2024-02-23T22:33:38
3324,0.91,76.79,73,24,True,False,US,DE,2022-06-19,2022-06-19,2020-05-24T03:17:38,2020-05-24T03:17:38
3325,22.3,7.56,70,116,True,True,CA,JP,2021-10-10,2021-10-10,2022-03-27T16:20:30,2022-03-27T16:20:30
3326,56.89,31.93,105,15,True,False,CA,US,2022-11-12,2022-11-12,2024-03-10T01:47:18,2024-03-10T01:47:18
3327,0.95,79.37,3,89,False,,DE,,2023-05-25,2023-05-25,2021-04-25T21:40:12,2021-04-25T21:40:12
3328,12.93,88.46,32,75,False,True,CA,DE,2024-02-07,2024-02-07,2023-09-29T09:47:20,2023-09-29T09:47:20
3329,45.07,6.76,63,51,True,False,US,BR,2021-06-10,,2024-10-27T05:26:12,2024-10-27T05:26:12
3330,95.45,74.18,40,77,False,True,UK,FR,2023-07-06,2023-07-06,2022-11-04T01:52:10,2022-11-04T01:52:10
3331,56.52,61.68,43,75,True,True,CA,,2023-12-10,2023-12-10,2021-06-06T15:33:00,2021-06-06T15:33:00
3332,88.38,,115,40,True,False,BR,JP,2022-03-04,2022-03-04,2024-12-19T16:33:53,2024-12-19T16:33:53
3333,15.84,12.49,69,18,True,False,BR,BR,2020-06-21,2020-06-21,2021-02-14T04:30:26,2021-02-14T04:30:26
3334,99.31,45.57,59,,False,False,BR,DE,2023-01-26,2023-01-26,2022-02-20T06:02:19,2022-02-20T06:02:19
3335,36.19,53.92,7,18,True,True,JP,DE,2021-12-11,2021-12-11,2021-10-24T23:24:13,
3336,34.09,1.04,31,22,False,True,UK,US,2021-10-07,2021-10-07,2024-07-12T19:47:23,2024-07-12T19:47:23
3337,84.51,68.44,39,53,False,True,UK,FR,2023-12-25,2023-12-25,2021-08-08T04:44:04,2021-08-08T04:44:04
3338,37.86,33.22,79,,True,False,UK,AU,2020-03-07,2020-03-07,2021-12-06T13:50:34,2021-12-06T13:50:34
3339,6.58,79.2,51,25,False,True,BR,JP,2023-05-30,,2023-04-18T00:41:31,2023-04-18T00:41:31
3340,64.28,43.36,56,8,False,False,CA,,2023-06-24,2023-06-24,2022-04-01T07:51:13,2022-04-01T07:51:13
3341,40.41,40.39,78,87,False,False,CA,BR,2021-05-26,2021-05-26,2020-06-09T22:55:52,2020-06-09T22:55:52
3342,99.55,29.93,57,68,False,False,FR,UK,2023-04-23,2023-04-23,2023-01-30T07:58:46,2023-01-30T07:58:46
3343,2.61,47.16,113,84,True,True,FR,DE,2023-12-21,2023-12-21,2024-10-05T19:38:51,2024-10-05T19:38:51
3344,46.57,63.19,116,,False,True,JP,UK,2020-11-29,2020-11-29,2024-10-18T18:50:38,2024-10-18T18:50:38
3345,67.68,,69,50,False,,CA,AU,2023-03-12,,2021-10-28T02:22:13,2021-10-28T02:22:13
3346,99.39,82.82,102,108,False,False,US,BR,2022-11-05,2022-11-05,2024-06-19T03:46:05,2024-06-19T03:46:05
3347,24.75,5.2,110,8,False,False,CA,US,2020-03-15,2020-03-15,2024-07-31T11:30:59,2024-07-31T11:30:59
3348,63.35,30.17,14,82,True,False,AU,,2020-08-12,2020-08-12,2023-02-08T10:17:31,
3349,91.47,41.65,113,,True,True,BR,,2020-09-14,2020-09-14,2020-10-06T19:17:10,2020-10-06T19:17:10
3350,41.01,85.76,30,,True,True,DE,CA,2023-05-04,2023-05-04,2020-07-10T08:07:28,2020-07-10T08:07:28
3351,18.79,80.45,105,47,True,True,AU,JP,2021-02-10,2021-02-10,2020-11-29T07:14:42,2020-11-29T07:14:42
3352,58.14,58.83,55,51,True,,UK,,2023-04-25,2023-04-25,2022-03-14T08:22:21,2022-03-14T08:22:21
3353,93.22,81.92,20,3,True,False,US,AU,2021-03-17,,2024-11-03T20:54:36,2024-11-03T20:54:36
3354,42.81,29.28,28,52,False,,FR,US,2020-02-19,2020-02-19,2022-09-03T21:48:32,2022-09-03T21:48:32
3355,78.42,4.38,118,91,False,True,JP,JP,2021-02-06,2021-02-06,2020-08-23T11:14:26,2020-08-23T11:14:26
3356,77.87,45.38,61,59,False,True,DE,AU,2022-05-27,2022-05-27,2020-06-12T09:15:14,2020-06-12T09:15:14
3357,73.49,18.93,106,107,True,,UK,,2024-08-03,2024-08-03,2020-05-14T14:01:09,2020-05-14T14:01:09
3358,78.92,85.08,105,27,False,False,BR,FR,2024-04-01,2024-04-01,2022-12-02T15:24:43,
3359,55.57,30.93,26,97,True,False,DE,JP,2021-05-15,2021-05-15,2023-03-14T12:46:28,2023-03-14T12:46:28
3360,67.83,96.11,103,3,False,,US,US,2020-09-07,2020-09-07,2022-12-26T06:45:18,2022-12-26T06:45:18
3361,75.57,54.77,0,83,True,True,CA,JP,2022-08-26,2022-08-26,2021-05-21T02:03:47,2021-05-21T02:03:47
3362,49.37,56.26,101,62,True,True,JP,AU,2024-09-15,2024-09-15,2022-11-02T03:22:36,2022-11-02T03:22:36
3363,22.54,8.97,12,,False,True,FR,CA,2023-01-02,2023-01-02,2024-08-03T18:57:06,2024-08-03T18:57:06
3364,75.93,,37,14,False,True,AU,,2022-10-18,2022-10-18,2024-10-15T10:31:33,2024-10-15T10:31:33
3365,67.5,11.67,65,22,False,True,JP,JP,2024-07-31,2024-07-31,2020-02-20T01:44:35,2020-02-20T01:44:35
3366,39.89,56.84,75,58,False,True,FR,CA,2022-04-28,2022-04-28,2021-05-05T23:19:28,2021-05-05T23:19:28
3367,66.85,11.5,2,27,True,False,US,FR,2021-10-02,2021-10-02,2020-09-16T06:35:52,2020-09-16T06:35:52
3368,56.2,,0,92,False,True,AU,AU,2023-04-25,2023-04-25,2022-02-16T09:24:42,2022-02-16T09:24:42
3369,60.51,14.28,25,13,False,False,UK,JP,2022-11-13,2022-11-13,2021-06-15T14:53:08,2021-06-15T14:53:08
3370,40.61,92.44,85,,True,True,CA,DE,2023-06-02,2023-06-02,2020-09-01T09:39:05,2020-09-01T09:39:05
3371,58.27,23.85,21,110,True,,UK,BR,2022-01-07,2022-01-07,2024-12-06T07:42:59,2024-12-06T07:42:59
3372,54.7,,65,30,False,True,BR,,2022-06-07,2022-06-07,2020-09-02T20:11:25,2020-09-02T20:11:25
3373,80.72,41.67,72,,True,False,JP,JP,2022-03-15,2022-03-15,2021-11-18T00:51:19,2021-11-18T00:51:19
3374,58.57,5.51,55,43,True,,JP,US,2021-10-25,2021-10-25,2021-07-17T17:00:48,2021-07-17T17:00:48
3375,69.06,17.59,4,92,True,True,CA,FR,2023-05-04,2023-05-04,2023-12-20T12:55:38,2023-12-20T12:55:38
3376,95.57,3.33,47,21,False,False,DE,US,2021-07-04,2021-07-04,2023-11-24T08:17:34,2023-11-24T08:17:34
3377,3.45,84.46,33,112,True,False,AU,BR,2021-04-25,2021-04-25,2021-05-11T19:06:05,2021-05-11T19:06:05
3378,73.68,31.13,113,111,True,,FR,BR,2023-01-07,2023-01-07,2023-03-11T01:04:13,2023-03-11T01:04:13
3379,52.41,14.08,24,17,True,,US,US,2021-11-19,2021-11-19,2022-06-12T19:25:57,2022-06-12T19:25:57
3380,4.64,84.23,105,39,True,False,AU,US,2024-05-18,2024-05-18,2020-09-03T18:27:13,
3381,56.01,23.83,41,63,True,True,CA,FR,2021-10-03,2021-10-03,2022-03-04T11:10:34,2022-03-04T11:10:34
3382,65.52,72.84,22,47,True,,UK,AU,2022-10-08,2022-10-08,2020-04-06T12:10:59,2020-04-06T12:10:59
3383,43.56,94.6,32,8,False,True,CA,CA,2024-03-12,2024-03-12,2022-08-29T14:24:23,2022-08-29T14:24:23
3384,30.51,,77,87,False,True,CA,,2021-01-22,2021-01-22,2023-10-31T00:44:24,2023-10-31T00:44:24
3385,40.12,62.93,67,43,False,,BR,JP,2021-05-13,2021-05-13,2021-10-08T07:29:37,2021-10-08T07:29:37
3386,4.61,32.21,119,34,True,False,JP,FR,2020-05-21,2020-05-21,2021-11-24T09:12:35,2021-11-24T09:12:35
3387,65.66,53.75,91,2,True,False,AU,UK,2020-08-26,2020-08-26,2020-07-19T23:55:21,2020-07-19T23:55:21
3388,53.67,,38,21,True,False,JP,US,2020-10-12,2020-10-12,2023-03-12T08:49:00,2023-03-12T08:49:00
3389,92.83,71.77,11,106,False,False,AU,FR,2024-08-10,2024-08-10,2021-10-20T21:20:20,2021-10-20T21:20:20
3390,54.88,89.4,76,7,False,False,CA,DE,2024-08-25,2024-08-25,2023-04-15T11:22:32,2023-04-15T11:22:32
3391,67.05,74.6,112,49,True,False,FR,DE,2024-02-11,2024-02-11,2021-10-16T19:24:36,2021-10-16T19:24:36
3392,37.62,33.09,110,40,True,True,JP,US,2023-07-26,2023-07-26,2021-05-02T03:58:00,2021-05-02T03:58:00
3393,48.03,16.06,30,102,True,True,FR,UK,2021-09-30,2021-09-30,2022-08-01T08:15:59,2022-08-01T08:15:59
3394,33.64,23.3,103,100,False,True,UK,JP,2022-10-31,2022-10-31,2022-07-14T05:00:12,2022-07-14T05:00:12
3395,69.02,,112,43,False,True,DE,BR,2021-10-22,2021-10-22,2021-12-21T09:59:05,2021-12-21T09:59:05
3396,66.43,54.96,15,83,True,False,AU,AU,2022-07-21,2022-07-21,2024-02-07T22:24:07,2024-02-07T22:24:07
3397,10.89,52.79,36,103,False,False,DE,JP,2020-12-23,2020-12-23,2021-11-01T01:41:26,2021-11-01T01:41:26
3398,85.94,81.87,19,3,False,False,US,AU,2022-07-30,2022-07-30,2023-03-10T22:08:51,2023-03-10T22:08:51
3399,81.77,37.62,74,71,False,True,AU,FR,2024-01-21,,2021-09-17T04:35:54,2021-09-17T04:35:54
3400,45.22,50.48,43,63,True,True,AU,AU,2021-08-23,2021-08-23,2021-10-08T18:42:42,2021-10-08T18:42:42
3401,26.4,20.7,85,113,True,False,JP,,2022-11-23,2022-11-23,2020-12-20T04:10:25,2020-12-20T04:10:25
3402,96.42,89.31,100,72,False,True,FR,DE,2021-09-08,2021-09-08,2023-09-15T14:40:56,2023-09-15T14:40:56
3403,55.03,42.82,109,99,False,False,AU,AU,2022-02-28,,2020-08-12T08:03:44,2020-08-12T08:03:44
3404,95.23,74.22,106,99,True,True,US,UK,2022-05-21,2022-05-21,2023-05-18T22:34:32,2023-05-18T22:34:32
3405,82.14,44.65,31,78,False,True,FR,US,2020-01-31,2020-01-31,2023-01-24T03:51:47,
3406,59.82,73.5,77,18,True,True,AU,AU,2024-02-16,,2024-11-13T23:22:19,
3407,25.66,44.01,31,9,False,True,BR,AU,2024-10-17,2024-10-17,2023-09-12T14:37:52,2023-09-12T14:37:52
3408,74.65,25.71,38,7,True,False,UK,FR,2021-10-19,2021-10-19,2021-04-13T07:37:24,2021-04-13T07:37:24
3409,66.81,5.27,1,59,True,False,UK,BR,2024-06-03,2024-06-03,2022-08-18T00:58:18,2022-08-18T00:58:18
3410,30.94,38.25,103,63,True,True,UK,UK,2020-02-07,2020-02-07,2023-01-01T14:45:18,2023-01-01T14:45:18
3411,6.78,50.21,85,109,True,True,BR,BR,2021-08-16,,2021-06-04T03:53:14,2021-06-04T03:53:14
3412,14.72,62.05,58,108,True,False,CA,,2022-04-13,2022-04-13,2021-02-06T21:12:56,2021-02-06T21:12:56
3413,39.48,97.1,41,10,False,False,CA,US,2021-02-15,2021-02-15,2020-05-12T16:59:12,2020-05-12T16:59:12
3414,39.41,,18,27,True,False,FR,,2024-02-18,2024-02-18,2022-05-19T16:44:54,2022-05-19T16:44:54
3415,40.38,79.88,73,64,True,False,US,DE,2021-05-25,2021-05-25,2021-01-24T04:03:35,2021-01-24T04:03:35
3416,15.88,22.92,43,4,True,True,BR,DE,2023-10-06,2023-10-06,2024-01-28T09:12:40,2024-01-28T09:12:40
3417,2.37,7.53,117,110,True,True,DE,US,2024-07-08,2024-07-08,2021-08-08T22:43:51,2021-08-08T22:43:51
3418,85.22,8.05,56,,True,,FR,CA,2020-12-11,2020-12-11,2020-07-14T04:46:46,2020-07-14T04:46:46
3419,50.93,60.8,40,42,False,True,FR,US,2023-07-22,2023-07-22,2024-05-01T12:29:30,2024-05-01T12:29:30
3420,39.31,66.68,18,48,False,True,JP,,2022-10-04,2022-10-04,2023-02-11T15:06:17,2023-02-11T15:06:17
3421,69.43,59.88,73,116,True,True,UK,UK,2024-02-23,2024-02-23,2023-02-11T13:08:09,2023-02-11T13:08:09
3422,4.7,,76,,True,True,JP,FR,2022-09-18,2022-09-18,2023-05-13T07:35:58,2023-05-13T07:35:58
3423,65.75,98.38,43,5,False,True,FR,CA,2020-04-29,2020-04-29,2022-05-18T15:34:59,2022-05-18T15:34:59
3424,44.39,37.41,83,41,True,False,US,DE,2020-03-23,2020-03-23,2022-12-02T22:28:25,2022-12-02T22:28:25
3425,86.16,49.41,34,,False,True,UK,,2022-05-03,2022-05-03,2023-10-08T05:57:06,2023-10-08T05:57:06
3426,35.77,5.87,73,86,False,False,US,DE,2021-12-04,2021-12-04,2020-03-15T06:24:53,2020-03-15T06:24:53
3427,60.23,39.48,67,115,True,False,DE,,2024-01-06,2024-01-06,2022-08-19T09:52:11,2022-08-19T09:52:11
3428,74.22,89.0,55,50,False,,CA,FR,2024-07-26,2024-07-26,2021-05-23T02:22:08,2021-05-23T02:22:08
3429,46.69,58.94,85,19,True,True,US,FR,2020-08-26,2020-08-26,2024-11-12T23:35:38,2024-11-12T23:35:38
3430,7.25,72.5,74,66,False,False,DE,FR,2023-07-22,2023-07-22,2022-06-20T13:43:37,2022-06-20T13:43:37
3431,83.3,,45,79,True,False,CA,BR,2022-06-23,2022-06-23,2020-04-18T22:23:25,2020-04-18T22:23:25
3432,34.5,62.74,13,47,False,True,CA,BR,2024-10-07,2024-10-07,2021-11-09T22:41:59,2021-11-09T22:41:59
3433,42.05,98.43,118,47,False,True,BR,US,2021-05-03,2021-05-03,2024-12-30T12:19:11,2024-12-30T12:19:11
3434,70.3,,50,114,False,True,DE,FR,2022-11-29,2022-11-29,2021-01-01T17:20:27,2021-01-01T17:20:27
3435,59.57,11.81,96,76,True,True,UK,UK,2024-07-21,2024-07-21,2020-02-05T05:27:47,2020-02-05T05:27:47
3436,54.74,8.88,31,63,False,,UK,,2022-01-04,2022-01-04,2020-01-04T02:23:59,2020-01-04T02:23:59
3437,99.82,6.06,60,116,True,False,JP,BR,2023-02-15,2023-02-15,2020-01-22T10:25:36,2020-01-22T10:25:36
3438,73.1,7.59,91,42,True,True,DE,DE,2023-11-02,2023-11-02,2024-12-21T18:51:18,2024-12-21T18:51:18
3439,29.58,56.1,21,21,False,False,DE,BR,2022-01-14,2022-01-14,2021-05-24T07:05:16,2021-05-24T07:05:16
3440,53.68,,63,,False,True,CA,US,2020-08-01,2020-08-01,2022-03-02T01:59:48,2022-03-02T01:59:48
3441,30.77,32.35,53,56,True,True,US,US,2023-01-12,2023-01-12,2023-08-17T17:23:44,2023-08-17T17:23:44
3442,61.23,48.48,103,5,True,,US,JP,2020-05-09,2020-05-09,2023-06-15T02:16:19,2023-06-15T02:16:19
3443,70.09,48.5,37,116,False,True,UK,AU,2020-03-11,2020-03-11,2021-12-23T18:29:21,2021-12-23T18:29:21
3444,77.12,,70,25,False,False,AU,FR,2020-05-27,2020-05-27,2020-04-09T06:59:30,2020-04-09T06:59:30
3445,63.31,1.98,106,9,True,True,DE,US,2021-09-28,2021-09-28,2024-03-05T02:45:09,2024-03-05T02:45:09
3446,78.7,62.51,94,79,False,True,CA,FR,2022-05-26,2022-05-26,2020-08-14T03:00:52,2020-08-14T03:00:52
3447,11.97,,89,38,False,True,US,US,2022-06-26,2022-06-26,2023-08-03T20:09:56,2023-08-03T20:09:56
3448,14.25,62.14,4,71,True,,DE,US,2024-12-18,2024-12-18,2020-12-23T11:38:13,2020-12-23T11:38:13
3449,83.91,17.09,28,78,True,,US,UK,2020-10-19,2020-10-19,2021-09-14T09:51:50,
3450,92.73,,43,115,False,,FR,US,2023-12-09,,2021-05-14T23:55:49,2021-05-14T23:55:49
3451,71.94,92.89,55,19,True,False,AU,US,2020-04-30,2020-04-30,2024-03-13T03:40:18,2024-03-13T03:40:18
3452,56.26,69.41,30,67,True,,AU,UK,2020-08-05,2020-08-05,2023-11-19T11:59:41,2023-11-19T11:59:41
3453,5.06,8.43,47,111,False,False,US,DE,2023-08-08,2023-08-08,2021-07-27T07:42:47,
3454,87.45,2.12,53,72,False,False,JP,UK,2024-11-07,2024-11-07,2021-10-03T12:35:10,2021-10-03T12:35:10
3455,14.78,15.43,1,94,True,True,UK,CA,2022-06-19,2022-06-19,2020-10-25T10:00:59,2020-10-25T10:00:59
3456,68.1,17.96,37,46,True,True,AU,US,2022-10-31,2022-10-31,2020-10-15T23:05:57,
3457,15.58,57.65,63,119,False,True,BR,FR,2020-10-26,2020-10-26,2020-04-24T21:22:54,2020-04-24T21:22:54
3458,54.9,98.3,26,111,True,True,AU,,2021-04-25,2021-04-25,2020-01-29T15:03:05,2020-01-29T15:03:05
3459,52.06,34.69,81,51,False,True,DE,JP,2022-06-29,,2020-03-04T10:43:07,2020-03-04T10:43:07
3460,46.28,4.44,66,7,False,False,CA,AU,2023-11-09,2023-11-09,2024-07-06T00:31:33,2024-07-06T00:31:33
3461,29.5,76.82,73,8,True,False,JP,UK,2020-05-10,2020-05-10,2024-01-21T16:06:03,2024-01-21T16:06:03
3462,78.46,64.55,93,0,True,True,FR,US,2021-07-06,2021-07-06,2024-05-06T16:20:50,
3463,12.37,2.09,109,54,True,,DE,UK,2024-04-18,2024-04-18,2020-11-25T12:14:21,2020-11-25T12:14:21
3464,77.06,42.36,35,93,False,True,CA,DE,2024-11-23,,2024-11-15T15:38:16,2024-11-15T15:38:16
3465,8.13,61.22,106,63,True,False,BR,JP,2022-04-25,2022-04-25,2022-02-05T14:41:57,2022-02-05T14:41:57
3466,15.62,71.35,64,61,True,True,DE,BR,2024-10-03,2024-10-03,2022-03-05T17:52:02,
3467,13.74,24.27,115,114,True,False,AU,,2021-09-22,2021-09-22,2023-05-29T13:42:10,2023-05-29T13:42:10
3468,85.21,78.57,86,34,True,True,BR,US,2020-08-02,2020-08-02,2023-10-10T07:10:43,
3469,78.19,81.23,54,111,True,True,FR,CA,2020-11-30,,2022-09-29T02:25:11,2022-09-29T02:25:11
3470,34.42,14.58,4,1,False,True,JP,UK,2022-07-02,,2020-03-04T12:38:59,2020-03-04T12:38:59
3471,54.27,51.76,42,45,False,False,DE,CA,2020-09-04,2020-09-04,2020-07-18T06:32:56,2020-07-18T06:32:56
3472,17.83,63.51,68,9,True,False,FR,US,2022-03-23,2022-03-23,2023-05-05T18:26:54,
3473,11.0,24.91,30,6,False,True,FR,BR,2022-12-03,2022-12-03,2024-08-26T16:46:56,2024-08-26T16:46:56
3474,14.5,67.93,100,115,True,False,FR,CA,2023-11-14,2023-11-14,2023-09-14T04:28:45,2023-09-14T04:28:45
3475,92.7,2.26,51,57,True,True,FR,US,2021-11-17,2021-11-17,2022-06-21T01:10:12,
3476,44.35,68.12,91,105,True,False,BR,US,2023-10-20,2023-10-20,2023-04-04T11:25:32,2023-04-04T11:25:32
3477,85.56,53.99,23,110,False,True,AU,JP,2024-09-28,2024-09-28,2021-05-11T11:22:06,2021-05-11T11:22:06
3478,44.16,42.07,34,73,False,True,UK,DE,2021-09-13,2021-09-13,2022-10-30T15:40:17,2022-10-30T15:40:17
3479,28.87,93.91,117,29,True,False,UK,UK,2022-07-13,2022-07-13,2022-06-25T14:33:50,2022-06-25T14:33:50
3480,88.85,50.11,89,,False,True,UK,BR,2020-08-19,2020-08-19,2023-10-04T18:52:03,2023-10-04T18:52:03
3481,13.5,3.17,10,54,False,False,CA,AU,2022-07-28,2022-07-28,2022-10-13T01:56:01,2022-10-13T01:56:01
3482,6.68,94.9,38,1,True,True,JP,BR,2022-10-30,2022-10-30,2021-02-03T17:51:16,2021-02-03T17:51:16
3483,89.18,80.04,34,119,True,True,DE,US,2023-07-09,,2024-05-28T17:06:22,2024-05-28T17:06:22
3484,68.01,98.86,22,114,True,False,US,US,2020-10-07,2020-10-07,2020-04-29T20:12:09,2020-04-29T20:12:09
3485,79.28,82.43,118,69,False,True,BR,CA,2024-02-27,2024-02-27,2023-08-11T14:16:07,2023-08-11T14:16:07
3486,51.24,55.56,17,118,True,True,AU,US,2022-01-04,2022-01-04,2022-03-31T17:47:29,2022-03-31T17:47:29
3487,24.93,48.89,31,44,True,False,BR,AU,2020-11-21,2020-11-21,2023-12-29T22:50:38,2023-12-29T22:50:38
3488,23.91,,43,,True,False,US,BR,2020-07-23,2020-07-23,2024-11-06T17:36:33,2024-11-06T17:36:33
3489,20.88,38.31,75,23,True,True,UK,US,2024-09-10,2024-09-10,2023-02-17T05:26:01,2023-02-17T05:26:01
3490,95.49,,93,107,True,False,US,,2020-06-08,2020-06-08,2020-10-29T10:52:40,2020-10-29T10:52:40
3491,89.26,24.26,29,,False,False,DE,DE,2020-02-12,2020-02-12,2020-07-26T10:08:16,2020-07-26T10:08:16
3492,4.51,43.66,105,38,True,False,UK,CA,2020-08-25,2020-08-25,2024-08-25T05:16:48,2024-08-25T05:16:48
3493,96.88,67.82,71,116,True,False,JP,JP,2023-02-10,2023-02-10,2021-08-26T08:47:51,2021-08-26T08:47:51
3494,70.58,45.52,82,96,False,False,UK,FR,2021-06-12,2021-06-12,2021-05-26T14:36:13,2021-05-26T14:36:13
3495,91.41,26.8,44,7,True,True,DE,JP,2024-10-10,2024-10-10,2024-10-27T09:05:56,2024-10-27T09:05:56
3496,24.65,27.67,107,71,True,False,JP,,2022-12-26,,2023-07-21T14:44:06,2023-07-21T14:44:06
3497,9.11,90.92,59,,True,False,FR,FR,2022-12-11,2022-12-11,2023-08-03T15:08:29,2023-08-03T15:08:29
3498,65.83,35.51,58,80,True,False,BR,DE,2023-10-14,,2022-06-16T01:23:33,2022-06-16T01:23:33
3499,43.44,42.64,71,,True,,AU,DE,2020-11-19,2020-11-19,2022-06-01T18:29:06,2022-06-01T18:29:06
3500,32.27,8.52,55,,False,True,UK,DE,2020-04-24,2020-04-24,2023-03-04T22:29:20,2023-03-04T22:29:20
3501,9.19,38.03,75,72,True,False,FR,BR,2021-11-20,2021-11-20,2023-06-03T06:45:40,2023-06-03T06:45:40
3502,54.36,,92,35,True,True,UK,CA,2023-04-26,2023-04-26,2022-01-04T02:59:33,2022-01-04T02:59:33
3503,48.64,25.34,16,74,False,False,US,FR,2021-12-25,2021-12-25,2022-07-29T03:24:28,2022-07-29T03:24:28
3504,79.9,46.8,104,83,True,,BR,JP,2021-05-22,2021-05-22,2021-12-29T12:07:00,2021-12-29T12:07:00
3505,28.52,93.59,78,51,False,True,DE,,2022-03-09,2022-03-09,2020-09-20T16:41:29,
3506,94.15,28.51,99,,False,True,JP,DE,2020-01-25,2020-01-25,2021-11-08T14:40:46,2021-11-08T14:40:46
3507,86.88,9.59,105,,True,False,DE,UK,2021-04-14,2021-04-14,2021-03-23T08:24:20,2021-03-23T08:24:20
3508,4.87,87.41,56,48,True,True,UK,FR,2023-02-15,2023-02-15,2023-03-06T08:33:12,2023-03-06T08:33:12
3509,64.84,63.73,39,91,True,True,UK,US,2024-12-30,2024-12-30,2020-10-14T04:11:01,2020-10-14T04:11:01
3510,9.58,88.75,54,112,False,False,BR,AU,2020-09-04,2020-09-04,2023-11-24T03:23:36,2023-11-24T03:23:36
3511,66.61,,97,102,False,True,BR,BR,2023-06-15,2023-06-15,2020-04-26T04:00:13,2020-04-26T04:00:13
3512,97.26,19.3,51,62,False,,DE,JP,2024-07-26,2024-07-26,2020-09-22T16:54:18,2020-09-22T16:54:18
3513,49.41,89.6,15,74,False,False,US,BR,2022-07-06,2022-07-06,2024-09-27T03:48:06,2024-09-27T03:48:06
3514,51.44,41.38,83,89,True,False,JP,FR,2022-02-19,2022-02-19,2024-11-20T16:12:08,2024-11-20T16:12:08
3515,69.15,72.27,48,39,True,False,US,BR,2020-07-22,2020-07-22,2021-07-01T01:47:49,2021-07-01T01:47:49
3516,46.93,11.58,79,39,False,True,AU,UK,2024-02-22,,2024-05-23T04:42:24,2024-05-23T04:42:24
3517,83.27,18.88,17,81,True,False,US,AU,2021-05-15,2021-05-15,2023-09-11T10:52:22,2023-09-11T10:52:22
3518,28.22,19.69,91,73,True,,AU,CA,2021-10-17,2021-10-17,2024-05-09T05:00:16,2024-05-09T05:00:16
3519,73.53,31.63,113,32,False,True,DE,AU,2020-01-06,2020-01-06,2022-03-04T16:19:29,2022-03-04T16:19:29
3520,38.12,67.73,100,61,False,True,JP,BR,2021-12-24,2021-12-24,2024-05-20T03:56:41,
3521,64.92,33.76,80,85,True,True,JP,UK,2022-02-11,2022-02-11,2023-05-21T01:41:12,2023-05-21T01:41:12
3522,17.58,40.5,109,57,False,True,CA,CA,2020-05-14,,2022-12-08T09:33:22,2022-12-08T09:33:22
3523,8.9,,52,,True,True,FR,AU,2020-11-22,,2020-08-21T23:18:33,2020-08-21T23:18:33
3524,13.18,66.24,93,16,True,False,BR,BR,2022-05-23,2022-05-23,2023-12-01T10:26:00,2023-12-01T10:26:00
3525,74.49,,82,102,False,,FR,DE,2023-03-07,2023-03-07,2024-06-03T10:40:50,2024-06-03T10:40:50
3526,72.15,90.11,9,50,True,False,FR,BR,2020-05-27,2020-05-27,2022-04-12T22:26:32,2022-04-12T22:26:32
3527,55.63,70.2,105,15,True,False,CA,DE,2021-01-06,2021-01-06,2021-04-01T18:48:49,2021-04-01T18:48:49
3528,95.75,64.44,43,101,True,True,AU,US,2023-03-12,,2020-03-27T02:22:21,2020-03-27T02:22:21
3529,67.47,28.52,104,98,True,False,UK,FR,2020-08-12,2020-08-12,2023-06-27T15:38:48,2023-06-27T15:38:48
3530,24.41,68.39,45,107,False,False,FR,AU,2021-04-09,2021-04-09,2023-12-05T18:57:49,
3531,60.76,14.51,56,118,True,True,CA,AU,2023-05-27,2023-05-27,2023-05-27T07:18:58,
3532,8.23,2.33,61,43,False,True,DE,FR,2021-12-02,2021-12-02,2021-07-18T19:46:18,2021-07-18T19:46:18
3533,81.37,51.57,114,24,False,,UK,CA,2020-08-25,2020-08-25,2020-10-22T10:21:29,2020-10-22T10:21:29
3534,22.65,1.48,105,,False,,AU,AU,2024-03-25,2024-03-25,2023-11-19T21:37:15,2023-11-19T21:37:15
3535,46.08,57.98,114,12,True,True,DE,FR,2023-09-17,,2023-05-24T07:28:55,2023-05-24T07:28:55
3536,79.12,38.42,105,111,True,True,JP,UK,2023-05-10,2023-05-10,2024-12-28T05:07:20,2024-12-28T05:07:20
3537,84.21,94.46,118,64,True,,US,DE,2021-10-01,2021-10-01,2022-09-18T02:34:44,2022-09-18T02:34:44
3538,2.95,34.78,88,65,True,,FR,CA,2024-11-20,2024-11-20,2023-08-11T11:10:49,2023-08-11T11:10:49
3539,97.62,8.16,48,,False,False,AU,UK,2020-12-07,2020-12-07,2022-03-03T01:02:57,2022-03-03T01:02:57
3540,10.68,12.05,62,,False,False,FR,,2022-11-15,2022-11-15,2022-01-04T01:01:04,2022-01-04T01:01:04
3541,71.82,73.21,101,63,False,True,DE,CA,2020-01-31,2020-01-31,2023-02-05T01:08:28,2023-02-05T01:08:28
3542,68.56,78.53,91,30,True,False,US,UK,2021-02-11,2021-02-11,2023-08-04T22:49:58,
3543,28.37,51.96,87,34,True,,FR,JP,2024-12-13,2024-12-13,2020-10-21T16:34:53,2020-10-21T16:34:53
3544,41.37,29.2,94,64,True,True,JP,BR,2021-03-15,2021-03-15,2023-04-02T19:57:38,2023-04-02T19:57:38
3545,83.88,22.74,41,37,True,False,CA,DE,2023-04-14,2023-04-14,2023-07-15T02:18:48,2023-07-15T02:18:48
3546,75.46,75.44,61,117,True,False,BR,US,2024-07-30,2024-07-30,2020-10-27T09:06:58,
3547,66.93,26.37,79,51,True,True,JP,,2021-09-21,2021-09-21,2024-08-25T07:11:14,2024-08-25T07:11:14
3548,18.46,35.43,88,106,True,True,UK,FR,2021-11-26,2021-11-26,2024-05-11T10:26:34,2024-05-11T10:26:34
3549,86.29,32.87,42,,False,False,UK,BR,2021-11-12,2021-11-12,2023-11-22T23:15:10,2023-11-22T23:15:10
3550,33.54,28.13,84,69,True,True,AU,CA,2022-07-01,2022-07-01,2021-03-12T10:45:23,2021-03-12T10:45:23
3551,68.45,21.7,35,80,True,False,JP,JP,2020-06-29,,2022-04-26T15:37:45,2022-04-26T15:37:45
3552,8.88,13.86,93,40,True,False,AU,FR,2023-03-19,2023-03-19,2022-02-11T18:10:02,2022-02-11T18:10:02
3553,44.47,16.9,15,12,False,False,FR,,2021-05-25,2021-05-25,2022-03-07T09:05:51,2022-03-07T09:05:51
3554,34.93,43.26,46,106,True,True,AU,,2022-06-11,,2024-04-14T12:28:27,2024-04-14T12:28:27
3555,97.76,68.38,50,40,True,True,US,,2024-05-19,2024-05-19,2024-10-25T20:05:34,
3556,70.0,12.88,71,87,True,True,DE,DE,2020-01-21,2020-01-21,2023-03-10T05:46:02,2023-03-10T05:46:02
3557,28.16,0.61,9,96,False,False,US,BR,2020-01-29,2020-01-29,2022-11-10T05:04:02,2022-11-10T05:04:02
3558,15.03,,47,65,True,,UK,BR,2022-06-26,2022-06-26,2021-08-04T23:27:01,2021-08-04T23:27:01
3559,57.72,24.21,29,,True,False,JP,CA,2024-02-02,2024-02-02,2023-03-05T08:28:20,2023-03-05T08:28:20
3560,45.22,88.67,74,85,False,,AU,US,2023-03-05,2023-03-05,2024-10-24T14:17:26,2024-10-24T14:17:26
3561,91.96,23.53,7,119,False,False,US,,2023-01-07,2023-01-07,2021-02-02T18:30:31,2021-02-02T18:30:31
3562,17.06,60.89,65,103,True,False,FR,US,2024-10-16,2024-10-16,2024-03-21T18:50:33,2024-03-21T18:50:33
3563,22.87,57.13,58,2,True,True,CA,JP,2024-05-29,2024-05-29,2024-06-16T16:20:54,2024-06-16T16:20:54
3564,0.15,12.74,53,19,True,False,BR,,2022-11-23,2022-11-23,2022-08-24T08:58:09,
3565,0.47,88.56,24,63,True,False,DE,UK,2022-08-22,2022-08-22,2023-09-02T20:13:39,2023-09-02T20:13:39
3566,97.8,13.35,49,56,True,True,JP,AU,2023-04-17,2023-04-17,2022-12-18T04:33:49,
3567,62.35,45.56,97,14,False,False,JP,BR,2023-10-24,2023-10-24,2021-09-30T12:46:12,2021-09-30T12:46:12
3568,56.29,41.55,57,106,False,False,UK,JP,2021-07-29,2021-07-29,2020-09-10T17:23:31,2020-09-10T17:23:31
3569,82.95,2.08,42,24,False,True,DE,FR,2023-09-13,2023-09-13,2022-01-23T21:03:53,2022-01-23T21:03:53
3570,27.51,45.48,29,94,True,True,BR,UK,2023-11-03,2023-11-03,2021-03-06T20:26:06,2021-03-06T20:26:06
3571,78.7,84.7,107,104,True,,CA,CA,2024-12-17,2024-12-17,2020-03-15T23:37:07,2020-03-15T23:37:07
3572,75.04,29.49,105,113,False,False,BR,US,2021-02-18,2021-02-18,2021-05-15T06:44:35,2021-05-15T06:44:35
3573,33.75,77.14,56,53,True,,US,JP,2020-05-29,2020-05-29,2024-12-22T15:09:08,2024-12-22T15:09:08
3574,52.91,56.62,115,80,True,True,UK,,2024-08-09,2024-08-09,2024-06-20T16:41:16,2024-06-20T16:41:16
3575,2.19,46.43,7,33,True,False,AU,BR,2024-03-17,2024-03-17,2022-03-16T16:49:31,2022-03-16T16:49:31
3576,46.22,17.79,60,38,False,True,BR,BR,2024-12-07,2024-12-07,2024-05-22T21:18:09,2024-05-22T21:18:09
3577,62.01,17.87,83,33,False,True,DE,,2024-03-14,2024-03-14,2022-03-27T00:02:46,2022-03-27T00:02:46
3578,39.71,74.0,90,0,False,True,CA,JP,2020-06-10,2020-06-10,2022-11-24T21:48:54,2022-11-24T21:48:54
3579,48.21,65.17,78,59,True,True,AU,,2022-03-20,2022-03-20,2020-12-18T18:25:39,2020-12-18T18:25:39
3580,40.79,48.4,91,70,False,False,CA,BR,2021-09-09,2021-09-09,2021-07-28T00:56:51,2021-07-28T00:56:51
3581,78.91,20.56,106,90,False,False,UK,AU,2021-04-20,2021-04-20,2021-06-12T03:00:23,2021-06-12T03:00:23
3582,51.9,38.71,76,53,False,,UK,BR,2020-03-03,2020-03-03,2022-10-08T06:02:32,2022-10-08T06:02:32
3583,88.35,34.09,117,43,False,True,FR,AU,2023-11-29,2023-11-29,2022-11-02T20:57:31,2022-11-02T20:57:31
3584,2.74,56.96,56,10,False,,JP,,2021-06-09,2021-06-09,2024-06-11T19:32:39,2024-06-11T19:32:39
3585,24.75,42.79,117,8,True,True,BR,DE,2022-02-18,2022-02-18,2021-10-31T09:10:39,2021-10-31T09:10:39
3586,25.37,38.37,28,18,False,False,DE,UK,2020-01-29,2020-01-29,2022-08-29T07:04:17,
3587,25.83,38.34,53,19,False,,BR,JP,2022-03-20,,2023-06-08T02:34:51,2023-06-08T02:34:51
3588,41.43,27.7,73,18,True,False,FR,US,2023-05-06,2023-05-06,2024-08-13T20:52:32,2024-08-13T20:52:32
3589,92.12,12.08,7,52,False,True,BR,FR,2020-07-28,2020-07-28,2021-12-01T13:20:32,2021-12-01T13:20:32
3590,37.13,99.16,58,43,False,False,DE,JP,2023-02-02,2023-02-02,2023-01-14T03:36:37,2023-01-14T03:36:37
3591,82.98,84.42,92,,False,False,US,FR,2023-01-21,2023-01-21,2024-09-11T14:05:03,2024-09-11T14:05:03
3592,28.37,39.7,47,24,True,True,JP,FR,2023-07-20,2023-07-20,2022-10-31T09:44:08,2022-10-31T09:44:08
3593,2.1,89.18,36,95,False,False,DE,DE,2023-07-01,,2022-04-15T17:22:50,2022-04-15T17:22:50
3594,86.75,,17,11,False,,DE,FR,2022-11-25,2022-11-25,2022-01-23T03:26:44,2022-01-23T03:26:44
3595,2.42,7.44,111,97,True,True,US,UK,2021-09-14,,2022-10-25T10:22:15,2022-10-25T10:22:15
3596,65.18,,82,57,True,,FR,US,2022-05-24,2022-05-24,2023-01-30T11:50:49,2023-01-30T11:50:49
3597,84.46,47.68,18,106,True,True,JP,CA,2024-11-16,2024-11-16,2020-11-26T13:39:54,2020-11-26T13:39:54
3598,92.13,75.5,67,28,False,False,FR,JP,2020-08-30,2020-08-30,2024-05-19T09:53:18,2024-05-19T09:53:18
3599,31.77,86.62,1,67,False,False,FR,FR,2022-04-05,2022-04-05,2020-04-11T19:15:40,2020-04-11T19:15:40
3600,81.89,21.62,83,42,False,,AU,DE,2022-02-25,2022-02-25,2021-12-24T22:41:41,2021-12-24T22:41:41
3601,19.15,14.68,112,91,True,True,FR,AU,2021-06-25,2021-06-25,2021-03-07T22:16:47,2021-03-07T22:16:47
3602,11.49,69.76,59,87,False,True,US,JP,2021-06-06,2021-06-06,2023-07-19T08:13:11,2023-07-19T08:13:11
3603,86.28,95.15,46,84,False,True,CA,JP,2023-10-24,2023-10-24,2023-03-24T14:03:07,2023-03-24T14:03:07
3604,51.23,,78,35,True,True,FR,UK,2022-11-18,2022-11-18,2020-06-13T10:57:22,2020-06-13T10:57:22
3605,92.03,3.7,13,85,False,False,UK,AU,2024-03-27,2024-03-27,2021-11-26T16:33:05,2021-11-26T16:33:05
3606,2.58,43.45,62,63,False,True,UK,DE,2024-11-03,2024-11-03,2020-12-04T05:10:25,2020-12-04T05:10:25
3607,52.24,21.94,96,19,True,True,AU,FR,2023-09-10,2023-09-10,2020-10-27T02:26:02,2020-10-27T02:26:02
3608,32.02,0.21,117,51,True,False,AU,FR,2020-11-10,2020-11-10,2024-10-11T12:21:58,2024-10-11T12:21:58
3609,64.57,57.08,104,103,True,False,BR,JP,2023-02-24,2023-02-24,2024-07-06T16:43:43,2024-07-06T16:43:43
3610,26.39,23.4,85,47,False,True,DE,US,2023-08-01,2023-08-01,2023-01-02T11:11:04,2023-01-02T11:11:04
3611,37.19,54.47,85,41,True,True,JP,US,2020-10-16,,2021-08-06T21:14:58,2021-08-06T21:14:58
3612,42.06,29.96,104,101,False,False,AU,CA,2020-08-22,2020-08-22,2021-04-08T14:05:25,2021-04-08T14:05:25
3613,50.89,80.62,112,107,False,False,JP,JP,2022-01-03,2022-01-03,2023-10-29T10:41:44,2023-10-29T10:41:44
3614,91.9,89.06,21,84,False,True,CA,AU,2023-10-19,2023-10-19,2022-11-13T00:29:48,2022-11-13T00:29:48
3615,35.57,17.84,73,36,True,False,CA,JP,2020-09-30,2020-09-30,2020-09-28T21:46:17,2020-09-28T21:46:17
3616,20.51,73.26,43,,True,True,CA,FR,2021-02-21,2021-02-21,2022-08-20T18:32:21,2022-08-20T18:32:21
3617,71.06,14.35,78,107,False,,JP,US,2020-01-07,2020-01-07,2021-09-22T04:44:18,2021-09-22T04:44:18
3618,50.7,,118,101,True,False,BR,CA,2021-08-19,2021-08-19,2021-01-03T02:30:54,2021-01-03T02:30:54
3619,76.2,86.11,53,64,True,True,US,FR,2021-01-07,2021-01-07,2023-08-10T10:41:35,2023-08-10T10:41:35
3620,41.9,21.42,100,70,False,False,CA,CA,2022-02-08,2022-02-08,2020-04-17T17:34:49,2020-04-17T17:34:49
3621,34.56,,113,47,False,False,AU,FR,2021-04-25,2021-04-25,2022-06-30T03:12:46,2022-06-30T03:12:46
3622,35.42,53.91,74,96,True,True,AU,CA,2020-01-04,2020-01-04,2023-12-05T15:36:52,2023-12-05T15:36:52
3623,32.14,66.12,90,77,True,False,FR,AU,2023-08-06,,2020-12-12T12:57:05,2020-12-12T12:57:05
3624,18.2,67.81,21,79,False,True,AU,BR,2020-02-27,2020-02-27,2022-09-20T19:53:38,2022-09-20T19:53:38
3625,49.08,86.92,48,76,True,False,CA,FR,2020-10-16,2020-10-16,2020-05-28T21:34:19,2020-05-28T21:34:19
3626,94.44,99.52,44,,False,True,JP,UK,2023-04-02,2023-04-02,2020-12-13T10:58:01,2020-12-13T10:58:01
3627,21.76,58.71,14,110,True,False,UK,CA,2022-08-01,,2020-11-03T09:07:11,2020-11-03T09:07:11
3628,32.57,6.51,30,77,False,True,DE,UK,2023-02-05,2023-02-05,2024-01-14T05:38:25,2024-01-14T05:38:25
3629,89.27,32.22,119,,True,,US,US,2021-07-23,2021-07-23,2024-09-22T11:35:15,2024-09-22T11:35:15
3630,92.6,93.53,25,53,False,True,UK,JP,2023-10-04,2023-10-04,2020-12-27T20:59:58,2020-12-27T20:59:58
3631,43.84,1.57,116,34,True,True,DE,UK,2021-10-04,,2021-10-01T07:01:39,2021-10-01T07:01:39
3632,17.8,93.94,25,79,True,False,JP,JP,2021-08-26,2021-08-26,2022-03-28T12:39:45,
3633,98.58,66.05,27,82,False,True,AU,,2022-11-16,2022-11-16,2022-11-25T17:09:20,2022-11-25T17:09:20
3634,33.94,13.8,66,15,False,False,DE,AU,2023-04-26,2023-04-26,2024-05-28T07:44:13,2024-05-28T07:44:13
3635,64.81,42.46,45,3,False,False,FR,FR,2023-05-12,2023-05-12,2024-08-01T13:55:36,2024-08-01T13:55:36
3636,47.58,20.67,119,41,False,True,JP,DE,2022-05-18,2022-05-18,2022-12-01T02:39:35,2022-12-01T02:39:35
3637,5.62,,100,75,True,True,DE,UK,2021-12-25,2021-12-25,2022-11-27T09:50:23,2022-11-27T09:50:23
3638,28.95,52.29,107,99,True,True,JP,US,2022-07-04,2022-07-04,2020-09-01T15:24:31,2020-09-01T15:24:31
3639,67.29,50.62,50,3,True,False,AU,FR,2020-04-21,2020-04-21,2020-11-10T21:00:11,2020-11-10T21:00:11
3640,11.67,26.39,59,11,False,False,JP,,2023-05-11,2023-05-11,2022-09-26T11:26:53,
3641,19.44,,100,1,True,True,US,UK,2023-06-09,2023-06-09,2023-04-05T09:32:12,
3642,60.6,9.02,116,32,True,True,CA,DE,2022-05-27,2022-05-27,2020-09-02T05:14:44,
3643,58.45,8.23,106,104,True,False,US,,2020-02-15,2020-02-15,2023-09-23T17:59:36,2023-09-23T17:59:36
3644,16.55,56.42,64,,True,,DE,JP,2024-04-22,2024-04-22,2022-02-03T02:37:04,2022-02-03T02:37:04
3645,59.05,6.89,105,22,True,False,US,CA,2020-08-28,2020-08-28,2020-09-08T08:51:19,2020-09-08T08:51:19
3646,33.15,75.29,45,57,True,False,CA,CA,2023-12-08,2023-12-08,2020-08-21T21:07:06,2020-08-21T21:07:06
3647,71.78,53.47,19,113,False,False,JP,,2020-08-07,2020-08-07,2020-10-07T18:06:09,2020-10-07T18:06:09
3648,1.84,,81,91,False,False,FR,DE,2022-07-31,2022-07-31,2024-04-14T14:57:44,2024-04-14T14:57:44
3649,14.95,19.42,31,65,True,False,BR,CA,2022-07-20,2022-07-20,2024-03-13T02:14:56,2024-03-13T02:14:56
3650,77.58,,25,69,True,False,US,FR,2022-12-04,2022-12-04,2023-06-10T03:26:59,2023-06-10T03:26:59
3651,23.6,54.63,13,119,True,True,US,DE,2022-01-03,,2022-08-31T01:54:54,2022-08-31T01:54:54
3652,19.35,31.56,4,88,True,True,AU,UK,2024-04-06,2024-04-06,2024-02-28T01:18:13,2024-02-28T01:18:13
3653,28.76,88.3,32,93,False,True,DE,DE,2021-02-19,2021-02-19,2024-02-16T00:58:32,2024-02-16T00:58:32
3654,82.79,,97,59,True,True,DE,DE,2020-02-14,2020-02-14,2021-06-05T11:12:17,2021-06-05T11:12:17
3655,74.28,53.53,22,65,False,True,FR,US,2024-03-08,2024-03-08,2023-04-26T06:10:12,2023-04-26T06:10:12
3656,59.23,6.85,69,12,False,True,US,CA,2021-09-05,2021-09-05,2023-03-15T07:06:53,2023-03-15T07:06:53
3657,0.04,64.89,86,59,True,True,JP,CA,2023-04-16,2023-04-16,2022-02-21T12:56:51,2022-02-21T12:56:51
3658,59.32,85.12,104,85,False,False,US,BR,2024-05-15,2024-05-15,2022-12-01T01:02:42,2022-12-01T01:02:42
3659,11.36,41.08,29,112,False,True,FR,AU,2022-03-29,,2020-12-27T07:29:55,2020-12-27T07:29:55
3660,18.38,43.5,9,53,True,True,US,UK,2021-02-21,2021-02-21,2021-04-02T22:38:19,
3661,66.28,85.36,20,117,False,False,US,FR,2022-07-20,2022-07-20,2021-09-06T16:58:48,2021-09-06T16:58:48
3662,4.93,51.99,27,93,True,False,AU,BR,2023-03-15,,2023-03-11T20:23:44,2023-03-11T20:23:44
3663,78.54,79.43,107,66,True,True,BR,CA,2020-07-05,,2022-10-30T18:25:38,2022-10-30T18:25:38
3664,64.55,96.7,12,46,True,False,DE,AU,2023-03-09,2023-03-09,2022-06-25T05:15:45,2022-06-25T05:15:45
3665,78.0,93.21,92,112,False,True,FR,UK,2022-12-13,,2021-03-19T21:16:15,2021-03-19T21:16:15
3666,21.17,30.1,8,11,True,False,DE,JP,2020-03-26,2020-03-26,2024-08-14T21:58:50,2024-08-14T21:58:50
3667,74.95,,12,56,True,True,BR,US,2024-03-19,2024-03-19,2024-07-07T16:04:48,2024-07-07T16:04:48
3668,56.81,13.72,82,12,True,False,CA,JP,2023-04-02,2023-04-02,2022-04-02T22:24:45,2022-04-02T22:24:45
3669,2.59,7.52,66,22,True,,AU,CA,2021-08-06,2021-08-06,2021-02-18T00:57:43,2021-02-18T00:57:43
3670,59.39,98.72,38,76,True,False,DE,AU,2021-05-26,2021-05-26,2021-09-15T04:29:30,2021-09-15T04:29:30
3671,63.88,97.45,72,7,True,False,BR,DE,2024-05-14,2024-05-14,2020-05-23T19:29:33,2020-05-23T19:29:33
3672,89.0,26.25,27,58,False,True,BR,,2023-06-10,2023-06-10,2020-03-04T17:49:44,2020-03-04T17:49:44
3673,17.67,76.6,91,,False,False,US,DE,2024-02-01,,2022-04-29T01:49:44,2022-04-29T01:49:44
3674,20.79,7.46,92,38,True,True,US,FR,2023-09-09,2023-09-09,2022-01-05T04:36:33,2022-01-05T04:36:33
3675,76.27,61.42,14,,True,True,BR,DE,2023-01-09,,2022-02-05T04:39:44,2022-02-05T04:39:44
3676,35.75,81.7,105,,False,False,US,US,2022-03-05,2022-03-05,2020-11-03T05:21:03,2020-11-03T05:21:03
3677,28.51,27.35,7,40,True,True,FR,FR,2021-04-12,2021-04-12,2023-11-15T11:46:13,2023-11-15T11:46:13
3678,7.35,90.43,4,1,False,False,UK,JP,2022-11-14,2022-11-14,2020-04-24T15:31:06,2020-04-24T15:31:06
3679,23.99,88.43,108,118,False,True,BR,UK,2021-07-20,2021-07-20,2021-05-10T22:58:25,2021-05-10T22:58:25
3680,12.92,77.61,83,82,True,False,FR,,2021-01-02,2021-01-02,2022-11-02T17:15:03,2022-11-02T17:15:03
3681,15.22,12.48,27,81,True,False,AU,BR,2024-03-19,2024-03-19,2024-05-04T18:13:46,
3682,36.59,57.62,30,,True,False,US,,2020-10-11,2020-10-11,2022-12-24T04:53:05,2022-12-24T04:53:05
3683,23.66,29.08,112,82,False,True,CA,US,2022-02-06,2022-02-06,2020-07-13T03:00:27,2020-07-13T03:00:27
3684,33.58,10.29,43,3,False,False,CA,DE,2024-11-04,2024-11-04,2020-02-22T08:47:30,2020-02-22T08:47:30
3685,48.26,11.47,73,107,False,True,JP,JP,2022-01-16,,2023-03-09T19:29:41,2023-03-09T19:29:41
3686,77.03,,63,101,True,False,AU,JP,2023-06-12,2023-06-12,2023-07-05T03:15:12,2023-07-05T03:15:12
3687,82.87,18.27,112,44,True,False,CA,DE,2020-08-15,2020-08-15,2021-03-03T13:38:42,2021-03-03T13:38:42
3688,12.97,31.24,94,62,False,False,CA,US,2020-12-18,,2023-05-08T16:21:23,2023-05-08T16:21:23
3689,52.11,92.5,47,27,False,True,BR,CA,2022-03-05,2022-03-05,2023-11-17T08:29:38,2023-11-17T08:29:38
3690,62.03,67.83,35,25,True,True,FR,DE,2022-05-26,2022-05-26,2024-01-14T01:43:40,2024-01-14T01:43:40
3691,90.9,26.41,36,105,True,False,JP,BR,2024-02-05,2024-02-05,2021-05-22T21:36:47,2021-05-22T21:36:47
3692,97.64,61.66,69,86,True,True,AU,CA,2021-10-19,2021-10-19,2024-02-21T05:00:45,2024-02-21T05:00:45
3693,80.04,14.46,81,39,False,False,US,DE,2024-01-09,2024-01-09,2022-11-24T10:00:58,2022-11-24T10:00:58
3694,11.88,,109,68,False,True,FR,US,2024-04-16,2024-04-16,2024-03-31T00:41:04,
3695,60.35,70.12,94,24,True,False,CA,UK,2023-08-01,2023-08-01,2023-02-07T22:18:39,2023-02-07T22:18:39
3696,41.33,,53,4,False,,CA,DE,2021-11-27,2021-11-27,2023-10-01T00:27:09,2023-10-01T00:27:09
3697,96.3,71.78,50,74,True,False,DE,BR,2023-10-21,2023-10-21,2024-06-16T05:09:07,2024-06-16T05:09:07
3698,25.19,49.18,5,39,False,False,JP,US,2020-01-06,2020-01-06,2020-01-18T17:30:18,2020-01-18T17:30:18
3699,93.11,60.37,25,31,False,,DE,FR,2022-05-08,2022-05-08,2022-04-17T12:07:29,2022-04-17T12:07:29
3700,79.78,8.11,58,110,False,True,BR,US,2023-09-14,2023-09-14,2024-02-26T22:02:02,2024-02-26T22:02:02
3701,91.97,58.71,62,32,True,True,FR,AU,2022-01-05,2022-01-05,2024-02-15T02:05:08,
3702,99.98,,1,73,False,False,AU,BR,2021-02-08,2021-02-08,2024-11-14T09:53:53,
3703,35.68,71.57,106,,False,True,BR,BR,2021-05-01,2021-05-01,2024-06-17T07:10:02,2024-06-17T07:10:02
3704,34.73,9.16,62,60,True,False,BR,UK,2021-04-27,2021-04-27,2020-11-14T03:08:42,2020-11-14T03:08:42
3705,50.49,64.77,97,119,True,False,AU,US,2020-02-27,2020-02-27,2024-09-19T02:12:20,2024-09-19T02:12:20
3706,14.21,53.86,8,,True,,JP,BR,2020-08-27,2020-08-27,2022-12-23T09:55:10,2022-12-23T09:55:10
3707,7.94,75.58,16,107,False,False,UK,DE,2024-08-11,2024-08-11,2020-03-09T11:44:02,
3708,34.61,55.8,81,4,True,True,US,CA,2021-12-07,2021-12-07,2020-01-08T21:43:32,2020-01-08T21:43:32
3709,75.83,76.61,32,61,False,True,AU,FR,2022-04-04,2022-04-04,2022-08-17T02:39:42,2022-08-17T02:39:42
3710,89.07,8.51,2,38,True,True,AU,UK,2022-05-18,2022-05-18,2023-03-11T18:02:06,2023-03-11T18:02:06
3711,3.79,14.13,21,21,False,False,AU,JP,2022-06-08,2022-06-08,2022-10-06T05:25:55,2022-10-06T05:25:55
3712,86.45,7.33,82,60,True,False,AU,US,2022-10-25,2022-10-25,2020-08-29T17:39:36,2020-08-29T17:39:36
3713,24.79,10.76,58,12,True,False,FR,DE,2020-09-20,,2022-11-30T19:23:17,2022-11-30T19:23:17
3714,59.13,4.42,100,104,True,False,BR,AU,2024-06-08,2024-06-08,2022-05-01T16:47:19,2022-05-01T16:47:19
3715,32.52,46.8,0,69,True,False,UK,US,2022-09-01,2022-09-01,2021-09-20T06:46:24,2021-09-20T06:46:24
3716,24.27,,83,109,True,True,UK,AU,2023-08-29,2023-08-29,2024-12-29T11:25:51,2024-12-29T11:25:51
3717,90.01,99.13,79,35,False,False,DE,BR,2024-06-28,,2022-03-27T13:53:52,
3718,63.87,78.51,19,82,True,False,BR,JP,2022-06-30,2022-06-30,2021-08-21T01:01:55,2021-08-21T01:01:55
3719,23.65,5.37,24,81,True,False,BR,FR,2020-07-26,2020-07-26,2023-02-13T18:01:35,2023-02-13T18:01:35
3720,89.34,63.93,1,86,True,,JP,UK,2021-01-04,,2020-02-28T06:20:35,2020-02-28T06:20:35
3721,21.98,45.57,12,110,True,True,JP,,2024-01-21,2024-01-21,2022-04-30T21:37:28,2022-04-30T21:37:28
3722,23.85,95.47,14,32,False,,BR,,2021-06-12,2021-06-12,2022-09-15T14:39:45,2022-09-15T14:39:45
3723,66.68,27.72,29,111,True,True,BR,US,2022-01-29,2022-01-29,2023-09-21T14:57:54,2023-09-21T14:57:54
3724,96.12,48.81,79,20,True,False,CA,AU,2020-04-10,,2020-03-26T14:30:43,2020-03-26T14:30:43
3725,33.49,30.72,83,113,True,,AU,FR,2024-02-06,2024-02-06,2023-03-03T01:00:45,2023-03-03T01:00:45
3726,24.87,,84,6,True,True,AU,UK,2024-08-24,2024-08-24,2022-03-25T01:42:40,2022-03-25T01:42:40
3727,46.06,20.48,40,112,True,False,CA,FR,2021-03-13,2021-03-13,2020-09-18T03:01:49,2020-09-18T03:01:49
3728,23.17,15.89,30,96,False,False,US,CA,2023-03-13,2023-03-13,2022-07-26T15:23:16,2022-07-26T15:23:16
3729,86.3,37.58,51,93,True,True,US,AU,2024-04-24,2024-04-24,2021-09-16T06:25:10,
3730,16.59,0.62,45,103,False,False,JP,CA,2023-06-19,2023-06-19,2023-11-24T02:35:41,2023-11-24T02:35:41
3731,96.74,55.02,42,51,False,True,JP,AU,2022-08-15,2022-08-15,2024-03-05T12:21:37,2024-03-05T12:21:37
3732,93.76,67.82,10,80,False,True,JP,FR,2021-08-05,2021-08-05,2024-12-28T17:36:35,2024-12-28T17:36:35
3733,45.4,26.58,26,56,True,False,DE,UK,2021-10-18,2021-10-18,2023-12-26T18:07:47,2023-12-26T18:07:47
3734,82.96,57.92,72,4,False,False,FR,AU,2024-10-28,2024-10-28,2022-08-13T00:43:20,2022-08-13T00:43:20
3735,3.96,12.06,105,111,True,False,DE,DE,2022-10-10,2022-10-10,2020-12-14T01:07:16,2020-12-14T01:07:16
3736,54.44,43.38,73,37,True,False,US,AU,2020-05-12,2020-05-12,2021-06-30T16:37:16,2021-06-30T16:37:16
3737,19.52,26.31,15,110,False,False,US,BR,2021-07-06,2021-07-06,2022-12-04T03:18:10,
3738,36.76,11.39,30,70,False,True,UK,FR,2022-09-25,2022-09-25,2022-06-12T21:41:49,2022-06-12T21:41:49
3739,6.2,37.27,2,74,False,False,AU,FR,2021-05-15,2021-05-15,2023-11-27T06:19:08,2023-11-27T06:19:08
3740,30.25,13.01,94,,True,False,FR,UK,2024-06-30,2024-06-30,2021-07-25T09:31:39,2021-07-25T09:31:39
3741,57.91,2.36,57,34,False,False,JP,BR,2022-03-14,2022-03-14,2023-01-15T20:17:43,2023-01-15T20:17:43
3742,5.07,91.54,94,61,True,,JP,AU,2022-06-23,2022-06-23,2023-11-18T22:17:51,2023-11-18T22:17:51
3743,23.41,80.53,44,92,True,True,UK,AU,2022-07-01,2022-07-01,2022-03-20T10:14:31,
3744,16.06,50.8,3,57,True,False,BR,UK,2023-01-25,2023-01-25,2022-01-01T05:57:09,2022-01-01T05:57:09
3745,66.07,12.13,105,33,True,False,US,,2022-08-16,2022-08-16,2020-01-28T18:19:24,2020-01-28T18:19:24
3746,84.49,24.23,66,113,True,False,AU,DE,2024-02-28,2024-02-28,2022-01-20T19:01:11,2022-01-20T19:01:11
3747,72.23,35.76,100,119,True,True,US,AU,2024-11-08,2024-11-08,2020-12-18T16:40:56,2020-12-18T16:40:56
3748,70.33,42.25,119,,True,False,BR,JP,2024-03-01,2024-03-01,2020-08-18T15:48:45,2020-08-18T15:48:45
3749,83.89,44.6,24,60,True,True,CA,AU,2020-11-10,2020-11-10,2022-03-08T01:55:12,2022-03-08T01:55:12
3750,81.46,98.85,20,5,True,True,FR,FR,2024-06-22,2024-06-22,2023-03-06T06:58:45,2023-03-06T06:58:45
3751,49.4,11.22,105,,True,False,CA,US,2024-04-27,2024-04-27,2024-08-21T16:53:41,2024-08-21T16:53:41
3752,32.47,64.27,38,88,False,True,DE,US,2021-12-16,,2024-07-26T19:33:35,2024-07-26T19:33:35
3753,24.11,,113,104,False,False,CA,FR,2024-08-17,2024-08-17,2022-03-31T17:19:16,2022-03-31T17:19:16
3754,7.06,,110,85,True,False,CA,US,2023-10-05,,2024-04-29T14:22:10,
3755,38.66,82.22,116,76,True,False,JP,DE,2021-11-24,2021-11-24,2022-11-28T19:33:16,2022-11-28T19:33:16
3756,50.76,41.94,3,44,False,True,CA,BR,2022-07-22,2022-07-22,2020-05-25T03:27:22,2020-05-25T03:27:22
3757,97.76,93.84,38,34,True,True,UK,FR,2023-05-28,2023-05-28,2022-10-02T03:36:54,2022-10-02T03:36:54
3758,54.21,34.46,75,66,False,True,UK,,2023-01-26,2023-01-26,2024-11-04T17:48:52,2024-11-04T17:48:52
3759,42.49,80.9,112,51,True,True,AU,CA,2023-02-24,2023-02-24,2022-10-31T01:52:27,2022-10-31T01:52:27
3760,98.17,97.67,81,16,True,False,BR,CA,2022-06-18,2022-06-18,2020-03-04T13:35:23,2020-03-04T13:35:23
3761,3.33,1.4,74,56,True,False,UK,US,2021-03-23,2021-03-23,2023-03-15T02:11:34,2023-03-15T02:11:34
3762,75.6,33.14,71,84,True,True,BR,UK,2023-08-14,2023-08-14,2021-01-21T19:31:20,
3763,49.25,96.67,118,,True,True,UK,AU,2022-12-11,2022-12-11,2024-03-02T23:34:56,2024-03-02T23:34:56
3764,10.68,90.3,60,75,True,,FR,UK,2020-08-01,2020-08-01,2021-05-02T07:27:03,2021-05-02T07:27:03
3765,60.92,28.05,63,16,False,False,CA,,2020-06-01,2020-06-01,2021-02-07T13:38:52,2021-02-07T13:38:52
3766,5.88,31.75,1,78,False,True,FR,FR,2021-01-20,2021-01-20,2021-04-13T21:33:51,2021-04-13T21:33:51
3767,5.55,69.64,13,77,False,False,AU,DE,2022-07-14,2022-07-14,2024-01-16T19:17:23,2024-01-16T19:17:23
3768,63.59,,74,,False,False,DE,DE,2021-12-17,2021-12-17,2023-12-28T01:45:17,2023-12-28T01:45:17
3769,38.07,92.38,74,11,False,True,CA,BR,2022-12-09,2022-12-09,2023-04-01T14:19:25,2023-04-01T14:19:25
3770,10.07,61.92,45,30,False,False,US,JP,2021-05-18,2021-05-18,2022-05-12T05:49:00,2022-05-12T05:49:00
3771,98.92,29.09,102,109,True,False,UK,FR,2022-02-16,2022-02-16,2022-02-05T00:48:59,2022-02-05T00:48:59
3772,33.77,,11,17,True,True,FR,UK,2024-02-20,2024-02-20,2024-09-30T18:16:18,2024-09-30T18:16:18
3773,65.95,34.61,45,88,True,True,BR,AU,2022-10-23,2022-10-23,2024-06-11T17:22:05,2024-06-11T17:22:05
3774,46.25,84.47,35,117,True,True,JP,AU,2020-08-01,2020-08-01,2023-06-06T23:51:54,2023-06-06T23:51:54
3775,14.77,90.77,108,61,True,False,AU,AU,2022-01-15,2022-01-15,2020-04-17T00:48:04,2020-04-17T00:48:04
3776,7.8,30.74,31,86,False,False,DE,UK,2024-09-13,2024-09-13,2022-05-28T17:04:25,2022-05-28T17:04:25
3777,50.79,70.2,41,89,True,,JP,DE,2024-08-24,2024-08-24,2023-07-22T09:46:15,2023-07-22T09:46:15
3778,46.12,,65,65,True,False,BR,BR,2020-03-10,2020-03-10,2021-09-23T23:22:00,
3779,25.18,79.5,15,66,True,True,JP,US,2024-04-08,,2023-12-27T00:57:30,2023-12-27T00:57:30
3780,28.68,18.11,46,67,True,True,DE,US,2024-01-15,2024-01-15,2021-10-16T08:03:32,2021-10-16T08:03:32
3781,22.11,6.56,107,106,True,True,US,DE,2023-09-23,2023-09-23,2024-10-17T13:10:58,2024-10-17T13:10:58
3782,9.61,83.48,4,,False,False,AU,US,2021-02-28,2021-02-28,2020-12-24T09:38:29,2020-12-24T09:38:29
3783,91.2,15.83,64,34,True,True,US,BR,2022-06-18,2022-06-18,2022-09-17T05:26:00,2022-09-17T05:26:00
3784,13.97,50.52,99,76,True,True,UK,CA,2021-11-08,2021-11-08,2020-12-26T04:46:47,2020-12-26T04:46:47
3785,10.82,58.54,57,69,False,,UK,FR,2023-02-12,2023-02-12,2020-07-02T04:58:41,
3786,71.04,40.99,8,46,False,,UK,US,2024-01-28,2024-01-28,2021-01-17T04:40:00,2021-01-17T04:40:00
3787,83.12,7.6,7,55,False,True,UK,JP,2023-07-16,,2020-05-08T18:27:03,2020-05-08T18:27:03
3788,4.91,6.22,99,68,True,True,AU,BR,2024-07-22,2024-07-22,2024-12-20T05:40:57,
3789,73.03,55.31,89,64,False,True,DE,,2020-11-20,,2021-02-12T03:24:05,
3790,61.26,65.8,68,,True,True,US,US,2023-08-21,2023-08-21,2024-09-02T07:26:09,2024-09-02T07:26:09
3791,85.61,17.99,116,115,False,,CA,DE,2024-02-13,2024-02-13,2020-07-30T23:14:54,2020-07-30T23:14:54
3792,6.84,73.5,104,49,False,True,US,JP,2021-02-22,2021-02-22,2023-05-15T22:36:22,2023-05-15T22:36:22
3793,24.74,83.22,112,38,True,False,FR,FR,2024-05-03,2024-05-03,2024-01-08T09:46:11,2024-01-08T09:46:11
3794,14.16,19.49,119,,True,True,BR,DE,2024-08-30,2024-08-30,2021-04-22T17:54:07,2021-04-22T17:54:07
3795,48.81,83.78,66,99,True,False,CA,FR,2021-11-06,2021-11-06,2024-04-21T21:49:08,2024-04-21T21:49:08
3796,49.5,52.21,6,86,False,False,BR,AU,2021-01-03,2021-01-03,2020-06-22T09:08:24,2020-06-22T09:08:24
3797,85.02,96.69,39,99,False,False,CA,AU,2020-03-15,2020-03-15,2022-10-27T10:21:48,2022-10-27T10:21:48
3798,16.56,94.4,61,104,False,False,FR,UK,2022-02-25,2022-02-25,2020-11-20T10:48:19,2020-11-20T10:48:19
3799,7.75,90.21,110,89,False,,US,BR,2024-06-08,2024-06-08,2020-06-19T13:45:19,2020-06-19T13:45:19
3800,26.11,16.45,5,51,True,False,US,US,2021-05-29,2021-05-29,2023-09-03T07:46:37,2023-09-03T07:46:37
3801,24.09,45.39,98,41,False,True,US,US,2022-05-20,,2022-06-13T11:34:28,2022-06-13T11:34:28
3802,83.37,35.5,35,115,True,True,BR,US,2021-10-24,2021-10-24,2022-10-02T12:12:26,2022-10-02T12:12:26
3803,49.34,,108,72,True,False,FR,DE,2022-10-20,2022-10-20,2024-01-18T10:28:50,2024-01-18T10:28:50
3804,3.73,14.75,102,84,True,True,US,BR,2024-09-13,2024-09-13,2020-11-23T05:21:55,2020-11-23T05:21:55
3805,99.47,25.04,1,2,False,True,DE,UK,2020-12-19,2020-12-19,2023-08-26T13:01:51,2023-08-26T13:01:51
3806,27.96,,47,38,False,True,CA,DE,2024-09-27,2024-09-27,2020-07-26T14:38:46,2020-07-26T14:38:46
3807,47.02,93.32,6,2,False,False,UK,US,2023-09-14,2023-09-14,2024-09-10T05:32:09,2024-09-10T05:32:09
3808,41.98,42.35,16,,False,False,CA,DE,2023-01-13,2023-01-13,2023-06-12T12:18:16,2023-06-12T12:18:16
3809,93.45,65.26,76,5,True,False,FR,,2024-02-07,2024-02-07,2023-10-07T09:54:01,2023-10-07T09:54:01
3810,22.98,,95,79,True,,BR,AU,2023-11-16,2023-11-16,2021-07-25T09:30:55,2021-07-25T09:30:55
3811,3.88,20.46,106,119,False,True,FR,DE,2021-03-18,2021-03-18,2024-01-04T21:58:34,2024-01-04T21:58:34
3812,38.87,50.56,8,72,True,False,CA,CA,2022-03-28,2022-03-28,2020-10-19T02:09:38,2020-10-19T02:09:38
3813,62.0,64.27,48,51,True,False,CA,CA,2023-10-29,,2021-01-03T17:26:27,2021-01-03T17:26:27
3814,42.22,44.91,119,94,True,,DE,,2021-09-10,2021-09-10,2021-06-13T12:58:25,2021-06-13T12:58:25
3815,39.56,79.34,67,44,True,True,FR,UK,2023-06-27,2023-06-27,2020-05-25T15:43:51,2020-05-25T15:43:51
3816,66.97,58.44,44,38,False,True,US,AU,2022-04-06,2022-04-06,2021-01-16T21:00:46,2021-01-16T21:00:46
3817,46.23,8.26,22,57,False,False,US,AU,2024-07-18,2024-07-18,2023-09-12T11:10:16,2023-09-12T11:10:16
3818,57.19,17.04,79,0,True,False,JP,DE,2022-07-29,2022-07-29,2021-06-26T00:44:47,2021-06-26T00:44:47
3819,42.81,24.41,116,62,False,False,CA,FR,2023-05-01,2023-05-01,2021-05-23T05:46:32,2021-05-23T05:46:32
3820,78.56,55.04,7,107,True,True,AU,,2022-04-03,,2022-03-07T23:14:26,2022-03-07T23:14:26
3821,27.37,87.16,53,23,True,True,JP,US,2023-02-07,2023-02-07,2024-03-19T00:16:17,2024-03-19T00:16:17
3822,72.42,57.91,76,111,False,True,JP,DE,2020-12-31,2020-12-31,2024-04-25T10:46:28,2024-04-25T10:46:28
3823,48.73,8.79,6,74,True,False,UK,DE,2021-12-20,2021-12-20,2021-03-02T14:33:43,2021-03-02T14:33:43
3824,84.47,71.55,14,109,False,True,CA,DE,2024-01-17,2024-01-17,2020-07-10T20:48:13,2020-07-10T20:48:13
3825,5.97,38.23,106,,False,True,UK,,2020-02-02,2020-02-02,2021-07-13T23:56:30,2021-07-13T23:56:30
3826,15.73,80.41,13,,False,False,UK,JP,2024-08-09,2024-08-09,2022-05-05T19:46:29,2022-05-05T19:46:29
3827,60.73,53.09,61,75,True,True,US,BR,2024-02-27,2024-02-27,2022-10-07T14:54:15,2022-10-07T14:54:15
3828,22.47,84.37,63,101,False,True,BR,FR,2021-07-11,2021-07-11,2023-08-20T07:17:57,2023-08-20T07:17:57
3829,96.41,95.95,30,8,False,True,FR,CA,2020-09-25,,2023-09-25T22:55:57,2023-09-25T22:55:57
3830,8.43,49.98,78,,False,True,UK,AU,2021-04-19,2021-04-19,2023-09-01T07:04:51,2023-09-01T07:04:51
3831,10.52,,33,54,False,True,UK,US,2021-10-01,2021-10-01,2023-04-15T16:04:13,2023-04-15T16:04:13
3832,86.14,98.16,53,22,True,False,AU,AU,2024-05-16,2024-05-16,2024-10-17T02:35:59,2024-10-17T02:35:59
3833,57.79,42.83,17,43,True,False,AU,CA,2020-01-01,,2021-01-11T03:47:34,2021-01-11T03:47:34
3834,53.38,90.18,74,,False,True,US,CA,2021-06-21,2021-06-21,2023-10-18T07:30:25,
3835,25.29,67.73,6,96,False,False,AU,JP,2021-02-04,2021-02-04,2023-06-29T11:32:37,2023-06-29T11:32:37
3836,63.98,88.37,18,16,True,True,CA,BR,2024-05-04,2024-05-04,2022-09-22T15:30:02,2022-09-22T15:30:02
3837,59.68,48.4,63,,True,False,CA,AU,2020-06-14,2020-06-14,2021-12-20T02:42:13,2021-12-20T02:42:13
3838,30.67,77.18,63,91,False,True,UK,US,2024-04-28,2024-04-28,2021-11-12T09:20:12,2021-11-12T09:20:12
3839,2.2,87.47,20,71,True,False,AU,JP,2023-03-05,,2021-07-14T20:55:47,2021-07-14T20:55:47
3840,3.38,86.21,72,39,False,False,DE,BR,2021-04-18,2021-04-18,2020-09-06T18:16:25,2020-09-06T18:16:25
3841,61.46,71.99,7,63,False,True,US,DE,2024-11-30,,2021-04-26T23:56:23,2021-04-26T23:56:23
3842,23.29,88.99,68,98,True,False,AU,FR,2024-10-20,2024-10-20,2021-12-27T23:54:41,2021-12-27T23:54:41
3843,89.05,51.42,24,103,False,True,FR,CA,2021-08-29,2021-08-29,2020-02-20T08:21:43,
3844,36.09,57.42,24,105,False,True,BR,,2021-01-19,2021-01-19,2022-12-29T00:12:11,2022-12-29T00:12:11
3845,90.77,43.0,3,97,True,False,FR,DE,2024-10-01,2024-10-01,2020-01-04T02:38:07,2020-01-04T02:38:07
3846,97.32,5.77,72,33,True,False,JP,FR,2024-04-22,2024-04-22,2021-04-03T21:44:25,2021-04-03T21:44:25
3847,8.75,1.59,9,45,True,False,CA,JP,2022-01-03,2022-01-03,2024-11-29T05:06:05,2024-11-29T05:06:05
3848,22.16,49.12,1,43,True,False,US,DE,2023-04-18,2023-04-18,2023-09-25T06:11:43,
3849,52.88,94.5,88,52,False,True,AU,DE,2022-08-01,2022-08-01,2022-01-16T14:15:39,2022-01-16T14:15:39
3850,12.14,73.9,111,110,False,True,DE,US,2021-01-07,2021-01-07,2021-05-06T05:02:58,
3851,79.33,35.04,43,28,False,True,CA,CA,2022-10-26,2022-10-26,2023-02-02T08:27:48,2023-02-02T08:27:48
3852,94.02,4.53,68,,True,True,BR,FR,2024-08-18,2024-08-18,2021-10-03T03:35:30,2021-10-03T03:35:30
3853,36.84,25.77,98,13,True,False,FR,,2021-10-23,2021-10-23,2024-11-15T17:55:55,2024-11-15T17:55:55
3854,76.39,45.76,108,47,False,True,CA,,2021-05-27,2021-05-27,2023-11-23T22:17:17,2023-11-23T22:17:17
3855,51.57,21.1,87,59,True,False,DE,FR,2021-11-07,2021-11-07,2023-01-02T11:58:12,2023-01-02T11:58:12
3856,33.51,18.06,85,2,False,True,US,,2024-06-22,,2022-04-01T04:27:04,2022-04-01T04:27:04
3857,3.88,88.72,41,82,False,True,DE,US,2021-09-06,2021-09-06,2022-06-03T09:29:48,2022-06-03T09:29:48
3858,64.19,78.23,59,,True,False,CA,FR,2023-01-30,2023-01-30,2021-12-25T10:23:01,2021-12-25T10:23:01
3859,62.03,89.75,58,37,True,True,DE,AU,2022-09-19,2022-09-19,2023-10-31T04:43:14,2023-10-31T04:43:14
3860,73.72,4.86,17,112,True,False,AU,FR,2020-08-21,2020-08-21,2024-04-10T20:28:32,
3861,25.13,,115,104,True,True,JP,FR,2021-08-05,2021-08-05,2022-04-23T00:25:22,2022-04-23T00:25:22
3862,55.63,65.58,96,49,False,,JP,BR,2021-09-28,2021-09-28,2023-12-28T02:39:02,2023-12-28T02:39:02
3863,95.44,67.98,11,94,True,True,JP,JP,2020-12-16,2020-12-16,2020-05-31T11:21:03,2020-05-31T11:21:03
3864,32.11,65.49,20,60,True,True,US,,2024-08-18,,2024-11-02T23:26:21,2024-11-02T23:26:21
3865,33.42,74.26,84,119,True,False,BR,JP,2020-10-19,2020-10-19,2023-06-03T00:58:09,2023-06-03T00:58:09
3866,80.8,,58,104,True,True,AU,,2023-12-02,2023-12-02,2021-05-25T10:52:41,2021-05-25T10:52:41
3867,50.22,10.5,79,105,True,False,FR,BR,2024-04-22,2024-04-22,2024-08-24T23:23:07,2024-08-24T23:23:07
3868,30.52,56.51,18,45,False,True,BR,JP,2021-03-03,,2020-01-12T12:42:10,2020-01-12T12:42:10
3869,9.87,,111,1,True,True,FR,CA,2020-07-30,2020-07-30,2023-12-28T08:51:47,2023-12-28T08:51:47
3870,7.64,13.53,117,79,False,False,US,US,2023-11-24,2023-11-24,2021-04-15T10:20:32,2021-04-15T10:20:32
3871,93.05,55.53,97,78,False,True,DE,,2020-06-13,2020-06-13,2020-04-09T16:03:57,2020-04-09T16:03:57
3872,25.51,,30,,False,False,UK,JP,2022-04-19,2022-04-19,2022-07-28T13:21:44,2022-07-28T13:21:44
3873,78.17,76.33,68,,True,False,DE,CA,2024-08-20,2024-08-20,2024-11-03T16:21:04,2024-11-03T16:21:04
3874,36.08,0.46,37,63,False,False,JP,FR,2022-07-18,2022-07-18,2021-05-13T02:29:24,2021-05-13T02:29:24
3875,13.62,76.94,32,44,False,True,UK,AU,2021-12-30,2021-12-30,2022-09-18T01:43:08,2022-09-18T01:43:08
3876,34.37,63.37,95,,False,False,UK,UK,2020-01-23,2020-01-23,2021-04-16T15:22:46,2021-04-16T15:22:46
3877,52.78,32.48,60,6,False,True,US,DE,2021-11-02,2021-11-02,2021-06-15T16:22:59,
3878,38.09,29.85,98,,True,True,UK,,2022-05-20,2022-05-20,2024-11-13T15:34:55,2024-11-13T15:34:55
3879,54.48,41.95,46,45,False,False,DE,CA,2022-07-09,2022-07-09,2024-04-10T21:30:32,2024-04-10T21:30:32
3880,10.31,13.82,43,104,False,,FR,CA,2024-03-04,,2020-03-01T14:20:15,2020-03-01T14:20:15
3881,24.24,86.48,60,69,False,False,BR,AU,2023-03-24,2023-03-24,2021-10-06T12:55:38,2021-10-06T12:55:38
3882,34.83,66.04,54,100,False,True,FR,UK,2020-02-26,2020-02-26,2020-01-26T17:03:47,2020-01-26T17:03:47
3883,15.89,44.0,18,33,True,False,DE,UK,2021-06-12,2021-06-12,2024-10-16T04:35:36,2024-10-16T04:35:36
3884,18.14,21.45,90,97,True,True,FR,FR,2020-02-28,2020-02-28,2024-05-14T14:57:34,2024-05-14T14:57:34
3885,64.0,11.6,85,107,True,False,UK,,2024-12-13,2024-12-13,2024-04-04T09:38:48,2024-04-04T09:38:48
3886,59.38,,97,29,False,,UK,UK,2022-08-04,2022-08-04,2023-04-30T14:51:22,2023-04-30T14:51:22
3887,11.47,45.44,50,,True,False,JP,US,2023-03-15,2023-03-15,2021-02-18T20:50:40,
3888,2.74,,104,68,True,False,CA,UK,2020-07-13,2020-07-13,2021-11-25T14:06:59,2021-11-25T14:06:59
3889,6.91,99.39,10,100,True,False,DE,UK,2020-06-08,2020-06-08,2022-05-01T17:00:35,
3890,59.02,92.81,102,99,True,True,US,DE,2024-03-27,2024-03-27,2022-08-13T21:24:03,2022-08-13T21:24:03
3891,14.02,6.64,70,107,True,True,BR,US,2023-05-31,2023-05-31,2024-06-14T15:59:04,2024-06-14T15:59:04
3892,93.29,76.33,91,73,False,True,JP,,2021-12-27,2021-12-27,2022-01-11T05:30:06,2022-01-11T05:30:06
3893,16.06,51.74,106,116,False,False,DE,AU,2024-08-21,2024-08-21,2021-11-19T21:39:42,2021-11-19T21:39:42
3894,15.41,,109,5,False,False,FR,US,2023-08-28,2023-08-28,2022-10-17T09:59:23,2022-10-17T09:59:23
3895,83.24,,22,12,False,True,UK,UK,2022-07-20,2022-07-20,2024-03-25T08:08:40,2024-03-25T08:08:40
3896,28.59,75.87,13,9,True,True,US,BR,2022-10-07,2022-10-07,2021-05-22T00:32:58,2021-05-22T00:32:58
3897,69.46,37.45,89,,False,,AU,US,2024-09-19,2024-09-19,2020-05-21T12:17:24,2020-05-21T12:17:24
3898,30.88,40.25,13,63,False,True,DE,CA,2020-02-14,2020-02-14,2023-07-01T15:10:22,2023-07-01T15:10:22
3899,11.39,54.18,48,35,True,True,UK,AU,2023-01-02,2023-01-02,2020-11-03T20:26:13,2020-11-03T20:26:13
3900,18.09,74.91,73,23,False,True,AU,US,2022-04-04,2022-04-04,2022-04-22T05:28:03,2022-04-22T05:28:03
3901,77.53,25.71,3,79,True,False,UK,US,2020-12-31,2020-12-31,2022-06-03T10:04:32,2022-06-03T10:04:32
3902,49.27,71.86,81,59,False,False,BR,BR,2024-10-09,2024-10-09,2020-07-24T05:20:20,2020-07-24T05:20:20
3903,72.99,38.67,84,57,False,True,CA,DE,2021-10-21,2021-10-21,2023-09-18T21:21:55,2023-09-18T21:21:55
3904,42.27,31.79,76,20,False,True,FR,,2022-10-06,2022-10-06,2024-06-02T16:23:00,2024-06-02T16:23:00
3905,46.86,4.4,94,87,True,True,UK,JP,2024-07-08,2024-07-08,2020-11-08T07:32:43,2020-11-08T07:32:43
3906,87.65,,42,67,False,True,UK,AU,2020-08-25,2020-08-25,2021-11-28T21:25:42,2021-11-28T21:25:42
3907,91.3,50.06,91,46,False,False,FR,CA,2021-06-30,2021-06-30,2020-12-20T05:03:08,2020-12-20T05:03:08
3908,1.87,65.84,39,92,True,True,AU,,2024-01-21,2024-01-21,2020-06-23T23:28:37,2020-06-23T23:28:37
3909,6.02,18.33,49,18,False,True,CA,UK,2024-06-09,2024-06-09,2023-01-17T16:25:35,2023-01-17T16:25:35
3910,38.0,21.68,104,114,True,False,BR,AU,2021-07-13,2021-07-13,2022-05-27T06:15:41,2022-05-27T06:15:41
3911,65.13,29.45,11,30,True,True,DE,JP,2022-06-29,,2023-02-03T13:08:15,
3912,81.27,,100,87,False,,JP,JP,2020-01-04,2020-01-04,2023-10-23T05:26:47,2023-10-23T05:26:47
3913,10.97,48.83,21,96,True,False,JP,US,2023-06-10,2023-06-10,2021-08-26T20:30:34,2021-08-26T20:30:34
3914,52.49,10.64,69,25,True,False,JP,JP,2021-12-06,2021-12-06,2023-09-15T22:51:16,2023-09-15T22:51:16
3915,26.87,15.79,64,43,False,True,AU,DE,2021-11-19,2021-11-19,2023-02-01T18:43:14,2023-02-01T18:43:14
3916,65.76,,29,111,True,True,US,DE,2021-03-23,2021-03-23,2020-08-20T13:04:27,2020-08-20T13:04:27
3917,35.82,,47,,True,False,US,FR,2024-09-18,2024-09-18,2024-03-29T08:12:30,2024-03-29T08:12:30
3918,43.54,62.6,94,,False,True,FR,CA,2022-12-06,2022-12-06,2020-01-23T20:53:24,2020-01-23T20:53:24
3919,99.91,,94,47,True,True,DE,CA,2020-06-14,2020-06-14,2024-06-25T08:23:27,2024-06-25T08:23:27
3920,67.26,85.46,69,101,True,True,US,UK,2022-07-22,2022-07-22,2020-05-21T21:52:15,2020-05-21T21:52:15
3921,41.44,10.81,29,107,True,False,AU,JP,2021-12-03,,2024-07-05T08:09:19,
3922,70.68,93.28,117,89,True,False,FR,AU,2024-10-27,,2022-09-01T14:58:33,2022-09-01T14:58:33
3923,79.6,60.16,101,68,False,False,JP,DE,2021-11-03,,2022-08-09T12:04:24,2022-08-09T12:04:24
3924,82.56,,3,35,True,True,DE,FR,2021-03-10,2021-03-10,2024-06-24T23:32:50,2024-06-24T23:32:50
3925,80.6,49.49,110,108,False,True,UK,,2024-11-04,2024-11-04,2024-08-24T18:00:42,2024-08-24T18:00:42
3926,93.29,30.04,103,58,False,False,UK,BR,2022-06-30,2022-06-30,2022-10-11T11:25:37,2022-10-11T11:25:37
3927,65.93,20.87,33,71,False,False,UK,JP,2022-06-27,2022-06-27,2021-02-07T20:40:21,2021-02-07T20:40:21
3928,24.82,64.81,67,110,True,False,DE,CA,2021-02-11,2021-02-11,2024-04-06T03:12:32,2024-04-06T03:12:32
3929,29.63,7.2,20,73,False,False,AU,FR,2022-01-04,2022-01-04,2023-01-08T17:37:37,2023-01-08T17:37:37
3930,38.45,57.42,19,,True,False,JP,DE,2022-06-26,2022-06-26,2021-07-14T17:44:26,2021-07-14T17:44:26
3931,8.63,93.97,110,96,True,False,CA,,2023-07-12,2023-07-12,2024-08-12T04:28:24,2024-08-12T04:28:24
3932,53.63,51.94,73,95,False,False,CA,BR,2021-10-21,2021-10-21,2022-07-16T08:21:45,2022-07-16T08:21:45
3933,0.86,75.32,7,26,True,True,FR,BR,2023-08-09,2023-08-09,2021-10-07T07:45:02,2021-10-07T07:45:02
3934,96.55,83.52,87,104,False,,CA,DE,2024-03-21,2024-03-21,2022-10-17T23:46:57,2022-10-17T23:46:57
3935,27.04,86.8,66,78,False,True,DE,AU,2023-07-04,2023-07-04,2023-09-08T08:02:29,2023-09-08T08:02:29
3936,51.36,44.7,114,85,False,True,DE,DE,2024-02-05,2024-02-05,2021-06-27T14:04:04,2021-06-27T14:04:04
3937,77.13,,54,57,False,True,DE,FR,2023-04-19,2023-04-19,2023-11-18T21:41:37,2023-11-18T21:41:37
3938,41.19,89.93,18,117,False,False,US,UK,2024-08-09,2024-08-09,2020-05-09T01:17:35,
3939,5.22,93.45,18,40,False,True,CA,AU,2021-11-05,2021-11-05,2022-03-08T05:55:27,2022-03-08T05:55:27
3940,91.24,2.66,102,47,True,True,CA,AU,2020-10-14,2020-10-14,2021-09-03T13:55:38,
3941,66.76,,57,54,True,,CA,CA,2024-11-23,2024-11-23,2020-04-21T08:27:48,2020-04-21T08:27:48
3942,49.37,45.32,103,58,True,True,BR,FR,2022-10-06,2022-10-06,2020-05-24T07:57:16,2020-05-24T07:57:16
3943,70.7,99.39,30,25,True,False,JP,AU,2022-11-14,2022-11-14,2023-05-07T20:43:12,2023-05-07T20:43:12
3944,65.85,63.2,83,10,True,False,BR,FR,2024-01-07,2024-01-07,2023-11-15T23:28:05,
3945,31.81,46.9,18,28,False,False,DE,JP,2023-12-09,2023-12-09,2020-03-21T17:43:19,2020-03-21T17:43:19
3946,95.25,,30,71,True,True,JP,UK,2024-06-12,2024-06-12,2020-02-20T09:47:37,2020-02-20T09:47:37
3947,69.31,,87,48,False,False,FR,AU,2021-06-22,2021-06-22,2020-01-26T15:20:04,2020-01-26T15:20:04
3948,67.92,60.29,109,38,True,False,UK,FR,2021-03-18,2021-03-18,2024-01-04T13:55:21,2024-01-04T13:55:21
3949,58.95,20.24,10,28,False,True,JP,US,2024-03-08,2024-03-08,2023-07-12T22:27:28,2023-07-12T22:27:28
3950,59.77,86.36,113,45,True,,US,DE,2020-06-01,2020-06-01,2020-04-28T03:50:53,
3951,15.98,90.48,26,114,True,False,BR,BR,2022-01-19,2022-01-19,2023-10-08T05:11:30,2023-10-08T05:11:30
3952,39.76,1.77,49,,False,True,FR,CA,2023-10-08,2023-10-08,2024-02-23T07:44:36,2024-02-23T07:44:36
3953,94.83,35.99,56,113,False,False,DE,US,2020-10-09,2020-10-09,2021-05-18T08:11:30,2021-05-18T08:11:30
3954,88.88,45.14,30,,False,False,US,US,2024-07-25,2024-07-25,2022-08-26T15:25:10,2022-08-26T15:25:10
3955,64.78,,91,,False,False,JP,US,2023-11-15,2023-11-15,2023-11-25T13:24:36,
3956,44.6,60.72,84,80,True,,AU,AU,2023-06-29,2023-06-29,2021-08-09T14:28:16,2021-08-09T14:28:16
3957,20.24,5.86,10,102,False,False,US,JP,2021-07-08,2021-07-08,2022-02-08T05:07:04,
3958,52.67,26.07,49,50,True,True,BR,UK,2020-11-17,2020-11-17,2022-06-24T17:56:41,2022-06-24T17:56:41
3959,31.88,30.39,47,1,False,True,BR,AU,2024-04-06,2024-04-06,2022-09-09T08:18:36,2022-09-09T08:18:36
3960,19.28,39.61,54,79,True,True,FR,DE,2021-09-11,,2021-07-24T05:00:53,2021-07-24T05:00:53
3961,83.93,69.19,7,106,False,True,DE,JP,2022-05-17,2022-05-17,2020-03-28T07:38:17,2020-03-28T07:38:17
3962,88.5,43.33,13,105,False,True,JP,US,2024-05-09,2024-05-09,2023-04-25T05:42:39,2023-04-25T05:42:39
3963,66.13,70.96,13,35,False,False,AU,FR,2020-12-03,2020-12-03,2022-02-05T01:46:25,2022-02-05T01:46:25
3964,52.99,59.47,110,16,True,True,US,CA,2020-05-22,2020-05-22,2024-01-07T11:10:58,2024-01-07T11:10:58
3965,83.38,30.6,25,119,True,True,AU,JP,2023-03-08,2023-03-08,2020-03-31T21:08:14,2020-03-31T21:08:14
3966,6.26,94.14,17,51,True,True,AU,BR,2023-12-04,,2024-04-21T04:34:13,2024-04-21T04:34:13
3967,2.56,28.09,67,91,False,False,UK,UK,2020-08-08,2020-08-08,2020-02-07T12:19:29,2020-02-07T12:19:29
3968,36.75,25.4,110,73,True,True,FR,CA,2020-04-14,2020-04-14,2020-02-15T14:58:48,2020-02-15T14:58:48
3969,81.41,75.18,110,25,True,False,DE,,2021-12-09,2021-12-09,2022-07-25T02:56:26,2022-07-25T02:56:26
3970,71.98,49.18,78,21,False,False,JP,BR,2023-07-05,,2023-12-24T18:57:40,2023-12-24T18:57:40
3971,86.99,52.51,73,31,False,False,JP,AU,2022-04-10,2022-04-10,2023-05-21T03:29:30,2023-05-21T03:29:30
3972,35.29,77.3,96,79,True,True,JP,BR,2021-12-24,2021-12-24,2024-09-16T05:12:15,2024-09-16T05:12:15
3973,40.23,90.63,52,90,False,True,JP,AU,2020-01-19,2020-01-19,2024-11-26T05:52:29,2024-11-26T05:52:29
3974,73.59,81.74,40,38,True,True,US,JP,2023-06-13,2023-06-13,2021-10-18T21:13:19,2021-10-18T21:13:19
3975,53.76,68.06,55,14,True,False,FR,FR,2020-08-18,2020-08-18,2021-02-08T16:07:29,
3976,1.83,82.29,5,27,True,True,UK,JP,2020-11-15,2020-11-15,2022-09-12T11:03:34,
3977,1.78,59.04,25,104,False,,CA,JP,2020-06-28,2020-06-28,2020-08-31T11:43:08,2020-08-31T11:43:08
3978,60.72,64.97,74,5,True,True,AU,JP,2022-06-14,2022-06-14,2023-12-03T19:56:52,2023-12-03T19:56:52
3979,35.91,56.94,111,,True,False,DE,BR,2024-05-12,2024-05-12,2022-02-27T07:56:47,2022-02-27T07:56:47
3980,0.8,36.2,84,85,True,,BR,UK,2024-02-20,2024-02-20,2022-01-10T08:32:40,2022-01-10T08:32:40
3981,18.43,,43,62,False,False,FR,,2022-04-21,2022-04-21,2022-04-20T16:42:29,2022-04-20T16:42:29
3982,16.52,56.76,27,96,False,True,UK,CA,2021-02-04,2021-02-04,2023-08-17T08:06:58,
3983,0.95,46.26,43,103,True,,UK,AU,2022-05-31,2022-05-31,2024-09-17T16:42:51,2024-09-17T16:42:51
3984,26.15,,10,,True,True,CA,AU,2021-11-23,2021-11-23,2022-08-05T02:39:02,2022-08-05T02:39:02
3985,36.73,64.67,74,117,True,True,US,UK,2020-02-09,2020-02-09,2022-02-03T00:38:26,
3986,37.17,14.89,111,35,False,,JP,AU,2023-07-16,2023-07-16,2024-08-06T12:31:19,2024-08-06T12:31:19
3987,17.02,80.39,86,48,True,False,CA,DE,2024-11-22,2024-11-22,2024-08-06T04:57:34,2024-08-06T04:57:34
3988,83.59,78.9,10,5,False,,BR,JP,2024-04-17,2024-04-17,2020-05-03T07:51:35,2020-05-03T07:51:35
3989,97.07,81.62,103,,True,True,FR,,2024-04-29,2024-04-29,2021-08-21T19:40:51,2021-08-21T19:40:51
3990,73.27,34.85,66,74,False,True,JP,,2020-06-07,2020-06-07,2021-01-08T01:20:04,2021-01-08T01:20:04
3991,60.5,23.6,29,93,False,True,FR,UK,2023-04-25,2023-04-25,2024-10-30T21:28:54,2024-10-30T21:28:54
3992,80.9,87.33,19,60,False,,JP,FR,2021-04-30,,2024-12-03T00:25:58,2024-12-03T00:25:58
3993,54.62,8.62,54,24,True,True,DE,US,2020-06-12,2020-06-12,2022-10-25T18:55:42,
3994,42.06,62.48,99,26,True,False,CA,DE,2024-04-23,2024-04-23,2023-04-11T05:51:48,2023-04-11T05:51:48
3995,55.82,9.23,104,6,True,False,AU,UK,2024-08-20,2024-08-20,2021-03-12T00:37:47,2021-03-12T00:37:47
3996,98.71,5.64,18,31,False,False,CA,UK,2023-04-04,2023-04-04,2023-03-21T13:28:33,
3997,10.22,41.33,43,28,False,True,DE,UK,2021-03-18,2021-03-18,2020-07-12T13:46:45,2020-07-12T13:46:45
3998,14.57,34.54,105,75,True,False,DE,UK,2022-03-24,2022-03-24,2021-04-07T22:45:57,2021-04-07T22:45:57
3999,25.24,81.68,36,102,True,False,UK,,2024-03-04,2024-03-04,2024-10-23T01:42:32,2024-10-23T01:42:32
4000,11.89,58.76,88,86,True,False,CA,FR,2024-08-06,2024-08-06,2022-12-18T11:14:16,2022-12-18T11:14:16
4001,42.48,94.02,112,22,False,True,FR,DE,2021-11-08,,2021-01-13T18:08:03,2021-01-13T18:08:03
4002,50.97,29.2,83,67,False,False,US,,2022-06-19,2022-06-19,2023-07-31T14:31:49,2023-07-31T14:31:49
4003,63.84,15.96,29,27,False,False,AU,FR,2023-02-20,2023-02-20,2023-01-16T06:49:11,2023-01-16T06:49:11
4004,11.83,22.11,76,39,True,False,BR,AU,2021-06-14,2021-06-14,2021-04-23T18:41:12,2021-04-23T18:41:12
4005,46.52,2.42,97,89,False,False,UK,FR,2023-10-07,2023-10-07,2023-07-20T06:33:42,2023-07-20T06:33:42
4006,97.4,21.38,15,43,False,False,BR,JP,2024-03-27,2024-03-27,2022-01-22T16:07:43,
4007,91.96,93.41,81,57,False,True,CA,US,2024-10-25,2024-10-25,2021-02-23T06:26:17,2021-02-23T06:26:17
4008,90.68,0.08,53,30,False,False,CA,JP,2024-07-26,2024-07-26,2021-11-26T01:35:27,2021-11-26T01:35:27
4009,52.19,32.32,12,98,True,,JP,AU,2021-11-28,2021-11-28,2024-01-17T13:55:34,2024-01-17T13:55:34
4010,27.02,9.49,81,82,True,False,AU,,2021-11-19,2021-11-19,2023-01-30T14:51:51,2023-01-30T14:51:51
4011,65.75,50.01,13,59,False,,UK,US,2022-11-06,2022-11-06,2022-10-15T07:07:11,2022-10-15T07:07:11
4012,39.66,6.7,86,43,False,False,FR,US,2021-12-25,2021-12-25,2020-10-18T16:59:59,2020-10-18T16:59:59
4013,68.47,44.0,77,29,False,,BR,AU,2022-05-16,2022-05-16,2024-11-26T18:37:56,2024-11-26T18:37:56
4014,8.87,40.43,108,12,False,,BR,,2021-03-09,2021-03-09,2022-09-04T23:44:49,2022-09-04T23:44:49
4015,47.89,85.56,113,28,True,True,AU,,2022-03-07,2022-03-07,2023-03-03T15:48:15,2023-03-03T15:48:15
4016,67.08,64.4,26,69,True,True,US,AU,2024-05-16,2024-05-16,2022-07-05T18:46:39,2022-07-05T18:46:39
4017,13.2,46.32,36,115,False,True,BR,AU,2020-03-20,2020-03-20,2020-01-15T20:01:26,2020-01-15T20:01:26
4018,82.61,,15,48,False,False,FR,AU,2021-06-28,,2020-10-03T06:10:21,
4019,9.65,58.13,118,112,True,False,UK,JP,2023-03-21,2023-03-21,2020-05-19T08:47:47,2020-05-19T08:47:47
4020,27.89,73.01,111,107,True,False,AU,FR,2024-02-04,2024-02-04,2021-02-13T06:06:12,2021-02-13T06:06:12
4021,43.16,66.94,71,18,False,True,US,UK,2024-08-11,2024-08-11,2021-02-20T14:56:45,2021-02-20T14:56:45
4022,58.13,46.37,101,73,True,True,FR,,2020-03-28,2020-03-28,2020-07-09T14:06:41,2020-07-09T14:06:41
4023,37.58,45.82,8,40,False,False,UK,DE,2023-06-18,2023-06-18,2021-12-09T07:47:22,2021-12-09T07:47:22
4024,16.75,26.27,113,109,True,True,DE,BR,2022-10-04,2022-10-04,2023-11-25T22:30:02,2023-11-25T22:30:02
4025,85.12,0.26,107,,True,False,UK,US,2023-10-01,2023-10-01,2023-10-11T08:54:21,2023-10-11T08:54:21
4026,2.49,54.6,34,92,False,False,BR,BR,2022-12-14,2022-12-14,2023-03-29T15:44:43,
4027,9.08,44.26,55,70,True,True,AU,DE,2021-11-25,2021-11-25,2021-04-17T16:31:33,
4028,74.15,31.75,113,,True,True,CA,JP,2022-03-18,2022-03-18,2023-04-18T04:02:34,2023-04-18T04:02:34
4029,43.53,24.72,9,20,False,True,AU,CA,2021-02-08,2021-02-08,2021-12-22T20:09:31,2021-12-22T20:09:31
4030,81.79,31.97,30,39,False,False,AU,,2022-08-31,2022-08-31,2024-10-27T01:58:10,2024-10-27T01:58:10
4031,87.24,4.19,113,85,False,False,UK,FR,2023-06-16,2023-06-16,2024-09-23T15:38:38,2024-09-23T15:38:38
4032,20.45,42.12,33,89,False,True,DE,CA,2021-04-08,2021-04-08,2020-06-08T10:02:38,2020-06-08T10:02:38
4033,18.96,15.16,94,30,True,,CA,US,2020-05-10,2020-05-10,2020-06-25T14:43:37,2020-06-25T14:43:37
4034,87.58,10.39,93,22,False,True,UK,,2021-10-03,2021-10-03,2020-09-05T00:01:17,2020-09-05T00:01:17
4035,90.41,1.14,29,19,True,False,AU,,2023-10-07,2023-10-07,2020-06-24T09:34:00,2020-06-24T09:34:00
4036,43.81,33.89,62,105,True,False,UK,BR,2022-02-10,2022-02-10,2022-12-11T18:30:25,2022-12-11T18:30:25
4037,7.82,78.63,100,2,False,True,US,FR,2024-02-03,2024-02-03,2021-09-06T01:00:28,2021-09-06T01:00:28
4038,11.92,7.74,37,119,False,True,BR,BR,2023-04-20,2023-04-20,2022-02-10T05:21:15,2022-02-10T05:21:15
4039,98.05,,78,32,False,True,FR,,2020-06-16,2020-06-16,2024-09-15T18:06:07,2024-09-15T18:06:07
4040,18.77,21.88,29,62,True,False,US,JP,2022-11-27,,2024-10-12T20:25:17,2024-10-12T20:25:17
4041,55.02,13.9,72,72,True,True,AU,,2022-05-22,2022-05-22,2022-06-11T20:51:35,2022-06-11T20:51:35
4042,51.66,79.15,106,49,True,False,JP,DE,2021-12-13,2021-12-13,2024-03-09T03:39:08,2024-03-09T03:39:08
4043,60.53,13.07,79,69,False,True,FR,BR,2020-01-29,2020-01-29,2024-02-11T17:48:49,2024-02-11T17:48:49
4044,84.34,96.73,65,8,True,False,AU,US,2021-05-23,2021-05-23,2020-06-20T20:08:39,2020-06-20T20:08:39
4045,23.63,61.83,92,83,True,True,UK,BR,2021-10-09,2021-10-09,2020-01-26T03:46:08,2020-01-26T03:46:08
4046,75.33,13.13,39,1,False,False,CA,JP,2023-08-13,2023-08-13,2023-08-29T08:03:47,2023-08-29T08:03:47
4047,17.02,10.59,40,,False,False,US,AU,2024-09-09,2024-09-09,2024-06-18T00:06:25,2024-06-18T00:06:25
4048,21.15,47.88,39,28,False,True,DE,FR,2022-01-15,2022-01-15,2020-06-05T11:23:02,2020-06-05T11:23:02
4049,33.56,91.17,30,74,False,False,AU,CA,2023-01-27,2023-01-27,2020-09-05T22:38:12,2020-09-05T22:38:12
4050,90.25,51.75,69,100,True,True,UK,FR,2020-12-26,2020-12-26,2021-10-12T20:14:41,2021-10-12T20:14:41
4051,86.65,47.81,26,11,True,True,JP,,2021-02-09,2021-02-09,2024-08-24T04:49:37,2024-08-24T04:49:37
4052,95.78,75.3,43,118,True,True,JP,AU,2022-03-29,2022-03-29,2022-11-10T01:05:29,2022-11-10T01:05:29
4053,75.16,62.11,101,73,True,True,AU,DE,2023-08-29,2023-08-29,2020-04-14T08:31:01,2020-04-14T08:31:01
4054,67.07,23.35,105,104,True,False,CA,CA,2024-07-20,2024-07-20,2022-09-10T13:29:30,2022-09-10T13:29:30
4055,65.12,65.93,9,119,False,False,UK,CA,2021-02-17,2021-02-17,2020-06-28T11:21:47,2020-06-28T11:21:47
4056,0.97,43.32,85,93,False,False,BR,,2020-12-29,2020-12-29,2021-02-20T13:06:25,2021-02-20T13:06:25
4057,8.75,95.7,102,70,True,True,BR,JP,2022-01-05,2022-01-05,2024-01-24T17:49:15,2024-01-24T17:49:15
4058,49.71,37.42,39,,False,True,US,JP,2021-08-06,,2022-08-27T00:20:30,2022-08-27T00:20:30
4059,14.13,79.8,100,107,False,True,AU,FR,2020-02-10,2020-02-10,2021-12-25T22:52:02,2021-12-25T22:52:02
4060,64.25,61.11,80,,True,True,FR,,2021-10-07,2021-10-07,2021-11-23T11:01:58,2021-11-23T11:01:58
4061,48.16,50.92,115,76,False,False,DE,US,2020-01-19,2020-01-19,2020-09-29T16:09:44,
4062,13.71,92.88,52,100,False,True,UK,JP,2021-06-15,2021-06-15,2022-08-27T22:38:24,2022-08-27T22:38:24
4063,5.45,67.99,33,,False,True,CA,JP,2021-06-03,2021-06-03,2023-06-07T10:47:41,2023-06-07T10:47:41
4064,25.13,98.28,85,23,False,True,DE,AU,2024-03-30,,2023-05-16T23:31:36,2023-05-16T23:31:36
4065,69.29,50.67,42,63,True,False,UK,CA,2021-01-15,2021-01-15,2024-08-01T01:40:03,2024-08-01T01:40:03
4066,67.11,6.75,66,8,False,False,JP,AU,2022-12-11,2022-12-11,2024-04-03T14:10:08,2024-04-03T14:10:08
4067,17.24,80.31,91,30,False,False,AU,US,2022-06-15,2022-06-15,2022-07-05T07:43:22,2022-07-05T07:43:22
4068,10.57,47.97,19,81,True,True,FR,US,2021-10-29,2021-10-29,2023-09-02T22:25:28,2023-09-02T22:25:28
4069,34.07,4.13,49,65,True,,JP,FR,2020-12-10,2020-12-10,2021-11-18T05:16:51,2021-11-18T05:16:51
4070,14.06,58.91,28,57,True,False,DE,FR,2020-12-20,2020-12-20,2021-11-29T21:28:03,2021-11-29T21:28:03
4071,77.82,37.46,116,77,True,True,CA,JP,2022-05-13,2022-05-13,2024-09-29T17:43:31,2024-09-29T17:43:31
4072,79.72,,18,58,True,True,BR,,2022-09-02,2022-09-02,2023-10-03T03:29:36,2023-10-03T03:29:36
4073,13.09,48.61,16,40,False,False,JP,FR,2024-05-16,2024-05-16,2023-08-24T01:32:24,2023-08-24T01:32:24
4074,44.68,41.92,33,53,True,False,CA,FR,2021-12-31,2021-12-31,2024-07-14T02:49:25,2024-07-14T02:49:25
4075,17.32,59.08,19,,False,True,DE,BR,2021-08-16,2021-08-16,2024-10-27T23:54:50,2024-10-27T23:54:50
4076,29.18,13.74,23,6,False,False,FR,AU,2021-06-24,2021-06-24,2023-08-07T10:39:25,2023-08-07T10:39:25
4077,85.8,54.01,96,18,True,True,BR,US,2024-03-19,2024-03-19,2022-08-13T22:24:01,2022-08-13T22:24:01
4078,83.68,71.53,12,,False,False,DE,FR,2024-02-10,2024-02-10,2023-12-16T18:12:29,
4079,83.12,12.94,106,87,True,False,CA,AU,2020-03-10,2020-03-10,2024-08-27T04:24:14,2024-08-27T04:24:14
4080,93.25,40.87,25,93,True,True,AU,,2023-12-22,2023-12-22,2024-12-25T16:14:41,2024-12-25T16:14:41
4081,2.25,92.26,37,,True,False,DE,US,2020-01-13,2020-01-13,2022-09-26T18:22:47,2022-09-26T18:22:47
4082,49.16,,41,108,True,False,FR,AU,2022-06-12,2022-06-12,2020-08-02T06:37:41,2020-08-02T06:37:41
4083,82.83,63.93,74,80,True,False,US,FR,2024-03-06,2024-03-06,2024-12-03T15:37:02,2024-12-03T15:37:02
4084,33.52,,40,78,False,True,JP,DE,2021-05-21,2021-05-21,2021-07-18T07:55:23,2021-07-18T07:55:23
4085,49.28,5.52,21,83,False,False,CA,FR,2021-06-04,2021-06-04,2021-02-23T20:50:55,2021-02-23T20:50:55
4086,62.02,52.38,110,,True,False,DE,JP,2024-07-02,2024-07-02,2022-11-21T21:26:15,2022-11-21T21:26:15
4087,72.59,38.14,106,88,True,False,US,CA,2020-10-26,2020-10-26,2020-10-20T21:18:38,2020-10-20T21:18:38
4088,53.8,80.36,15,37,False,False,UK,US,2023-03-27,2023-03-27,2024-10-27T03:32:01,2024-10-27T03:32:01
4089,73.8,0.96,3,113,False,True,FR,,2022-01-15,2022-01-15,2021-08-03T16:07:06,2021-08-03T16:07:06
4090,52.79,50.08,98,8,True,,JP,AU,2022-06-20,2022-06-20,2023-12-26T18:01:52,2023-12-26T18:01:52
4091,93.55,80.76,101,80,False,False,UK,,2020-02-24,2020-02-24,2023-06-28T19:44:15,2023-06-28T19:44:15
4092,76.24,95.54,21,38,False,True,US,JP,2022-04-11,2022-04-11,2023-06-05T06:57:19,2023-06-05T06:57:19
4093,35.86,83.38,106,2,True,False,CA,UK,2024-04-11,2024-04-11,2021-09-19T16:00:15,2021-09-19T16:00:15
4094,72.68,35.82,7,97,True,False,FR,FR,2021-02-14,2021-02-14,2023-06-22T16:19:49,2023-06-22T16:19:49
4095,82.27,92.96,76,60,False,True,FR,JP,2024-08-28,2024-08-28,2021-12-29T18:57:59,2021-12-29T18:57:59
4096,27.24,83.39,60,19,False,True,JP,UK,2024-05-14,2024-05-14,2024-09-20T19:27:10,2024-09-20T19:27:10
4097,73.14,70.54,97,101,False,,US,US,2022-11-29,2022-11-29,2022-02-02T21:22:55,2022-02-02T21:22:55
4098,72.74,73.21,63,68,False,True,FR,CA,2023-08-25,2023-08-25,2022-05-30T12:04:39,2022-05-30T12:04:39
4099,83.25,72.72,30,79,False,,JP,FR,2023-09-25,2023-09-25,2023-02-06T22:10:39,
4100,33.21,13.78,59,22,False,False,CA,JP,2023-12-18,2023-12-18,2020-06-14T09:08:14,2020-06-14T09:08:14
4101,30.19,84.63,56,98,True,True,BR,US,2020-05-09,2020-05-09,2022-06-30T10:18:36,
4102,38.51,67.86,51,,True,False,BR,CA,2024-07-02,2024-07-02,2024-03-12T14:00:57,2024-03-12T14:00:57
4103,71.88,88.64,104,108,True,True,FR,FR,2024-11-16,2024-11-16,2021-07-25T04:03:13,2021-07-25T04:03:13
4104,27.69,56.62,47,80,True,False,BR,,2022-05-11,2022-05-11,2020-07-09T15:01:05,2020-07-09T15:01:05
4105,26.68,28.7,4,,True,True,DE,US,2020-05-28,2020-05-28,2024-04-09T13:02:32,2024-04-09T13:02:32
4106,14.52,62.43,11,72,True,False,US,FR,2022-12-16,2022-12-16,2022-05-09T01:06:24,2022-05-09T01:06:24
4107,24.55,9.34,109,103,False,True,DE,US,2022-01-26,2022-01-26,2023-05-21T19:18:26,2023-05-21T19:18:26
4108,82.26,19.78,114,103,True,True,BR,JP,2023-08-27,2023-08-27,2021-11-06T23:51:14,2021-11-06T23:51:14
4109,47.72,15.33,108,,True,,AU,UK,2021-08-31,2021-08-31,2024-09-19T09:30:00,2024-09-19T09:30:00
4110,33.29,95.91,2,,False,False,JP,DE,2020-04-15,,2021-04-04T23:32:40,2021-04-04T23:32:40
4111,93.74,,96,3,False,,BR,BR,2023-11-22,2023-11-22,2023-05-16T10:28:27,2023-05-16T10:28:27
4112,5.13,55.68,4,13,False,,DE,UK,2023-11-26,2023-11-26,2021-06-15T11:20:31,2021-06-15T11:20:31
4113,67.61,73.4,95,5,False,False,CA,CA,2021-04-15,2021-04-15,2020-03-31T01:51:12,2020-03-31T01:51:12
4114,36.6,,51,119,True,,US,UK,2022-08-09,2022-08-09,2020-08-31T03:55:43,
4115,86.14,99.88,114,11,False,True,AU,DE,2020-02-19,2020-02-19,2023-09-08T18:05:02,2023-09-08T18:05:02
4116,65.64,22.73,105,72,True,False,AU,JP,2021-03-26,2021-03-26,2023-08-08T07:08:20,2023-08-08T07:08:20
4117,52.75,60.61,5,,True,False,US,JP,2020-03-09,2020-03-09,2020-04-17T13:09:23,2020-04-17T13:09:23
4118,51.01,2.58,71,94,True,,FR,US,2022-08-07,2022-08-07,2020-05-23T06:13:22,2020-05-23T06:13:22
4119,78.04,96.29,82,94,False,False,DE,AU,2024-05-30,2024-05-30,2021-01-17T12:11:35,2021-01-17T12:11:35
4120,19.01,10.95,117,108,False,False,FR,FR,2024-09-26,2024-09-26,2023-06-02T21:06:50,2023-06-02T21:06:50
4121,77.23,31.65,99,72,True,True,CA,,2024-12-16,2024-12-16,2024-08-16T07:37:04,2024-08-16T07:37:04
4122,0.97,23.22,18,,True,False,DE,UK,2023-10-02,2023-10-02,2023-10-05T04:48:58,2023-10-05T04:48:58
4123,70.69,32.57,42,31,False,False,DE,UK,2024-11-01,,2022-03-25T22:39:58,2022-03-25T22:39:58
4124,39.05,,67,6,False,True,AU,FR,2022-06-09,,2021-05-12T05:36:47,
4125,42.64,48.68,119,51,True,True,US,AU,2022-04-13,2022-04-13,2021-11-02T06:09:23,2021-11-02T06:09:23
4126,60.68,66.91,71,41,False,False,BR,BR,2020-02-27,2020-02-27,2024-02-25T19:12:31,2024-02-25T19:12:31
4127,87.16,28.8,28,46,False,True,UK,DE,2020-01-21,2020-01-21,2022-03-19T12:26:51,2022-03-19T12:26:51
4128,13.99,60.66,1,63,True,True,BR,FR,2023-10-24,2023-10-24,2022-04-04T05:05:08,2022-04-04T05:05:08
4129,38.92,,79,6,True,,FR,BR,2023-03-05,2023-03-05,2020-03-01T08:56:07,2020-03-01T08:56:07
4130,71.67,63.11,84,,True,,JP,DE,2023-01-02,2023-01-02,2021-04-30T05:11:39,2021-04-30T05:11:39
4131,12.76,77.74,118,5,True,False,JP,FR,2023-10-03,2023-10-03,2020-02-27T11:47:47,2020-02-27T11:47:47
4132,36.06,57.45,81,24,True,False,DE,JP,2023-02-06,2023-02-06,2023-05-06T16:25:45,2023-05-06T16:25:45
4133,58.72,,95,26,True,True,DE,US,2021-08-20,2021-08-20,2021-11-21T08:56:05,
4134,45.63,71.96,8,38,False,False,UK,UK,2021-10-02,2021-10-02,2022-06-29T15:06:20,2022-06-29T15:06:20
4135,58.62,26.92,56,,True,False,US,DE,2024-05-08,2024-05-08,2023-09-20T16:05:19,2023-09-20T16:05:19
4136,0.27,57.5,72,105,True,True,JP,JP,2024-03-31,2024-03-31,2022-03-27T22:11:04,2022-03-27T22:11:04
4137,90.73,81.81,70,100,True,True,FR,DE,2024-09-20,2024-09-20,2023-07-19T06:31:35,2023-07-19T06:31:35
4138,75.88,27.25,82,20,False,False,UK,UK,2020-08-30,2020-08-30,2022-06-05T12:12:36,2022-06-05T12:12:36
4139,74.66,41.69,45,105,False,False,JP,AU,2021-12-19,2021-12-19,2024-08-27T01:55:41,2024-08-27T01:55:41
4140,87.06,99.69,29,,True,True,BR,BR,2022-08-31,2022-08-31,2022-06-21T04:07:33,2022-06-21T04:07:33
4141,18.23,7.96,77,,False,True,AU,US,2022-01-30,2022-01-30,2024-09-05T14:40:04,
4142,36.32,88.68,57,102,False,True,BR,UK,2023-11-28,2023-11-28,2023-01-08T23:16:34,2023-01-08T23:16:34
4143,13.04,15.53,36,,True,True,JP,DE,2024-08-11,,2022-05-19T03:58:21,2022-05-19T03:58:21
4144,69.14,50.53,42,3,True,True,US,US,2021-09-01,2021-09-01,2024-03-28T02:15:07,2024-03-28T02:15:07
4145,79.58,1.99,67,73,False,False,BR,AU,2023-08-01,2023-08-01,2024-09-11T10:12:17,2024-09-11T10:12:17
4146,67.44,34.17,83,99,False,True,FR,JP,2024-07-29,2024-07-29,2021-10-11T20:05:01,2021-10-11T20:05:01
4147,7.39,83.37,28,86,False,True,BR,BR,2023-09-08,2023-09-08,2024-04-15T05:35:38,2024-04-15T05:35:38
4148,61.56,15.67,9,32,False,True,CA,,2022-05-07,2022-05-07,2023-02-18T06:06:43,2023-02-18T06:06:43
4149,76.11,95.74,7,61,True,True,CA,CA,2022-08-19,2022-08-19,2020-02-22T04:05:33,
4150,92.79,99.87,110,104,False,True,FR,FR,2024-07-28,2024-07-28,2021-01-12T22:48:03,2021-01-12T22:48:03
4151,15.3,44.22,32,62,False,True,FR,CA,2023-04-24,,2024-02-26T09:54:18,2024-02-26T09:54:18
4152,51.61,49.11,98,32,True,False,CA,DE,2023-08-31,2023-08-31,2023-04-28T13:18:52,
4153,28.64,41.52,89,99,False,True,BR,BR,2023-07-09,2023-07-09,2022-10-13T11:06:17,2022-10-13T11:06:17
4154,67.24,86.86,67,,False,False,FR,CA,2020-07-24,,2023-09-27T06:13:54,2023-09-27T06:13:54
4155,42.22,,22,116,True,True,JP,AU,2022-12-10,2022-12-10,2024-05-31T03:48:28,2024-05-31T03:48:28
4156,85.79,94.82,97,34,False,False,AU,UK,2023-02-20,2023-02-20,2024-06-27T16:53:08,2024-06-27T16:53:08
4157,96.24,57.88,80,,True,True,DE,US,2020-04-10,2020-04-10,2020-03-05T06:48:12,
4158,6.14,37.58,107,69,False,,CA,,2021-03-07,2021-03-07,2022-11-20T00:41:55,2022-11-20T00:41:55
4159,34.51,47.76,4,77,True,False,FR,UK,2022-04-07,2022-04-07,2024-08-15T00:34:23,2024-08-15T00:34:23
4160,71.55,88.86,23,25,True,True,CA,AU,2024-05-17,2024-05-17,2024-08-09T15:49:23,2024-08-09T15:49:23
4161,24.61,90.57,115,113,True,False,AU,CA,2022-11-30,2022-11-30,2020-04-20T03:06:54,2020-04-20T03:06:54
4162,20.11,95.84,33,48,True,True,CA,CA,2020-08-25,2020-08-25,2024-09-15T10:22:09,2024-09-15T10:22:09
4163,92.99,2.18,31,111,False,False,AU,US,2022-07-06,2022-07-06,2023-07-03T20:31:12,2023-07-03T20:31:12
4164,49.38,,103,90,False,False,US,CA,2024-08-13,,2024-07-13T05:08:15,
4165,41.56,,57,69,True,True,UK,DE,2024-08-20,2024-08-20,2020-11-08T13:03:35,2020-11-08T13:03:35
4166,82.24,58.24,115,49,False,False,DE,BR,2021-02-21,2021-02-21,2022-05-15T00:13:03,2022-05-15T00:13:03
4167,60.66,9.79,25,73,True,False,FR,FR,2022-02-09,2022-02-09,2023-04-20T02:46:29,2023-04-20T02:46:29
4168,85.16,15.38,117,44,False,False,FR,DE,2023-03-25,2023-03-25,2023-11-03T02:56:03,2023-11-03T02:56:03
4169,9.76,40.45,36,80,True,True,UK,FR,2020-03-09,2020-03-09,2022-07-23T02:15:12,
4170,84.92,17.91,83,14,False,True,FR,FR,2023-02-16,2023-02-16,2023-01-23T06:12:32,2023-01-23T06:12:32
4171,88.99,84.52,63,87,True,False,AU,US,2021-01-19,2021-01-19,2022-08-22T08:42:08,2022-08-22T08:42:08
4172,48.44,,68,85,False,False,JP,CA,2021-02-14,2021-02-14,2022-06-16T14:42:20,2022-06-16T14:42:20
4173,24.77,2.5,68,108,False,True,FR,BR,2020-05-23,2020-05-23,2024-05-12T04:58:15,2024-05-12T04:58:15
4174,35.1,12.56,98,72,False,False,FR,UK,2023-06-30,2023-06-30,2023-12-12T00:36:18,2023-12-12T00:36:18
4175,42.55,83.11,112,59,False,True,JP,,2024-05-14,2024-05-14,2023-10-29T19:27:20,2023-10-29T19:27:20
4176,62.12,84.06,32,,True,True,JP,DE,2020-04-26,,2023-12-04T12:29:58,
4177,1.11,21.47,2,75,True,True,UK,UK,2020-02-16,,2023-03-23T07:28:07,2023-03-23T07:28:07
4178,94.5,25.28,62,89,True,True,FR,AU,2021-05-10,2021-05-10,2022-08-24T02:59:56,2022-08-24T02:59:56
4179,20.39,28.78,106,51,False,True,BR,DE,2022-07-14,2022-07-14,2022-05-01T21:34:32,2022-05-01T21:34:32
4180,70.53,90.52,45,90,True,False,UK,US,2021-08-07,2021-08-07,2020-12-10T06:13:35,2020-12-10T06:13:35
4181,45.89,18.57,25,33,True,False,CA,AU,2021-12-05,2021-12-05,2024-06-29T20:51:22,2024-06-29T20:51:22
4182,93.02,70.03,114,91,False,True,DE,FR,2022-03-29,2022-03-29,2021-08-16T10:05:48,2021-08-16T10:05:48
4183,85.04,69.14,65,33,True,False,DE,UK,2020-03-16,2020-03-16,2024-03-29T10:15:42,2024-03-29T10:15:42
4184,0.85,,107,73,True,False,JP,UK,2023-01-03,2023-01-03,2021-10-08T20:01:45,2021-10-08T20:01:45
4185,18.35,96.58,23,114,True,,CA,FR,2021-10-03,2021-10-03,2021-03-12T06:15:25,
4186,94.43,53.79,15,113,True,False,US,FR,2023-04-05,2023-04-05,2021-06-08T20:26:24,2021-06-08T20:26:24
4187,78.0,66.89,47,,True,True,BR,FR,2022-05-07,2022-05-07,2020-02-22T12:00:52,2020-02-22T12:00:52
4188,70.34,75.06,26,90,True,True,BR,,2024-07-01,2024-07-01,2022-10-18T23:53:25,2022-10-18T23:53:25
4189,52.39,11.91,60,,True,False,BR,JP,2022-02-27,2022-02-27,2023-06-23T20:59:42,2023-06-23T20:59:42
4190,21.48,51.2,28,10,True,True,JP,FR,2020-07-25,2020-07-25,2021-09-27T18:18:31,2021-09-27T18:18:31
4191,23.79,3.44,23,4,True,False,US,US,2020-07-10,2020-07-10,2022-09-08T10:01:37,2022-09-08T10:01:37
4192,86.57,23.47,28,56,True,,JP,JP,2022-09-05,2022-09-05,2023-01-24T14:14:35,2023-01-24T14:14:35
4193,21.99,60.72,30,49,False,False,UK,JP,2021-07-16,2021-07-16,2021-11-19T14:57:52,2021-11-19T14:57:52
4194,98.46,63.09,89,55,False,,CA,US,2022-12-04,2022-12-04,2021-08-08T04:33:36,
4195,13.28,64.45,100,68,False,True,BR,UK,2020-08-27,2020-08-27,2022-05-01T22:28:44,2022-05-01T22:28:44
4196,86.36,9.29,8,54,False,False,US,DE,2023-05-27,2023-05-27,2021-01-22T03:08:56,2021-01-22T03:08:56
4197,47.06,39.49,100,102,False,False,DE,UK,2022-05-30,2022-05-30,2023-02-03T10:38:35,2023-02-03T10:38:35
4198,65.2,58.66,74,36,False,True,DE,,2024-09-07,2024-09-07,2022-10-09T23:42:41,2022-10-09T23:42:41
4199,6.57,44.87,3,113,True,True,DE,UK,2021-01-16,2021-01-16,2021-11-15T11:09:00,2021-11-15T11:09:00
4200,61.25,30.25,57,17,True,False,UK,US,2022-03-06,2022-03-06,2022-05-19T13:41:39,2022-05-19T13:41:39
4201,42.68,76.01,76,98,False,True,JP,US,2024-07-04,2024-07-04,2024-11-28T02:30:27,2024-11-28T02:30:27
4202,83.72,66.28,76,112,True,False,BR,AU,2021-01-30,2021-01-30,2024-11-30T01:49:32,2024-11-30T01:49:32
4203,61.52,39.35,9,,True,False,AU,CA,2023-10-18,2023-10-18,2020-01-28T18:50:36,2020-01-28T18:50:36
4204,21.15,8.52,85,64,False,False,AU,US,2024-11-02,2024-11-02,2023-04-22T04:17:04,2023-04-22T04:17:04
4205,96.32,,17,0,False,True,BR,DE,2023-10-07,2023-10-07,2021-12-12T09:16:53,2021-12-12T09:16:53
4206,7.69,73.1,41,,True,False,UK,AU,2020-03-05,2020-03-05,2023-10-03T16:15:39,2023-10-03T16:15:39
4207,72.4,49.06,1,104,False,False,AU,DE,2020-05-23,2020-05-23,2021-07-13T03:24:05,2021-07-13T03:24:05
4208,17.72,0.38,44,77,False,True,FR,CA,2020-11-17,2020-11-17,2021-01-17T10:34:43,
4209,50.95,47.78,3,51,False,True,FR,UK,2024-05-10,2024-05-10,2021-07-01T12:08:29,2021-07-01T12:08:29
4210,34.31,71.42,23,32,False,True,US,DE,2021-07-12,2021-07-12,2023-10-05T21:08:55,2023-10-05T21:08:55
4211,73.45,23.22,80,26,True,True,FR,FR,2020-07-18,2020-07-18,2022-10-19T06:03:43,2022-10-19T06:03:43
4212,23.62,76.48,96,34,True,True,DE,UK,2024-11-22,2024-11-22,2023-12-13T11:36:02,2023-12-13T11:36:02
4213,79.01,93.02,70,4,True,True,FR,UK,2021-08-26,2021-08-26,2021-05-04T03:40:20,
4214,9.73,56.46,63,27,True,False,FR,US,2020-05-30,2020-05-30,2023-01-31T23:12:15,2023-01-31T23:12:15
4215,97.06,81.47,63,34,True,,JP,UK,2024-02-06,2024-02-06,2024-04-11T18:42:22,2024-04-11T18:42:22
4216,64.76,3.06,111,57,True,True,DE,,2024-10-18,2024-10-18,2021-07-12T19:29:55,2021-07-12T19:29:55
4217,64.56,8.85,42,78,True,,AU,US,2022-07-17,2022-07-17,2023-07-21T01:39:16,2023-07-21T01:39:16
4218,1.85,45.18,118,70,False,False,UK,JP,2021-11-08,2021-11-08,2020-10-22T09:06:59,2020-10-22T09:06:59
4219,68.5,8.87,70,46,True,False,DE,US,2024-05-14,2024-05-14,2023-11-01T02:02:07,2023-11-01T02:02:07
4220,91.5,8.62,106,28,True,False,UK,JP,2020-03-25,2020-03-25,2020-07-27T18:50:01,2020-07-27T18:50:01
4221,42.07,12.86,88,52,True,True,US,FR,2020-04-01,2020-04-01,2023-02-28T18:48:49,2023-02-28T18:48:49
4222,98.08,45.17,88,,True,True,DE,FR,2022-11-30,2022-11-30,2023-07-09T21:45:57,2023-07-09T21:45:57
4223,57.34,89.97,17,9,False,False,CA,,2023-04-06,2023-04-06,2020-03-28T09:00:01,2020-03-28T09:00:01
4224,30.59,4.47,38,,False,False,UK,UK,2023-08-08,2023-08-08,2021-05-31T02:42:44,2021-05-31T02:42:44
4225,66.27,46.16,71,18,True,True,AU,DE,2021-04-16,2021-04-16,2023-01-06T09:22:02,2023-01-06T09:22:02
4226,90.97,25.04,104,82,True,True,UK,,2023-10-07,2023-10-07,2022-08-16T07:12:16,
4227,91.82,83.54,8,83,True,True,JP,UK,2022-07-01,2022-07-01,2021-06-01T08:45:16,2021-06-01T08:45:16
4228,0.67,10.24,112,108,False,False,FR,JP,2021-04-06,2021-04-06,2022-06-10T05:53:12,
4229,23.25,51.95,10,115,False,False,BR,CA,2020-05-22,2020-05-22,2020-01-22T03:22:49,2020-01-22T03:22:49
4230,50.55,51.53,103,20,False,True,DE,AU,2024-04-10,2024-04-10,2020-11-19T00:19:41,2020-11-19T00:19:41
4231,20.78,84.41,10,109,False,,AU,UK,2021-06-20,2021-06-20,2024-09-19T16:29:14,2024-09-19T16:29:14
4232,74.03,82.36,48,50,True,True,US,JP,2024-05-14,2024-05-14,2021-10-06T17:35:26,2021-10-06T17:35:26
4233,13.56,48.24,111,102,False,False,DE,DE,2023-02-21,,2020-06-24T15:04:57,2020-06-24T15:04:57
4234,45.11,,75,33,False,True,JP,DE,2020-09-22,2020-09-22,2021-08-08T11:46:16,2021-08-08T11:46:16
4235,42.65,47.28,18,59,False,False,UK,,2021-06-28,2021-06-28,2023-01-15T22:35:58,2023-01-15T22:35:58
4236,7.07,,82,6,True,False,AU,,2022-10-03,2022-10-03,2020-09-12T03:30:28,2020-09-12T03:30:28
4237,24.51,54.27,60,97,True,True,UK,DE,2024-08-06,2024-08-06,2020-06-26T22:40:30,2020-06-26T22:40:30
4238,0.74,91.56,37,26,True,False,CA,UK,2023-07-23,2023-07-23,2020-05-13T01:04:08,2020-05-13T01:04:08
4239,36.69,,83,112,False,,UK,US,2023-09-05,2023-09-05,2023-02-19T15:39:26,2023-02-19T15:39:26
4240,9.37,33.42,72,18,True,True,US,US,2021-02-12,,2021-05-30T02:17:36,2021-05-30T02:17:36
4241,54.23,1.57,93,111,True,True,DE,BR,2023-02-10,2023-02-10,2023-09-23T19:05:35,2023-09-23T19:05:35
4242,87.71,2.12,71,59,True,False,FR,US,2021-11-01,2021-11-01,2024-01-21T03:55:39,2024-01-21T03:55:39
4243,70.27,22.99,103,86,False,False,UK,US,2024-07-23,2024-07-23,2023-03-23T06:28:34,2023-03-23T06:28:34
4244,59.31,24.84,84,95,False,True,US,UK,2023-03-18,2023-03-18,2020-05-04T06:32:36,2020-05-04T06:32:36
4245,43.6,44.1,85,46,False,False,DE,BR,2024-04-21,2024-04-21,2024-05-23T15:24:37,2024-05-23T15:24:37
4246,44.46,63.51,38,18,True,False,AU,CA,2023-10-27,2023-10-27,2021-03-17T16:18:58,
4247,20.48,5.02,55,3,False,True,AU,FR,2021-04-22,2021-04-22,2023-07-09T08:04:43,2023-07-09T08:04:43
4248,89.71,9.06,16,,True,True,AU,CA,2024-11-16,2024-11-16,2023-05-26T22:50:21,2023-05-26T22:50:21
4249,98.15,53.91,39,1,True,False,FR,JP,2024-03-17,2024-03-17,2022-11-11T22:55:46,2022-11-11T22:55:46
4250,87.93,31.79,34,28,False,False,JP,DE,2022-05-22,2022-05-22,2020-09-16T23:29:01,2020-09-16T23:29:01
4251,29.46,14.35,78,34,True,False,AU,,2022-03-20,2022-03-20,2021-10-01T06:42:16,2021-10-01T06:42:16
4252,21.46,37.69,97,59,True,True,US,JP,2023-05-21,2023-05-21,2022-05-05T01:28:24,
4253,82.83,82.17,87,76,False,False,JP,CA,2021-10-03,2021-10-03,2022-06-28T22:54:03,2022-06-28T22:54:03
4254,3.49,7.65,65,0,False,False,FR,,2022-12-08,2022-12-08,2022-11-08T15:39:22,2022-11-08T15:39:22
4255,15.21,16.19,50,105,False,True,CA,CA,2020-01-25,,2021-03-04T11:04:34,2021-03-04T11:04:34
4256,37.97,23.54,64,14,True,True,FR,UK,2022-07-04,2022-07-04,2024-07-12T16:39:16,2024-07-12T16:39:16
4257,10.48,21.37,86,85,False,False,FR,,2023-12-31,2023-12-31,2020-12-19T07:23:17,2020-12-19T07:23:17
4258,61.35,63.59,103,53,False,True,CA,UK,2020-07-10,2020-07-10,2023-03-12T20:27:35,2023-03-12T20:27:35
4259,1.11,88.21,103,101,True,False,US,UK,2020-10-01,2020-10-01,2022-05-19T01:04:45,2022-05-19T01:04:45
4260,86.52,27.91,96,16,False,False,DE,UK,2020-05-21,2020-05-21,2021-03-04T02:56:03,2021-03-04T02:56:03
4261,21.96,43.34,16,27,False,,DE,,2020-02-11,2020-02-11,2021-10-06T12:38:49,2021-10-06T12:38:49
4262,44.59,69.87,68,105,False,False,BR,,2024-10-21,2024-10-21,2021-09-17T07:11:22,2021-09-17T07:11:22
4263,69.27,45.69,41,,True,False,JP,FR,2022-05-29,2022-05-29,2024-03-24T02:41:35,
4264,78.9,84.79,43,,False,False,JP,,2023-01-22,2023-01-22,2023-01-17T12:06:29,2023-01-17T12:06:29
4265,2.16,3.62,64,86,True,False,CA,US,2024-04-18,2024-04-18,2020-08-16T07:07:33,2020-08-16T07:07:33
4266,94.33,28.73,40,33,False,True,US,CA,2023-02-21,2023-02-21,2024-09-03T00:01:13,2024-09-03T00:01:13
4267,44.27,42.09,70,72,True,False,UK,UK,2024-04-12,2024-04-12,2020-06-24T22:15:05,2020-06-24T22:15:05
4268,72.89,,88,44,False,True,BR,DE,2023-02-12,,2024-06-26T22:07:49,2024-06-26T22:07:49
4269,73.23,18.25,50,78,False,False,BR,FR,2020-08-11,2020-08-11,2021-06-08T19:02:42,2021-06-08T19:02:42
4270,45.54,93.8,21,,True,True,US,JP,2022-05-05,2022-05-05,2024-06-28T05:36:42,2024-06-28T05:36:42
4271,85.39,54.95,0,113,False,True,AU,JP,2024-01-10,2024-01-10,2023-03-03T14:13:36,2023-03-03T14:13:36
4272,83.8,,25,84,False,True,CA,US,2020-06-15,2020-06-15,2023-03-17T11:39:38,2023-03-17T11:39:38
4273,6.23,51.47,26,84,True,True,CA,BR,2021-07-19,2021-07-19,2023-01-01T19:44:21,2023-01-01T19:44:21
4274,24.02,34.91,53,8,False,True,FR,CA,2022-04-07,2022-04-07,2021-04-09T18:33:30,2021-04-09T18:33:30
4275,71.73,27.64,75,11,True,False,FR,AU,2020-11-05,,2023-08-20T14:15:04,2023-08-20T14:15:04
4276,94.81,3.36,90,9,True,,BR,FR,2021-05-07,2021-05-07,2020-03-18T22:14:23,2020-03-18T22:14:23
4277,8.23,69.42,81,1,False,True,FR,DE,2020-04-16,2020-04-16,2021-07-06T13:39:05,
4278,85.11,33.8,26,34,False,False,DE,JP,2020-09-07,2020-09-07,2020-09-15T13:39:30,2020-09-15T13:39:30
4279,8.39,38.83,119,42,True,False,DE,CA,2020-10-24,2020-10-24,2022-03-31T13:47:59,2022-03-31T13:47:59
4280,81.52,18.42,119,81,True,True,AU,CA,2022-04-02,2022-04-02,2021-09-18T14:19:02,2021-09-18T14:19:02
4281,31.14,,115,111,False,False,AU,AU,2021-01-13,2021-01-13,2023-11-20T06:47:44,2023-11-20T06:47:44
4282,31.73,27.28,114,55,False,False,JP,UK,2021-01-16,2021-01-16,2022-03-03T08:44:29,2022-03-03T08:44:29
4283,93.87,63.69,89,56,False,,CA,,2022-12-07,2022-12-07,2024-08-08T17:41:14,2024-08-08T17:41:14
4284,9.44,37.37,21,22,True,True,BR,AU,2023-09-16,2023-09-16,2024-06-14T19:29:16,
4285,82.41,97.69,88,17,False,True,US,,2024-01-19,2024-01-19,2023-03-23T23:32:06,2023-03-23T23:32:06
4286,26.37,,100,21,True,False,UK,DE,2023-11-13,2023-11-13,2021-11-30T08:42:27,2021-11-30T08:42:27
4287,86.43,1.74,70,25,True,True,FR,JP,2022-06-16,2022-06-16,2021-12-19T00:53:59,2021-12-19T00:53:59
4288,28.32,10.76,37,65,True,True,JP,FR,2024-10-11,2024-10-11,2020-10-31T14:22:07,2020-10-31T14:22:07
4289,59.71,22.72,4,28,False,False,CA,UK,2024-11-21,2024-11-21,2020-07-30T16:47:29,2020-07-30T16:47:29
4290,70.61,85.27,104,84,True,True,DE,AU,2021-02-18,2021-02-18,2020-04-14T03:19:19,2020-04-14T03:19:19
4291,10.08,65.94,36,54,False,True,DE,,2023-07-05,2023-07-05,2020-03-14T11:37:39,2020-03-14T11:37:39
4292,23.26,97.69,57,,False,False,DE,UK,2022-01-15,2022-01-15,2023-06-16T20:31:41,2023-06-16T20:31:41
4293,39.15,88.35,2,43,False,True,UK,JP,2023-03-14,2023-03-14,2023-05-31T18:31:15,2023-05-31T18:31:15
4294,28.44,9.78,38,0,False,True,DE,DE,2024-03-29,,2021-12-18T09:31:49,2021-12-18T09:31:49
4295,69.42,15.32,54,22,True,False,US,DE,2020-02-07,2020-02-07,2022-01-09T04:45:24,2022-01-09T04:45:24
4296,77.76,81.12,26,100,True,False,DE,BR,2024-08-12,2024-08-12,2024-05-03T15:05:08,2024-05-03T15:05:08
4297,40.89,14.2,16,51,True,True,JP,AU,2024-05-13,2024-05-13,2020-11-24T18:20:58,2020-11-24T18:20:58
4298,68.87,13.52,21,108,True,,BR,CA,2024-05-02,2024-05-02,2022-08-17T23:45:37,2022-08-17T23:45:37
4299,21.57,64.87,92,97,True,True,UK,JP,2022-12-29,2022-12-29,2021-03-23T22:04:53,
4300,66.99,53.85,49,,True,True,UK,CA,2020-08-18,2020-08-18,2023-12-02T17:36:33,2023-12-02T17:36:33
4301,45.67,6.7,5,4,True,,JP,AU,2020-12-03,,2024-12-28T01:58:51,2024-12-28T01:58:51
4302,5.4,20.98,26,110,True,False,US,UK,2021-12-16,,2020-07-02T20:20:43,2020-07-02T20:20:43
4303,19.27,97.3,76,28,True,False,CA,BR,2023-05-26,2023-05-26,2024-04-26T13:40:02,2024-04-26T13:40:02
4304,49.72,32.28,114,94,True,False,JP,AU,2020-04-16,2020-04-16,2021-08-29T14:35:01,2021-08-29T14:35:01
4305,62.22,41.46,72,30,True,True,FR,,2021-05-03,2021-05-03,2023-10-05T20:04:54,2023-10-05T20:04:54
4306,34.38,51.21,34,49,False,False,JP,JP,2022-06-03,,2020-12-02T09:10:27,2020-12-02T09:10:27
4307,71.04,37.95,37,6,True,False,US,,2020-07-19,2020-07-19,2023-05-16T01:23:07,2023-05-16T01:23:07
4308,56.78,66.01,48,118,True,True,JP,FR,2022-09-15,2022-09-15,2024-06-22T02:42:44,2024-06-22T02:42:44
4309,52.15,55.82,54,48,True,,BR,US,2024-10-01,2024-10-01,2023-08-27T12:16:10,2023-08-27T12:16:10
4310,49.36,46.75,53,87,True,False,US,FR,2020-06-26,2020-06-26,2021-05-20T08:22:17,2021-05-20T08:22:17
4311,22.87,75.45,55,112,True,,FR,BR,2022-12-08,2022-12-08,2024-12-15T17:27:17,2024-12-15T17:27:17
4312,91.15,20.6,9,105,True,False,AU,,2020-08-03,,2024-11-12T01:50:57,2024-11-12T01:50:57
4313,43.63,36.3,3,104,False,False,AU,AU,2024-03-14,,2020-05-14T05:31:51,2020-05-14T05:31:51
4314,84.68,93.83,116,69,True,True,FR,BR,2024-07-27,2024-07-27,2020-09-10T07:07:24,2020-09-10T07:07:24
4315,26.32,82.6,77,62,False,False,US,CA,2020-04-10,2020-04-10,2024-01-05T22:00:55,2024-01-05T22:00:55
4316,35.34,66.82,85,70,True,True,DE,DE,2022-07-04,2022-07-04,2023-12-03T14:02:55,2023-12-03T14:02:55
4317,12.77,14.78,47,,True,True,BR,BR,2024-12-05,2024-12-05,2022-11-29T14:45:11,2022-11-29T14:45:11
4318,31.4,93.42,46,0,True,True,DE,CA,2021-05-14,2021-05-14,2022-11-14T16:23:31,2022-11-14T16:23:31
4319,46.29,62.37,34,115,False,False,UK,FR,2024-05-06,2024-05-06,2021-07-29T06:40:43,2021-07-29T06:40:43
4320,39.76,,35,111,True,True,UK,DE,2021-03-26,2021-03-26,2020-05-13T00:50:42,2020-05-13T00:50:42
4321,50.61,,67,101,False,False,DE,CA,2023-06-15,2023-06-15,2022-06-23T02:09:11,2022-06-23T02:09:11
4322,54.21,8.44,21,5,True,False,FR,UK,2020-08-13,2020-08-13,2022-12-30T11:03:41,2022-12-30T11:03:41
4323,25.07,98.44,40,22,False,False,CA,US,2023-01-05,2023-01-05,2021-11-01T06:43:58,2021-11-01T06:43:58
4324,80.29,90.55,97,17,False,True,UK,JP,2021-08-05,2021-08-05,2021-05-30T20:31:24,2021-05-30T20:31:24
4325,57.29,7.93,5,48,True,,DE,CA,2022-08-03,2022-08-03,2024-07-28T06:46:48,2024-07-28T06:46:48
4326,33.07,39.23,76,94,False,True,US,CA,2024-02-29,,2022-03-27T18:13:58,2022-03-27T18:13:58
4327,99.67,97.07,20,17,False,False,CA,FR,2021-03-29,2021-03-29,2022-04-17T08:54:19,2022-04-17T08:54:19
4328,44.18,87.41,5,56,False,False,CA,US,2024-07-03,2024-07-03,2020-12-15T14:53:08,2020-12-15T14:53:08
4329,19.47,49.33,95,119,True,True,UK,BR,2023-03-29,2023-03-29,2022-09-06T00:39:19,2022-09-06T00:39:19
4330,63.47,63.38,104,,True,True,DE,CA,2023-08-02,2023-08-02,2024-01-18T00:01:47,2024-01-18T00:01:47
4331,34.58,23.62,5,43,False,True,CA,US,2024-10-24,2024-10-24,2021-09-18T18:33:48,2021-09-18T18:33:48
4332,87.76,0.92,19,76,True,False,CA,US,2020-08-04,2020-08-04,2021-04-12T19:51:45,2021-04-12T19:51:45
4333,95.83,21.1,109,29,False,False,FR,BR,2022-03-17,2022-03-17,2023-01-05T05:13:07,2023-01-05T05:13:07
4334,91.89,30.79,56,72,False,False,FR,BR,2024-03-31,2024-03-31,2022-01-26T06:51:33,2022-01-26T06:51:33
4335,7.25,36.2,90,59,False,False,US,JP,2024-05-13,2024-05-13,2024-08-29T09:37:45,2024-08-29T09:37:45
4336,8.79,68.65,12,88,False,True,CA,US,2021-10-24,,2020-07-25T02:28:20,2020-07-25T02:28:20
4337,22.33,,3,10,True,True,CA,DE,2021-07-27,2021-07-27,2022-06-06T04:03:28,2022-06-06T04:03:28
4338,42.0,19.01,116,,False,False,US,AU,2021-09-03,2021-09-03,2022-02-20T19:41:47,2022-02-20T19:41:47
4339,1.2,97.83,23,27,True,True,BR,JP,2023-12-15,2023-12-15,2022-06-15T16:23:56,2022-06-15T16:23:56
4340,0.5,,51,90,True,False,BR,,2022-12-28,2022-12-28,2020-05-24T08:04:13,2020-05-24T08:04:13
4341,56.26,47.37,41,50,False,False,FR,FR,2021-09-18,2021-09-18,2022-09-15T07:54:35,2022-09-15T07:54:35
4342,51.75,8.67,36,87,True,True,FR,CA,2021-12-22,2021-12-22,2020-11-20T01:42:58,2020-11-20T01:42:58
4343,82.37,3.27,49,114,True,True,CA,CA,2022-01-26,,2020-07-03T17:21:01,2020-07-03T17:21:01
4344,97.07,75.29,7,14,False,False,JP,AU,2024-03-15,2024-03-15,2023-10-28T01:29:56,2023-10-28T01:29:56
4345,53.78,4.61,7,93,False,True,CA,DE,2023-08-29,2023-08-29,2021-05-14T18:16:28,2021-05-14T18:16:28
4346,51.53,22.59,86,22,False,,CA,JP,2020-12-22,2020-12-22,2023-06-12T18:54:12,2023-06-12T18:54:12
4347,83.74,68.63,113,87,False,True,CA,DE,2022-11-24,2022-11-24,2023-02-28T15:26:31,2023-02-28T15:26:31
4348,31.59,29.39,101,35,True,False,DE,CA,2024-09-06,2024-09-06,2023-06-26T22:45:37,2023-06-26T22:45:37
4349,21.16,25.09,65,71,False,True,FR,DE,2020-01-28,2020-01-28,2022-02-05T10:04:03,2022-02-05T10:04:03
4350,4.67,79.23,26,31,True,False,BR,CA,2024-04-05,2024-04-05,2021-07-04T03:10:38,2021-07-04T03:10:38
4351,5.09,98.19,68,,False,True,US,UK,2024-03-31,2024-03-31,2023-04-06T09:22:09,2023-04-06T09:22:09
4352,55.47,50.09,83,117,False,False,FR,DE,2022-05-09,2022-05-09,2024-10-29T02:52:40,2024-10-29T02:52:40
4353,60.38,63.71,49,84,True,True,AU,,2020-08-29,2020-08-29,2023-03-19T08:08:48,2023-03-19T08:08:48
4354,68.2,96.43,88,102,False,False,DE,,2024-01-31,2024-01-31,2020-10-01T00:35:38,2020-10-01T00:35:38
4355,79.69,47.17,112,66,True,False,UK,AU,2022-06-10,2022-06-10,2024-01-29T06:26:18,2024-01-29T06:26:18
4356,82.54,59.54,93,100,True,False,US,JP,2020-12-23,2020-12-23,2023-07-04T10:07:26,2023-07-04T10:07:26
4357,72.71,40.56,35,44,True,False,AU,,2022-09-23,2022-09-23,2024-05-14T14:47:24,2024-05-14T14:47:24
4358,75.09,62.61,48,69,False,False,JP,UK,2024-06-21,2024-06-21,2020-12-22T09:45:30,2020-12-22T09:45:30
4359,25.15,78.52,10,69,True,True,DE,AU,2023-05-03,2023-05-03,2024-01-12T19:59:25,2024-01-12T19:59:25
4360,88.74,80.34,59,108,False,False,FR,US,2020-10-14,2020-10-14,2020-08-13T02:44:34,2020-08-13T02:44:34
4361,65.39,4.5,78,0,True,,BR,AU,2023-08-08,2023-08-08,2021-11-08T12:42:55,2021-11-08T12:42:55
4362,41.96,,99,87,True,,BR,JP,2021-12-10,2021-12-10,2023-03-17T21:39:05,2023-03-17T21:39:05
4363,1.54,60.9,66,6,False,False,BR,FR,2020-02-08,2020-02-08,2021-01-10T18:50:26,2021-01-10T18:50:26
4364,75.29,,89,7,False,False,DE,BR,2024-06-29,2024-06-29,2023-05-02T01:34:32,2023-05-02T01:34:32
4365,13.41,51.5,34,85,True,True,AU,JP,2020-02-25,2020-02-25,2023-05-01T08:22:04,2023-05-01T08:22:04
4366,57.2,10.96,60,50,False,False,DE,BR,2020-06-06,2020-06-06,2022-06-04T01:37:36,2022-06-04T01:37:36
4367,66.58,14.86,26,,True,False,FR,BR,2020-04-13,2020-04-13,2023-02-14T03:49:22,2023-02-14T03:49:22
4368,79.19,0.41,63,73,True,True,AU,DE,2024-02-20,,2022-04-21T04:03:38,2022-04-21T04:03:38
4369,82.82,,100,48,True,False,UK,AU,2022-05-17,2022-05-17,2021-11-18T11:04:17,2021-11-18T11:04:17
4370,83.89,61.98,67,85,False,True,AU,FR,2022-07-18,2022-07-18,2023-09-14T00:09:13,2023-09-14T00:09:13
4371,96.35,81.96,84,17,False,True,AU,US,2020-05-31,2020-05-31,2020-12-05T16:28:34,
4372,4.65,26.99,65,40,False,True,DE,CA,2022-04-07,2022-04-07,2021-02-10T09:24:58,2021-02-10T09:24:58
4373,63.02,13.29,103,10,False,True,FR,,2024-06-26,2024-06-26,2020-10-31T05:35:50,2020-10-31T05:35:50
4374,77.72,87.96,0,89,True,False,UK,UK,2024-07-12,2024-07-12,2020-08-14T11:15:07,2020-08-14T11:15:07
4375,37.09,,82,66,True,True,CA,UK,2020-04-03,2020-04-03,2024-04-07T06:19:30,2024-04-07T06:19:30
4376,39.18,50.7,41,117,False,True,AU,,2023-06-06,2023-06-06,2022-03-10T16:15:30,2022-03-10T16:15:30
4377,64.85,52.81,117,99,True,True,CA,US,2023-08-19,2023-08-19,2020-06-07T14:30:12,
4378,76.3,31.35,56,58,True,False,AU,,2022-05-09,2022-05-09,2022-07-05T17:01:01,2022-07-05T17:01:01
4379,68.96,28.77,49,41,True,True,AU,US,2022-11-12,2022-11-12,2020-05-29T10:10:20,2020-05-29T10:10:20
4380,76.34,15.88,40,66,True,True,AU,CA,2022-09-20,2022-09-20,2022-09-26T15:48:49,
4381,40.82,72.09,42,,True,False,US,US,2021-06-02,2021-06-02,2021-03-05T22:03:43,2021-03-05T22:03:43
4382,13.84,,105,75,True,False,UK,,2020-09-06,2020-09-06,2021-03-17T22:07:26,2021-03-17T22:07:26
4383,18.92,52.04,23,104,True,True,US,FR,2021-07-14,2021-07-14,2020-02-27T03:16:38,2020-02-27T03:16:38
4384,49.54,6.71,94,84,False,True,US,UK,2021-01-04,2021-01-04,2022-08-05T07:29:38,
4385,32.91,,34,1,False,True,US,,2020-11-08,2020-11-08,2023-07-28T02:14:57,2023-07-28T02:14:57
4386,80.7,74.57,77,100,True,False,AU,,2021-10-11,2021-10-11,2022-08-30T18:38:37,2022-08-30T18:38:37
4387,25.98,,9,51,True,False,CA,US,2023-12-23,2023-12-23,2022-06-03T13:50:26,2022-06-03T13:50:26
4388,63.75,86.81,9,18,True,True,US,BR,2024-09-30,2024-09-30,2023-06-22T04:23:31,2023-06-22T04:23:31
4389,93.64,34.59,61,15,False,True,FR,BR,2022-12-12,2022-12-12,2023-04-04T11:33:44,
4390,39.88,46.25,118,,False,,US,US,2024-04-18,2024-04-18,2020-02-23T16:05:12,2020-02-23T16:05:12
4391,29.65,32.58,2,95,True,False,AU,JP,2023-05-16,2023-05-16,2021-04-20T20:20:48,2021-04-20T20:20:48
4392,41.69,87.9,18,8,False,True,BR,DE,2022-01-01,2022-01-01,2024-08-10T16:11:58,2024-08-10T16:11:58
4393,50.94,9.87,22,43,False,True,CA,CA,2022-01-27,2022-01-27,2022-06-29T07:43:23,2022-06-29T07:43:23
4394,1.25,44.48,75,,False,,AU,FR,2024-09-17,2024-09-17,2021-08-20T10:42:55,2021-08-20T10:42:55
4395,47.12,,23,,False,False,FR,BR,2021-11-04,2021-11-04,2021-11-26T21:31:19,2021-11-26T21:31:19
4396,62.96,44.16,82,113,True,,AU,,2024-03-03,,2024-10-07T01:12:25,2024-10-07T01:12:25
4397,10.21,67.18,37,57,False,False,CA,FR,2020-01-03,2020-01-03,2023-07-21T00:04:14,2023-07-21T00:04:14
4398,91.75,34.72,62,45,True,True,CA,AU,2021-02-26,2021-02-26,2022-04-06T02:44:27,2022-04-06T02:44:27
4399,74.48,91.17,109,54,True,False,AU,FR,2021-11-03,2021-11-03,2023-02-16T13:22:18,2023-02-16T13:22:18
4400,75.94,19.22,69,,True,False,BR,,2020-06-30,2020-06-30,2021-02-08T15:04:47,2021-02-08T15:04:47
4401,32.21,34.59,55,1,True,True,US,JP,2021-02-24,,2022-06-17T12:27:15,2022-06-17T12:27:15
4402,97.48,14.07,32,116,True,,FR,FR,2023-10-07,2023-10-07,2021-12-29T03:09:39,2021-12-29T03:09:39
4403,70.73,66.62,117,19,True,False,AU,AU,2021-04-13,2021-04-13,2024-08-01T03:21:18,2024-08-01T03:21:18
4404,66.44,91.14,82,7,True,False,FR,FR,2020-05-31,2020-05-31,2023-11-13T07:56:45,2023-11-13T07:56:45
4405,17.48,43.34,114,0,False,False,FR,BR,2021-07-07,2021-07-07,2022-04-14T22:28:12,2022-04-14T22:28:12
4406,4.73,55.2,11,23,True,False,FR,AU,2022-04-02,,2024-02-06T07:50:14,2024-02-06T07:50:14
4407,44.03,76.36,99,15,False,False,FR,BR,2022-04-07,,2024-09-30T16:44:34,2024-09-30T16:44:34
4408,32.99,2.46,8,26,False,True,CA,DE,2023-01-27,2023-01-27,2020-04-03T02:57:19,2020-04-03T02:57:19
4409,86.61,80.69,99,21,False,False,BR,,2021-09-30,2021-09-30,2024-02-17T01:37:31,2024-02-17T01:37:31
4410,70.82,54.92,70,45,False,False,DE,JP,2024-03-29,2024-03-29,2020-08-08T07:10:08,2020-08-08T07:10:08
4411,13.1,87.77,35,37,True,False,UK,,2022-04-30,2022-04-30,2021-09-10T03:24:28,2021-09-10T03:24:28
4412,82.57,94.69,83,,True,True,UK,AU,2022-03-27,2022-03-27,2021-07-14T01:29:22,2021-07-14T01:29:22
4413,88.0,55.21,93,108,False,False,CA,JP,2023-05-14,2023-05-14,2022-12-12T14:34:14,2022-12-12T14:34:14
4414,46.99,86.08,24,40,True,False,JP,US,2022-03-22,,2021-01-30T15:10:16,
4415,72.28,18.35,33,91,False,True,FR,BR,2023-03-27,2023-03-27,2020-02-18T10:00:08,
4416,47.11,20.83,29,114,True,True,CA,DE,2022-07-07,2022-07-07,2021-04-27T19:16:26,2021-04-27T19:16:26
4417,36.04,53.97,65,51,True,True,JP,DE,2022-10-12,2022-10-12,2020-06-10T01:55:04,2020-06-10T01:55:04
4418,91.69,10.87,28,114,True,True,US,FR,2024-07-28,2024-07-28,2023-03-06T22:22:59,2023-03-06T22:22:59
4419,95.95,69.7,97,24,False,False,DE,JP,2023-04-15,2023-04-15,2024-06-30T14:51:29,2024-06-30T14:51:29
4420,66.97,,16,,True,False,JP,AU,2023-06-11,2023-06-11,2024-12-22T07:52:23,2024-12-22T07:52:23
4421,90.71,84.67,44,35,False,True,DE,CA,2020-08-31,,2023-03-22T13:53:15,2023-03-22T13:53:15
4422,4.24,79.47,36,49,False,False,FR,JP,2021-11-30,2021-11-30,2022-07-01T05:00:49,2022-07-01T05:00:49
4423,59.28,72.24,103,45,True,True,US,AU,2020-04-01,2020-04-01,2023-12-15T11:07:42,
4424,43.7,9.42,7,88,True,True,BR,US,2022-05-13,2022-05-13,2021-01-23T20:39:47,2021-01-23T20:39:47
4425,34.24,,21,67,False,,US,,2022-02-02,2022-02-02,2021-10-01T04:28:18,2021-10-01T04:28:18
4426,60.58,88.44,119,14,True,True,FR,DE,2023-04-11,2023-04-11,2024-12-08T14:12:40,2024-12-08T14:12:40
4427,81.2,50.84,87,92,False,True,US,DE,2021-03-23,2021-03-23,2021-05-13T21:47:19,2021-05-13T21:47:19
4428,63.69,50.04,66,54,True,True,UK,BR,2022-06-12,2022-06-12,2020-05-24T23:18:22,2020-05-24T23:18:22
4429,86.94,68.82,10,55,True,False,CA,FR,2022-05-19,2022-05-19,2022-07-31T05:31:02,2022-07-31T05:31:02
4430,87.75,62.35,12,45,False,True,AU,FR,2022-06-13,2022-06-13,2023-09-05T15:52:29,
4431,94.06,27.01,87,32,True,True,DE,,2022-04-03,2022-04-03,2021-08-05T06:34:33,2021-08-05T06:34:33
4432,61.38,5.62,1,,False,True,BR,DE,2020-02-23,,2023-04-19T02:46:03,2023-04-19T02:46:03
4433,71.28,2.83,18,18,False,False,CA,BR,2023-07-26,2023-07-26,2024-01-01T13:21:32,
4434,79.63,97.4,6,52,True,True,BR,BR,2022-05-08,2022-05-08,2020-02-07T14:50:39,2020-02-07T14:50:39
4435,63.8,,119,89,False,False,JP,UK,2022-07-13,2022-07-13,2021-09-13T23:15:35,2021-09-13T23:15:35
4436,44.28,89.86,81,42,False,True,DE,FR,2022-03-27,2022-03-27,2022-11-06T15:40:39,2022-11-06T15:40:39
4437,98.34,13.34,58,101,False,False,DE,BR,2022-04-28,2022-04-28,2021-07-02T23:58:16,2021-07-02T23:58:16
4438,79.89,83.86,71,63,False,False,CA,AU,2023-07-29,2023-07-29,2023-02-16T11:11:47,2023-02-16T11:11:47
4439,87.59,17.46,85,97,True,False,FR,UK,2024-01-25,,2021-08-29T17:06:08,2021-08-29T17:06:08
4440,3.07,,73,62,True,False,UK,AU,2023-04-07,2023-04-07,2020-07-26T02:08:40,2020-07-26T02:08:40
4441,4.31,11.63,59,91,True,False,DE,BR,2022-09-21,2022-09-21,2022-05-19T01:11:38,2022-05-19T01:11:38
4442,51.99,4.23,33,87,False,True,DE,US,2020-07-10,2020-07-10,2024-05-03T04:10:50,
4443,62.55,47.78,78,97,False,False,BR,BR,2024-06-05,2024-06-05,2020-06-17T20:48:30,2020-06-17T20:48:30
4444,85.51,1.64,81,116,False,True,UK,DE,2022-03-12,2022-03-12,2022-06-16T20:41:24,2022-06-16T20:41:24
4445,11.05,6.41,91,111,False,False,BR,AU,2020-04-21,,2023-07-01T11:14:38,2023-07-01T11:14:38
4446,54.04,71.46,31,102,False,True,DE,DE,2020-09-21,2020-09-21,2021-02-26T01:16:43,2021-02-26T01:16:43
4447,21.06,66.19,114,66,False,False,CA,UK,2023-06-04,2023-06-04,2022-06-09T09:37:58,2022-06-09T09:37:58
4448,57.11,5.37,99,19,True,False,BR,BR,2022-11-29,2022-11-29,2024-05-11T17:42:47,2024-05-11T17:42:47
4449,94.01,15.76,57,98,True,True,JP,UK,2022-03-25,2022-03-25,2022-07-19T14:19:15,
4450,80.1,0.71,53,75,True,True,UK,DE,2024-02-26,2024-02-26,2022-04-21T17:48:23,2022-04-21T17:48:23
4451,51.0,87.87,17,38,True,False,CA,,2021-01-07,2021-01-07,2020-09-19T10:12:53,2020-09-19T10:12:53
4452,39.96,21.42,28,57,True,True,FR,BR,2020-07-17,2020-07-17,2023-09-15T06:17:34,2023-09-15T06:17:34
4453,79.7,61.48,85,100,True,False,JP,DE,2022-09-19,2022-09-19,2021-01-07T12:16:55,2021-01-07T12:16:55
4454,89.99,3.34,69,42,True,True,US,BR,2021-04-22,2021-04-22,2020-04-16T11:38:13,2020-04-16T11:38:13
4455,27.94,27.23,75,48,False,,FR,UK,2023-12-02,,2020-11-09T11:00:52,2020-11-09T11:00:52
4456,13.28,,2,119,False,True,UK,AU,2022-12-14,2022-12-14,2023-12-16T23:13:35,2023-12-16T23:13:35
4457,49.74,25.06,79,26,False,False,US,BR,2024-05-20,2024-05-20,2021-08-04T19:25:26,
4458,14.33,67.33,49,73,False,False,BR,AU,2023-03-08,2023-03-08,2020-08-31T11:38:41,2020-08-31T11:38:41
4459,23.76,11.9,9,48,True,True,BR,AU,2024-01-01,2024-01-01,2023-12-11T08:33:49,2023-12-11T08:33:49
4460,42.19,81.19,106,88,False,False,JP,US,2024-11-19,2024-11-19,2021-03-11T12:45:24,2021-03-11T12:45:24
4461,97.49,82.91,59,63,True,,JP,AU,2021-07-30,2021-07-30,2021-06-01T10:57:46,2021-06-01T10:57:46
4462,78.68,93.27,3,43,False,False,AU,FR,2022-04-12,,2021-05-03T07:55:10,
4463,30.63,2.51,29,77,True,,UK,FR,2023-11-26,2023-11-26,2024-02-29T21:42:06,2024-02-29T21:42:06
4464,53.25,91.11,12,13,False,False,AU,BR,2021-10-29,2021-10-29,2024-01-20T01:05:22,2024-01-20T01:05:22
4465,18.13,84.27,99,5,True,False,AU,BR,2022-06-05,2022-06-05,2024-03-01T08:52:40,2024-03-01T08:52:40
4466,90.91,79.97,12,89,False,False,CA,DE,2020-12-02,2020-12-02,2022-03-06T03:58:54,2022-03-06T03:58:54
4467,11.46,47.07,43,58,True,False,JP,US,2020-07-10,,2021-07-19T10:47:13,2021-07-19T10:47:13
4468,34.13,84.11,37,95,True,False,DE,FR,2022-11-02,2022-11-02,2021-11-19T01:07:30,2021-11-19T01:07:30
4469,71.74,19.98,108,108,False,False,UK,FR,2021-11-04,,2024-11-03T08:22:02,2024-11-03T08:22:02
4470,16.24,31.94,99,73,True,False,CA,JP,2021-11-13,,2021-11-20T18:54:33,2021-11-20T18:54:33
4471,58.15,33.85,6,52,False,True,AU,CA,2022-05-01,2022-05-01,2021-01-19T14:39:34,2021-01-19T14:39:34
4472,67.36,11.99,110,,True,,US,BR,2023-02-12,2023-02-12,2020-12-24T17:39:57,2020-12-24T17:39:57
4473,28.26,55.46,50,50,True,,BR,AU,2023-02-18,2023-02-18,2024-11-12T15:28:18,
4474,8.95,80.1,9,35,False,False,BR,AU,2020-08-15,2020-08-15,2020-10-17T04:50:11,2020-10-17T04:50:11
4475,1.03,38.25,106,87,True,False,BR,JP,2023-01-29,2023-01-29,2020-12-28T14:39:48,2020-12-28T14:39:48
4476,46.36,74.9,34,110,True,True,US,US,2022-01-25,2022-01-25,2023-06-21T04:36:57,2023-06-21T04:36:57
4477,13.17,14.15,49,,True,True,US,JP,2023-04-29,,2020-12-21T12:04:09,2020-12-21T12:04:09
4478,36.23,,104,95,True,True,US,CA,2020-11-25,2020-11-25,2023-01-16T08:55:51,2023-01-16T08:55:51
4479,33.85,28.41,2,45,True,True,JP,DE,2021-07-08,2021-07-08,2022-08-14T16:14:38,2022-08-14T16:14:38
4480,71.78,76.37,65,73,False,True,DE,AU,2024-05-12,2024-05-12,2021-06-03T21:00:32,2021-06-03T21:00:32
4481,88.03,72.44,62,104,True,True,BR,FR,2020-07-01,2020-07-01,2021-08-19T02:42:43,2021-08-19T02:42:43
4482,14.48,43.26,104,115,False,False,AU,AU,2023-12-29,2023-12-29,2021-01-12T05:41:40,2021-01-12T05:41:40
4483,72.02,3.11,118,97,True,,JP,BR,2021-09-16,2021-09-16,2024-05-04T07:30:30,2024-05-04T07:30:30
4484,94.4,76.53,91,,True,,AU,AU,2023-09-24,2023-09-24,2020-02-25T17:59:35,2020-02-25T17:59:35
4485,18.83,1.41,27,15,True,True,FR,JP,2024-03-14,2024-03-14,2021-01-13T06:05:58,2021-01-13T06:05:58
4486,35.25,50.16,103,16,False,True,AU,DE,2023-12-04,2023-12-04,2022-06-05T10:32:26,
4487,81.71,45.09,87,53,False,True,BR,JP,2022-05-29,2022-05-29,2021-10-10T15:17:10,2021-10-10T15:17:10
4488,43.4,72.77,31,42,False,True,US,,2021-04-15,,2023-02-15T08:26:05,2023-02-15T08:26:05
4489,55.14,29.52,63,77,True,True,JP,AU,2020-08-14,2020-08-14,2020-07-21T17:10:48,2020-07-21T17:10:48
4490,28.38,,78,4,True,True,AU,DE,2020-05-02,2020-05-02,2024-05-18T20:14:18,2024-05-18T20:14:18
4491,92.48,10.95,13,57,True,False,JP,CA,2022-05-20,2022-05-20,2020-08-09T06:08:03,
4492,84.42,27.48,22,17,True,True,AU,CA,2023-12-06,2023-12-06,2021-08-20T23:53:16,2021-08-20T23:53:16
4493,36.92,23.74,14,45,False,False,DE,US,2021-07-15,2021-07-15,2022-05-23T18:09:59,2022-05-23T18:09:59
4494,47.86,43.61,71,109,False,True,FR,DE,2023-12-12,2023-12-12,2020-12-11T11:14:36,2020-12-11T11:14:36
4495,65.19,71.28,2,69,False,False,AU,CA,2021-07-10,2021-07-10,2022-06-28T00:38:13,2022-06-28T00:38:13
4496,17.05,67.64,79,41,True,True,FR,DE,2023-05-24,2023-05-24,2020-12-05T22:20:54,2020-12-05T22:20:54
4497,46.43,50.11,119,21,False,,CA,CA,2022-06-14,2022-06-14,2022-07-02T04:14:29,2022-07-02T04:14:29
4498,45.81,45.56,37,105,True,True,DE,DE,2020-04-15,2020-04-15,2021-06-05T21:47:00,2021-06-05T21:47:00
4499,42.03,6.55,51,58,True,,JP,UK,2022-11-03,2022-11-03,2020-09-15T12:41:31,2020-09-15T12:41:31
4500,80.59,34.96,53,83,False,True,FR,BR,2024-03-05,2024-03-05,2021-02-24T08:21:25,2021-02-24T08:21:25
4501,40.83,,69,53,False,True,US,BR,2020-06-23,2020-06-23,2020-03-19T17:35:29,2020-03-19T17:35:29
4502,39.5,62.04,35,16,True,False,AU,UK,2021-05-13,2021-05-13,2024-04-10T18:25:36,2024-04-10T18:25:36
4503,36.11,36.71,51,47,False,True,FR,JP,2022-02-26,,2022-01-26T09:39:50,2022-01-26T09:39:50
4504,11.02,70.99,50,50,True,False,AU,BR,2023-02-06,2023-02-06,2023-09-23T00:29:40,2023-09-23T00:29:40
4505,12.95,,10,64,True,True,JP,AU,2024-11-04,2024-11-04,2024-11-03T13:50:56,2024-11-03T13:50:56
4506,67.72,19.1,85,27,False,False,BR,AU,2023-03-04,,2023-03-11T07:35:39,
4507,14.08,72.72,75,109,False,True,CA,JP,2021-01-19,2021-01-19,2023-04-14T05:27:08,2023-04-14T05:27:08
4508,50.58,31.07,116,9,False,,JP,JP,2024-02-06,2024-02-06,2023-07-25T14:52:48,2023-07-25T14:52:48
4509,19.34,45.59,102,117,True,False,CA,CA,2020-03-29,2020-03-29,2020-08-23T00:42:40,2020-08-23T00:42:40
4510,36.91,,117,38,True,False,UK,BR,2022-09-27,,2023-04-13T06:20:31,2023-04-13T06:20:31
4511,71.97,36.79,13,85,True,True,AU,AU,2023-08-01,2023-08-01,2023-04-25T08:59:26,2023-04-25T08:59:26
4512,49.55,96.81,23,,False,False,JP,US,2020-11-02,2020-11-02,2024-10-15T08:21:06,2024-10-15T08:21:06
4513,64.57,66.72,30,70,False,True,AU,US,2021-04-28,2021-04-28,2022-06-23T14:48:52,2022-06-23T14:48:52
4514,75.69,27.37,31,105,False,False,BR,BR,2021-11-23,2021-11-23,2024-02-26T00:55:04,2024-02-26T00:55:04
4515,48.1,36.6,66,102,True,False,DE,BR,2020-09-16,2020-09-16,2023-06-16T18:55:57,
4516,98.15,13.04,30,21,True,True,JP,,2022-05-09,2022-05-09,2021-02-25T20:18:55,2021-02-25T20:18:55
4517,39.13,40.51,76,33,True,False,JP,JP,2022-01-29,2022-01-29,2020-10-18T10:59:04,2020-10-18T10:59:04
4518,6.24,13.27,78,7,False,True,US,US,2021-09-01,2021-09-01,2023-07-04T17:41:25,
4519,98.26,62.09,69,31,True,True,BR,DE,2024-10-06,2024-10-06,2021-04-03T08:04:03,2021-04-03T08:04:03
4520,30.42,13.05,98,21,True,False,UK,DE,2020-09-16,2020-09-16,2023-10-24T08:48:55,2023-10-24T08:48:55
4521,68.7,39.13,29,80,True,False,CA,,2024-10-25,2024-10-25,2021-05-05T22:21:23,
4522,27.95,51.61,106,52,False,False,UK,UK,2023-05-10,2023-05-10,2022-11-16T08:06:26,2022-11-16T08:06:26
4523,59.29,62.3,105,85,True,True,CA,US,2024-08-24,2024-08-24,2021-03-04T16:30:04,2021-03-04T16:30:04
4524,79.86,3.04,54,48,False,False,FR,,2023-11-03,2023-11-03,2024-06-04T21:35:01,2024-06-04T21:35:01
4525,20.35,,37,97,True,False,DE,BR,2021-08-10,2021-08-10,2023-12-08T16:00:36,2023-12-08T16:00:36
4526,90.3,,21,14,True,True,CA,CA,2024-06-26,2024-06-26,2022-11-25T01:58:24,2022-11-25T01:58:24
4527,54.11,77.28,50,93,True,True,AU,UK,2024-02-23,2024-02-23,2021-08-25T10:10:48,2021-08-25T10:10:48
4528,91.61,38.02,14,96,False,False,UK,AU,2021-03-31,2021-03-31,2022-06-15T19:57:08,2022-06-15T19:57:08
4529,96.06,0.2,23,85,False,False,US,BR,2022-01-08,,2023-04-19T06:22:46,2023-04-19T06:22:46
4530,71.76,5.56,72,19,True,True,US,,2024-03-30,,2020-03-19T22:17:10,2020-03-19T22:17:10
4531,70.3,26.15,93,81,False,True,FR,AU,2024-03-08,2024-03-08,2020-07-25T13:09:42,2020-07-25T13:09:42
4532,7.06,62.09,60,82,True,True,US,JP,2022-03-24,2022-03-24,2023-04-05T06:44:01,
4533,44.83,99.51,5,1,True,True,US,JP,2024-11-01,2024-11-01,2020-08-07T18:36:26,2020-08-07T18:36:26
4534,5.75,3.83,47,31,False,True,JP,US,2020-12-30,2020-12-30,2021-01-06T11:17:14,
4535,49.48,2.45,32,4,True,True,FR,BR,2023-03-19,2023-03-19,2021-07-10T11:11:39,2021-07-10T11:11:39
4536,41.75,78.48,12,,False,False,BR,FR,2024-05-13,2024-05-13,2021-08-23T21:16:56,2021-08-23T21:16:56
4537,54.93,49.88,116,47,True,False,JP,US,2024-09-18,2024-09-18,2023-10-10T16:04:38,2023-10-10T16:04:38
4538,54.49,7.77,12,4,True,False,UK,UK,2023-03-31,,2023-06-12T22:16:06,2023-06-12T22:16:06
4539,52.01,79.17,6,73,False,True,US,DE,2023-03-30,2023-03-30,2022-05-22T20:06:20,2022-05-22T20:06:20
4540,12.55,70.53,92,23,False,False,DE,JP,2022-02-06,2022-02-06,2024-02-18T06:41:27,2024-02-18T06:41:27
4541,10.08,87.98,95,96,False,True,BR,DE,2023-08-12,2023-08-12,2023-04-17T05:14:51,2023-04-17T05:14:51
4542,28.08,70.41,33,74,False,,US,JP,2023-02-20,2023-02-20,2022-02-28T19:47:21,2022-02-28T19:47:21
4543,68.93,49.44,44,70,False,False,US,,2022-08-24,2022-08-24,2023-07-13T01:57:24,2023-07-13T01:57:24
4544,1.51,,15,,True,True,BR,,2020-12-14,2020-12-14,2022-01-29T02:49:37,2022-01-29T02:49:37
4545,79.44,33.92,98,3,True,True,JP,CA,2020-02-12,2020-02-12,2022-03-17T20:59:26,2022-03-17T20:59:26
4546,27.64,64.69,80,,False,True,FR,AU,2024-02-16,2024-02-16,2024-11-18T17:21:10,2024-11-18T17:21:10
4547,71.02,39.01,104,47,False,False,DE,,2020-02-16,2020-02-16,2022-03-16T20:57:40,2022-03-16T20:57:40
4548,70.12,98.72,43,61,False,False,AU,FR,2020-08-01,2020-08-01,2023-02-02T18:17:27,2023-02-02T18:17:27
4549,87.61,24.0,26,62,True,False,DE,,2022-03-05,,2023-04-04T02:11:13,2023-04-04T02:11:13
4550,79.2,,66,26,True,True,AU,DE,2024-12-05,2024-12-05,2021-07-13T15:51:41,2021-07-13T15:51:41
4551,68.98,22.72,70,4,True,True,CA,US,2023-09-23,2023-09-23,2024-11-21T23:02:35,2024-11-21T23:02:35
4552,31.06,66.99,3,,False,True,US,US,2023-07-11,2023-07-11,2024-04-13T20:06:39,
4553,76.24,3.9,77,116,True,False,DE,CA,2022-10-16,2022-10-16,2023-01-31T22:46:45,2023-01-31T22:46:45
4554,55.92,38.84,98,27,False,True,DE,BR,2023-06-23,2023-06-23,2024-07-27T16:16:01,2024-07-27T16:16:01
4555,46.59,92.95,103,71,False,True,BR,CA,2022-04-10,2022-04-10,2020-05-25T03:30:05,2020-05-25T03:30:05
4556,36.12,45.57,5,33,False,True,JP,UK,2022-03-15,2022-03-15,2021-08-29T21:31:49,2021-08-29T21:31:49
4557,27.75,57.23,52,119,False,False,DE,JP,2021-02-21,2021-02-21,2021-01-07T00:04:06,2021-01-07T00:04:06
4558,38.5,,56,106,True,,AU,BR,2020-10-19,2020-10-19,2023-04-20T21:20:50,2023-04-20T21:20:50
4559,92.9,57.14,43,51,True,True,US,BR,2024-06-30,2024-06-30,2020-03-11T05:10:58,2020-03-11T05:10:58
4560,59.25,28.45,112,88,False,,JP,AU,2020-07-22,2020-07-22,2023-06-16T05:47:03,2023-06-16T05:47:03
4561,20.91,67.12,119,67,False,False,FR,FR,2020-06-15,2020-06-15,2021-05-09T11:35:24,2021-05-09T11:35:24
4562,71.85,90.34,78,43,True,False,US,FR,2023-02-03,2023-02-03,2022-12-31T02:57:46,2022-12-31T02:57:46
4563,57.0,3.17,29,32,False,True,US,FR,2020-06-20,2020-06-20,2021-09-10T05:56:49,2021-09-10T05:56:49
4564,1.1,52.77,84,104,False,True,FR,,2022-03-16,2022-03-16,2022-03-01T04:36:31,
4565,42.0,17.41,27,5,False,False,JP,AU,2022-07-22,2022-07-22,2023-10-24T20:33:35,2023-10-24T20:33:35
4566,79.39,91.19,42,83,False,True,BR,CA,2024-12-11,2024-12-11,2020-07-21T13:58:58,2020-07-21T13:58:58
4567,85.27,17.59,2,5,False,True,US,CA,2020-08-26,2020-08-26,2022-04-15T00:18:10,2022-04-15T00:18:10
4568,9.58,74.3,67,13,False,True,CA,CA,2024-01-04,2024-01-04,2021-08-31T03:17:25,2021-08-31T03:17:25
4569,43.17,14.97,45,90,True,True,BR,CA,2023-01-29,,2023-03-04T03:06:58,2023-03-04T03:06:58
4570,29.52,26.67,69,18,False,False,AU,BR,2021-05-31,2021-05-31,2020-11-21T10:42:39,2020-11-21T10:42:39
4571,26.7,2.39,105,,True,False,BR,AU,2024-11-05,2024-11-05,2024-02-01T18:30:25,
4572,35.23,,14,116,True,True,FR,,2024-05-26,2024-05-26,2020-08-18T12:50:46,2020-08-18T12:50:46
4573,76.23,34.59,59,107,False,True,JP,JP,2024-06-16,,2021-11-03T00:14:34,2021-11-03T00:14:34
4574,2.36,3.99,102,68,True,True,AU,DE,2024-01-18,2024-01-18,2021-08-30T17:16:11,2021-08-30T17:16:11
4575,55.13,16.49,21,37,True,True,DE,,2020-01-23,2020-01-23,2024-01-15T18:20:34,2024-01-15T18:20:34
4576,68.23,79.13,83,,False,True,DE,CA,2021-05-21,2021-05-21,2024-01-08T00:30:20,
4577,15.9,79.39,99,93,True,True,JP,UK,2020-08-28,2020-08-28,2024-04-17T20:40:37,2024-04-17T20:40:37
4578,30.32,70.84,112,73,False,False,DE,UK,2023-06-21,2023-06-21,2024-04-18T00:19:06,2024-04-18T00:19:06
4579,82.0,18.99,51,57,False,False,JP,AU,2023-06-04,2023-06-04,2024-11-05T16:37:13,2024-11-05T16:37:13
4580,21.29,,107,,True,False,AU,UK,2023-10-07,2023-10-07,2024-12-14T16:19:56,2024-12-14T16:19:56
4581,23.02,,20,,True,False,CA,DE,2020-08-10,2020-08-10,2024-03-07T01:13:01,2024-03-07T01:13:01
4582,69.0,68.22,48,72,True,True,BR,JP,2020-11-06,2020-11-06,2023-05-15T01:00:15,2023-05-15T01:00:15
4583,50.51,72.35,94,87,False,False,CA,DE,2021-09-14,2021-09-14,2021-07-27T21:54:17,2021-07-27T21:54:17
4584,39.5,,7,94,False,,UK,UK,2024-07-26,2024-07-26,2022-07-24T18:52:05,2022-07-24T18:52:05
4585,36.74,58.56,32,36,False,False,UK,FR,2020-07-16,2020-07-16,2021-08-21T03:51:02,2021-08-21T03:51:02
4586,81.73,,22,93,False,True,AU,BR,2023-02-28,,2021-03-26T05:28:09,2021-03-26T05:28:09
4587,68.98,23.98,50,30,False,False,US,DE,2021-06-25,2021-06-25,2021-10-19T14:30:01,2021-10-19T14:30:01
4588,65.48,31.32,62,27,True,False,JP,,2020-07-24,2020-07-24,2021-04-18T00:26:35,
4589,59.32,52.54,33,101,True,False,DE,UK,2020-08-31,2020-08-31,2023-06-21T18:47:14,2023-06-21T18:47:14
4590,20.82,2.09,41,35,False,False,DE,JP,2024-09-23,,2023-09-27T16:55:05,
4591,81.89,37.13,58,21,False,True,CA,CA,2022-04-26,2022-04-26,2020-11-24T13:48:41,2020-11-24T13:48:41
4592,13.15,25.65,63,42,False,False,AU,DE,2023-11-28,2023-11-28,2022-12-09T22:24:07,2022-12-09T22:24:07
4593,19.21,69.11,29,4,False,True,UK,CA,2024-07-25,2024-07-25,2022-03-06T04:23:46,2022-03-06T04:23:46
4594,45.37,80.77,5,103,True,True,US,CA,2024-04-11,2024-04-11,2024-04-12T05:26:50,2024-04-12T05:26:50
4595,50.79,94.81,60,1,False,True,DE,CA,2024-02-02,2024-02-02,2024-07-24T16:56:05,2024-07-24T16:56:05
4596,3.77,99.5,75,,True,True,US,CA,2024-10-12,2024-10-12,2023-08-31T23:52:51,2023-08-31T23:52:51
4597,64.89,93.18,94,85,False,False,UK,CA,2024-11-01,2024-11-01,2022-02-06T08:50:33,
4598,90.97,97.89,5,63,False,True,BR,FR,2024-03-17,,2021-06-08T09:58:28,
4599,31.87,64.34,90,109,False,True,JP,UK,2020-12-12,2020-12-12,2020-08-23T09:51:32,2020-08-23T09:51:32
4600,12.33,,86,40,True,True,JP,DE,2023-06-15,2023-06-15,2022-09-01T15:58:06,2022-09-01T15:58:06
4601,70.01,24.69,81,,False,False,DE,AU,2024-05-03,2024-05-03,2021-10-16T12:33:24,2021-10-16T12:33:24
4602,44.37,89.91,106,32,False,True,FR,DE,2020-06-23,2020-06-23,2024-01-24T19:29:25,2024-01-24T19:29:25
4603,37.58,,88,48,False,True,US,BR,2023-08-18,2023-08-18,2022-04-24T11:18:15,2022-04-24T11:18:15
4604,66.89,5.62,91,69,True,False,AU,BR,2023-02-11,2023-02-11,2024-08-17T08:25:24,2024-08-17T08:25:24
4605,94.43,73.1,104,104,False,True,BR,FR,2020-12-10,2020-12-10,2023-01-16T01:33:47,2023-01-16T01:33:47
4606,91.71,44.6,28,4,False,False,CA,UK,2020-10-13,2020-10-13,2020-10-29T07:36:55,2020-10-29T07:36:55
4607,93.83,,43,96,False,True,FR,CA,2021-06-19,2021-06-19,2023-07-19T09:43:44,2023-07-19T09:43:44
4608,43.41,56.4,29,60,True,False,DE,BR,2023-02-05,2023-02-05,2024-04-28T18:26:14,2024-04-28T18:26:14
4609,3.26,91.14,43,60,True,False,JP,US,2020-04-27,2020-04-27,2022-03-23T23:13:53,
4610,65.29,94.98,96,92,False,False,AU,UK,2021-01-23,2021-01-23,2022-07-04T15:15:24,
4611,56.37,57.47,26,59,True,True,DE,BR,2021-01-08,2021-01-08,2020-01-24T06:54:44,2020-01-24T06:54:44
4612,10.85,48.01,36,63,False,True,DE,UK,2023-12-30,,2024-07-06T13:56:46,2024-07-06T13:56:46
4613,10.61,1.16,5,1,True,True,BR,DE,2020-02-20,2020-02-20,2023-04-25T17:13:04,2023-04-25T17:13:04
4614,92.5,24.03,43,99,False,False,FR,US,2021-11-11,2021-11-11,2021-04-04T07:51:24,2021-04-04T07:51:24
4615,30.73,87.99,27,51,True,True,UK,DE,2023-12-01,2023-12-01,2021-08-11T16:02:12,2021-08-11T16:02:12
4616,15.14,48.61,30,111,True,False,UK,,2020-11-20,2020-11-20,2021-02-25T04:20:22,
4617,67.76,68.05,81,30,True,,US,CA,2024-09-21,2024-09-21,2023-10-13T15:12:41,2023-10-13T15:12:41
4618,7.24,71.82,100,67,False,False,DE,BR,2023-09-21,2023-09-21,2022-07-26T00:44:50,2022-07-26T00:44:50
4619,70.14,51.4,36,92,False,True,CA,UK,2022-07-17,2022-07-17,2020-11-07T14:28:54,2020-11-07T14:28:54
4620,75.21,51.84,85,103,False,False,AU,CA,2022-04-24,2022-04-24,2022-11-30T01:35:57,2022-11-30T01:35:57
4621,2.86,32.7,3,23,True,True,US,BR,2021-11-13,2021-11-13,2020-04-18T21:24:02,
4622,11.92,18.51,63,108,False,True,JP,DE,2022-01-04,2022-01-04,2024-11-06T05:42:55,2024-11-06T05:42:55
4623,48.2,16.55,48,103,False,False,FR,UK,2022-01-02,2022-01-02,2022-05-04T10:16:05,2022-05-04T10:16:05
4624,43.82,4.78,28,42,False,False,FR,AU,2021-01-11,2021-01-11,2024-10-31T15:43:09,2024-10-31T15:43:09
4625,69.74,39.82,29,93,True,False,DE,,2022-04-09,2022-04-09,2020-02-08T11:47:38,2020-02-08T11:47:38
4626,31.34,79.08,75,42,False,False,DE,AU,2024-05-24,2024-05-24,2021-11-19T02:54:23,
4627,93.92,,77,57,True,True,AU,DE,2022-07-17,2022-07-17,2024-06-06T18:45:59,2024-06-06T18:45:59
4628,9.94,7.31,74,20,False,False,UK,US,2020-06-03,2020-06-03,2020-03-22T14:35:11,2020-03-22T14:35:11
4629,9.53,32.61,108,29,True,False,UK,US,2023-10-31,2023-10-31,2020-04-07T21:29:29,2020-04-07T21:29:29
4630,80.26,,31,19,False,False,US,,2021-04-22,2021-04-22,2021-07-15T08:09:53,2021-07-15T08:09:53
4631,15.61,37.09,81,30,False,False,CA,US,2020-12-25,2020-12-25,2020-12-01T01:33:04,2020-12-01T01:33:04
4632,45.74,79.95,72,21,False,False,JP,BR,2024-05-23,2024-05-23,2021-06-03T23:22:30,2021-06-03T23:22:30
4633,10.97,67.7,102,99,True,False,DE,US,2022-06-25,2022-06-25,2021-05-10T01:14:08,2021-05-10T01:14:08
4634,27.98,15.75,97,43,False,False,FR,FR,2020-06-08,2020-06-08,2022-01-30T18:58:10,2022-01-30T18:58:10
4635,96.27,21.78,80,104,False,False,AU,BR,2022-05-19,2022-05-19,2020-11-15T02:53:17,2020-11-15T02:53:17
4636,64.22,49.85,2,36,False,,CA,,2021-07-29,2021-07-29,2024-10-25T17:38:47,2024-10-25T17:38:47
4637,63.95,36.22,58,101,False,False,US,FR,2020-03-17,2020-03-17,2023-04-16T13:26:24,2023-04-16T13:26:24
4638,76.65,37.08,114,85,False,False,AU,BR,2023-05-04,2023-05-04,2020-01-01T08:09:11,2020-01-01T08:09:11
4639,42.18,37.69,48,110,True,True,US,DE,2022-07-24,2022-07-24,2024-04-22T04:44:46,2024-04-22T04:44:46
4640,97.46,30.82,44,69,True,False,DE,DE,2020-06-24,2020-06-24,2021-11-05T11:49:51,2021-11-05T11:49:51
4641,48.83,50.54,92,93,True,False,CA,BR,2024-06-14,,2020-07-12T04:41:17,2020-07-12T04:41:17
4642,82.86,67.93,44,76,True,False,CA,FR,2022-03-11,2022-03-11,2024-12-23T12:19:19,2024-12-23T12:19:19
4643,64.12,54.16,38,84,False,False,FR,AU,2020-12-11,2020-12-11,2022-08-04T05:27:18,2022-08-04T05:27:18
4644,94.28,49.78,90,69,False,,JP,DE,2020-07-25,2020-07-25,2024-01-22T14:33:56,2024-01-22T14:33:56
4645,56.86,18.99,78,,True,,AU,,2022-03-16,2022-03-16,2023-11-11T01:25:55,
4646,53.7,92.5,65,83,True,False,AU,US,2021-03-02,2021-03-02,2021-02-06T18:15:21,2021-02-06T18:15:21
4647,16.05,,58,57,True,False,CA,AU,2022-04-21,2022-04-21,2020-02-29T14:52:27,2020-02-29T14:52:27
4648,4.1,10.14,48,66,True,False,FR,BR,2021-09-26,2021-09-26,2021-03-19T01:09:57,2021-03-19T01:09:57
4649,19.62,24.91,73,79,True,True,UK,CA,2023-10-07,2023-10-07,2024-07-19T04:32:32,2024-07-19T04:32:32
4650,93.36,62.54,43,47,True,,FR,US,2023-05-09,,2024-06-19T03:07:01,2024-06-19T03:07:01
4651,10.25,66.71,57,2,False,,JP,BR,2023-05-29,2023-05-29,2021-02-19T16:14:55,2021-02-19T16:14:55
4652,61.67,92.73,85,50,False,True,CA,BR,2022-05-08,2022-05-08,2022-06-16T19:41:22,2022-06-16T19:41:22
4653,66.39,81.16,85,,True,,US,BR,2021-07-16,2021-07-16,2024-10-17T13:54:41,2024-10-17T13:54:41
4654,46.78,14.66,47,,False,,BR,CA,2022-07-24,2022-07-24,2021-12-04T17:39:26,2021-12-04T17:39:26
4655,37.71,48.79,62,,True,True,UK,UK,2021-07-18,2021-07-18,2022-03-21T13:45:14,2022-03-21T13:45:14
4656,99.72,10.45,60,109,True,False,DE,AU,2020-09-25,,2020-09-14T19:39:56,2020-09-14T19:39:56
4657,62.12,77.76,8,66,True,False,UK,UK,2021-10-27,2021-10-27,2020-01-01T10:17:05,2020-01-01T10:17:05
4658,86.26,95.6,67,47,True,False,JP,JP,2024-09-19,2024-09-19,2021-01-28T06:19:36,
4659,96.38,86.86,59,40,True,False,AU,FR,2024-07-04,2024-07-04,2024-06-23T20:52:48,2024-06-23T20:52:48
4660,84.33,43.88,108,103,False,False,CA,AU,2022-02-14,2022-02-14,2021-04-26T18:17:19,2021-04-26T18:17:19
4661,33.4,,32,45,True,False,UK,US,2023-04-23,,2023-04-09T15:31:41,2023-04-09T15:31:41
4662,66.0,,109,95,False,True,BR,UK,2022-02-13,2022-02-13,2021-05-23T07:41:58,2021-05-23T07:41:58
4663,15.93,,77,107,False,False,AU,US,2023-04-27,,2020-01-28T20:16:14,2020-01-28T20:16:14
4664,47.25,55.89,14,45,False,True,UK,US,2024-03-29,2024-03-29,2024-11-30T12:43:54,2024-11-30T12:43:54
4665,53.34,9.37,116,94,True,,JP,CA,2020-04-28,2020-04-28,2021-10-05T19:45:37,2021-10-05T19:45:37
4666,67.86,1.31,58,108,True,False,CA,,2020-12-04,2020-12-04,2024-07-31T15:04:21,2024-07-31T15:04:21
4667,85.18,77.32,50,,True,True,CA,DE,2022-10-23,2022-10-23,2020-10-12T06:34:33,2020-10-12T06:34:33
4668,8.7,,5,17,False,False,CA,AU,2020-01-23,2020-01-23,2021-11-04T20:21:26,
4669,87.14,53.3,29,67,True,False,FR,AU,2021-10-30,2021-10-30,2020-11-14T08:48:04,2020-11-14T08:48:04
4670,8.17,3.79,21,,False,False,DE,FR,2023-07-05,2023-07-05,2024-08-12T15:41:51,2024-08-12T15:41:51
4671,88.73,,0,40,False,True,DE,DE,2024-04-09,2024-04-09,2024-12-21T08:31:32,2024-12-21T08:31:32
4672,32.81,76.6,1,75,True,True,DE,US,2023-12-14,2023-12-14,2023-07-15T12:11:03,2023-07-15T12:11:03
4673,35.91,84.46,70,67,True,False,BR,DE,2024-12-15,2024-12-15,2020-04-09T18:17:18,2020-04-09T18:17:18
4674,79.64,73.18,106,7,True,False,CA,AU,2023-07-04,2023-07-04,2020-06-19T09:09:11,2020-06-19T09:09:11
4675,24.0,22.44,4,46,True,False,US,AU,2020-11-06,2020-11-06,2023-09-13T10:08:02,
4676,83.27,2.76,17,34,False,False,DE,,2024-10-07,2024-10-07,2020-06-20T16:42:54,2020-06-20T16:42:54
4677,53.91,3.88,67,97,True,False,CA,FR,2024-08-29,2024-08-29,2024-12-23T09:54:10,2024-12-23T09:54:10
4678,55.52,35.63,84,62,False,False,UK,JP,2021-09-22,2021-09-22,2022-01-14T16:54:32,2022-01-14T16:54:32
4679,39.65,92.03,12,101,False,False,AU,US,2021-12-28,2021-12-28,2024-05-07T03:45:31,2024-05-07T03:45:31
4680,39.86,66.48,112,68,False,True,AU,DE,2023-09-29,2023-09-29,2021-04-30T05:40:17,2021-04-30T05:40:17
4681,63.71,,59,13,False,True,US,,2021-11-14,2021-11-14,2024-08-02T00:30:46,2024-08-02T00:30:46
4682,73.51,64.39,90,50,False,True,UK,US,2023-08-16,2023-08-16,2024-07-26T19:09:02,2024-07-26T19:09:02
4683,93.67,33.07,9,,True,False,CA,UK,2021-02-03,2021-02-03,2023-06-02T00:46:46,2023-06-02T00:46:46
4684,74.57,13.21,116,,False,False,UK,FR,2020-07-20,2020-07-20,2024-06-22T16:04:50,2024-06-22T16:04:50
4685,26.2,20.1,25,72,False,False,AU,AU,2020-03-28,2020-03-28,2024-08-08T03:33:39,2024-08-08T03:33:39
4686,82.41,74.11,31,26,True,False,JP,FR,2023-10-17,2023-10-17,2021-04-11T20:58:28,2021-04-11T20:58:28
4687,25.16,55.49,68,25,False,False,FR,UK,2024-10-31,2024-10-31,2022-02-24T16:11:26,2022-02-24T16:11:26
4688,65.17,60.7,25,115,True,False,AU,FR,2021-12-08,2021-12-08,2020-01-18T05:05:08,2020-01-18T05:05:08
4689,94.52,51.43,81,65,True,False,FR,JP,2021-01-06,2021-01-06,2022-04-21T07:38:02,2022-04-21T07:38:02
4690,13.78,64.65,18,82,True,True,CA,,2021-08-31,2021-08-31,2024-12-21T08:18:38,2024-12-21T08:18:38
4691,30.52,71.56,54,23,False,True,BR,JP,2021-01-28,2021-01-28,2022-02-12T11:29:26,2022-02-12T11:29:26
4692,18.18,27.76,100,29,False,False,US,,2022-02-08,2022-02-08,2020-05-01T14:25:27,2020-05-01T14:25:27
4693,29.64,7.96,62,48,False,False,DE,FR,2020-07-02,2020-07-02,2023-09-05T06:13:07,2023-09-05T06:13:07
4694,80.38,83.45,28,88,True,True,AU,CA,2020-05-05,2020-05-05,2021-06-28T16:04:25,2021-06-28T16:04:25
4695,20.2,78.89,112,75,False,False,DE,US,2021-10-25,2021-10-25,2023-09-02T21:09:33,
4696,41.81,65.88,0,69,True,True,BR,BR,2021-03-31,2021-03-31,2021-02-19T13:58:34,2021-02-19T13:58:34
4697,88.84,25.2,17,104,True,True,UK,BR,2023-05-24,2023-05-24,2020-05-02T16:26:23,2020-05-02T16:26:23
4698,31.09,52.97,80,10,True,True,US,UK,2023-04-12,2023-04-12,2020-07-18T12:28:15,2020-07-18T12:28:15
4699,8.79,5.56,24,,False,False,FR,UK,2020-07-27,,2022-07-07T01:12:08,2022-07-07T01:12:08
4700,29.31,95.61,71,45,True,True,DE,US,2024-09-01,2024-09-01,2022-07-09T12:59:03,2022-07-09T12:59:03
4701,98.14,10.1,107,102,False,False,UK,UK,2024-12-23,2024-12-23,2023-04-21T01:31:18,
4702,52.69,53.65,70,72,True,False,BR,BR,2024-08-24,2024-08-24,2024-01-11T01:39:43,2024-01-11T01:39:43
4703,48.04,82.77,84,52,False,True,BR,US,2020-01-13,2020-01-13,2024-03-27T04:58:32,2024-03-27T04:58:32
4704,44.62,,66,118,False,False,UK,US,2022-07-27,2022-07-27,2024-12-15T04:51:56,2024-12-15T04:51:56
4705,30.66,65.12,77,,False,False,US,FR,2024-01-27,2024-01-27,2024-12-21T10:53:00,2024-12-21T10:53:00
4706,61.6,47.16,51,69,False,True,FR,US,2022-01-08,2022-01-08,2021-02-13T19:27:02,2021-02-13T19:27:02
4707,30.52,3.81,40,32,False,False,UK,CA,2023-08-08,2023-08-08,2022-03-16T07:48:51,2022-03-16T07:48:51
4708,48.56,28.12,50,85,False,False,CA,,2021-04-21,2021-04-21,2021-11-02T21:13:33,2021-11-02T21:13:33
4709,14.81,78.66,84,94,True,False,BR,BR,2021-03-30,2021-03-30,2023-12-14T13:41:43,2023-12-14T13:41:43
4710,90.59,54.39,110,71,True,True,DE,BR,2020-04-28,2020-04-28,2020-06-04T18:26:03,
4711,47.45,43.67,81,74,False,True,CA,JP,2020-04-10,2020-04-10,2024-04-12T19:27:29,2024-04-12T19:27:29
4712,69.05,12.34,69,,False,False,CA,FR,2022-10-03,,2023-07-19T04:37:00,2023-07-19T04:37:00
4713,78.92,36.85,31,44,True,False,DE,AU,2020-08-17,,2023-08-26T14:50:47,2023-08-26T14:50:47
4714,13.28,77.29,87,40,True,False,DE,US,2022-08-15,2022-08-15,2023-12-30T17:27:13,
4715,71.06,,36,,False,False,JP,JP,2020-09-18,2020-09-18,2021-03-07T17:23:27,2021-03-07T17:23:27
4716,20.58,0.78,88,37,False,True,CA,DE,2021-02-10,2021-02-10,2024-09-09T15:22:02,2024-09-09T15:22:02
4717,22.72,48.84,77,33,True,False,BR,US,2021-05-26,2021-05-26,2021-01-04T01:12:02,
4718,23.18,,16,113,True,True,AU,JP,2024-08-07,2024-08-07,2021-08-18T00:03:13,2021-08-18T00:03:13
4719,30.21,,31,87,True,False,FR,US,2020-03-31,2020-03-31,2024-08-24T04:34:09,2024-08-24T04:34:09
4720,3.98,83.86,119,61,True,True,DE,US,2020-12-21,2020-12-21,2020-04-21T08:09:30,2020-04-21T08:09:30
4721,67.57,9.98,102,36,False,True,FR,US,2021-04-12,2021-04-12,2021-12-25T04:01:28,2021-12-25T04:01:28
4722,85.31,80.54,62,71,False,False,FR,US,2021-01-30,,2024-09-24T05:54:04,2024-09-24T05:54:04
4723,31.01,81.96,75,41,False,True,BR,BR,2024-03-15,2024-03-15,2024-08-13T07:12:00,2024-08-13T07:12:00
4724,46.36,89.91,87,17,False,False,BR,CA,2022-01-06,,2023-07-10T16:47:35,
4725,95.98,95.49,94,102,True,True,FR,CA,2024-02-29,2024-02-29,2022-10-30T06:12:05,2022-10-30T06:12:05
4726,76.35,20.34,106,7,True,False,DE,BR,2024-08-11,2024-08-11,2023-06-01T02:27:28,2023-06-01T02:27:28
4727,36.64,36.25,18,82,True,True,AU,AU,2024-03-15,2024-03-15,2023-06-02T00:29:16,2023-06-02T00:29:16
4728,25.83,10.63,108,69,True,False,DE,JP,2020-08-30,2020-08-30,2022-10-20T15:32:45,2022-10-20T15:32:45
4729,52.74,55.21,71,51,True,,UK,DE,2020-10-22,,2024-05-02T06:42:07,2024-05-02T06:42:07
4730,36.87,73.39,59,47,False,True,AU,JP,2020-04-24,,2024-10-20T14:22:55,2024-10-20T14:22:55
4731,51.42,49.88,40,8,True,False,FR,DE,2024-02-02,2024-02-02,2024-04-11T10:44:32,
4732,7.32,72.43,103,83,True,False,US,FR,2022-10-16,2022-10-16,2021-08-26T17:29:14,2021-08-26T17:29:14
4733,8.81,,110,107,False,False,JP,BR,2023-07-05,2023-07-05,2023-12-30T04:02:14,2023-12-30T04:02:14
4734,71.92,98.66,36,81,False,False,UK,AU,2022-10-19,2022-10-19,2024-04-27T15:40:28,2024-04-27T15:40:28
4735,96.37,65.13,58,55,True,True,FR,DE,2020-02-07,2020-02-07,2023-02-07T06:16:37,2023-02-07T06:16:37
4736,43.75,2.26,102,69,False,False,DE,AU,2022-08-29,2022-08-29,2023-05-21T01:23:54,2023-05-21T01:23:54
4737,85.39,75.43,21,49,True,False,FR,US,2022-02-13,2022-02-13,2024-12-29T22:23:43,2024-12-29T22:23:43
4738,4.02,63.45,9,13,False,True,FR,BR,2023-11-16,2023-11-16,2022-06-07T21:48:13,2022-06-07T21:48:13
4739,87.55,95.74,95,81,False,True,UK,UK,2022-11-23,2022-11-23,2023-06-23T13:11:31,
4740,3.18,78.01,72,44,True,False,BR,CA,2023-09-05,2023-09-05,2023-02-20T16:37:50,
4741,82.06,19.44,118,57,False,True,FR,US,2023-10-04,,2023-08-26T06:06:34,2023-08-26T06:06:34
4742,28.26,57.81,96,9,False,True,BR,UK,2021-01-06,2021-01-06,2022-04-18T13:12:56,2022-04-18T13:12:56
4743,80.39,,98,44,False,False,AU,UK,2023-07-28,2023-07-28,2023-12-11T03:58:51,2023-12-11T03:58:51
4744,1.91,47.82,68,1,True,False,CA,CA,2024-04-10,2024-04-10,2022-09-22T09:37:11,
4745,20.36,20.94,108,85,True,False,UK,BR,2022-02-02,2022-02-02,2022-01-24T04:25:46,2022-01-24T04:25:46
4746,36.21,43.47,87,93,True,True,BR,,2021-02-12,2021-02-12,2020-04-30T21:47:55,
4747,82.06,33.33,47,51,False,False,BR,DE,2021-11-28,2021-11-28,2024-06-01T10:20:46,2024-06-01T10:20:46
4748,52.9,7.5,16,53,False,False,US,AU,2023-06-10,2023-06-10,2020-07-30T09:27:22,2020-07-30T09:27:22
4749,18.82,97.28,116,,True,True,AU,UK,2021-10-22,2021-10-22,2021-08-06T01:04:36,2021-08-06T01:04:36
4750,10.1,96.54,42,60,False,False,UK,BR,2022-03-31,2022-03-31,2022-08-09T01:07:27,2022-08-09T01:07:27
4751,61.45,77.05,93,50,True,True,AU,US,2020-12-09,2020-12-09,2021-09-29T02:38:44,2021-09-29T02:38:44
4752,22.94,83.19,95,30,True,True,UK,CA,2023-11-21,2023-11-21,2023-04-10T07:17:47,2023-04-10T07:17:47
4753,67.48,4.72,86,14,False,False,CA,UK,2022-11-13,2022-11-13,2023-04-22T20:35:50,2023-04-22T20:35:50
4754,24.24,99.22,70,54,False,False,DE,FR,2023-09-29,2023-09-29,2021-07-15T03:35:27,2021-07-15T03:35:27
4755,92.32,2.67,24,75,False,False,US,DE,2022-05-09,2022-05-09,2020-10-06T11:36:46,2020-10-06T11:36:46
4756,8.51,82.28,18,11,False,True,AU,BR,2023-12-09,2023-12-09,2021-10-14T02:31:38,2021-10-14T02:31:38
4757,67.23,51.09,36,34,False,False,BR,FR,2021-09-03,2021-09-03,2020-04-08T19:02:13,
4758,36.55,21.7,45,52,False,True,FR,AU,2024-02-03,2024-02-03,2020-02-03T08:40:18,2020-02-03T08:40:18
4759,81.88,,70,18,False,False,US,FR,2023-07-02,2023-07-02,2024-10-20T11:37:55,
4760,16.04,40.42,61,79,True,False,US,UK,2020-04-07,2020-04-07,2021-08-11T12:35:06,2021-08-11T12:35:06
4761,20.57,30.7,21,81,False,True,DE,JP,2020-07-03,2020-07-03,2021-04-07T20:08:45,2021-04-07T20:08:45
4762,64.78,98.13,84,118,True,True,DE,UK,2023-06-16,2023-06-16,2022-09-02T18:26:46,
4763,23.3,79.08,30,108,True,True,US,AU,2024-01-17,2024-01-17,2020-08-26T13:42:12,2020-08-26T13:42:12
4764,40.93,72.99,78,78,False,,DE,JP,2022-10-04,2022-10-04,2024-06-21T02:02:47,2024-06-21T02:02:47
4765,77.2,31.85,47,77,True,True,AU,CA,2024-06-27,2024-06-27,2020-11-07T06:29:04,2020-11-07T06:29:04
4766,73.88,74.62,2,11,True,False,DE,DE,2021-12-18,2021-12-18,2020-12-31T10:17:53,2020-12-31T10:17:53
4767,32.66,18.6,84,44,True,False,UK,US,2023-09-17,2023-09-17,2024-02-10T03:09:43,2024-02-10T03:09:43
4768,34.36,46.77,106,63,True,False,UK,CA,2021-11-22,2021-11-22,2020-11-28T19:16:57,2020-11-28T19:16:57
4769,88.22,66.32,104,11,False,True,JP,CA,2024-05-10,2024-05-10,2023-01-21T19:03:50,2023-01-21T19:03:50
4770,68.47,83.32,56,40,False,False,AU,AU,2022-07-07,2022-07-07,2023-01-17T23:07:12,2023-01-17T23:07:12
4771,29.97,42.3,68,61,False,True,JP,,2022-06-05,2022-06-05,2023-05-07T00:01:50,2023-05-07T00:01:50
4772,80.4,33.58,49,94,False,True,JP,BR,2021-06-07,2021-06-07,2023-04-25T15:29:48,2023-04-25T15:29:48
4773,35.95,,9,43,False,False,AU,BR,2023-01-19,2023-01-19,2021-12-04T08:11:14,2021-12-04T08:11:14
4774,5.51,29.35,82,105,True,False,UK,FR,2020-01-19,2020-01-19,2024-08-03T03:36:31,2024-08-03T03:36:31
4775,34.27,86.23,2,21,False,False,AU,CA,2021-10-22,2021-10-22,2022-12-21T01:38:42,2022-12-21T01:38:42
4776,68.21,67.69,35,,False,True,UK,BR,2021-06-26,2021-06-26,2023-07-23T15:54:49,2023-07-23T15:54:49
4777,4.96,25.8,111,74,False,,AU,JP,2024-02-25,2024-02-25,2020-10-15T11:39:07,2020-10-15T11:39:07
4778,68.78,8.42,17,109,False,True,JP,UK,2023-04-16,2023-04-16,2020-08-23T04:03:53,2020-08-23T04:03:53
4779,61.71,7.09,41,22,True,True,CA,FR,2023-01-20,2023-01-20,2022-09-29T00:41:57,2022-09-29T00:41:57
4780,90.81,81.34,68,43,False,True,DE,US,2024-09-22,2024-09-22,2024-12-10T22:41:05,2024-12-10T22:41:05
4781,60.21,15.86,100,17,True,False,US,UK,2023-01-07,2023-01-07,2022-03-29T08:03:07,2022-03-29T08:03:07
4782,68.31,67.1,56,24,True,True,US,AU,2024-01-26,2024-01-26,2023-08-18T12:08:11,2023-08-18T12:08:11
4783,4.13,12.24,53,66,True,,UK,FR,2021-05-28,2021-05-28,2024-03-13T09:43:56,2024-03-13T09:43:56
4784,36.01,61.74,49,81,True,False,JP,BR,2024-12-23,2024-12-23,2021-09-03T23:00:37,2021-09-03T23:00:37
4785,60.63,99.56,83,,True,False,JP,US,2021-04-06,2021-04-06,2020-10-29T10:25:00,2020-10-29T10:25:00
4786,15.47,61.84,16,102,False,False,BR,,2023-09-23,2023-09-23,2021-01-07T18:50:09,2021-01-07T18:50:09
4787,73.26,9.09,11,112,True,False,UK,UK,2024-10-06,2024-10-06,2024-05-27T08:29:36,2024-05-27T08:29:36
4788,36.83,80.2,97,0,False,True,US,UK,2020-09-27,2020-09-27,2024-02-09T01:28:21,2024-02-09T01:28:21
4789,10.87,0.13,93,80,True,,US,AU,2024-02-17,2024-02-17,2022-09-01T13:49:22,2022-09-01T13:49:22
4790,70.67,67.19,100,35,True,False,CA,UK,2021-06-04,2021-06-04,2020-12-13T20:36:27,2020-12-13T20:36:27
4791,38.54,44.63,30,12,False,True,FR,DE,2023-09-06,2023-09-06,2022-01-21T09:33:49,2022-01-21T09:33:49
4792,30.03,37.11,63,114,True,False,JP,UK,2024-08-07,2024-08-07,2020-12-01T19:46:53,2020-12-01T19:46:53
4793,9.52,68.63,106,13,True,False,AU,UK,2023-05-11,,2020-06-29T16:01:45,2020-06-29T16:01:45
4794,74.94,41.0,98,33,True,True,UK,CA,2024-12-29,2024-12-29,2024-02-05T20:02:29,2024-02-05T20:02:29
4795,92.49,41.04,81,89,False,True,AU,AU,2023-02-01,2023-02-01,2024-08-13T11:29:06,2024-08-13T11:29:06
4796,14.26,24.81,7,51,False,True,US,CA,2022-11-08,2022-11-08,2024-03-21T13:23:06,
4797,29.42,27.72,1,44,False,,CA,CA,2020-06-02,2020-06-02,2023-05-26T18:42:06,2023-05-26T18:42:06
4798,80.39,65.3,36,,False,False,AU,US,2023-09-04,,2024-10-04T08:17:48,2024-10-04T08:17:48
4799,64.56,32.83,93,8,False,,FR,CA,2023-03-25,2023-03-25,2024-12-11T07:58:50,2024-12-11T07:58:50
4800,86.63,,84,117,False,False,DE,JP,2023-03-16,2023-03-16,2021-05-07T05:07:21,2021-05-07T05:07:21
4801,16.38,77.91,72,14,True,False,DE,DE,2020-04-03,2020-04-03,2022-01-08T19:44:59,2022-01-08T19:44:59
4802,20.42,49.39,27,4,True,False,US,FR,2022-06-16,2022-06-16,2023-02-12T02:23:23,2023-02-12T02:23:23
4803,62.88,63.82,4,73,False,False,AU,JP,2020-08-18,2020-08-18,2024-11-09T06:00:58,2024-11-09T06:00:58
4804,25.33,2.98,31,95,False,,JP,CA,2020-11-10,2020-11-10,2020-01-15T09:04:03,2020-01-15T09:04:03
4805,35.83,,107,19,False,False,US,,2020-10-28,2020-10-28,2022-02-06T06:55:17,
4806,81.74,21.17,83,114,False,True,CA,DE,2022-09-28,2022-09-28,2022-04-12T04:55:43,2022-04-12T04:55:43
4807,0.76,7.74,68,84,False,False,US,US,2024-05-13,2024-05-13,2021-11-23T12:01:02,2021-11-23T12:01:02
4808,5.83,16.68,3,102,False,False,CA,UK,2022-10-30,2022-10-30,2023-09-26T05:14:03,2023-09-26T05:14:03
4809,61.24,20.6,90,40,False,True,AU,BR,2023-10-19,,2024-09-17T08:52:57,2024-09-17T08:52:57
4810,57.14,58.04,44,74,True,False,DE,DE,2022-06-30,,2022-12-25T12:09:13,2022-12-25T12:09:13
4811,92.19,69.35,27,17,False,False,FR,JP,2022-12-10,2022-12-10,2020-04-24T15:03:36,2020-04-24T15:03:36
4812,94.0,86.94,93,44,True,True,US,JP,2024-10-05,2024-10-05,2024-08-18T05:28:40,2024-08-18T05:28:40
4813,5.31,65.93,39,58,False,False,US,JP,2022-08-16,2022-08-16,2021-09-23T22:34:35,2021-09-23T22:34:35
4814,86.73,,33,9,True,True,FR,BR,2022-01-29,2022-01-29,2021-01-29T09:13:25,2021-01-29T09:13:25
4815,28.83,2.06,17,78,False,,US,AU,2022-09-05,2022-09-05,2020-05-14T13:50:51,
4816,2.45,84.25,81,98,True,True,DE,BR,2022-12-14,,2023-05-15T18:07:34,2023-05-15T18:07:34
4817,84.08,42.74,0,75,True,False,UK,BR,2023-03-22,2023-03-22,2024-09-18T11:10:20,2024-09-18T11:10:20
4818,61.22,83.68,10,100,False,True,US,BR,2024-01-07,2024-01-07,2021-10-19T23:23:00,2021-10-19T23:23:00
4819,31.91,74.14,25,26,False,False,FR,CA,2021-01-12,2021-01-12,2024-01-27T21:09:57,2024-01-27T21:09:57
4820,73.25,95.1,117,,True,False,BR,US,2022-08-15,2022-08-15,2023-04-05T15:11:03,2023-04-05T15:11:03
4821,96.83,88.4,43,113,False,False,FR,FR,2021-08-23,2021-08-23,2021-11-20T07:14:17,2021-11-20T07:14:17
4822,82.66,19.78,111,116,False,True,FR,CA,2021-08-08,2021-08-08,2022-11-19T02:52:04,2022-11-19T02:52:04
4823,43.59,34.53,67,78,True,False,BR,US,2023-07-09,2023-07-09,2021-12-09T10:39:07,2021-12-09T10:39:07
4824,79.67,76.85,62,119,True,False,US,JP,2022-05-03,,2023-11-01T06:53:14,
4825,58.01,73.59,47,49,False,True,US,DE,2024-04-23,2024-04-23,2020-06-06T07:33:38,2020-06-06T07:33:38
4826,95.62,95.02,38,51,False,False,AU,AU,2020-09-28,2020-09-28,2022-07-12T23:50:30,2022-07-12T23:50:30
4827,47.55,76.12,0,58,False,True,CA,US,2023-11-07,2023-11-07,2022-02-01T08:35:59,2022-02-01T08:35:59
4828,12.33,,40,69,True,True,CA,UK,2023-09-13,2023-09-13,2023-11-14T10:50:18,2023-11-14T10:50:18
4829,97.48,30.54,82,62,True,True,BR,DE,2023-05-11,2023-05-11,2024-09-27T13:02:49,
4830,68.91,60.62,69,32,True,True,CA,AU,2023-02-24,2023-02-24,2022-02-05T07:22:40,2022-02-05T07:22:40
4831,17.5,94.74,64,50,True,True,BR,DE,2024-07-23,2024-07-23,2021-01-09T02:10:26,2021-01-09T02:10:26
4832,16.75,33.32,21,119,False,False,JP,UK,2024-07-03,2024-07-03,2022-10-07T05:41:33,2022-10-07T05:41:33
4833,51.42,62.34,115,89,False,False,US,UK,2023-09-02,2023-09-02,2020-11-08T17:03:58,2020-11-08T17:03:58
4834,51.36,25.78,12,24,False,False,UK,US,2022-03-07,2022-03-07,2024-08-11T06:29:56,2024-08-11T06:29:56
4835,47.27,74.16,54,58,True,True,AU,FR,2020-04-10,2020-04-10,2021-11-04T20:09:13,2021-11-04T20:09:13
4836,69.17,42.23,63,29,True,True,DE,AU,2022-06-09,2022-06-09,2024-09-17T18:56:47,2024-09-17T18:56:47
4837,26.55,85.68,101,31,False,False,UK,,2023-07-20,2023-07-20,2020-12-28T14:45:02,2020-12-28T14:45:02
4838,33.69,30.8,9,52,True,True,UK,UK,2021-04-27,2021-04-27,2023-05-01T02:22:50,
4839,99.64,28.42,41,55,True,True,JP,JP,2024-01-13,2024-01-13,2020-04-29T20:09:08,2020-04-29T20:09:08
4840,26.07,34.39,51,,False,False,FR,AU,2021-07-27,2021-07-27,2024-03-11T03:30:17,2024-03-11T03:30:17
4841,26.18,77.69,12,64,False,True,FR,UK,2021-06-06,2021-06-06,2023-05-31T22:03:36,2023-05-31T22:03:36
4842,90.93,61.2,25,,False,True,DE,JP,2020-06-29,2020-06-29,2022-09-19T05:16:06,2022-09-19T05:16:06
4843,73.51,6.71,48,51,False,True,DE,CA,2024-06-02,2024-06-02,2021-12-17T01:30:55,2021-12-17T01:30:55
4844,20.6,55.8,30,56,False,True,JP,UK,2022-07-14,2022-07-14,2021-04-21T21:32:45,2021-04-21T21:32:45
4845,42.22,8.14,51,,True,False,AU,BR,2021-11-14,2021-11-14,2020-11-13T13:00:27,2020-11-13T13:00:27
4846,56.99,2.36,67,95,True,False,FR,US,2020-12-11,,2020-10-10T12:57:37,2020-10-10T12:57:37
4847,63.64,26.27,48,,False,,JP,US,2021-04-08,2021-04-08,2020-07-06T05:50:41,
4848,95.05,4.38,71,26,True,False,DE,AU,2021-01-17,,2024-10-21T12:51:33,2024-10-21T12:51:33
4849,27.56,16.48,103,22,False,False,US,DE,2021-05-03,2021-05-03,2020-05-06T17:08:48,2020-05-06T17:08:48
4850,50.14,93.98,62,15,False,False,AU,CA,2022-09-10,2022-09-10,2024-05-07T15:34:38,2024-05-07T15:34:38
4851,95.56,7.38,69,17,False,,BR,US,2024-07-01,2024-07-01,2023-08-03T15:29:20,2023-08-03T15:29:20
4852,59.81,,77,112,False,True,US,JP,2021-08-29,2021-08-29,2024-01-05T04:57:09,2024-01-05T04:57:09
4853,19.12,98.69,61,53,True,True,US,DE,2024-10-15,2024-10-15,2022-09-26T12:51:26,2022-09-26T12:51:26
4854,2.27,37.74,27,27,True,,US,UK,2023-11-17,2023-11-17,2022-06-23T18:29:00,2022-06-23T18:29:00
4855,69.0,79.73,36,104,False,False,DE,AU,2023-08-24,2023-08-24,2024-10-01T02:10:39,2024-10-01T02:10:39
4856,80.37,24.86,88,116,False,False,DE,UK,2022-10-22,2022-10-22,2024-12-20T08:39:11,2024-12-20T08:39:11
4857,56.27,12.85,83,26,True,False,BR,UK,2024-03-19,2024-03-19,2020-06-01T18:49:59,2020-06-01T18:49:59
4858,29.61,,76,0,False,True,FR,UK,2023-05-07,2023-05-07,2024-07-25T15:31:05,2024-07-25T15:31:05
4859,39.61,59.3,95,5,False,False,AU,FR,2022-01-07,,2020-11-30T06:02:27,
4860,0.02,15.34,59,61,False,False,DE,DE,2022-08-20,2022-08-20,2023-02-13T22:39:53,2023-02-13T22:39:53
4861,36.81,83.35,43,110,False,True,FR,JP,2020-07-06,,2022-01-19T20:49:29,
4862,34.06,88.25,110,15,False,False,US,JP,2024-06-20,2024-06-20,2022-11-09T15:52:42,2022-11-09T15:52:42
4863,69.28,28.45,5,15,True,,JP,AU,2021-08-16,2021-08-16,2022-03-05T05:42:00,2022-03-05T05:42:00
4864,37.36,47.02,103,,True,False,CA,BR,2022-08-12,2022-08-12,2023-11-23T19:15:05,2023-11-23T19:15:05
4865,46.23,54.13,102,95,True,True,UK,AU,2022-10-12,2022-10-12,2023-11-30T19:54:36,2023-11-30T19:54:36
4866,30.61,43.45,95,79,False,True,UK,DE,2022-08-18,2022-08-18,2024-01-15T17:31:17,2024-01-15T17:31:17
4867,44.02,62.31,52,95,False,True,AU,US,2023-05-12,2023-05-12,2022-06-30T15:50:24,2022-06-30T15:50:24
4868,75.61,61.82,27,108,True,,AU,DE,2024-08-14,2024-08-14,2020-06-11T10:52:51,2020-06-11T10:52:51
4869,86.71,98.47,33,,True,False,JP,DE,2023-01-21,2023-01-21,2024-01-14T09:30:22,2024-01-14T09:30:22
4870,64.48,17.37,91,55,True,,US,FR,2024-10-04,2024-10-04,2020-07-17T05:33:23,2020-07-17T05:33:23
4871,9.78,95.58,116,114,False,False,CA,,2023-01-01,,2023-02-01T08:39:02,2023-02-01T08:39:02
4872,89.41,,81,82,False,False,US,US,2020-06-30,2020-06-30,2020-05-31T06:50:31,2020-05-31T06:50:31
4873,56.61,14.92,106,77,False,True,FR,FR,2021-05-17,2021-05-17,2024-05-24T09:51:22,2024-05-24T09:51:22
4874,53.73,62.42,116,61,True,False,FR,FR,2020-09-29,2020-09-29,2023-12-29T07:04:59,
4875,94.15,66.02,51,9,False,False,UK,DE,2024-03-14,2024-03-14,2024-04-22T10:27:22,2024-04-22T10:27:22
4876,52.86,55.31,53,66,False,False,BR,,2023-10-26,2023-10-26,2021-06-12T22:56:08,2021-06-12T22:56:08
4877,71.31,,25,100,True,True,CA,BR,2021-03-19,2021-03-19,2021-09-17T18:55:31,2021-09-17T18:55:31
4878,11.62,73.6,82,,False,True,FR,BR,2022-09-22,2022-09-22,2022-03-04T06:53:50,2022-03-04T06:53:50
4879,65.47,20.13,49,1,True,False,AU,BR,2022-03-30,2022-03-30,2023-02-10T11:27:43,2023-02-10T11:27:43
4880,60.01,29.16,29,53,True,,DE,US,2022-01-14,2022-01-14,2024-08-17T18:19:44,
4881,90.15,25.64,87,78,False,False,AU,AU,2023-10-08,2023-10-08,2023-05-22T05:23:17,2023-05-22T05:23:17
4882,20.64,95.33,55,11,True,True,AU,JP,2024-10-02,2024-10-02,2024-08-24T09:46:49,2024-08-24T09:46:49
4883,91.09,,101,7,False,True,US,CA,2020-12-12,2020-12-12,2020-06-23T21:18:21,2020-06-23T21:18:21
4884,72.12,68.66,82,51,True,True,DE,,2023-11-07,2023-11-07,2021-11-14T13:29:28,
4885,75.67,76.88,26,105,False,True,AU,US,2023-12-18,2023-12-18,2021-02-15T04:49:00,2021-02-15T04:49:00
4886,72.31,21.96,105,62,True,,AU,,2022-04-17,2022-04-17,2020-04-03T20:36:51,2020-04-03T20:36:51
4887,52.47,98.66,69,36,False,True,UK,BR,2021-05-01,2021-05-01,2021-01-11T09:05:38,2021-01-11T09:05:38
4888,75.2,19.85,44,82,False,True,CA,AU,2023-02-07,2023-02-07,2022-01-02T18:08:18,2022-01-02T18:08:18
4889,26.92,46.68,93,24,True,False,FR,,2023-12-07,2023-12-07,2021-05-02T14:07:24,2021-05-02T14:07:24
4890,48.5,77.74,7,25,True,True,US,UK,2020-12-05,2020-12-05,2022-08-31T16:10:56,2022-08-31T16:10:56
4891,41.8,16.06,88,,False,True,UK,DE,2022-08-05,2022-08-05,2022-08-11T18:25:31,2022-08-11T18:25:31
4892,11.11,14.9,10,60,False,False,UK,DE,2023-06-05,2023-06-05,2020-05-05T17:01:08,
4893,22.36,2.28,72,4,False,False,FR,JP,2023-11-02,2023-11-02,2022-09-28T09:05:06,2022-09-28T09:05:06
4894,69.95,39.59,93,41,False,,CA,UK,2024-06-25,2024-06-25,2020-12-07T16:05:34,2020-12-07T16:05:34
4895,41.72,36.51,1,79,False,True,BR,JP,2022-07-10,2022-07-10,2021-08-10T04:02:34,2021-08-10T04:02:34
4896,51.13,44.13,45,96,False,,US,FR,2020-02-03,2020-02-03,2024-02-03T17:48:08,2024-02-03T17:48:08
4897,52.71,18.9,4,,True,False,US,CA,2021-04-28,2021-04-28,2020-12-25T12:39:44,2020-12-25T12:39:44
4898,80.06,46.3,110,12,True,False,UK,DE,2024-10-24,2024-10-24,2024-08-31T12:20:20,
4899,95.32,32.74,96,108,True,False,CA,UK,2021-08-17,2021-08-17,2022-10-29T02:58:46,2022-10-29T02:58:46
4900,4.12,78.95,19,9,False,False,FR,DE,2023-05-13,2023-05-13,2020-12-16T02:21:10,2020-12-16T02:21:10
4901,59.31,28.07,31,51,False,False,US,UK,2024-10-24,2024-10-24,2023-06-20T16:08:59,2023-06-20T16:08:59
4902,90.08,49.64,63,42,True,True,BR,US,2021-03-18,2021-03-18,2020-09-02T06:53:39,2020-09-02T06:53:39
4903,66.36,91.2,19,0,False,True,JP,,2021-07-30,2021-07-30,2023-06-02T14:17:50,2023-06-02T14:17:50
4904,54.04,87.15,49,91,False,True,DE,DE,2022-10-21,,2021-06-22T00:25:48,2021-06-22T00:25:48
4905,64.94,52.48,46,101,True,True,BR,UK,2024-11-21,2024-11-21,2023-10-24T08:25:58,2023-10-24T08:25:58
4906,41.06,27.18,19,80,True,True,DE,US,2024-06-07,,2020-01-14T12:29:53,2020-01-14T12:29:53
4907,56.1,10.88,39,,False,,JP,AU,2022-07-22,2022-07-22,2020-04-27T23:33:42,2020-04-27T23:33:42
4908,23.23,21.95,64,,False,False,AU,BR,2020-02-02,2020-02-02,2024-05-26T00:32:31,2024-05-26T00:32:31
4909,36.57,43.27,17,110,False,True,BR,JP,2023-04-19,2023-04-19,2022-11-20T04:47:17,2022-11-20T04:47:17
4910,2.35,83.57,8,4,True,False,FR,JP,2020-01-26,2020-01-26,2023-09-01T14:34:03,2023-09-01T14:34:03
4911,11.88,22.82,106,,True,False,AU,FR,2022-09-10,2022-09-10,2020-05-19T04:09:06,2020-05-19T04:09:06
4912,95.66,32.61,54,47,False,False,UK,US,2021-06-20,2021-06-20,2021-02-01T07:09:01,2021-02-01T07:09:01
4913,55.98,51.98,119,49,False,True,DE,BR,2023-01-22,,2020-07-18T08:45:30,2020-07-18T08:45:30
4914,50.86,45.93,21,72,False,True,AU,BR,2021-03-01,2021-03-01,2021-05-05T16:57:43,2021-05-05T16:57:43
4915,40.65,59.43,39,20,False,False,US,BR,2023-04-07,2023-04-07,2022-10-18T01:25:39,2022-10-18T01:25:39
4916,57.88,,62,102,True,False,JP,FR,2022-12-07,2022-12-07,2022-12-27T16:35:27,2022-12-27T16:35:27
4917,33.44,24.19,68,103,False,True,US,AU,2021-01-24,2021-01-24,2020-07-05T16:44:48,2020-07-05T16:44:48
4918,80.24,81.56,88,83,True,False,BR,US,2020-01-15,2020-01-15,2024-04-10T20:16:53,2024-04-10T20:16:53
4919,85.16,30.9,5,86,True,True,CA,JP,2024-11-09,2024-11-09,2022-12-26T16:02:17,2022-12-26T16:02:17
4920,31.31,,45,49,True,True,DE,BR,2021-10-24,2021-10-24,2021-03-02T04:43:13,2021-03-02T04:43:13
4921,22.28,,43,72,True,True,DE,FR,2023-10-10,2023-10-10,2023-02-26T22:38:17,2023-02-26T22:38:17
4922,16.86,79.41,115,47,True,False,UK,UK,2024-09-16,2024-09-16,2024-07-29T20:13:08,2024-07-29T20:13:08
4923,60.01,14.05,110,62,False,True,UK,FR,2023-04-08,2023-04-08,2024-03-22T06:26:11,2024-03-22T06:26:11
4924,66.18,94.26,81,46,False,True,US,JP,2022-02-26,2022-02-26,2021-11-07T05:58:33,2021-11-07T05:58:33
4925,54.51,13.08,52,36,False,False,BR,US,2023-01-03,2023-01-03,2020-12-21T20:38:17,2020-12-21T20:38:17
4926,6.19,96.74,57,,False,False,DE,UK,2023-12-27,2023-12-27,2020-12-10T07:32:54,2020-12-10T07:32:54
4927,15.58,29.53,112,99,False,True,US,AU,2022-05-26,2022-05-26,2021-06-22T02:25:06,2021-06-22T02:25:06
4928,38.34,10.56,36,75,False,,AU,UK,2024-05-15,2024-05-15,2022-12-27T20:32:22,2022-12-27T20:32:22
4929,75.68,49.35,71,7,True,False,DE,BR,2023-12-09,2023-12-09,2023-10-25T01:24:40,2023-10-25T01:24:40
4930,36.2,,75,45,True,True,CA,BR,2024-04-14,2024-04-14,2024-12-05T03:06:23,2024-12-05T03:06:23
4931,95.81,57.66,7,119,True,False,US,DE,2020-09-24,2020-09-24,2022-09-26T18:01:09,2022-09-26T18:01:09
4932,29.65,54.47,97,43,False,False,BR,,2024-04-10,2024-04-10,2024-09-30T00:26:18,2024-09-30T00:26:18
4933,38.43,66.95,35,91,True,False,FR,JP,2021-01-21,,2023-11-21T23:00:06,2023-11-21T23:00:06
4934,23.6,,111,2,True,True,DE,BR,2020-01-09,2020-01-09,2023-06-30T09:15:33,2023-06-30T09:15:33
4935,10.32,25.46,95,72,True,True,UK,CA,2022-02-26,2022-02-26,2020-05-11T02:11:48,2020-05-11T02:11:48
4936,23.36,74.35,47,77,True,False,AU,US,2024-04-29,2024-04-29,2020-04-25T08:21:47,2020-04-25T08:21:47
4937,72.01,89.58,114,0,False,True,DE,AU,2023-06-13,2023-06-13,2023-06-13T21:58:20,2023-06-13T21:58:20
4938,92.0,90.05,104,0,False,True,BR,AU,2020-04-25,2020-04-25,2024-07-07T16:29:00,2024-07-07T16:29:00
4939,60.69,,55,28,False,True,UK,,2020-11-08,,2022-12-16T23:00:23,2022-12-16T23:00:23
4940,87.81,86.39,108,76,True,False,JP,BR,2024-10-09,2024-10-09,2021-06-02T18:59:30,2021-06-02T18:59:30
4941,25.07,9.63,85,48,False,True,JP,CA,2021-01-14,2021-01-14,2023-11-27T07:01:49,2023-11-27T07:01:49
4942,40.91,13.31,56,,True,False,AU,FR,2020-10-01,2020-10-01,2021-08-25T23:47:10,2021-08-25T23:47:10
4943,38.81,20.21,60,1,False,True,BR,UK,2020-07-08,2020-07-08,2021-06-21T03:57:23,2021-06-21T03:57:23
4944,96.27,87.79,91,29,False,,DE,UK,2024-08-01,2024-08-01,2020-02-19T00:19:48,2020-02-19T00:19:48
4945,30.21,78.7,76,118,False,True,JP,,2024-04-06,2024-04-06,2020-08-02T07:57:48,2020-08-02T07:57:48
4946,47.76,,75,50,False,False,CA,BR,2023-02-04,2023-02-04,2021-05-11T17:46:09,2021-05-11T17:46:09
4947,34.85,85.46,102,105,False,False,AU,CA,2024-06-08,2024-06-08,2023-10-31T10:46:06,
4948,17.93,12.96,32,112,False,False,BR,CA,2020-01-11,2020-01-11,2021-10-24T22:09:32,2021-10-24T22:09:32
4949,35.23,,80,17,True,False,BR,US,2020-04-30,2020-04-30,2021-01-29T16:20:05,2021-01-29T16:20:05
4950,56.31,74.45,92,105,False,True,DE,,2022-11-12,2022-11-12,2021-04-14T09:49:49,2021-04-14T09:49:49
4951,5.14,45.28,67,62,False,False,AU,UK,2021-04-26,2021-04-26,2021-07-20T13:15:31,2021-07-20T13:15:31
4952,32.87,32.24,73,114,False,True,AU,AU,2023-04-09,2023-04-09,2020-11-22T20:50:39,2020-11-22T20:50:39
4953,16.2,73.97,113,,True,False,BR,US,2022-07-21,2022-07-21,2021-05-12T04:03:46,2021-05-12T04:03:46
4954,79.34,,38,51,True,False,UK,JP,2024-05-13,2024-05-13,2024-08-05T12:10:19,2024-08-05T12:10:19
4955,91.96,9.28,107,59,False,True,FR,FR,2021-01-10,2021-01-10,2021-03-22T22:12:06,2021-03-22T22:12:06
4956,22.53,47.52,116,56,True,True,BR,DE,2023-02-27,2023-02-27,2022-12-08T20:19:55,2022-12-08T20:19:55
4957,54.66,5.31,80,,True,False,BR,AU,2020-06-30,2020-06-30,2023-03-28T03:41:01,2023-03-28T03:41:01
4958,61.47,,55,82,False,False,CA,CA,2020-05-29,2020-05-29,2021-09-16T17:59:35,2021-09-16T17:59:35
4959,22.55,10.97,96,37,True,,JP,DE,2023-11-26,,2020-04-26T08:45:23,2020-04-26T08:45:23
4960,46.22,31.86,6,,True,False,FR,AU,2023-04-25,2023-04-25,2021-09-08T16:40:52,2021-09-08T16:40:52
4961,80.33,82.22,27,20,True,False,JP,BR,2023-09-03,2023-09-03,2024-02-08T02:36:46,2024-02-08T02:36:46
4962,90.36,52.83,5,,False,True,DE,AU,2023-01-27,2023-01-27,2022-09-17T01:49:47,2022-09-17T01:49:47
4963,33.44,80.21,94,99,True,False,DE,CA,2023-06-03,2023-06-03,2023-06-23T06:30:31,2023-06-23T06:30:31
4964,15.35,56.85,52,34,True,True,UK,DE,2022-01-10,2022-01-10,2023-04-03T00:20:35,2023-04-03T00:20:35
4965,54.4,,27,110,True,False,AU,,2020-01-08,2020-01-08,2020-12-06T18:07:21,2020-12-06T18:07:21
4966,20.39,,96,44,True,False,BR,DE,2021-07-12,2021-07-12,2020-03-16T12:35:49,2020-03-16T12:35:49
4967,99.48,70.84,108,32,False,False,UK,,2022-08-20,2022-08-20,2024-02-18T08:04:50,2024-02-18T08:04:50
4968,65.25,46.9,38,17,True,True,JP,DE,2024-03-30,2024-03-30,2020-11-17T05:23:20,2020-11-17T05:23:20
4969,43.86,19.28,110,,True,False,BR,US,2020-05-11,2020-05-11,2020-03-22T14:25:13,2020-03-22T14:25:13
4970,37.55,59.2,23,102,True,True,JP,JP,2021-05-12,2021-05-12,2024-03-09T05:35:00,2024-03-09T05:35:00
4971,14.09,37.11,97,114,False,False,US,AU,2022-09-27,,2022-05-11T13:16:08,2022-05-11T13:16:08
4972,80.12,82.25,95,8,True,True,US,DE,2024-02-21,2024-02-21,2021-06-05T19:21:30,2021-06-05T19:21:30
4973,38.83,,8,25,True,False,JP,US,2022-11-15,2022-11-15,2024-05-04T00:42:11,2024-05-04T00:42:11
4974,4.29,,119,31,True,False,JP,AU,2021-06-21,2021-06-21,2024-03-27T00:30:38,2024-03-27T00:30:38
4975,2.51,43.78,112,23,False,True,JP,CA,2022-08-25,2022-08-25,2023-02-14T08:43:36,2023-02-14T08:43:36
4976,1.12,40.89,21,75,False,,AU,FR,2020-05-12,,2021-05-07T23:39:34,2021-05-07T23:39:34
4977,2.34,98.95,78,18,True,True,UK,BR,2023-11-14,2023-11-14,2023-11-09T23:08:48,2023-11-09T23:08:48
4978,30.47,1.29,87,18,True,False,BR,,2023-09-08,2023-09-08,2020-07-17T13:44:21,
4979,28.99,21.84,51,,False,False,UK,JP,2021-10-12,2021-10-12,2021-10-06T01:13:43,2021-10-06T01:13:43
4980,78.02,40.95,57,63,True,,DE,US,2021-09-28,2021-09-28,2020-08-25T10:23:28,2020-08-25T10:23:28
4981,83.18,41.14,90,100,False,False,UK,AU,2023-01-25,2023-01-25,2024-07-25T01:08:09,2024-07-25T01:08:09
4982,29.5,67.05,27,64,True,True,BR,US,2021-11-25,2021-11-25,2023-05-16T23:40:34,2023-05-16T23:40:34
4983,62.82,3.17,51,104,False,True,AU,UK,2022-10-20,2022-10-20,2020-09-05T08:56:57,2020-09-05T08:56:57
4984,56.55,63.61,54,76,True,,JP,CA,2023-08-17,2023-08-17,2024-09-06T22:26:04,2024-09-06T22:26:04
4985,91.26,46.33,115,32,True,False,JP,JP,2023-05-28,2023-05-28,2022-12-10T12:49:19,2022-12-10T12:49:19
4986,61.52,17.83,9,113,True,False,CA,,2021-03-17,2021-03-17,2020-02-28T01:39:49,2020-02-28T01:39:49
4987,83.35,3.89,95,,True,True,DE,,2022-04-01,2022-04-01,2021-06-09T15:29:21,2021-06-09T15:29:21
4988,0.64,94.16,36,99,False,False,DE,AU,2020-03-06,,2020-10-29T08:28:54,2020-10-29T08:28:54
4989,2.48,25.49,62,53,False,True,CA,US,2024-01-07,2024-01-07,2024-04-10T23:51:33,2024-04-10T23:51:33
4990,27.01,69.34,57,4,True,False,AU,UK,2021-03-17,2021-03-17,2024-05-02T10:04:13,
4991,93.93,66.96,43,22,False,,US,FR,2021-12-26,2021-12-26,2024-02-01T14:11:35,2024-02-01T14:11:35
4992,95.52,21.29,51,13,True,False,DE,CA,2024-10-15,2024-10-15,2022-10-24T02:46:25,2022-10-24T02:46:25
4993,25.62,55.79,103,88,False,False,JP,AU,2022-06-15,,2023-02-08T09:50:21,2023-02-08T09:50:21
4994,71.02,58.84,69,,False,False,CA,CA,2023-09-28,2023-09-28,2023-11-15T18:22:28,2023-11-15T18:22:28
4995,27.07,97.91,60,13,False,False,UK,UK,2023-07-10,2023-07-10,2022-06-08T08:34:05,2022-06-08T08:34:05
4996,38.19,18.58,47,,True,True,DE,BR,2020-10-01,2020-10-01,2021-12-29T03:05:11,2021-12-29T03:05:11
4997,2.35,73.18,81,4,True,True,UK,AU,2021-06-22,2021-06-22,2023-05-05T02:31:59,2023-05-05T02:31:59
4998,15.07,17.86,40,98,False,False,FR,UK,2021-08-27,2021-08-27,2021-02-28T12:42:10,2021-02-28T12:42:10
4999,17.5,16.58,58,31,True,False,CA,,2021-03-18,2021-03-18,2024-02-25T10:45:31,2024-02-25T10:45:31
5000,10.65,39.18,82,16,True,False,BR,DE,2020-12-16,2020-12-16,2020-06-25T22:20:38,2020-06-25T22:20:38
5001,62.18,43.13,4,72,True,False,AU,US,2024-06-24,2024-06-24,2020-05-01T17:41:23,2020-05-01T17:41:23
5002,61.56,87.97,118,103,False,True,US,FR,2023-04-13,2023-04-13,2021-02-21T08:29:55,2021-02-21T08:29:55
5003,16.61,,80,51,True,,DE,AU,2020-01-10,2020-01-10,2024-06-06T07:16:40,2024-06-06T07:16:40
5004,28.06,4.57,36,16,False,False,DE,JP,2023-10-22,2023-10-22,2024-08-24T13:20:52,
5005,56.88,44.8,15,20,True,True,UK,US,2022-03-30,2022-03-30,2020-08-17T04:55:29,2020-08-17T04:55:29
5006,27.35,37.65,39,118,True,True,UK,CA,2023-09-28,2023-09-28,2021-06-05T04:37:44,2021-06-05T04:37:44
5007,93.27,39.98,5,94,True,False,CA,DE,2020-08-17,2020-08-17,2021-04-14T18:32:41,2021-04-14T18:32:41
5008,65.99,19.35,100,89,True,True,DE,US,2020-07-20,2020-07-20,2023-07-14T23:34:22,2023-07-14T23:34:22
5009,33.23,49.85,31,41,False,True,CA,DE,2020-06-12,2020-06-12,2020-04-22T09:39:26,2020-04-22T09:39:26
5010,85.91,17.45,94,4,True,False,DE,,2023-09-21,2023-09-21,2021-11-25T00:00:27,2021-11-25T00:00:27
5011,36.08,41.71,4,46,True,True,US,JP,2023-08-18,2023-08-18,2021-08-13T20:39:06,2021-08-13T20:39:06
5012,68.23,90.59,10,75,True,,BR,UK,2022-12-06,,2024-05-17T06:37:10,
5013,63.74,40.95,8,10,False,False,US,UK,2021-08-14,2021-08-14,2021-04-28T20:49:02,2021-04-28T20:49:02
5014,10.01,2.88,32,114,True,,JP,BR,2021-10-08,2021-10-08,2022-09-23T16:40:42,2022-09-23T16:40:42
5015,64.62,96.58,73,34,False,False,FR,JP,2020-06-18,2020-06-18,2021-03-04T07:30:21,2021-03-04T07:30:21
5016,20.32,41.0,84,106,False,True,DE,CA,2022-11-05,2022-11-05,2020-07-18T02:40:22,2020-07-18T02:40:22
5017,72.22,11.66,11,,True,False,DE,,2020-05-29,,2023-10-12T11:34:11,2023-10-12T11:34:11
5018,67.02,96.76,75,,False,True,FR,CA,2021-11-24,2021-11-24,2021-04-28T12:44:35,2021-04-28T12:44:35
5019,81.09,95.01,92,40,True,True,US,BR,2021-11-23,2021-11-23,2021-07-29T07:06:53,2021-07-29T07:06:53
5020,76.24,9.72,19,103,False,True,AU,,2020-08-07,,2022-04-12T03:24:08,2022-04-12T03:24:08
5021,77.07,98.48,71,18,True,False,FR,AU,2022-10-11,2022-10-11,2023-07-18T20:59:00,2023-07-18T20:59:00
5022,77.52,98.78,109,80,False,False,AU,DE,2023-07-12,2023-07-12,2024-01-02T15:34:13,2024-01-02T15:34:13
5023,24.71,49.8,93,4,False,True,FR,US,2021-05-11,2021-05-11,2023-02-20T05:47:35,2023-02-20T05:47:35
5024,93.29,49.14,44,91,False,False,CA,,2020-10-09,,2020-04-19T03:00:46,2020-04-19T03:00:46
5025,18.71,8.57,7,106,False,True,BR,UK,2023-02-25,,2023-02-20T17:16:30,2023-02-20T17:16:30
5026,82.59,22.45,111,25,False,True,DE,JP,2023-07-12,2023-07-12,2021-09-08T13:26:20,2021-09-08T13:26:20
5027,62.92,23.19,52,,False,True,DE,AU,2021-12-11,2021-12-11,2021-10-16T05:10:38,2021-10-16T05:10:38
5028,15.89,,35,,False,False,US,UK,2020-04-21,2020-04-21,2023-05-27T11:01:15,2023-05-27T11:01:15
5029,32.52,,102,,False,True,FR,DE,2021-09-14,,2023-06-26T16:35:28,
5030,44.2,12.67,2,13,False,False,AU,,2024-04-12,,2022-04-12T15:35:54,2022-04-12T15:35:54
5031,18.44,,100,78,True,True,UK,US,2023-09-20,2023-09-20,2022-09-07T13:47:25,2022-09-07T13:47:25
5032,47.62,67.67,13,59,False,False,FR,AU,2022-05-01,2022-05-01,2024-08-01T12:24:48,2024-08-01T12:24:48
5033,92.29,64.54,82,119,True,False,BR,UK,2021-10-21,2021-10-21,2023-05-06T12:27:29,
5034,67.0,54.91,46,29,False,True,DE,US,2021-04-22,2021-04-22,2021-12-24T15:42:56,2021-12-24T15:42:56
5035,31.32,33.91,3,47,True,False,UK,JP,2024-06-23,2024-06-23,2021-03-13T18:15:03,2021-03-13T18:15:03
5036,71.28,98.4,47,2,True,True,US,CA,2021-04-16,2021-04-16,2024-01-01T19:26:25,2024-01-01T19:26:25
5037,35.75,98.99,52,46,True,,BR,US,2022-12-06,2022-12-06,2022-03-25T06:25:38,
5038,23.64,,48,,False,True,AU,DE,2024-12-18,2024-12-18,2023-12-02T00:20:34,2023-12-02T00:20:34
5039,61.36,93.06,116,117,False,False,UK,FR,2023-11-01,2023-11-01,2024-06-30T05:08:48,2024-06-30T05:08:48
5040,50.25,,86,82,False,True,DE,AU,2020-04-19,2020-04-19,2024-03-28T00:14:11,2024-03-28T00:14:11
5041,92.08,42.97,9,7,True,False,FR,AU,2023-06-07,2023-06-07,2022-08-07T03:50:46,2022-08-07T03:50:46
5042,30.82,32.02,28,116,False,True,FR,CA,2021-11-10,2021-11-10,2020-03-01T20:03:15,2020-03-01T20:03:15
5043,37.54,28.31,37,67,False,False,AU,AU,2022-04-25,2022-04-25,2023-05-23T04:13:09,2023-05-23T04:13:09
5044,21.2,88.14,80,35,True,True,FR,FR,2024-09-12,2024-09-12,2021-05-07T03:07:27,
5045,18.15,20.06,109,12,False,True,JP,JP,2021-01-31,2021-01-31,2020-03-07T23:06:16,2020-03-07T23:06:16
5046,16.2,72.18,111,86,False,False,JP,BR,2020-07-25,2020-07-25,2021-04-20T01:49:46,2021-04-20T01:49:46
5047,43.82,61.99,102,37,True,False,JP,JP,2021-08-25,2021-08-25,2021-04-04T10:44:10,2021-04-04T10:44:10
5048,42.61,69.86,19,97,False,True,BR,US,2022-08-22,2022-08-22,2021-01-09T16:18:18,2021-01-09T16:18:18
5049,68.95,21.44,67,28,False,True,JP,US,2021-05-20,2021-05-20,2024-08-29T19:51:16,2024-08-29T19:51:16
5050,82.55,,105,83,False,False,DE,US,2024-02-23,2024-02-23,2020-03-06T06:22:48,2020-03-06T06:22:48
5051,80.99,68.27,53,44,False,True,AU,BR,2023-03-06,2023-03-06,2023-01-13T19:07:55,2023-01-13T19:07:55
5052,15.17,34.3,12,112,False,True,JP,,2024-08-01,2024-08-01,2022-04-17T15:21:04,2022-04-17T15:21:04
5053,26.3,63.99,110,48,True,,UK,FR,2023-03-25,2023-03-25,2022-01-09T23:24:36,2022-01-09T23:24:36
5054,86.34,74.65,47,29,False,False,DE,US,2023-02-26,2023-02-26,2024-04-23T07:39:00,2024-04-23T07:39:00
5055,30.32,38.21,69,17,True,True,AU,UK,2023-01-08,2023-01-08,2023-12-27T12:16:15,2023-12-27T12:16:15
5056,39.62,92.8,105,,False,True,CA,US,2023-04-29,2023-04-29,2021-12-20T17:28:17,2021-12-20T17:28:17
5057,10.31,,51,0,False,False,JP,FR,2021-03-08,2021-03-08,2021-12-05T04:55:44,2021-12-05T04:55:44
5058,17.39,38.08,33,71,False,False,AU,US,2023-01-05,2023-01-05,2020-09-06T11:29:49,2020-09-06T11:29:49
5059,24.08,98.37,78,60,False,False,JP,BR,2022-11-11,2022-11-11,2023-12-25T01:56:34,
5060,95.3,,27,,True,False,AU,UK,2021-10-22,2021-10-22,2020-02-02T19:51:23,2020-02-02T19:51:23
5061,49.35,2.45,83,,True,False,US,DE,2022-01-25,2022-01-25,2022-10-06T17:26:17,2022-10-06T17:26:17
5062,58.87,75.03,119,109,False,False,DE,FR,2023-02-11,2023-02-11,2023-12-18T17:31:21,2023-12-18T17:31:21
5063,70.28,6.97,80,31,True,True,AU,CA,2020-06-14,2020-06-14,2020-10-15T17:21:50,2020-10-15T17:21:50
5064,22.56,70.7,119,78,True,,CA,FR,2020-02-27,2020-02-27,2023-02-16T01:35:11,2023-02-16T01:35:11
5065,67.91,40.37,23,17,True,True,FR,DE,2024-12-17,2024-12-17,2020-10-20T21:31:16,2020-10-20T21:31:16
5066,36.33,40.81,105,23,True,,FR,UK,2021-12-07,2021-12-07,2021-09-02T12:32:38,2021-09-02T12:32:38
5067,8.25,48.19,23,19,False,False,JP,DE,2022-10-29,2022-10-29,2024-06-19T23:23:04,2024-06-19T23:23:04
5068,69.97,58.82,45,,True,False,FR,CA,2023-02-19,,2021-04-25T17:37:39,2021-04-25T17:37:39
5069,47.38,57.96,19,69,False,True,FR,DE,2021-09-04,,2024-11-28T23:32:08,2024-11-28T23:32:08
5070,81.52,12.54,111,62,False,True,DE,AU,2022-10-18,2022-10-18,2021-05-10T07:46:18,2021-05-10T07:46:18
5071,94.06,34.05,111,,True,False,AU,CA,2022-11-13,2022-11-13,2023-06-14T03:29:44,2023-06-14T03:29:44
5072,38.87,30.49,98,74,False,,FR,DE,2022-12-15,2022-12-15,2021-04-05T02:15:17,2021-04-05T02:15:17
5073,88.13,15.85,15,38,True,False,BR,AU,2024-06-19,,2021-08-11T04:03:51,2021-08-11T04:03:51
5074,43.67,90.63,44,115,True,True,CA,CA,2021-07-31,2021-07-31,2021-01-17T10:54:10,
5075,51.01,27.25,27,104,True,True,CA,CA,2022-10-08,2022-10-08,2020-03-29T02:49:32,2020-03-29T02:49:32
5076,1.85,,60,48,True,False,DE,JP,2021-05-13,2021-05-13,2020-04-09T16:42:36,2020-04-09T16:42:36
5077,12.98,24.8,109,112,False,True,FR,JP,2024-01-09,2024-01-09,2020-04-06T11:33:38,2020-04-06T11:33:38
5078,4.35,89.09,51,107,True,True,JP,AU,2021-12-15,2021-12-15,2022-08-05T04:25:02,2022-08-05T04:25:02
5079,56.76,53.8,112,85,True,False,FR,UK,2024-01-28,2024-01-28,2022-08-11T10:16:32,2022-08-11T10:16:32
5080,54.28,49.87,99,80,False,False,DE,US,2023-10-09,2023-10-09,2022-06-06T16:57:34,2022-06-06T16:57:34
5081,91.13,16.85,67,23,True,,BR,UK,2023-05-09,2023-05-09,2020-12-24T20:15:35,2020-12-24T20:15:35
5082,76.4,,75,25,False,True,FR,BR,2022-08-16,,2023-03-24T05:29:10,
5083,71.73,38.65,65,61,False,,UK,CA,2020-08-22,2020-08-22,2024-11-01T19:24:22,2024-11-01T19:24:22
5084,13.2,54.22,23,,True,True,US,AU,2022-12-15,2022-12-15,2024-08-21T05:43:47,2024-08-21T05:43:47
5085,29.5,,0,43,False,False,US,FR,2023-04-05,2023-04-05,2023-10-23T14:19:35,2023-10-23T14:19:35
5086,56.21,49.91,88,27,True,False,JP,BR,2022-05-03,2022-05-03,2021-02-23T14:31:38,2021-02-23T14:31:38
5087,15.59,25.65,62,106,False,False,BR,,2024-04-07,2024-04-07,2022-12-01T00:56:52,2022-12-01T00:56:52
5088,78.95,43.16,33,72,False,True,FR,UK,2024-03-04,2024-03-04,2021-06-17T18:02:05,2021-06-17T18:02:05
5089,75.63,9.75,53,30,False,True,JP,UK,2022-10-13,2022-10-13,2022-07-31T07:40:07,2022-07-31T07:40:07
5090,12.79,27.05,37,,False,False,US,FR,2020-04-24,2020-04-24,2020-12-28T07:13:54,2020-12-28T07:13:54
5091,74.01,3.65,67,,True,True,AU,UK,2023-11-12,2023-11-12,2023-04-20T10:47:03,2023-04-20T10:47:03
5092,31.52,18.96,2,58,True,,AU,US,2024-11-29,2024-11-29,2024-04-01T06:27:42,2024-04-01T06:27:42
5093,2.53,61.35,48,17,False,True,FR,JP,2021-03-09,2021-03-09,2020-04-23T00:26:39,2020-04-23T00:26:39
5094,61.03,58.42,18,18,False,False,FR,UK,2023-11-05,2023-11-05,2022-02-02T23:27:51,
5095,19.06,,98,76,True,True,UK,UK,2020-12-01,2020-12-01,2023-01-03T05:03:34,2023-01-03T05:03:34
5096,79.07,34.47,61,58,False,False,DE,US,2023-06-15,2023-06-15,2021-10-05T15:33:41,2021-10-05T15:33:41
5097,15.52,72.88,13,91,False,True,CA,JP,2024-10-13,2024-10-13,2020-05-11T21:47:36,2020-05-11T21:47:36
5098,13.08,40.57,23,35,False,False,JP,FR,2020-08-29,2020-08-29,2021-09-14T06:56:12,2021-09-14T06:56:12
5099,53.66,31.73,16,91,True,True,US,BR,2021-12-03,2021-12-03,2020-04-20T13:04:58,2020-04-20T13:04:58
5100,65.91,70.21,40,67,True,True,DE,AU,2021-06-29,2021-06-29,2020-02-25T04:07:10,2020-02-25T04:07:10
5101,43.67,88.19,47,0,True,True,US,US,2023-02-21,2023-02-21,2024-01-28T21:58:50,2024-01-28T21:58:50
5102,39.74,96.25,4,86,True,True,CA,DE,2021-03-13,2021-03-13,2024-02-13T05:10:09,2024-02-13T05:10:09
5103,9.95,57.02,50,,False,False,DE,US,2022-10-24,2022-10-24,2021-05-17T13:23:25,2021-05-17T13:23:25
5104,55.8,71.69,62,76,False,,US,FR,2021-12-14,2021-12-14,2020-11-14T15:50:16,2020-11-14T15:50:16
5105,55.7,97.5,46,88,False,False,US,FR,2024-04-11,2024-04-11,2020-05-15T11:32:11,2020-05-15T11:32:11
5106,79.56,71.12,34,7,True,True,AU,DE,2024-08-26,,2021-02-04T17:21:16,2021-02-04T17:21:16
5107,54.65,7.2,37,,True,True,US,UK,2021-02-09,2021-02-09,2021-07-13T05:35:22,2021-07-13T05:35:22
5108,88.42,77.85,70,42,False,False,CA,US,2024-02-26,2024-02-26,2023-11-03T09:54:29,2023-11-03T09:54:29
5109,91.0,9.47,99,47,True,False,BR,US,2022-03-27,2022-03-27,2021-11-11T19:40:34,2021-11-11T19:40:34
5110,26.15,93.23,115,14,True,True,BR,AU,2021-10-24,2021-10-24,2024-11-20T13:52:58,
5111,57.22,29.0,0,63,False,False,CA,DE,2022-09-10,2022-09-10,2024-07-14T20:54:07,2024-07-14T20:54:07
5112,18.81,,11,82,False,True,JP,JP,2022-08-15,2022-08-15,2021-10-11T16:50:36,2021-10-11T16:50:36
5113,20.37,17.05,25,,True,False,JP,US,2021-06-22,2021-06-22,2021-07-24T22:42:31,2021-07-24T22:42:31
5114,30.15,82.16,119,114,True,True,BR,JP,2023-08-09,2023-08-09,2021-10-04T08:36:15,2021-10-04T08:36:15
5115,36.54,62.53,23,,True,True,CA,BR,2023-01-23,2023-01-23,2022-02-15T22:30:32,2022-02-15T22:30:32
5116,52.74,,5,85,False,False,DE,FR,2021-05-14,2021-05-14,2022-09-09T07:51:10,2022-09-09T07:51:10
5117,79.43,98.42,17,,False,True,US,CA,2020-10-02,2020-10-02,2023-03-25T21:50:08,2023-03-25T21:50:08
5118,14.75,50.97,95,92,False,True,US,CA,2024-05-05,2024-05-05,2023-01-16T01:22:39,2023-01-16T01:22:39
5119,26.37,23.76,22,63,True,False,UK,DE,2022-08-21,2022-08-21,2024-06-29T18:04:46,2024-06-29T18:04:46
5120,83.38,53.7,63,53,True,True,UK,JP,2021-05-06,2021-05-06,2022-08-06T12:07:54,2022-08-06T12:07:54
5121,49.56,47.94,84,45,True,True,BR,DE,2022-03-25,2022-03-25,2022-01-21T07:10:00,2022-01-21T07:10:00
5122,35.8,,4,35,True,False,BR,CA,2023-10-13,2023-10-13,2024-10-15T00:12:51,2024-10-15T00:12:51
5123,18.63,62.82,88,28,False,True,US,AU,2023-03-06,2023-03-06,2020-03-10T13:14:16,2020-03-10T13:14:16
5124,32.66,64.79,26,93,False,False,DE,AU,2020-08-24,2020-08-24,2021-02-14T13:43:14,2021-02-14T13:43:14
5125,62.32,45.71,87,37,False,True,UK,,2023-04-12,2023-04-12,2023-02-19T10:42:31,2023-02-19T10:42:31
5126,98.22,98.98,101,26,True,False,AU,AU,2020-12-19,2020-12-19,2021-12-27T13:55:53,2021-12-27T13:55:53
5127,73.69,1.88,116,45,False,False,FR,UK,2024-06-21,2024-06-21,2022-11-06T10:53:38,2022-11-06T10:53:38
5128,88.9,19.55,30,100,True,False,BR,UK,2020-02-06,2020-02-06,2022-12-28T03:48:19,
5129,87.95,27.54,33,63,False,True,CA,DE,2021-09-09,2021-09-09,2023-04-11T17:23:48,2023-04-11T17:23:48
5130,75.42,89.16,82,79,True,False,AU,FR,2021-02-25,2021-02-25,2024-03-12T06:11:19,2024-03-12T06:11:19
5131,18.83,,99,17,False,True,US,CA,2023-06-15,2023-06-15,2022-11-09T16:41:06,2022-11-09T16:41:06
5132,38.7,40.31,106,,False,True,DE,JP,2024-11-28,,2021-01-10T14:27:56,2021-01-10T14:27:56
5133,38.99,90.46,92,58,True,False,UK,FR,2022-01-26,2022-01-26,2024-04-11T05:57:23,2024-04-11T05:57:23
5134,48.88,27.61,15,30,False,False,AU,BR,2022-07-23,2022-07-23,2023-04-06T03:27:23,2023-04-06T03:27:23
5135,9.93,51.73,93,110,False,False,US,DE,2020-01-13,2020-01-13,2022-07-02T16:56:57,2022-07-02T16:56:57
5136,53.61,42.78,64,49,True,True,CA,DE,2022-08-20,2022-08-20,2023-05-19T06:33:36,2023-05-19T06:33:36
5137,18.39,36.37,73,52,False,False,US,AU,2024-01-15,2024-01-15,2023-11-29T04:27:56,2023-11-29T04:27:56
5138,16.12,44.52,7,57,True,True,BR,CA,2024-09-29,2024-09-29,2022-06-16T05:39:10,2022-06-16T05:39:10
5139,6.93,50.39,107,14,False,False,BR,US,2021-03-16,2021-03-16,2020-03-29T04:13:43,2020-03-29T04:13:43
5140,0.92,47.49,70,,True,False,US,CA,2024-03-21,2024-03-21,2022-04-22T09:57:05,2022-04-22T09:57:05
5141,32.88,96.82,105,58,True,True,BR,AU,2024-07-13,2024-07-13,2021-10-09T05:31:13,2021-10-09T05:31:13
5142,91.31,,110,85,False,False,US,AU,2023-11-05,2023-11-05,2024-03-22T00:13:28,2024-03-22T00:13:28
5143,56.55,9.34,41,35,False,False,AU,UK,2021-06-08,2021-06-08,2023-11-17T00:27:51,2023-11-17T00:27:51
5144,8.74,75.36,37,73,True,False,UK,BR,2020-02-02,2020-02-02,2020-05-15T08:15:29,2020-05-15T08:15:29
5145,64.83,26.8,62,5,True,True,FR,UK,2021-09-14,,2022-03-26T06:25:47,2022-03-26T06:25:47
5146,89.91,,38,41,False,True,BR,UK,2024-08-12,2024-08-12,2024-04-20T09:03:20,2024-04-20T09:03:20
5147,42.07,91.69,86,67,False,False,AU,UK,2024-09-11,2024-09-11,2022-03-27T21:54:22,
5148,20.91,26.45,68,,True,True,DE,JP,2024-01-01,,2020-07-11T03:49:00,2020-07-11T03:49:00
5149,73.28,74.59,52,110,False,False,AU,AU,2021-01-17,2021-01-17,2020-12-02T18:56:23,2020-12-02T18:56:23
5150,78.6,55.02,71,93,False,False,UK,,2024-11-27,2024-11-27,2023-03-06T10:30:42,2023-03-06T10:30:42
5151,12.13,66.92,18,57,False,False,US,US,2021-07-07,2021-07-07,2023-11-09T18:20:25,2023-11-09T18:20:25
5152,82.41,82.17,34,38,True,True,UK,US,2020-11-16,2020-11-16,2020-02-04T00:04:17,2020-02-04T00:04:17
5153,39.89,77.07,116,48,True,False,JP,AU,2021-07-01,2021-07-01,2024-03-16T10:41:31,2024-03-16T10:41:31
5154,8.73,,71,14,True,False,CA,CA,2021-03-04,2021-03-04,2024-02-04T16:34:42,2024-02-04T16:34:42
5155,72.92,99.28,45,,False,,US,AU,2021-07-03,2021-07-03,2024-03-08T17:41:20,2024-03-08T17:41:20
5156,86.31,,68,82,False,True,FR,CA,2022-10-03,2022-10-03,2023-09-25T08:41:25,2023-09-25T08:41:25
5157,40.58,62.75,20,99,True,False,FR,UK,2023-02-17,2023-02-17,2020-04-04T10:57:17,2020-04-04T10:57:17
5158,92.39,28.28,109,71,True,True,DE,JP,2023-06-12,2023-06-12,2021-07-18T20:02:08,
5159,51.3,82.55,31,17,True,False,CA,FR,2023-05-20,2023-05-20,2022-03-03T19:27:11,2022-03-03T19:27:11
5160,48.48,60.26,18,117,False,,JP,CA,2021-04-13,2021-04-13,2021-02-09T01:50:59,2021-02-09T01:50:59
5161,66.15,76.73,81,25,True,False,FR,,2024-03-19,,2020-11-30T08:20:14,2020-11-30T08:20:14
5162,49.68,47.27,29,22,True,True,AU,AU,2022-06-15,2022-06-15,2020-10-27T16:26:28,2020-10-27T16:26:28
5163,52.32,65.27,113,29,False,False,FR,AU,2023-08-27,2023-08-27,2021-07-29T06:16:36,2021-07-29T06:16:36
5164,20.69,72.02,56,42,False,True,US,AU,2021-01-30,2021-01-30,2022-04-20T00:02:19,2022-04-20T00:02:19
5165,58.67,20.75,22,108,False,False,JP,US,2022-01-10,2022-01-10,2022-09-24T22:50:48,2022-09-24T22:50:48
5166,21.15,48.08,35,67,False,False,AU,US,2023-10-28,2023-10-28,2022-01-31T14:42:04,2022-01-31T14:42:04
5167,2.78,63.18,42,97,False,False,UK,FR,2024-03-30,2024-03-30,2022-08-10T15:06:31,
5168,30.51,13.62,112,102,True,True,UK,BR,2022-12-27,2022-12-27,2024-12-14T16:44:34,2024-12-14T16:44:34
5169,29.19,77.34,15,119,False,True,AU,DE,2024-05-30,2024-05-30,2023-01-22T02:18:30,2023-01-22T02:18:30
5170,81.4,91.95,60,21,False,True,FR,FR,2020-02-24,2020-02-24,2021-03-05T18:00:37,2021-03-05T18:00:37
5171,96.87,47.99,49,96,False,False,UK,FR,2024-04-20,,2020-10-15T03:24:06,2020-10-15T03:24:06
5172,82.66,83.18,64,10,True,False,UK,DE,2020-03-15,2020-03-15,2024-02-29T10:41:28,2024-02-29T10:41:28
5173,59.31,,50,110,True,True,UK,US,2023-12-31,2023-12-31,2021-07-27T23:17:27,2021-07-27T23:17:27
5174,86.74,29.93,45,108,True,False,UK,FR,2021-08-05,2021-08-05,2020-02-28T05:46:22,2020-02-28T05:46:22
5175,97.2,49.58,104,,False,True,DE,AU,2023-08-24,2023-08-24,2020-06-13T16:18:03,2020-06-13T16:18:03
5176,64.11,7.36,31,28,True,True,UK,US,2021-05-19,2021-05-19,2024-09-05T12:55:20,2024-09-05T12:55:20
5177,82.04,80.05,27,19,True,False,FR,JP,2023-09-08,2023-09-08,2022-02-08T16:23:21,2022-02-08T16:23:21
5178,75.84,69.81,37,28,False,True,JP,BR,2024-12-03,2024-12-03,2021-12-21T02:02:06,2021-12-21T02:02:06
5179,40.88,38.47,106,15,False,True,US,US,2023-02-11,2023-02-11,2023-05-02T00:36:12,2023-05-02T00:36:12
5180,35.22,20.29,28,56,True,False,DE,BR,2021-12-06,2021-12-06,2024-11-15T20:39:51,2024-11-15T20:39:51
5181,7.03,80.44,55,9,False,False,UK,DE,2024-09-19,2024-09-19,2021-04-15T01:25:25,2021-04-15T01:25:25
5182,92.89,,10,61,False,True,JP,CA,2020-02-24,2020-02-24,2024-01-29T18:23:45,2024-01-29T18:23:45
5183,56.14,,36,66,False,False,AU,DE,2024-05-12,2024-05-12,2022-09-19T14:14:48,2022-09-19T14:14:48
5184,35.76,7.52,69,27,False,False,AU,UK,2022-02-25,,2023-05-21T03:29:12,2023-05-21T03:29:12
5185,6.62,62.48,15,93,False,True,JP,CA,2023-04-20,2023-04-20,2024-04-02T19:17:01,2024-04-02T19:17:01
5186,9.79,59.59,34,,False,False,FR,FR,2021-08-07,2021-08-07,2024-11-27T00:23:02,2024-11-27T00:23:02
5187,16.08,9.34,45,60,False,False,DE,UK,2022-04-01,2022-04-01,2022-04-09T22:36:08,2022-04-09T22:36:08
5188,52.54,99.98,0,43,False,,DE,UK,2021-03-18,2021-03-18,2024-05-17T02:45:59,2024-05-17T02:45:59
5189,60.62,58.82,9,113,False,True,FR,US,2021-11-08,2021-11-08,2023-10-10T13:42:13,2023-10-10T13:42:13
5190,47.74,99.72,0,20,False,True,CA,US,2024-08-17,2024-08-17,2020-05-01T05:43:54,2020-05-01T05:43:54
5191,95.01,49.94,15,,True,False,CA,DE,2022-04-07,2022-04-07,2021-12-24T15:51:31,2021-12-24T15:51:31
5192,49.0,63.45,92,,True,True,CA,CA,2020-11-19,2020-11-19,2020-12-30T16:09:33,2020-12-30T16:09:33
5193,43.29,58.22,97,110,True,False,FR,UK,2024-01-01,2024-01-01,2021-02-28T14:48:38,2021-02-28T14:48:38
5194,33.35,55.23,119,6,False,True,UK,DE,2021-11-01,2021-11-01,2020-10-09T03:54:45,
5195,98.75,46.48,33,12,True,True,JP,CA,2023-01-01,2023-01-01,2020-10-31T12:50:51,2020-10-31T12:50:51
5196,39.84,95.31,26,,True,True,AU,DE,2020-08-23,2020-08-23,2023-03-09T13:51:49,2023-03-09T13:51:49
5197,14.65,33.42,22,83,False,False,FR,AU,2020-04-02,2020-04-02,2021-11-03T22:35:00,2021-11-03T22:35:00
5198,46.93,86.65,106,48,False,True,BR,AU,2023-04-27,2023-04-27,2023-11-03T17:57:47,2023-11-03T17:57:47
5199,91.69,54.91,59,8,True,,JP,FR,2021-06-23,2021-06-23,2020-04-09T02:35:11,2020-04-09T02:35:11
5200,24.48,53.79,0,10,True,True,DE,JP,2023-07-20,2023-07-20,2021-11-21T05:53:56,
5201,0.89,,48,28,True,False,UK,FR,2024-02-28,2024-02-28,2024-12-20T01:42:56,2024-12-20T01:42:56
5202,60.64,69.7,22,49,True,False,JP,DE,2022-08-19,2022-08-19,2023-03-30T11:48:14,2023-03-30T11:48:14
5203,58.43,6.29,105,92,True,False,UK,AU,2022-07-20,2022-07-20,2021-12-01T02:31:57,2021-12-01T02:31:57
5204,48.23,50.18,79,33,True,True,US,JP,2020-08-19,2020-08-19,2022-03-07T01:57:15,2022-03-07T01:57:15
5205,18.7,80.44,107,17,False,False,US,,2022-06-11,2022-06-11,2021-03-08T14:18:32,2021-03-08T14:18:32
5206,93.48,54.02,20,119,False,False,JP,US,2021-05-07,2021-05-07,2024-02-14T08:56:29,2024-02-14T08:56:29
5207,78.27,17.81,109,37,False,False,UK,,2024-04-25,2024-04-25,2020-08-12T12:42:56,2020-08-12T12:42:56
5208,47.19,62.98,102,76,True,True,US,JP,2022-05-17,2022-05-17,2021-03-31T18:11:11,
5209,25.65,43.67,58,86,True,False,JP,CA,2023-11-14,2023-11-14,2024-04-04T12:06:20,2024-04-04T12:06:20
5210,23.04,28.05,76,76,False,,DE,DE,2024-08-14,2024-08-14,2024-11-06T11:19:24,2024-11-06T11:19:24
5211,58.35,4.08,100,117,True,True,JP,BR,2020-10-16,,2020-05-27T09:19:49,2020-05-27T09:19:49
5212,17.93,,31,31,True,True,CA,BR,2020-02-10,2020-02-10,2021-09-18T22:34:37,2021-09-18T22:34:37
5213,72.32,22.18,95,112,True,True,US,UK,2022-11-16,2022-11-16,2020-07-25T20:15:46,2020-07-25T20:15:46
5214,82.19,,27,52,False,True,AU,US,2021-03-30,2021-03-30,2023-07-07T22:06:09,2023-07-07T22:06:09
5215,3.73,59.67,107,31,True,True,UK,AU,2020-10-29,2020-10-29,2021-02-12T11:45:12,2021-02-12T11:45:12
5216,4.98,30.33,96,3,True,True,CA,AU,2023-12-19,2023-12-19,2020-07-20T21:10:19,2020-07-20T21:10:19
5217,26.24,51.37,111,,True,False,CA,BR,2021-12-26,,2024-01-27T02:31:06,2024-01-27T02:31:06
5218,74.07,16.26,9,113,True,False,UK,JP,2024-05-07,,2022-07-30T18:13:19,2022-07-30T18:13:19
5219,67.74,90.28,37,38,True,False,DE,UK,2020-01-19,2020-01-19,2021-06-22T14:39:56,2021-06-22T14:39:56
5220,32.37,26.56,8,65,True,True,FR,,2024-03-07,2024-03-07,2023-12-27T00:18:39,2023-12-27T00:18:39
5221,4.97,85.92,103,12,True,True,UK,CA,2020-04-24,2020-04-24,2021-12-09T16:01:52,2021-12-09T16:01:52
5222,11.04,20.94,51,43,True,,FR,DE,2023-03-22,2023-03-22,2020-03-07T12:25:09,2020-03-07T12:25:09
5223,32.74,16.25,30,106,False,False,BR,FR,2023-05-17,2023-05-17,2024-09-11T19:55:07,2024-09-11T19:55:07
5224,44.57,36.16,57,24,True,False,CA,CA,2022-05-19,,2022-11-05T08:55:32,2022-11-05T08:55:32
5225,87.01,,79,63,True,True,UK,,2022-10-13,2022-10-13,2022-10-17T16:54:55,2022-10-17T16:54:55
5226,73.96,42.33,69,24,True,False,AU,FR,2022-05-13,2022-05-13,2022-12-20T03:03:14,2022-12-20T03:03:14
5227,82.24,11.55,117,42,True,False,JP,FR,2024-05-27,2024-05-27,2022-03-15T22:56:38,2022-03-15T22:56:38
5228,34.45,91.27,76,107,True,False,FR,AU,2020-12-03,2020-12-03,2023-09-18T15:05:01,2023-09-18T15:05:01
5229,64.06,11.53,114,90,False,True,DE,DE,2021-08-12,2021-08-12,2022-01-02T20:51:31,2022-01-02T20:51:31
5230,40.95,68.14,93,11,True,True,DE,AU,2022-09-08,2022-09-08,2024-02-26T06:11:54,2024-02-26T06:11:54
5231,73.35,46.84,90,49,True,,US,UK,2024-03-15,2024-03-15,2023-11-13T23:53:56,2023-11-13T23:53:56
5232,88.68,80.29,25,91,False,True,FR,DE,2020-06-10,2020-06-10,2021-10-11T05:31:05,2021-10-11T05:31:05
5233,20.7,31.01,24,38,False,False,CA,JP,2021-11-23,2021-11-23,2023-07-27T01:19:37,2023-07-27T01:19:37
5234,48.27,81.28,70,,True,True,UK,,2024-05-15,2024-05-15,2020-01-28T16:08:10,2020-01-28T16:08:10
5235,72.38,,10,,False,False,UK,CA,2022-10-22,2022-10-22,2022-09-25T11:35:44,2022-09-25T11:35:44
5236,62.61,5.72,108,42,True,False,DE,BR,2022-12-14,2022-12-14,2022-01-03T18:39:04,2022-01-03T18:39:04
5237,8.63,46.46,12,,False,False,UK,US,2020-08-08,2020-08-08,2022-12-22T10:01:22,2022-12-22T10:01:22
5238,83.31,52.99,28,7,True,True,BR,BR,2024-05-18,2024-05-18,2024-06-27T01:09:51,2024-06-27T01:09:51
5239,19.38,29.57,59,,True,True,UK,BR,2022-12-19,2022-12-19,2023-08-29T09:38:46,2023-08-29T09:38:46
5240,76.72,86.44,12,113,False,True,US,US,2020-05-15,2020-05-15,2021-03-20T15:45:59,2021-03-20T15:45:59
5241,82.97,62.01,86,,True,False,AU,AU,2022-03-09,2022-03-09,2024-01-17T01:14:33,2024-01-17T01:14:33
5242,36.44,91.81,55,9,True,False,UK,CA,2022-07-26,2022-07-26,2021-08-28T06:19:32,2021-08-28T06:19:32
5243,43.61,58.02,64,91,False,False,FR,US,2022-06-14,2022-06-14,2021-11-18T10:07:49,
5244,88.77,52.72,17,72,True,True,UK,US,2022-08-09,2022-08-09,2022-05-22T16:59:01,2022-05-22T16:59:01
5245,72.24,,79,105,True,False,DE,FR,2024-06-18,2024-06-18,2024-10-23T19:27:50,2024-10-23T19:27:50
5246,89.73,40.84,69,112,True,False,FR,,2024-12-09,2024-12-09,2024-07-18T13:53:11,2024-07-18T13:53:11
5247,17.53,84.04,30,107,False,True,UK,AU,2023-04-21,2023-04-21,2021-06-01T17:17:39,2021-06-01T17:17:39
5248,37.42,19.97,16,57,False,False,BR,,2020-12-16,2020-12-16,2020-08-20T07:29:08,2020-08-20T07:29:08
5249,47.94,83.9,39,52,True,False,CA,US,2020-01-03,2020-01-03,2023-01-21T21:55:22,2023-01-21T21:55:22
5250,57.27,,74,28,True,False,BR,AU,2023-06-17,,2024-09-16T05:37:59,2024-09-16T05:37:59
5251,1.05,97.11,118,58,True,False,JP,FR,2023-10-09,2023-10-09,2021-01-20T17:23:49,2021-01-20T17:23:49
5252,70.7,31.43,11,54,False,False,BR,BR,2024-10-29,2024-10-29,2020-10-22T10:24:00,2020-10-22T10:24:00
5253,46.74,58.43,63,65,True,,BR,BR,2020-11-01,2020-11-01,2024-12-02T10:19:33,2024-12-02T10:19:33
5254,75.23,15.61,58,,False,False,US,JP,2024-01-16,2024-01-16,2024-08-05T09:50:01,
5255,70.91,,93,34,False,True,UK,US,2020-12-31,,2021-04-30T21:40:44,2021-04-30T21:40:44
5256,77.15,6.25,73,112,True,True,DE,CA,2021-12-20,2021-12-20,2024-06-27T20:56:20,2024-06-27T20:56:20
5257,24.46,82.97,63,113,False,False,CA,AU,2024-03-09,2024-03-09,2022-05-06T06:32:01,2022-05-06T06:32:01
5258,28.62,83.21,110,30,True,False,BR,UK,2022-01-02,2022-01-02,2023-02-28T14:46:24,
5259,78.12,96.99,56,26,True,,US,,2020-04-22,2020-04-22,2023-03-22T13:24:33,2023-03-22T13:24:33
5260,61.26,16.57,70,13,True,False,CA,US,2023-10-28,2023-10-28,2024-12-14T14:02:55,2024-12-14T14:02:55
5261,7.69,,59,19,True,False,FR,UK,2021-01-12,2021-01-12,2021-10-03T04:23:21,2021-10-03T04:23:21
5262,80.62,56.09,11,36,True,True,JP,,2022-01-21,2022-01-21,2023-03-16T14:44:57,2023-03-16T14:44:57
5263,9.23,55.98,7,106,False,False,FR,,2023-09-25,2023-09-25,2021-05-23T04:27:12,2021-05-23T04:27:12
5264,14.44,27.38,62,,False,False,UK,AU,2020-12-31,2020-12-31,2020-07-23T12:47:52,
5265,40.06,5.35,67,82,False,False,US,JP,2020-05-21,2020-05-21,2020-08-18T14:11:03,2020-08-18T14:11:03
5266,13.23,42.94,71,17,False,False,JP,US,2020-10-09,2020-10-09,2021-06-06T20:58:24,2021-06-06T20:58:24
5267,65.95,10.56,80,,False,True,JP,JP,2020-02-12,2020-02-12,2022-03-17T07:32:46,2022-03-17T07:32:46
5268,84.94,,26,10,False,False,FR,UK,2022-03-25,2022-03-25,2021-01-29T16:49:10,2021-01-29T16:49:10
5269,64.07,80.67,28,114,False,True,US,DE,2021-05-18,2021-05-18,2021-12-21T05:44:21,2021-12-21T05:44:21
5270,16.23,58.85,39,70,True,False,CA,JP,2021-08-08,2021-08-08,2024-11-21T21:13:03,2024-11-21T21:13:03
5271,40.7,,10,66,False,False,BR,US,2020-07-26,2020-07-26,2021-07-20T02:49:56,2021-07-20T02:49:56
5272,11.11,46.95,42,41,True,True,US,JP,2020-04-23,2020-04-23,2024-10-16T18:59:46,
5273,49.29,14.35,104,65,True,True,BR,UK,2021-08-13,2021-08-13,2021-09-21T20:13:20,2021-09-21T20:13:20
5274,34.19,,79,102,True,True,FR,AU,2021-07-18,2021-07-18,2024-11-07T23:06:33,2024-11-07T23:06:33
5275,99.03,81.69,46,70,True,,AU,,2020-05-23,2020-05-23,2023-07-12T12:31:17,2023-07-12T12:31:17
5276,44.83,74.87,59,111,False,,BR,CA,2021-08-01,2021-08-01,2023-08-26T07:49:26,2023-08-26T07:49:26
5277,55.19,74.09,58,,True,True,AU,FR,2022-12-07,2022-12-07,2023-01-19T00:56:33,2023-01-19T00:56:33
5278,1.04,,43,8,False,False,DE,UK,2021-11-29,2021-11-29,2020-04-26T02:25:28,2020-04-26T02:25:28
5279,72.67,75.87,108,78,True,False,DE,FR,2021-09-03,2021-09-03,2020-09-12T14:15:54,2020-09-12T14:15:54
5280,36.27,89.76,6,41,True,False,DE,US,2023-08-19,2023-08-19,2024-12-09T18:21:22,2024-12-09T18:21:22
5281,6.78,75.36,41,51,False,False,CA,,2021-01-15,,2022-06-09T09:19:40,2022-06-09T09:19:40
5282,72.56,21.5,62,58,False,False,FR,BR,2021-08-25,,2021-08-07T05:36:22,2021-08-07T05:36:22
5283,16.75,25.95,116,89,False,False,DE,UK,2021-10-20,2021-10-20,2020-09-05T14:33:03,2020-09-05T14:33:03
5284,39.68,5.4,78,64,True,False,AU,UK,2021-06-02,2021-06-02,2020-06-28T23:49:34,2020-06-28T23:49:34
5285,81.96,5.66,8,83,False,False,JP,UK,2020-11-19,2020-11-19,2024-10-14T11:45:06,2024-10-14T11:45:06
5286,42.27,,7,103,True,False,JP,JP,2020-12-13,2020-12-13,2022-01-30T03:47:31,2022-01-30T03:47:31
5287,92.76,4.16,90,32,True,False,JP,,2024-01-11,2024-01-11,2023-05-17T03:20:55,2023-05-17T03:20:55
5288,63.57,96.45,115,74,True,True,DE,BR,2020-12-15,,2022-07-01T07:11:53,2022-07-01T07:11:53
5289,55.77,70.89,49,11,False,True,FR,AU,2021-01-18,2021-01-18,2020-07-04T13:22:56,2020-07-04T13:22:56
5290,55.05,90.66,64,10,False,False,FR,CA,2022-09-20,2022-09-20,2021-01-08T22:11:11,2021-01-08T22:11:11
5291,88.85,89.09,28,87,True,False,JP,AU,2021-05-04,2021-05-04,2023-06-29T04:14:27,
5292,35.16,17.2,100,,False,False,UK,JP,2022-08-27,2022-08-27,2020-03-29T22:29:20,2020-03-29T22:29:20
5293,20.03,51.47,61,86,False,True,CA,,2020-01-07,2020-01-07,2023-01-19T05:36:26,2023-01-19T05:36:26
5294,65.05,82.12,11,48,False,True,US,US,2022-04-14,2022-04-14,2021-07-17T16:25:47,2021-07-17T16:25:47
5295,33.0,68.0,23,42,True,False,DE,DE,2020-04-22,2020-04-22,2020-07-28T21:17:42,
5296,11.47,31.24,0,54,False,True,UK,,2020-09-10,2020-09-10,2024-05-02T00:25:24,
5297,89.88,11.67,53,65,False,True,AU,FR,2021-02-05,2021-02-05,2024-12-23T05:51:45,
5298,89.4,20.5,62,35,True,False,JP,BR,2021-04-29,2021-04-29,2023-02-19T08:53:11,2023-02-19T08:53:11
5299,68.13,6.39,42,,True,False,US,JP,2021-12-31,2021-12-31,2021-03-28T18:41:14,
5300,25.28,10.61,16,35,True,False,FR,CA,2022-07-25,2022-07-25,2020-02-12T00:32:10,2020-02-12T00:32:10
5301,69.29,67.87,60,12,False,True,DE,US,2024-04-04,,2020-10-20T21:50:57,
5302,27.15,40.98,108,28,True,True,BR,JP,2024-02-03,2024-02-03,2020-03-08T00:32:27,2020-03-08T00:32:27
5303,45.5,29.26,50,74,True,True,UK,BR,2023-02-11,2023-02-11,2022-01-31T04:11:54,2022-01-31T04:11:54
5304,67.51,86.7,42,50,True,,BR,US,2021-01-18,2021-01-18,2022-02-01T02:53:38,2022-02-01T02:53:38
5305,29.22,87.54,72,98,True,True,US,CA,2022-01-24,2022-01-24,2024-05-25T16:41:20,2024-05-25T16:41:20
5306,5.25,17.29,106,35,True,False,DE,US,2024-08-29,2024-08-29,2021-12-19T15:03:21,2021-12-19T15:03:21
5307,33.35,2.08,29,13,True,False,UK,BR,2021-12-09,2021-12-09,2022-07-04T01:58:03,2022-07-04T01:58:03
5308,56.87,89.87,118,,True,True,FR,BR,2020-03-13,2020-03-13,2023-10-08T09:54:07,2023-10-08T09:54:07
5309,72.93,38.79,43,27,False,True,AU,AU,2020-04-29,2020-04-29,2020-06-17T22:05:21,2020-06-17T22:05:21
5310,77.88,19.93,39,29,True,False,BR,FR,2023-05-04,2023-05-04,2023-06-26T22:10:06,
5311,61.15,25.43,107,93,False,True,CA,,2023-08-25,2023-08-25,2020-11-11T17:35:50,2020-11-11T17:35:50
5312,79.42,94.73,8,7,False,False,CA,BR,2022-07-21,2022-07-21,2020-03-08T15:01:22,2020-03-08T15:01:22
5313,92.66,44.62,12,112,False,,US,DE,2022-10-17,2022-10-17,2020-12-30T08:01:30,2020-12-30T08:01:30
5314,96.79,19.66,13,115,False,False,FR,BR,2021-07-24,2021-07-24,2020-10-02T17:55:16,2020-10-02T17:55:16
5315,36.95,38.7,54,73,True,False,BR,FR,2024-10-10,2024-10-10,2023-04-20T09:29:19,2023-04-20T09:29:19
5316,4.34,44.49,95,86,True,False,JP,FR,2020-10-13,2020-10-13,2020-09-14T02:55:00,2020-09-14T02:55:00
5317,92.44,91.5,13,,False,True,DE,FR,2024-05-01,2024-05-01,2024-01-18T21:59:57,2024-01-18T21:59:57
5318,32.28,28.85,91,57,False,True,AU,FR,2023-02-14,2023-02-14,2021-09-17T19:43:53,2021-09-17T19:43:53
5319,89.91,52.83,108,54,True,,FR,FR,2020-11-08,2020-11-08,2020-10-04T08:49:22,2020-10-04T08:49:22
5320,64.68,63.05,73,70,True,,UK,FR,2024-02-07,2024-02-07,2022-11-03T14:26:59,2022-11-03T14:26:59
5321,4.17,89.71,106,52,True,True,US,UK,2021-07-07,2021-07-07,2024-06-19T04:00:08,2024-06-19T04:00:08
5322,94.28,25.86,23,33,True,False,CA,DE,2024-03-14,2024-03-14,2020-12-01T07:12:17,2020-12-01T07:12:17
5323,52.14,54.39,90,56,True,True,DE,FR,2020-08-18,2020-08-18,2021-12-14T22:45:59,2021-12-14T22:45:59
5324,82.7,69.24,71,2,False,False,BR,AU,2021-07-09,2021-07-09,2022-11-17T21:05:47,2022-11-17T21:05:47
5325,51.62,83.1,23,64,False,,CA,AU,2023-12-16,2023-12-16,2023-05-29T22:56:03,
5326,12.49,42.41,97,9,True,False,CA,JP,2020-10-23,2020-10-23,2020-04-18T23:19:44,2020-04-18T23:19:44
5327,64.47,76.27,5,59,True,,BR,JP,2022-10-29,2022-10-29,2020-07-25T15:08:01,2020-07-25T15:08:01
5328,11.94,64.24,25,79,False,False,FR,,2023-10-25,2023-10-25,2020-02-26T07:59:31,2020-02-26T07:59:31
5329,31.58,13.75,69,113,False,True,AU,JP,2023-01-21,,2024-08-16T02:02:20,
5330,16.61,,40,79,False,True,BR,,2023-09-15,2023-09-15,2023-12-15T00:44:59,2023-12-15T00:44:59
5331,20.28,,74,58,True,True,FR,AU,2024-03-28,2024-03-28,2020-05-17T19:52:16,2020-05-17T19:52:16
5332,94.92,19.42,12,108,True,False,AU,US,2022-01-02,2022-01-02,2020-06-07T09:26:56,2020-06-07T09:26:56
5333,16.74,81.28,17,13,False,True,US,CA,2020-12-13,2020-12-13,2020-04-23T01:49:57,2020-04-23T01:49:57
5334,54.83,86.46,70,,False,True,BR,DE,2023-06-17,2023-06-17,2022-07-14T01:18:47,2022-07-14T01:18:47
5335,19.15,15.4,36,64,True,True,FR,,2020-10-26,2020-10-26,2024-08-13T23:02:08,2024-08-13T23:02:08
5336,56.29,81.54,97,18,False,False,CA,UK,2024-03-19,,2021-09-22T04:25:47,2021-09-22T04:25:47
5337,17.54,8.19,85,91,False,True,FR,AU,2024-07-31,2024-07-31,2020-09-04T13:34:44,2020-09-04T13:34:44
5338,53.54,35.22,28,8,False,True,DE,CA,2020-08-05,2020-08-05,2021-11-30T15:18:06,2021-11-30T15:18:06
5339,55.59,98.79,71,3,True,,UK,FR,2021-03-27,,2023-08-25T18:16:28,2023-08-25T18:16:28
5340,10.62,4.36,6,40,False,True,UK,BR,2020-08-03,2020-08-03,2021-02-25T23:24:01,2021-02-25T23:24:01
5341,58.29,,119,13,False,True,BR,AU,2020-08-10,2020-08-10,2020-11-18T16:08:40,2020-11-18T16:08:40
5342,99.94,49.8,18,109,True,False,BR,FR,2020-05-23,2020-05-23,2024-02-23T15:41:20,2024-02-23T15:41:20
5343,17.7,86.25,48,13,True,,US,US,2024-07-14,2024-07-14,2020-09-10T03:31:30,2020-09-10T03:31:30
5344,84.19,35.43,9,93,False,False,AU,,2020-07-25,2020-07-25,2024-01-27T07:41:32,
5345,61.34,2.8,75,84,False,False,BR,DE,2023-09-04,2023-09-04,2020-10-15T01:46:41,2020-10-15T01:46:41
5346,4.92,15.3,45,80,False,,DE,AU,2024-04-08,2024-04-08,2022-04-14T17:54:31,2022-04-14T17:54:31
5347,87.39,14.98,80,,False,True,AU,,2022-12-04,2022-12-04,2023-05-02T17:20:02,2023-05-02T17:20:02
5348,52.03,94.25,21,54,True,False,FR,BR,2021-01-08,2021-01-08,2021-11-16T20:27:10,2021-11-16T20:27:10
5349,62.07,13.52,9,,False,True,FR,BR,2021-05-04,2021-05-04,2022-05-06T07:59:32,2022-05-06T07:59:32
5350,62.82,38.83,117,44,False,True,AU,US,2021-07-05,2021-07-05,2021-01-20T09:02:53,2021-01-20T09:02:53
5351,7.99,40.23,58,47,True,True,FR,DE,2023-08-17,2023-08-17,2024-08-22T06:49:13,2024-08-22T06:49:13
5352,5.14,,37,105,False,False,CA,AU,2021-03-25,2021-03-25,2022-12-17T11:34:42,2022-12-17T11:34:42
5353,71.42,72.7,30,29,True,False,FR,AU,2020-07-21,2020-07-21,2024-04-02T15:26:05,2024-04-02T15:26:05
5354,15.38,13.61,23,11,True,False,CA,JP,2023-11-23,2023-11-23,2023-07-08T06:10:16,2023-07-08T06:10:16
5355,27.16,99.2,17,,True,True,UK,JP,2021-10-12,2021-10-12,2022-09-10T21:02:41,
5356,25.82,19.49,97,56,True,False,BR,DE,2021-09-26,2021-09-26,2020-02-11T23:09:08,
5357,58.57,65.04,35,,True,False,UK,UK,2021-08-25,2021-08-25,2022-10-17T23:47:51,2022-10-17T23:47:51
5358,99.62,88.94,23,69,True,True,FR,BR,2021-12-25,2021-12-25,2024-08-11T01:00:19,
5359,95.24,,107,110,False,,BR,FR,2023-08-31,2023-08-31,2020-03-12T08:55:07,2020-03-12T08:55:07
5360,14.71,52.41,106,,True,True,BR,CA,2020-06-13,2020-06-13,2024-02-11T08:40:59,2024-02-11T08:40:59
5361,35.69,47.31,19,69,False,True,JP,CA,2021-12-07,2021-12-07,2023-07-28T03:23:06,2023-07-28T03:23:06
5362,74.68,15.95,52,37,False,False,DE,CA,2024-04-08,2024-04-08,2022-01-06T21:14:21,
5363,43.25,,114,,False,False,FR,AU,2023-05-13,2023-05-13,2021-08-26T18:33:55,2021-08-26T18:33:55
5364,17.59,65.18,24,106,False,True,CA,FR,2024-04-19,2024-04-19,2020-03-20T06:19:31,2020-03-20T06:19:31
5365,25.34,65.06,39,100,False,False,US,,2021-09-16,2021-09-16,2022-01-15T16:30:36,2022-01-15T16:30:36
5366,12.12,92.09,118,88,False,True,FR,UK,2020-06-28,2020-06-28,2020-06-03T00:35:54,2020-06-03T00:35:54
5367,53.79,45.09,81,12,True,False,JP,AU,2024-11-15,2024-11-15,2024-09-23T15:56:36,2024-09-23T15:56:36
5368,21.79,96.14,108,6,False,True,BR,US,2023-03-17,2023-03-17,2023-10-26T20:21:47,2023-10-26T20:21:47
5369,41.74,76.06,104,4,False,False,DE,DE,2023-08-11,2023-08-11,2021-09-23T22:07:47,2021-09-23T22:07:47
5370,23.28,92.5,35,108,False,True,FR,UK,2020-10-20,2020-10-20,2022-12-14T20:17:07,2022-12-14T20:17:07
5371,19.0,60.78,90,34,False,True,JP,FR,2023-07-21,2023-07-21,2020-06-17T09:49:07,2020-06-17T09:49:07
5372,29.11,70.25,118,99,True,True,JP,FR,2020-01-30,2020-01-30,2021-01-26T13:44:33,2021-01-26T13:44:33
5373,52.54,47.62,32,89,True,,DE,UK,2021-08-07,2021-08-07,2023-09-05T20:52:24,2023-09-05T20:52:24
5374,6.16,45.74,6,49,True,False,AU,BR,2024-01-22,2024-01-22,2023-11-11T10:34:22,
5375,31.53,83.78,57,39,False,,FR,FR,2021-08-25,2021-08-25,2020-02-05T16:58:31,
5376,53.87,67.52,3,14,False,True,US,BR,2024-12-07,2024-12-07,2021-11-01T13:40:55,2021-11-01T13:40:55
5377,21.61,75.21,88,67,True,False,JP,US,2024-01-28,2024-01-28,2020-12-29T15:13:36,2020-12-29T15:13:36
5378,76.05,36.78,101,58,False,True,US,FR,2024-01-12,2024-01-12,2023-10-03T06:32:45,2023-10-03T06:32:45
5379,3.8,32.46,29,106,False,False,AU,UK,2020-10-25,2020-10-25,2024-03-18T14:10:52,
5380,59.37,,115,53,False,,JP,,2022-04-23,2022-04-23,2023-07-04T08:40:53,2023-07-04T08:40:53
5381,36.01,79.66,59,9,False,False,BR,DE,2021-12-14,2021-12-14,2020-09-25T21:41:07,2020-09-25T21:41:07
5382,43.31,4.65,102,55,False,True,AU,BR,2022-10-31,2022-10-31,2023-05-09T04:38:10,2023-05-09T04:38:10
5383,59.9,71.39,91,22,True,False,US,AU,2023-01-19,2023-01-19,2024-08-01T15:15:13,2024-08-01T15:15:13
5384,3.4,12.21,11,92,False,False,US,BR,2020-04-09,2020-04-09,2021-08-12T18:52:02,
5385,0.44,79.76,86,71,True,True,CA,AU,2021-06-15,2021-06-15,2023-01-31T05:37:35,2023-01-31T05:37:35
5386,39.65,32.62,113,82,True,False,FR,DE,2024-10-04,,2023-12-01T04:37:00,2023-12-01T04:37:00
5387,13.09,47.62,83,69,True,False,US,FR,2023-07-23,2023-07-23,2020-11-09T04:35:04,
5388,95.14,88.44,2,18,True,True,JP,BR,2022-04-11,2022-04-11,2021-07-26T17:56:07,2021-07-26T17:56:07
5389,6.35,11.59,111,13,False,True,CA,JP,2024-10-02,2024-10-02,2021-09-17T22:35:00,2021-09-17T22:35:00
5390,88.1,5.44,69,71,False,True,FR,AU,2021-06-19,2021-06-19,2023-01-14T11:38:30,2023-01-14T11:38:30
5391,32.59,4.6,13,65,False,True,JP,DE,2023-03-09,2023-03-09,2022-03-25T00:08:00,2022-03-25T00:08:00
5392,99.08,2.72,67,45,True,True,DE,DE,2020-08-05,2020-08-05,2024-07-05T02:02:29,
5393,22.96,26.34,46,105,True,True,JP,JP,2024-06-08,2024-06-08,2020-04-26T00:56:19,2020-04-26T00:56:19
5394,0.99,81.32,69,62,True,False,US,FR,2020-06-29,2020-06-29,2024-05-10T17:37:44,2024-05-10T17:37:44
5395,74.82,67.13,99,104,False,False,JP,JP,2023-11-27,2023-11-27,2023-07-22T19:50:48,2023-07-22T19:50:48
5396,34.06,74.03,23,,False,True,UK,CA,2022-10-28,2022-10-28,2022-11-29T05:29:13,
5397,15.83,46.61,88,45,True,True,US,BR,2020-05-13,,2021-01-05T23:43:35,2021-01-05T23:43:35
5398,85.18,35.12,5,51,False,False,FR,UK,2021-12-18,2021-12-18,2023-01-05T00:46:27,2023-01-05T00:46:27
5399,32.23,4.59,56,112,False,False,FR,JP,2024-01-19,2024-01-19,2020-02-19T08:15:36,2020-02-19T08:15:36
5400,23.88,18.5,36,29,True,True,AU,CA,2023-08-18,2023-08-18,2022-01-18T06:20:01,2022-01-18T06:20:01
5401,74.7,12.31,90,66,True,,UK,US,2021-08-31,2021-08-31,2021-10-09T12:51:54,2021-10-09T12:51:54
5402,1.31,79.11,32,74,False,True,FR,US,2021-12-18,,2022-11-01T00:37:31,2022-11-01T00:37:31
5403,6.12,88.03,94,115,False,False,FR,US,2021-10-23,2021-10-23,2022-02-10T15:48:23,2022-02-10T15:48:23
5404,42.24,57.5,66,25,True,,CA,UK,2021-06-30,2021-06-30,2023-10-14T04:20:22,2023-10-14T04:20:22
5405,85.88,65.23,62,36,True,,JP,US,2021-02-15,2021-02-15,2021-09-16T17:01:09,
5406,7.92,0.93,46,,False,True,DE,FR,2023-12-14,2023-12-14,2023-01-02T17:36:50,2023-01-02T17:36:50
5407,92.39,38.02,47,32,True,False,DE,DE,2022-12-06,2022-12-06,2020-08-24T23:14:26,2020-08-24T23:14:26
5408,99.4,21.06,80,35,False,False,FR,DE,2024-11-13,2024-11-13,2023-02-27T22:32:55,2023-02-27T22:32:55
5409,36.15,13.38,30,13,True,True,CA,UK,2020-01-30,2020-01-30,2022-10-11T15:42:06,2022-10-11T15:42:06
5410,13.81,4.78,85,44,False,False,BR,UK,2024-10-15,2024-10-15,2022-06-19T05:03:58,2022-06-19T05:03:58
5411,74.96,1.58,73,113,False,False,UK,US,2022-06-23,2022-06-23,2022-08-18T05:57:36,
5412,76.42,,42,53,False,False,JP,BR,2023-11-28,2023-11-28,2020-07-16T23:07:45,2020-07-16T23:07:45
5413,0.58,95.04,60,45,False,True,DE,BR,2023-04-27,2023-04-27,2023-01-08T03:23:12,2023-01-08T03:23:12
5414,47.61,42.5,98,94,False,,UK,CA,2020-01-13,2020-01-13,2023-10-31T04:57:15,2023-10-31T04:57:15
5415,24.76,88.96,94,25,True,True,AU,US,2023-02-08,2023-02-08,2024-05-20T08:41:06,2024-05-20T08:41:06
5416,58.61,41.18,63,,True,True,JP,CA,2021-01-06,2021-01-06,2024-02-01T13:51:08,2024-02-01T13:51:08
5417,69.28,,51,98,False,False,BR,CA,2021-11-21,2021-11-21,2021-09-27T19:33:56,2021-09-27T19:33:56
5418,18.69,95.35,53,85,False,False,US,BR,2020-10-21,,2022-05-18T15:23:18,2022-05-18T15:23:18
5419,17.46,83.3,79,4,True,False,AU,JP,2021-06-07,2021-06-07,2022-09-25T09:34:46,2022-09-25T09:34:46
5420,53.01,23.84,77,110,True,False,CA,,2023-09-29,2023-09-29,2021-12-06T07:38:06,2021-12-06T07:38:06
5421,77.23,77.28,96,11,True,True,JP,DE,2020-12-04,2020-12-04,2022-05-13T12:22:39,2022-05-13T12:22:39
5422,79.08,44.16,36,46,False,True,UK,UK,2024-07-05,2024-07-05,2023-02-19T06:31:26,2023-02-19T06:31:26
5423,23.98,74.84,31,37,False,False,FR,AU,2020-08-06,2020-08-06,2024-11-08T12:44:35,2024-11-08T12:44:35
5424,11.81,63.46,78,36,True,True,FR,CA,2022-11-19,2022-11-19,2022-01-13T11:24:55,2022-01-13T11:24:55
5425,71.33,74.58,53,43,False,True,US,FR,2023-03-18,2023-03-18,2022-05-27T19:17:07,2022-05-27T19:17:07
5426,13.94,57.16,56,28,True,False,FR,UK,2024-12-13,2024-12-13,2024-02-13T14:33:56,2024-02-13T14:33:56
5427,33.82,54.05,112,14,False,True,DE,BR,2021-12-06,2021-12-06,2024-02-23T20:22:18,2024-02-23T20:22:18
5428,35.29,78.1,23,48,True,,AU,BR,2022-08-04,2022-08-04,2024-10-15T03:04:02,2024-10-15T03:04:02
5429,66.39,71.05,101,,True,False,US,AU,2021-08-10,2021-08-10,2023-07-28T06:26:54,2023-07-28T06:26:54
5430,26.0,29.22,115,90,False,True,JP,CA,2021-09-13,2021-09-13,2020-08-15T04:51:44,
5431,21.66,38.96,50,18,False,False,US,BR,2023-10-20,2023-10-20,2020-09-16T08:08:27,2020-09-16T08:08:27
5432,37.43,29.64,47,84,False,False,CA,DE,2022-02-20,2022-02-20,2020-03-23T15:58:15,2020-03-23T15:58:15
5433,25.99,,92,63,False,True,BR,UK,2021-08-20,2021-08-20,2021-05-06T09:12:39,2021-05-06T09:12:39
5434,76.6,49.65,64,47,False,False,JP,JP,2022-01-15,2022-01-15,2023-10-30T03:43:35,2023-10-30T03:43:35
5435,36.13,62.22,64,3,True,True,DE,DE,2021-06-18,2021-06-18,2023-06-04T13:23:46,2023-06-04T13:23:46
5436,58.79,5.73,65,119,True,False,AU,US,2024-03-27,2024-03-27,2024-07-01T07:58:26,2024-07-01T07:58:26
5437,93.88,32.71,90,94,False,True,DE,AU,2020-07-04,2020-07-04,2024-08-09T06:08:11,2024-08-09T06:08:11
5438,22.44,14.36,69,86,False,True,BR,CA,2021-01-21,2021-01-21,2023-12-13T22:27:44,2023-12-13T22:27:44
5439,79.21,,102,47,True,False,FR,DE,2024-06-18,2024-06-18,2021-03-25T16:21:49,2021-03-25T16:21:49
5440,43.56,81.74,85,,True,False,BR,JP,2021-03-21,2021-03-21,2022-05-04T05:20:55,2022-05-04T05:20:55
5441,92.72,93.91,100,,True,,CA,US,2023-06-19,2023-06-19,2020-07-10T03:59:56,
5442,54.92,28.19,80,31,True,False,FR,JP,2024-04-30,2024-04-30,2024-03-13T07:56:07,2024-03-13T07:56:07
5443,14.92,,107,,True,False,US,DE,2023-10-23,,2021-12-13T05:43:08,2021-12-13T05:43:08
5444,2.93,7.69,66,114,False,False,CA,,2022-12-27,2022-12-27,2021-07-02T17:03:33,2021-07-02T17:03:33
5445,27.88,93.22,112,22,True,True,JP,BR,2023-11-06,2023-11-06,2022-06-10T03:08:02,2022-06-10T03:08:02
5446,60.96,71.52,2,12,False,True,CA,DE,2020-09-15,2020-09-15,2020-07-24T19:57:19,2020-07-24T19:57:19
5447,27.15,87.12,97,55,True,False,US,,2024-09-16,2024-09-16,2022-10-16T22:30:54,2022-10-16T22:30:54
5448,28.01,63.34,53,100,False,False,BR,UK,2020-11-02,2020-11-02,2020-11-02T08:12:29,2020-11-02T08:12:29
5449,38.63,86.02,51,68,True,False,BR,AU,2021-08-10,2021-08-10,2024-08-23T19:58:41,2024-08-23T19:58:41
5450,73.49,12.98,48,19,True,True,DE,JP,2024-05-29,2024-05-29,2021-07-15T07:59:09,
5451,34.5,73.18,90,14,False,False,FR,,2023-07-01,2023-07-01,2024-02-16T09:15:01,2024-02-16T09:15:01
5452,12.26,79.75,90,74,True,False,JP,,2024-08-05,2024-08-05,2020-03-22T23:31:35,2020-03-22T23:31:35
5453,12.91,,60,1,False,False,JP,BR,2024-04-18,2024-04-18,2022-01-25T21:35:36,2022-01-25T21:35:36
5454,44.25,71.28,36,93,False,True,AU,US,2021-06-01,2021-06-01,2020-05-29T08:42:12,2020-05-29T08:42:12
5455,86.23,19.62,101,17,False,False,BR,US,2022-06-24,,2024-05-10T08:58:00,2024-05-10T08:58:00
5456,4.65,,112,55,True,True,FR,JP,2024-07-18,2024-07-18,2022-07-30T20:05:54,2022-07-30T20:05:54
5457,16.88,44.14,31,95,False,False,UK,JP,2024-08-26,2024-08-26,2021-02-15T01:12:29,2021-02-15T01:12:29
5458,18.75,40.52,99,69,True,False,BR,CA,2020-04-05,2020-04-05,2022-04-08T06:02:41,2022-04-08T06:02:41
5459,49.01,32.33,117,119,True,,FR,FR,2022-10-22,2022-10-22,2021-08-16T11:50:52,2021-08-16T11:50:52
5460,58.87,63.97,94,81,False,,BR,UK,2021-12-08,2021-12-08,2020-10-27T21:03:36,2020-10-27T21:03:36
5461,26.04,48.95,52,59,False,False,US,,2020-11-01,2020-11-01,2023-08-13T19:32:08,2023-08-13T19:32:08
5462,2.71,29.8,47,73,False,,JP,CA,2022-07-25,2022-07-25,2023-05-07T18:20:10,2023-05-07T18:20:10
5463,82.09,44.07,49,32,True,False,UK,JP,2022-06-19,2022-06-19,2022-11-14T13:22:50,2022-11-14T13:22:50
5464,76.82,34.53,102,83,False,True,FR,FR,2022-03-23,,2020-10-22T04:23:52,2020-10-22T04:23:52
5465,93.97,89.85,41,118,False,False,JP,DE,2022-01-25,2022-01-25,2020-06-18T13:37:27,2020-06-18T13:37:27
5466,29.25,86.05,100,1,True,True,DE,,2020-12-13,,2021-05-02T22:17:59,2021-05-02T22:17:59
5467,89.14,29.67,74,,False,False,US,AU,2022-11-12,2022-11-12,2022-02-07T05:22:03,2022-02-07T05:22:03
5468,15.07,84.57,82,31,False,False,UK,CA,2022-03-20,2022-03-20,2024-09-26T12:39:17,2024-09-26T12:39:17
5469,41.75,71.37,42,91,True,False,JP,DE,2024-05-06,2024-05-06,2020-07-25T06:01:52,2020-07-25T06:01:52
5470,32.81,65.03,2,113,False,True,AU,AU,2024-04-10,2024-04-10,2021-05-22T18:41:11,2021-05-22T18:41:11
5471,46.04,52.64,88,74,True,False,US,AU,2022-01-22,2022-01-22,2023-06-14T03:49:21,
5472,84.25,,119,,True,True,BR,JP,2020-11-13,2020-11-13,2023-07-02T07:57:55,2023-07-02T07:57:55
5473,20.67,,14,30,True,,DE,,2023-10-13,2023-10-13,2024-05-29T22:25:36,2024-05-29T22:25:36
5474,54.94,47.54,8,,True,,CA,BR,2020-08-08,2020-08-08,2023-11-10T18:13:59,2023-11-10T18:13:59
5475,73.96,9.06,25,62,False,False,AU,FR,2021-03-25,2021-03-25,2022-04-27T13:32:19,2022-04-27T13:32:19
5476,88.58,20.93,28,44,False,True,BR,FR,2023-06-04,2023-06-04,2024-09-10T00:43:09,2024-09-10T00:43:09
5477,98.78,86.04,30,5,True,False,AU,FR,2021-01-15,2021-01-15,2024-07-31T09:41:13,2024-07-31T09:41:13
5478,68.53,10.51,91,64,True,True,AU,JP,2020-08-17,2020-08-17,2023-10-15T07:40:14,2023-10-15T07:40:14
5479,87.37,27.27,8,59,False,False,UK,FR,2024-02-15,2024-02-15,2024-11-01T17:27:36,2024-11-01T17:27:36
5480,70.51,62.51,79,101,True,False,UK,FR,2021-04-17,2021-04-17,2022-01-10T18:06:50,2022-01-10T18:06:50
5481,76.08,5.6,35,112,False,True,CA,US,2021-01-02,2021-01-02,2023-07-22T15:47:39,2023-07-22T15:47:39
5482,89.18,61.96,71,11,True,False,JP,JP,2022-05-01,2022-05-01,2021-12-29T23:15:41,2021-12-29T23:15:41
5483,61.59,98.03,68,64,True,,JP,FR,2020-10-10,2020-10-10,2024-05-19T07:13:41,2024-05-19T07:13:41
5484,8.61,36.27,20,87,False,True,US,CA,2022-08-02,2022-08-02,2024-11-27T13:12:38,2024-11-27T13:12:38
5485,88.27,78.92,8,40,False,False,JP,,2023-02-22,2023-02-22,2023-04-07T16:24:53,2023-04-07T16:24:53
5486,87.69,86.36,35,100,True,False,FR,AU,2023-02-19,2023-02-19,2020-06-02T19:25:19,2020-06-02T19:25:19
5487,89.58,91.84,21,95,True,,DE,FR,2023-06-24,2023-06-24,2021-11-23T13:55:29,2021-11-23T13:55:29
5488,49.09,70.34,75,111,False,True,CA,CA,2022-03-14,2022-03-14,2021-06-12T21:06:00,2021-06-12T21:06:00
5489,3.3,1.65,87,28,True,True,US,CA,2022-01-10,2022-01-10,2021-01-28T20:17:57,2021-01-28T20:17:57
5490,58.1,56.27,62,76,False,True,BR,JP,2020-08-14,2020-08-14,2020-12-10T16:32:53,2020-12-10T16:32:53
5491,74.46,58.76,56,40,True,False,AU,AU,2024-12-09,2024-12-09,2024-02-21T05:36:55,2024-02-21T05:36:55
5492,0.04,7.56,24,111,False,,DE,AU,2022-05-02,2022-05-02,2022-01-12T12:58:10,2022-01-12T12:58:10
5493,79.84,45.4,46,33,True,True,BR,AU,2023-12-11,2023-12-11,2021-12-03T14:11:34,2021-12-03T14:11:34
5494,40.7,39.29,20,6,False,,UK,CA,2021-06-26,2021-06-26,2023-04-12T08:16:12,2023-04-12T08:16:12
5495,18.7,36.15,11,87,False,True,DE,JP,2023-01-02,2023-01-02,2022-09-13T21:16:33,2022-09-13T21:16:33
5496,10.06,78.82,83,36,False,False,AU,FR,2023-07-08,,2020-04-29T05:22:17,2020-04-29T05:22:17
5497,11.05,,43,45,True,,UK,US,2023-10-12,2023-10-12,2024-12-04T19:08:46,2024-12-04T19:08:46
5498,94.41,64.3,69,110,False,False,AU,UK,2020-03-23,2020-03-23,2024-01-03T12:14:39,2024-01-03T12:14:39
5499,91.37,13.25,41,48,True,,AU,AU,2023-09-11,2023-09-11,2023-06-18T20:33:03,2023-06-18T20:33:03
5500,75.03,51.51,73,25,True,False,BR,CA,2023-07-12,,2020-05-24T16:42:27,2020-05-24T16:42:27
5501,22.12,99.01,9,,True,False,US,CA,2023-10-29,2023-10-29,2021-10-31T00:21:30,2021-10-31T00:21:30
5502,50.74,,69,30,False,False,FR,DE,2021-03-14,2021-03-14,2022-08-11T06:35:33,
5503,11.48,2.84,17,39,False,True,JP,DE,2021-03-01,2021-03-01,2021-03-24T20:24:08,2021-03-24T20:24:08
5504,27.94,40.34,16,97,True,False,AU,JP,2021-12-16,2021-12-16,2022-09-12T06:01:35,2022-09-12T06:01:35
5505,0.61,74.24,74,4,True,False,UK,JP,2024-04-12,2024-04-12,2020-09-11T04:48:15,2020-09-11T04:48:15
5506,27.11,12.04,16,37,True,False,JP,FR,2024-01-22,,2021-12-09T21:03:42,2021-12-09T21:03:42
5507,65.72,56.84,61,112,False,False,AU,JP,2022-03-20,,2020-07-17T19:44:28,2020-07-17T19:44:28
5508,42.15,12.68,103,61,False,False,JP,CA,2021-06-29,2021-06-29,2020-11-06T20:22:49,2020-11-06T20:22:49
5509,59.8,69.17,2,51,True,False,AU,US,2023-07-24,2023-07-24,2021-04-11T13:55:10,2021-04-11T13:55:10
5510,72.77,63.28,54,62,False,True,CA,UK,2020-10-16,2020-10-16,2021-03-07T17:07:54,2021-03-07T17:07:54
5511,24.95,94.73,68,100,False,True,US,DE,2024-01-14,2024-01-14,2021-04-25T00:54:00,2021-04-25T00:54:00
5512,75.89,2.45,0,45,False,True,BR,UK,2023-08-15,2023-08-15,2020-12-10T11:20:21,2020-12-10T11:20:21
5513,66.58,66.3,64,103,True,False,JP,UK,2022-05-01,2022-05-01,2024-01-09T01:36:48,2024-01-09T01:36:48
5514,81.71,,104,45,True,True,JP,US,2020-06-14,2020-06-14,2024-01-31T13:32:15,
5515,8.92,,64,17,True,True,AU,DE,2023-10-12,2023-10-12,2021-11-10T20:42:10,2021-11-10T20:42:10
5516,89.48,50.92,98,,False,,US,BR,2022-01-04,2022-01-04,2021-06-14T20:40:53,2021-06-14T20:40:53
5517,36.63,5.74,112,63,False,True,US,JP,2021-10-03,2021-10-03,2023-10-23T01:07:02,2023-10-23T01:07:02
5518,89.59,74.08,74,98,False,True,AU,FR,2024-06-24,2024-06-24,2024-12-17T12:44:02,2024-12-17T12:44:02
5519,64.2,59.18,77,,False,False,US,BR,2024-12-20,2024-12-20,2023-06-01T01:32:49,2023-06-01T01:32:49
5520,98.78,18.25,93,24,True,False,UK,FR,2021-02-13,2021-02-13,2021-12-19T20:06:18,2021-12-19T20:06:18
5521,43.59,92.12,24,28,True,,DE,,2022-09-08,2022-09-08,2023-01-28T10:11:54,2023-01-28T10:11:54
5522,45.17,1.44,7,,False,False,UK,US,2021-02-15,2021-02-15,2020-02-15T22:54:30,
5523,62.65,,35,112,False,True,AU,DE,2020-03-16,2020-03-16,2024-07-09T20:42:15,2024-07-09T20:42:15
5524,50.26,22.32,22,9,True,True,FR,DE,2020-05-02,2020-05-02,2020-09-29T05:14:29,2020-09-29T05:14:29
5525,43.95,6.17,99,108,True,False,UK,FR,2022-01-16,,2023-11-15T16:44:23,2023-11-15T16:44:23
5526,63.22,2.62,44,95,True,True,JP,FR,2022-11-17,2022-11-17,2021-10-16T08:49:14,2021-10-16T08:49:14
5527,39.5,86.19,92,13,False,True,US,CA,2023-01-22,,2022-03-14T22:01:03,2022-03-14T22:01:03
5528,67.71,64.44,43,91,False,False,UK,DE,2023-04-03,2023-04-03,2024-09-25T05:11:59,2024-09-25T05:11:59
5529,95.97,37.43,4,100,True,True,DE,BR,2022-11-16,,2023-12-03T23:17:32,2023-12-03T23:17:32
5530,41.18,85.36,111,80,False,True,BR,AU,2020-01-26,2020-01-26,2024-06-10T15:37:09,2024-06-10T15:37:09
5531,18.32,51.69,102,106,False,False,DE,DE,2021-04-26,2021-04-26,2021-07-13T19:06:09,2021-07-13T19:06:09
5532,99.22,23.92,20,,False,False,JP,AU,2020-05-22,2020-05-22,2024-06-18T11:54:28,2024-06-18T11:54:28
5533,99.58,3.21,109,24,True,False,US,UK,2022-12-13,2022-12-13,2021-12-18T16:56:07,2021-12-18T16:56:07
5534,67.82,,12,35,True,False,FR,US,2022-11-27,2022-11-27,2023-08-27T01:30:48,2023-08-27T01:30:48
5535,44.98,26.22,93,119,True,False,DE,DE,2022-04-30,2022-04-30,2021-03-19T18:16:30,2021-03-19T18:16:30
5536,32.81,64.8,35,58,False,True,BR,FR,2023-08-06,2023-08-06,2024-01-27T06:54:13,2024-01-27T06:54:13
5537,8.83,61.78,107,80,False,False,US,FR,2020-02-16,2020-02-16,2022-05-29T03:11:08,
5538,24.99,74.47,47,52,True,,AU,CA,2020-08-07,2020-08-07,2023-09-30T04:36:57,2023-09-30T04:36:57
5539,26.36,47.53,118,106,False,True,UK,DE,2022-02-23,2022-02-23,2020-05-24T15:09:08,2020-05-24T15:09:08
5540,72.09,99.15,48,93,True,True,UK,US,2020-07-14,2020-07-14,2021-11-21T03:52:20,2021-11-21T03:52:20
5541,38.89,74.8,49,89,False,False,DE,DE,2020-05-20,2020-05-20,2021-08-08T06:33:31,2021-08-08T06:33:31
5542,78.66,67.3,32,70,True,False,UK,,2021-06-22,2021-06-22,2024-04-12T21:21:50,2024-04-12T21:21:50
5543,47.32,18.69,46,23,False,True,JP,FR,2020-02-14,,2020-08-11T23:38:37,2020-08-11T23:38:37
5544,51.32,28.5,16,41,False,,JP,,2021-02-06,2021-02-06,2024-02-16T10:56:06,2024-02-16T10:56:06
5545,35.52,52.83,117,87,True,False,US,,2022-03-05,2022-03-05,2020-06-14T02:38:51,2020-06-14T02:38:51
5546,80.41,18.92,108,21,False,False,AU,UK,2024-06-19,2024-06-19,2024-01-10T10:13:48,2024-01-10T10:13:48
5547,47.06,40.85,104,94,False,False,CA,JP,2023-09-01,2023-09-01,2022-07-28T01:42:08,2022-07-28T01:42:08
5548,38.79,84.43,71,37,False,False,AU,BR,2021-12-30,2021-12-30,2020-04-01T08:57:02,2020-04-01T08:57:02
5549,35.2,89.14,88,9,True,,US,CA,2023-11-09,2023-11-09,2021-03-23T04:39:21,2021-03-23T04:39:21
5550,12.11,68.59,41,56,False,True,US,DE,2024-05-20,2024-05-20,2023-10-03T23:19:46,2023-10-03T23:19:46
5551,42.95,86.8,46,74,False,False,BR,DE,2023-09-19,2023-09-19,2020-10-09T19:23:38,2020-10-09T19:23:38
5552,41.22,54.44,69,48,True,False,BR,CA,2020-07-22,2020-07-22,2021-01-02T12:05:21,
5553,73.38,80.54,33,61,True,False,FR,UK,2021-01-06,2021-01-06,2022-08-27T14:00:20,2022-08-27T14:00:20
5554,67.44,74.75,89,,True,True,US,DE,2022-02-12,2022-02-12,2020-02-03T01:32:28,
5555,26.22,98.19,64,63,False,True,FR,BR,2024-10-28,2024-10-28,2020-03-18T01:29:30,2020-03-18T01:29:30
5556,82.1,49.57,30,36,True,False,FR,US,2024-05-20,2024-05-20,2024-04-01T16:02:49,2024-04-01T16:02:49
5557,76.75,86.23,52,105,False,,FR,,2024-04-21,2024-04-21,2021-04-12T17:01:26,2021-04-12T17:01:26
5558,61.75,14.95,85,96,False,True,AU,UK,2023-09-22,2023-09-22,2023-10-07T00:03:20,2023-10-07T00:03:20
5559,3.1,45.32,9,5,True,False,DE,UK,2022-04-28,2022-04-28,2020-12-06T14:21:57,2020-12-06T14:21:57
5560,84.33,,21,34,False,False,BR,FR,2021-05-07,2021-05-07,2024-03-17T22:03:50,2024-03-17T22:03:50
5561,75.32,28.73,101,24,True,False,CA,DE,2022-06-07,2022-06-07,2020-03-26T18:23:45,2020-03-26T18:23:45
5562,73.31,30.64,20,59,False,False,UK,BR,2022-03-20,2022-03-20,2020-10-05T04:29:22,2020-10-05T04:29:22
5563,1.13,59.43,63,40,True,,UK,CA,2022-04-20,2022-04-20,2022-01-26T15:48:32,2022-01-26T15:48:32
5564,42.71,59.56,47,85,False,False,BR,US,2024-02-25,2024-02-25,2020-04-01T07:27:50,2020-04-01T07:27:50
5565,45.64,10.75,39,95,True,True,BR,UK,2020-02-01,2020-02-01,2023-12-20T03:42:26,2023-12-20T03:42:26
5566,25.89,66.15,70,80,True,False,US,BR,2024-06-12,2024-06-12,2021-02-17T23:03:56,2021-02-17T23:03:56
5567,52.0,4.55,73,75,True,True,AU,AU,2022-05-31,,2024-08-11T02:51:58,
5568,50.86,12.3,80,84,True,False,BR,,2020-03-10,2020-03-10,2024-10-06T09:32:13,2024-10-06T09:32:13
5569,45.46,21.45,21,74,False,True,BR,CA,2020-02-13,2020-02-13,2023-01-23T14:59:13,2023-01-23T14:59:13
5570,82.3,41.15,38,33,False,True,AU,UK,2020-07-21,2020-07-21,2021-03-30T23:09:20,
5571,33.18,35.41,96,17,False,True,BR,FR,2022-02-11,2022-02-11,2023-09-05T10:43:39,
5572,92.06,,32,45,True,False,AU,DE,2023-09-15,2023-09-15,2023-02-23T00:53:20,
5573,85.0,79.67,102,92,False,False,BR,AU,2021-07-24,2021-07-24,2024-09-16T22:20:45,2024-09-16T22:20:45
5574,36.35,0.67,20,25,False,True,DE,FR,2024-05-25,2024-05-25,2021-05-18T08:59:50,2021-05-18T08:59:50
5575,39.43,2.34,12,,True,False,FR,FR,2021-06-15,2021-06-15,2020-09-22T01:58:38,2020-09-22T01:58:38
5576,72.33,71.12,58,75,False,True,UK,BR,2024-04-06,2024-04-06,2024-06-01T22:52:20,2024-06-01T22:52:20
5577,42.12,14.73,43,111,False,False,JP,US,2021-05-24,2021-05-24,2022-01-25T11:13:24,2022-01-25T11:13:24
5578,27.05,55.16,98,,True,False,CA,DE,2023-04-10,2023-04-10,2021-11-10T19:42:55,2021-11-10T19:42:55
5579,35.86,24.35,68,61,False,True,JP,DE,2022-05-14,2022-05-14,2024-04-18T15:57:44,2024-04-18T15:57:44
5580,14.45,60.74,6,88,True,True,AU,US,2024-10-03,2024-10-03,2021-08-21T14:46:46,2021-08-21T14:46:46
5581,70.56,62.11,119,34,True,False,AU,AU,2024-01-07,2024-01-07,2020-11-28T16:35:36,2020-11-28T16:35:36
5582,68.84,78.97,36,96,True,True,US,,2023-12-18,2023-12-18,2020-10-14T19:02:44,2020-10-14T19:02:44
5583,16.54,14.43,25,32,True,False,FR,DE,2022-09-24,2022-09-24,2023-01-17T00:30:23,2023-01-17T00:30:23
5584,0.84,59.64,73,82,True,True,UK,,2024-03-30,2024-03-30,2022-05-04T16:55:49,2022-05-04T16:55:49
5585,50.87,37.52,104,105,True,True,DE,US,2020-04-17,,2023-04-30T13:25:23,2023-04-30T13:25:23
5586,29.19,51.35,93,7,True,False,UK,,2020-03-31,2020-03-31,2021-01-15T19:23:09,2021-01-15T19:23:09
5587,12.52,76.77,40,102,True,False,US,DE,2024-10-16,2024-10-16,2022-10-21T08:27:05,2022-10-21T08:27:05
5588,33.91,82.25,84,82,False,True,UK,US,2023-09-28,2023-09-28,2021-06-10T20:28:09,2021-06-10T20:28:09
5589,53.94,9.02,99,103,True,False,BR,AU,2020-02-13,2020-02-13,2020-03-24T13:36:05,2020-03-24T13:36:05
5590,43.56,41.1,19,48,True,False,US,,2022-10-05,,2023-10-07T05:57:36,2023-10-07T05:57:36
5591,94.39,52.63,82,60,True,True,JP,BR,2024-11-28,2024-11-28,2020-01-11T20:53:48,
5592,24.84,60.26,25,112,True,,FR,FR,2021-04-06,2021-04-06,2024-11-18T08:51:54,2024-11-18T08:51:54
5593,15.14,72.29,18,96,False,False,CA,UK,2023-10-02,2023-10-02,2022-05-05T13:37:47,2022-05-05T13:37:47
5594,16.06,24.72,99,44,False,False,BR,US,2024-08-26,2024-08-26,2023-06-10T23:31:39,2023-06-10T23:31:39
5595,16.76,20.84,101,90,True,True,US,DE,2023-07-20,2023-07-20,2022-12-15T02:44:23,2022-12-15T02:44:23
5596,81.74,85.38,53,10,True,True,BR,US,2020-05-18,2020-05-18,2024-07-30T21:58:27,2024-07-30T21:58:27
5597,70.48,41.13,105,104,False,False,CA,AU,2022-02-08,2022-02-08,2022-12-23T04:11:44,2022-12-23T04:11:44
5598,16.97,25.95,38,51,True,False,FR,UK,2022-06-30,2022-06-30,2024-12-25T16:48:24,2024-12-25T16:48:24
5599,37.1,32.23,34,6,True,True,UK,AU,2024-08-22,2024-08-22,2021-03-27T06:19:42,2021-03-27T06:19:42
5600,18.66,96.91,47,97,False,False,JP,CA,2023-05-03,2023-05-03,2023-09-10T18:47:20,
5601,55.21,39.85,3,6,False,False,BR,BR,2024-08-17,2024-08-17,2023-06-08T08:57:14,2023-06-08T08:57:14
5602,92.94,23.38,17,56,True,False,DE,FR,2020-12-08,2020-12-08,2021-02-08T11:23:02,2021-02-08T11:23:02
5603,21.81,81.56,48,54,False,True,BR,BR,2022-01-01,2022-01-01,2021-10-27T09:20:54,2021-10-27T09:20:54
5604,29.99,95.63,43,4,False,False,BR,FR,2020-05-02,2020-05-02,2023-01-18T11:30:37,2023-01-18T11:30:37
5605,63.46,18.29,32,,False,False,BR,US,2021-10-13,,2021-07-24T11:44:03,2021-07-24T11:44:03
5606,2.77,73.41,53,13,False,False,UK,CA,2020-06-23,2020-06-23,2022-09-10T14:09:00,2022-09-10T14:09:00
5607,19.72,89.52,6,99,True,,UK,,2024-04-30,2024-04-30,2022-11-16T18:28:42,2022-11-16T18:28:42
5608,44.76,99.2,114,81,False,True,JP,AU,2024-06-14,2024-06-14,2023-04-01T02:49:47,2023-04-01T02:49:47
5609,23.78,92.72,62,,True,,FR,,2023-03-04,2023-03-04,2023-09-16T09:33:49,
5610,75.56,,56,99,False,,FR,US,2021-07-26,2021-07-26,2020-01-03T21:14:50,2020-01-03T21:14:50
5611,60.81,30.9,86,44,False,True,DE,US,2023-12-24,,2024-06-21T06:28:16,2024-06-21T06:28:16
5612,15.72,57.98,108,115,True,False,DE,BR,2022-07-22,2022-07-22,2024-04-23T13:08:01,2024-04-23T13:08:01
5613,5.4,36.85,12,43,True,True,UK,CA,2022-06-05,2022-06-05,2022-03-07T01:12:15,2022-03-07T01:12:15
5614,62.88,16.12,23,19,True,True,DE,CA,2023-10-09,2023-10-09,2024-06-23T18:35:20,2024-06-23T18:35:20
5615,5.12,73.96,84,66,False,False,FR,,2021-06-07,2021-06-07,2022-05-06T15:11:42,2022-05-06T15:11:42
5616,60.89,49.07,23,80,False,True,CA,JP,2024-08-22,2024-08-22,2023-01-16T04:09:41,2023-01-16T04:09:41
5617,61.09,31.83,0,38,True,False,CA,CA,2023-11-11,2023-11-11,2022-12-19T03:22:46,2022-12-19T03:22:46
5618,26.06,,106,44,True,False,CA,BR,2021-07-01,2021-07-01,2024-04-26T02:05:46,2024-04-26T02:05:46
5619,67.59,50.69,38,75,True,False,UK,,2023-11-27,2023-11-27,2023-10-08T19:43:30,2023-10-08T19:43:30
5620,86.28,,111,103,True,False,AU,DE,2023-01-24,2023-01-24,2021-10-24T17:51:31,2021-10-24T17:51:31
5621,29.59,17.2,9,,True,,CA,UK,2023-01-25,2023-01-25,2023-12-13T05:08:06,2023-12-13T05:08:06
5622,30.08,14.9,100,71,False,False,CA,CA,2022-02-28,2022-02-28,2020-12-16T01:39:19,
5623,6.91,44.46,86,67,False,False,DE,FR,2023-04-25,2023-04-25,2024-10-15T17:29:45,2024-10-15T17:29:45
5624,68.37,95.56,92,14,False,False,US,UK,2023-12-03,2023-12-03,2020-08-05T05:24:42,2020-08-05T05:24:42
5625,97.36,5.9,8,68,True,,JP,CA,2022-03-10,2022-03-10,2020-12-22T19:50:44,
5626,84.76,25.68,37,104,True,False,AU,BR,2021-07-19,2021-07-19,2020-10-13T00:11:31,2020-10-13T00:11:31
5627,94.85,,72,18,False,False,UK,BR,2021-10-10,2021-10-10,2024-07-08T21:07:32,2024-07-08T21:07:32
5628,74.17,72.39,119,99,False,False,UK,UK,2020-11-04,2020-11-04,2023-02-16T07:38:29,2023-02-16T07:38:29
5629,88.43,41.67,119,115,True,True,UK,,2022-02-13,2022-02-13,2024-10-21T23:30:38,2024-10-21T23:30:38
5630,20.83,77.19,88,34,False,,AU,UK,2023-02-14,2023-02-14,2020-09-27T12:42:09,2020-09-27T12:42:09
5631,99.9,23.63,30,,True,False,AU,JP,2021-02-02,2021-02-02,2024-03-24T21:35:26,2024-03-24T21:35:26
5632,16.08,13.25,43,105,False,True,AU,UK,2022-09-25,2022-09-25,2020-02-15T14:25:04,2020-02-15T14:25:04
5633,62.81,47.72,70,81,False,False,AU,AU,2021-06-24,2021-06-24,2020-02-21T09:07:34,2020-02-21T09:07:34
5634,30.58,60.85,52,,True,True,BR,JP,2023-01-29,2023-01-29,2024-05-22T09:34:13,2024-05-22T09:34:13
5635,5.87,15.13,27,27,False,False,BR,DE,2023-03-01,2023-03-01,2020-08-16T15:01:22,
5636,84.04,82.11,101,119,False,True,DE,JP,2022-02-04,2022-02-04,2023-04-20T04:32:27,2023-04-20T04:32:27
5637,34.28,99.5,94,76,True,False,DE,,2022-05-29,2022-05-29,2022-07-11T20:28:51,2022-07-11T20:28:51
5638,96.91,38.03,38,,False,True,UK,BR,2020-02-28,2020-02-28,2024-06-02T23:15:34,2024-06-02T23:15:34
5639,41.83,20.71,95,20,False,,CA,AU,2023-09-10,2023-09-10,2020-02-29T22:21:21,2020-02-29T22:21:21
5640,48.14,83.59,24,119,False,True,UK,BR,2024-08-14,2024-08-14,2022-03-26T17:42:46,2022-03-26T17:42:46
5641,27.54,99.88,95,50,False,,AU,US,2024-09-08,2024-09-08,2020-12-06T01:31:12,2020-12-06T01:31:12
5642,35.16,15.11,52,35,False,False,BR,CA,2023-08-07,2023-08-07,2021-10-17T14:53:09,2021-10-17T14:53:09
5643,78.99,48.74,48,27,False,,FR,DE,2021-01-16,2021-01-16,2021-04-07T15:37:50,2021-04-07T15:37:50
5644,72.43,80.21,23,65,True,False,CA,CA,2021-04-09,,2022-10-25T12:00:15,2022-10-25T12:00:15
5645,41.1,34.8,7,101,True,False,CA,,2023-10-09,2023-10-09,2022-02-27T16:59:18,2022-02-27T16:59:18
5646,18.08,18.43,73,14,False,True,FR,AU,2022-01-04,,2020-10-11T19:52:17,
5647,5.09,69.17,14,12,False,True,DE,DE,2023-10-30,2023-10-30,2023-06-08T12:08:12,2023-06-08T12:08:12
5648,7.92,96.46,34,38,True,False,US,JP,2024-12-16,2024-12-16,2020-10-08T14:56:25,2020-10-08T14:56:25
5649,14.26,90.0,80,105,True,,AU,UK,2023-01-09,2023-01-09,2024-01-30T06:50:48,2024-01-30T06:50:48
5650,28.06,42.62,95,,False,True,JP,JP,2023-05-23,2023-05-23,2023-03-28T01:43:31,2023-03-28T01:43:31
5651,31.15,88.5,98,52,False,False,US,AU,2024-10-30,2024-10-30,2024-11-12T17:26:59,2024-11-12T17:26:59
5652,61.12,,27,18,True,True,CA,CA,2023-04-15,2023-04-15,2021-12-30T12:46:12,2021-12-30T12:46:12
5653,27.41,11.48,12,1,False,True,AU,FR,2021-04-16,2021-04-16,2024-10-14T07:48:18,2024-10-14T07:48:18
5654,28.54,68.58,92,103,True,True,BR,US,2020-11-15,2020-11-15,2020-06-29T08:44:09,2020-06-29T08:44:09
5655,59.04,40.26,48,37,True,False,DE,US,2024-10-11,2024-10-11,2021-10-06T00:48:08,2021-10-06T00:48:08
5656,69.54,42.93,80,27,False,True,CA,,2024-12-14,2024-12-14,2020-03-27T23:55:05,2020-03-27T23:55:05
5657,40.23,90.59,92,80,True,False,US,CA,2022-12-24,2022-12-24,2020-11-01T22:02:40,2020-11-01T22:02:40
5658,36.91,98.33,83,61,False,True,CA,BR,2023-01-02,2023-01-02,2022-05-14T07:12:03,2022-05-14T07:12:03
5659,80.7,,35,13,False,False,US,JP,2023-03-02,2023-03-02,2022-08-04T01:50:18,2022-08-04T01:50:18
5660,94.84,91.8,91,102,False,False,UK,BR,2020-01-09,2020-01-09,2023-07-13T17:38:47,2023-07-13T17:38:47
5661,81.86,62.49,100,19,False,True,UK,US,2020-07-31,2020-07-31,2020-08-09T00:07:28,2020-08-09T00:07:28
5662,86.87,17.55,24,13,False,False,UK,DE,2021-09-23,,2024-11-14T20:25:15,
5663,56.77,99.18,71,92,False,False,JP,US,2022-08-19,2022-08-19,2024-11-03T05:29:53,2024-11-03T05:29:53
5664,66.64,9.71,45,27,True,True,CA,DE,2021-09-02,2021-09-02,2020-06-26T20:15:27,2020-06-26T20:15:27
5665,50.17,80.83,92,52,False,False,FR,UK,2022-01-23,2022-01-23,2023-01-17T00:07:00,2023-01-17T00:07:00
5666,34.58,7.49,7,60,True,,CA,UK,2021-03-07,2021-03-07,2022-01-23T16:00:35,
5667,70.47,14.27,3,33,False,True,FR,DE,2023-04-16,2023-04-16,2024-09-09T10:56:14,2024-09-09T10:56:14
5668,46.64,69.46,72,59,False,False,CA,US,2021-02-18,2021-02-18,2022-08-10T09:36:20,2022-08-10T09:36:20
5669,86.0,28.14,51,3,False,True,US,DE,2023-08-12,,2022-05-08T04:57:34,2022-05-08T04:57:34
5670,33.99,53.96,68,41,False,False,DE,US,2021-11-03,2021-11-03,2024-12-07T17:06:55,2024-12-07T17:06:55
5671,7.39,72.78,66,68,False,False,AU,,2020-07-13,2020-07-13,2022-10-04T23:20:19,2022-10-04T23:20:19
5672,97.68,57.9,4,99,False,False,JP,JP,2024-08-26,2024-08-26,2023-07-17T08:31:55,2023-07-17T08:31:55
5673,50.46,20.98,104,101,True,False,US,,2024-05-21,,2020-02-26T21:35:19,2020-02-26T21:35:19
5674,77.49,15.4,14,85,True,False,CA,UK,2021-11-06,2021-11-06,2020-09-08T23:21:24,2020-09-08T23:21:24
5675,90.92,84.32,24,,False,True,US,UK,2020-09-27,2020-09-27,2021-05-08T19:57:45,2021-05-08T19:57:45
5676,28.12,50.45,19,1,False,True,US,US,2021-08-08,2021-08-08,2020-03-14T12:28:34,2020-03-14T12:28:34
5677,62.94,16.33,29,101,True,True,BR,AU,2021-10-01,,2023-03-18T12:17:24,2023-03-18T12:17:24
5678,73.58,31.11,109,6,True,True,US,CA,2021-10-09,2021-10-09,2021-09-21T23:34:24,2021-09-21T23:34:24
5679,68.52,77.38,53,,False,False,DE,US,2024-06-28,2024-06-28,2021-06-20T10:37:49,2021-06-20T10:37:49
5680,63.68,97.71,42,36,True,True,UK,,2022-05-05,2022-05-05,2021-01-26T17:43:46,2021-01-26T17:43:46
5681,53.53,15.7,31,79,False,False,BR,CA,2023-09-02,2023-09-02,2021-01-10T09:20:32,
5682,43.8,78.95,42,89,False,True,UK,AU,2023-12-19,2023-12-19,2020-10-26T05:00:46,2020-10-26T05:00:46
5683,32.32,11.12,39,80,True,False,CA,BR,2024-07-21,2024-07-21,2024-04-20T08:29:46,2024-04-20T08:29:46
5684,80.19,61.39,57,,False,True,BR,,2023-08-21,2023-08-21,2023-03-11T07:48:40,2023-03-11T07:48:40
5685,56.88,9.35,95,62,True,False,DE,JP,2021-02-14,2021-02-14,2020-05-01T08:22:58,2020-05-01T08:22:58
5686,84.18,69.13,71,74,True,False,AU,,2022-06-28,,2020-02-01T15:59:42,2020-02-01T15:59:42
5687,13.97,88.88,78,24,False,False,FR,FR,2020-01-13,2020-01-13,2023-05-27T04:29:09,2023-05-27T04:29:09
5688,73.22,28.1,115,116,True,True,UK,AU,2022-02-28,,2023-06-14T02:46:05,2023-06-14T02:46:05
5689,70.78,32.93,90,113,False,True,UK,US,2022-12-16,,2020-09-21T11:57:48,2020-09-21T11:57:48
5690,59.98,97.99,58,111,True,False,DE,BR,2023-09-17,2023-09-17,2022-07-18T06:15:04,2022-07-18T06:15:04
5691,1.82,16.77,112,,False,True,CA,US,2024-03-20,,2021-06-24T17:06:37,2021-06-24T17:06:37
5692,71.25,5.82,114,26,False,False,FR,JP,2023-04-03,2023-04-03,2020-07-20T20:40:51,2020-07-20T20:40:51
5693,31.57,77.51,8,96,True,True,UK,US,2024-05-28,2024-05-28,2021-07-08T13:06:26,2021-07-08T13:06:26
5694,22.43,59.51,85,48,True,True,JP,BR,2023-07-22,2023-07-22,2021-04-18T02:11:34,2021-04-18T02:11:34
5695,95.05,82.82,97,99,False,False,DE,BR,2024-02-23,2024-02-23,2022-09-07T09:44:54,2022-09-07T09:44:54
5696,0.56,28.12,2,14,True,True,AU,BR,2022-12-04,2022-12-04,2023-06-21T20:25:20,2023-06-21T20:25:20
5697,79.98,62.95,39,73,True,False,CA,JP,2022-12-12,2022-12-12,2020-09-29T11:44:01,2020-09-29T11:44:01
5698,92.3,10.41,22,66,False,,DE,BR,2021-07-28,2021-07-28,2024-02-02T08:43:18,2024-02-02T08:43:18
5699,82.51,47.65,67,49,True,True,US,DE,2023-10-03,2023-10-03,2021-07-31T21:08:37,2021-07-31T21:08:37
5700,31.53,,41,48,True,True,AU,FR,2020-05-02,2020-05-02,2024-06-04T12:14:43,2024-06-04T12:14:43
5701,26.75,17.45,5,39,True,True,AU,DE,2022-08-10,2022-08-10,2022-08-28T05:01:37,2022-08-28T05:01:37
5702,93.86,45.06,69,109,True,False,JP,CA,2020-05-30,2020-05-30,2023-03-26T09:07:04,2023-03-26T09:07:04
5703,20.87,29.3,0,50,False,False,CA,,2021-07-27,2021-07-27,2023-10-12T12:23:30,2023-10-12T12:23:30
5704,79.15,13.11,33,110,False,False,US,US,2022-01-04,2022-01-04,2022-04-28T19:39:59,2022-04-28T19:39:59
5705,47.75,,88,114,False,True,UK,BR,2023-11-04,2023-11-04,2023-02-20T20:48:53,2023-02-20T20:48:53
5706,34.07,96.26,11,78,True,True,CA,FR,2023-04-18,2023-04-18,2021-03-30T14:36:06,2021-03-30T14:36:06
5707,59.67,55.42,34,109,False,True,JP,CA,2021-09-19,2021-09-19,2024-02-12T18:06:49,2024-02-12T18:06:49
5708,39.46,57.13,111,66,True,,UK,UK,2022-08-26,2022-08-26,2020-01-12T22:33:35,2020-01-12T22:33:35
5709,26.99,,10,52,True,True,UK,FR,2024-10-01,2024-10-01,2021-06-20T12:29:40,2021-06-20T12:29:40
5710,48.15,18.63,51,80,False,True,DE,FR,2024-05-21,2024-05-21,2022-11-16T01:07:37,2022-11-16T01:07:37
5711,1.54,79.44,21,69,False,True,DE,BR,2022-01-22,2022-01-22,2024-02-25T15:36:49,2024-02-25T15:36:49
5712,32.52,77.49,89,23,False,True,AU,CA,2023-03-25,2023-03-25,2020-04-20T18:18:02,2020-04-20T18:18:02
5713,80.09,80.92,2,9,False,True,UK,FR,2024-07-10,2024-07-10,2021-03-09T07:08:53,2021-03-09T07:08:53
5714,12.3,51.51,89,93,True,True,US,BR,2020-03-05,2020-03-05,2020-01-10T00:11:00,2020-01-10T00:11:00
5715,57.02,39.39,118,88,False,False,CA,,2021-10-22,2021-10-22,2024-04-09T18:18:24,2024-04-09T18:18:24
5716,69.9,35.23,0,9,False,True,CA,CA,2022-12-18,2022-12-18,2022-12-24T06:49:59,2022-12-24T06:49:59
5717,77.71,28.81,59,46,False,True,FR,DE,2024-12-10,,2020-07-25T22:05:23,2020-07-25T22:05:23
5718,14.76,98.46,71,7,False,,US,DE,2022-05-16,2022-05-16,2022-05-07T08:06:22,2022-05-07T08:06:22
5719,54.65,10.98,88,102,False,False,CA,BR,2020-01-23,2020-01-23,2021-08-22T18:45:59,2021-08-22T18:45:59
5720,2.18,36.69,8,20,False,,US,US,2024-05-25,2024-05-25,2023-12-23T04:06:51,2023-12-23T04:06:51
5721,15.46,87.31,38,109,True,True,BR,FR,2023-12-27,2023-12-27,2021-07-07T12:52:02,2021-07-07T12:52:02
5722,33.52,32.85,92,9,False,True,UK,CA,2024-02-11,2024-02-11,2021-12-31T20:07:03,2021-12-31T20:07:03
5723,47.85,36.72,76,37,False,False,DE,,2022-09-16,2022-09-16,2023-12-17T22:14:51,2023-12-17T22:14:51
5724,3.36,28.15,98,85,True,False,CA,JP,2020-03-25,2020-03-25,2022-05-29T00:52:33,2022-05-29T00:52:33
5725,24.85,62.23,75,18,True,True,FR,UK,2021-05-18,,2024-09-03T16:08:51,2024-09-03T16:08:51
5726,19.87,30.36,40,,False,False,UK,JP,2023-05-10,2023-05-10,2021-10-20T07:00:13,2021-10-20T07:00:13
5727,43.47,,2,118,True,False,FR,UK,2022-04-03,2022-04-03,2021-12-06T11:09:50,
5728,75.29,26.72,56,116,False,False,DE,US,2020-09-10,2020-09-10,2021-07-29T23:41:09,2021-07-29T23:41:09
5729,35.5,22.31,87,107,True,True,CA,DE,2020-12-19,2020-12-19,2021-06-25T15:11:22,2021-06-25T15:11:22
5730,50.74,33.29,80,47,True,,JP,DE,2024-01-10,2024-01-10,2023-01-23T08:21:19,2023-01-23T08:21:19
5731,47.42,0.57,30,111,False,True,UK,,2022-02-03,2022-02-03,2022-12-27T23:30:24,
5732,3.71,71.71,110,11,True,False,US,JP,2021-03-12,2021-03-12,2021-04-25T02:01:08,
5733,2.43,25.93,85,32,True,False,US,AU,2020-02-06,2020-02-06,2024-05-03T09:00:38,2024-05-03T09:00:38
5734,33.97,18.23,12,20,True,False,BR,BR,2024-06-03,2024-06-03,2021-04-15T23:27:57,2021-04-15T23:27:57
5735,7.5,41.29,93,49,False,True,AU,JP,2020-01-11,2020-01-11,2020-06-19T10:27:58,2020-06-19T10:27:58
5736,70.13,9.51,23,,True,False,DE,DE,2021-03-25,,2020-08-06T20:50:03,2020-08-06T20:50:03
5737,31.72,75.47,69,8,True,True,CA,BR,2023-01-13,2023-01-13,2024-04-10T22:12:54,2024-04-10T22:12:54
5738,50.73,25.52,103,5,True,False,JP,UK,2022-05-06,2022-05-06,2023-04-13T20:25:05,2023-04-13T20:25:05
5739,83.43,96.77,62,34,True,True,FR,CA,2021-12-20,2021-12-20,2021-05-12T18:40:38,2021-05-12T18:40:38
5740,80.97,,79,13,False,True,JP,FR,2023-12-13,2023-12-13,2023-06-21T14:11:19,2023-06-21T14:11:19
5741,26.8,48.59,60,57,False,True,US,AU,2021-11-19,2021-11-19,2024-07-13T06:48:15,2024-07-13T06:48:15
5742,14.81,77.42,7,108,True,False,JP,UK,2022-08-29,,2024-08-14T06:45:41,2024-08-14T06:45:41
5743,27.83,31.8,56,68,False,False,BR,,2024-02-21,2024-02-21,2020-02-08T12:18:51,2020-02-08T12:18:51
5744,64.33,42.71,25,52,False,True,AU,AU,2024-08-02,2024-08-02,2021-03-19T02:03:59,
5745,11.32,38.14,59,61,False,True,UK,US,2024-12-13,,2022-08-24T07:08:47,2022-08-24T07:08:47
5746,75.45,92.38,31,26,False,True,DE,UK,2021-12-21,2021-12-21,2021-02-22T00:39:41,2021-02-22T00:39:41
5747,51.8,15.28,94,5,True,True,JP,FR,2021-03-09,2021-03-09,2023-05-20T05:43:26,2023-05-20T05:43:26
5748,34.05,72.57,84,81,False,False,US,FR,2022-02-11,2022-02-11,2020-10-08T17:36:57,2020-10-08T17:36:57
5749,54.42,22.52,53,108,True,False,CA,US,2023-10-11,2023-10-11,2022-08-15T13:05:10,2022-08-15T13:05:10
5750,10.92,74.06,119,118,True,True,US,,2022-01-29,2022-01-29,2021-06-08T00:03:05,2021-06-08T00:03:05
5751,6.62,83.19,59,81,False,True,AU,JP,2022-02-01,2022-02-01,2024-05-29T12:45:32,2024-05-29T12:45:32
5752,76.17,5.35,86,113,False,False,US,AU,2020-05-19,2020-05-19,2022-12-21T00:19:14,2022-12-21T00:19:14
5753,7.12,19.88,89,,True,,DE,FR,2024-01-07,2024-01-07,2024-02-02T23:24:49,
5754,2.95,98.87,80,11,True,True,FR,JP,2024-09-23,2024-09-23,2020-06-03T22:54:36,2020-06-03T22:54:36
5755,83.13,48.2,59,61,True,True,BR,CA,2023-03-05,2023-03-05,2021-11-26T12:12:23,2021-11-26T12:12:23
5756,87.41,62.21,23,54,False,False,DE,AU,2022-11-02,,2020-11-28T07:55:25,2020-11-28T07:55:25
5757,71.55,8.12,65,85,False,,DE,CA,2021-09-10,2021-09-10,2022-09-26T09:16:04,2022-09-26T09:16:04
5758,32.37,44.8,105,56,True,True,JP,,2020-01-25,2020-01-25,2022-01-31T22:40:46,2022-01-31T22:40:46
5759,93.72,75.07,100,54,False,True,UK,JP,2022-05-27,2022-05-27,2024-03-29T00:09:43,
5760,60.06,19.5,57,12,True,True,UK,,2020-10-25,2020-10-25,2021-08-23T00:48:54,2021-08-23T00:48:54
5761,80.12,92.93,56,50,False,True,JP,DE,2023-10-31,2023-10-31,2024-09-13T11:34:11,2024-09-13T11:34:11
5762,3.03,,101,35,False,True,DE,AU,2022-02-16,,2023-01-03T12:24:41,
5763,47.74,72.46,116,65,False,True,FR,US,2022-10-28,2022-10-28,2024-02-21T04:30:28,2024-02-21T04:30:28
5764,88.85,16.41,64,96,False,,DE,CA,2024-10-03,2024-10-03,2023-07-03T10:40:20,2023-07-03T10:40:20
5765,23.72,70.79,20,93,False,False,JP,US,2022-01-03,2022-01-03,2021-02-07T03:16:08,2021-02-07T03:16:08
5766,68.31,,60,116,False,,BR,UK,2024-04-03,2024-04-03,2021-12-25T23:11:35,
5767,61.03,76.27,77,,False,True,AU,CA,2024-04-16,2024-04-16,2020-06-12T12:21:05,2020-06-12T12:21:05
5768,92.17,9.28,117,,True,False,JP,BR,2020-04-08,2020-04-08,2020-10-07T04:03:09,2020-10-07T04:03:09
5769,63.79,78.4,72,95,False,True,DE,BR,2022-05-06,,2023-02-04T14:02:36,2023-02-04T14:02:36
5770,82.16,51.35,59,23,True,False,DE,AU,2020-06-08,2020-06-08,2023-09-26T11:48:43,2023-09-26T11:48:43
5771,11.44,67.12,15,95,False,False,JP,DE,2023-12-05,2023-12-05,2023-01-04T13:15:57,
5772,48.66,81.61,76,5,True,False,FR,CA,2022-04-27,2022-04-27,2022-02-17T23:38:00,2022-02-17T23:38:00
5773,93.32,60.31,101,82,True,False,AU,BR,2022-06-07,2022-06-07,2021-08-25T18:01:03,2021-08-25T18:01:03
5774,56.53,40.28,16,29,True,False,UK,BR,2022-03-26,2022-03-26,2024-06-27T03:28:34,2024-06-27T03:28:34
5775,56.83,15.14,51,74,True,False,DE,CA,2021-05-16,2021-05-16,2024-12-15T10:01:36,2024-12-15T10:01:36
5776,51.09,56.59,47,90,False,False,JP,DE,2023-03-29,2023-03-29,2020-06-26T14:18:33,2020-06-26T14:18:33
5777,36.88,12.55,32,58,False,True,US,JP,2024-01-28,2024-01-28,2020-09-26T06:26:31,2020-09-26T06:26:31
5778,63.91,19.01,107,,True,True,DE,BR,2021-08-16,2021-08-16,2023-01-05T15:01:01,2023-01-05T15:01:01
5779,35.62,76.87,94,25,False,,CA,FR,2020-01-14,2020-01-14,2020-08-08T20:52:40,2020-08-08T20:52:40
5780,6.11,36.49,110,40,True,True,DE,CA,2021-02-12,2021-02-12,2020-07-08T19:41:13,2020-07-08T19:41:13
5781,74.49,7.7,19,11,True,False,DE,,2023-05-10,2023-05-10,2023-09-19T21:20:04,2023-09-19T21:20:04
5782,24.33,96.08,110,96,False,True,CA,AU,2023-04-28,2023-04-28,2022-09-25T15:39:28,2022-09-25T15:39:28
5783,63.77,20.62,90,97,False,True,UK,CA,2022-11-17,2022-11-17,2022-07-02T07:04:56,
5784,3.26,67.25,86,54,False,False,FR,AU,2020-10-29,2020-10-29,2020-03-04T17:00:44,2020-03-04T17:00:44
5785,17.36,36.39,45,91,True,False,CA,US,2020-03-24,2020-03-24,2020-10-25T02:52:54,2020-10-25T02:52:54
5786,19.96,85.72,6,15,False,False,CA,JP,2022-06-15,2022-06-15,2021-07-21T23:32:26,2021-07-21T23:32:26
5787,89.06,6.82,71,,True,True,BR,JP,2023-05-11,2023-05-11,2022-05-06T18:18:34,2022-05-06T18:18:34
5788,74.05,26.85,9,27,False,True,JP,AU,2024-11-04,2024-11-04,2021-02-07T04:53:37,2021-02-07T04:53:37
5789,14.32,47.45,27,58,True,False,JP,DE,2024-10-01,2024-10-01,2023-12-29T08:15:30,
5790,35.07,21.81,35,,True,,JP,JP,2022-09-16,2022-09-16,2022-05-05T11:56:31,2022-05-05T11:56:31
5791,23.27,46.74,46,25,False,False,UK,UK,2020-07-23,2020-07-23,2021-02-14T22:06:33,2021-02-14T22:06:33
5792,96.56,61.83,81,116,True,True,CA,JP,2020-10-06,2020-10-06,2023-05-12T12:36:24,2023-05-12T12:36:24
5793,74.25,17.34,101,49,False,False,UK,BR,2024-02-25,2024-02-25,2021-12-18T00:52:17,2021-12-18T00:52:17
5794,5.55,33.22,57,45,True,False,AU,AU,2022-12-27,2022-12-27,2024-07-06T08:46:02,2024-07-06T08:46:02
5795,14.12,31.85,59,112,False,False,CA,CA,2023-11-17,2023-11-17,2021-10-23T06:10:02,2021-10-23T06:10:02
5796,3.34,,41,50,True,True,JP,UK,2020-10-12,2020-10-12,2024-05-10T20:55:55,2024-05-10T20:55:55
5797,28.65,56.24,110,2,False,True,CA,DE,2021-12-24,2021-12-24,2020-01-11T06:17:30,2020-01-11T06:17:30
5798,72.37,75.01,104,45,False,False,CA,DE,2022-10-28,2022-10-28,2024-11-17T19:14:43,
5799,7.84,43.87,88,67,False,True,CA,US,2024-08-15,2024-08-15,2022-08-16T04:15:10,2022-08-16T04:15:10
5800,22.15,63.0,88,34,True,True,DE,US,2023-12-01,,2024-07-16T09:46:02,2024-07-16T09:46:02
5801,95.0,82.9,24,40,True,True,DE,AU,2022-01-22,2022-01-22,2022-11-28T15:25:21,2022-11-28T15:25:21
5802,15.1,47.02,118,80,False,True,BR,JP,2020-04-21,2020-04-21,2021-03-22T13:21:38,2021-03-22T13:21:38
5803,80.21,82.89,79,57,True,False,CA,JP,2024-05-01,2024-05-01,2020-09-23T19:39:14,2020-09-23T19:39:14
5804,85.72,28.7,3,113,False,True,DE,,2024-12-16,2024-12-16,2024-09-03T06:42:34,2024-09-03T06:42:34
5805,54.62,96.84,64,69,True,True,FR,BR,2021-08-11,,2020-04-30T01:40:20,2020-04-30T01:40:20
5806,3.2,63.89,73,35,False,False,CA,US,2022-12-31,,2023-07-10T00:52:22,2023-07-10T00:52:22
5807,89.43,31.53,82,43,True,True,DE,FR,2022-08-28,2022-08-28,2022-01-17T04:05:52,2022-01-17T04:05:52
5808,47.68,64.62,45,88,False,True,FR,AU,2024-12-10,2024-12-10,2022-01-02T10:44:37,2022-01-02T10:44:37
5809,84.85,54.03,35,1,True,True,UK,FR,2022-11-15,2022-11-15,2023-07-09T08:09:39,2023-07-09T08:09:39
5810,10.61,40.61,22,93,False,False,BR,,2024-03-25,2024-03-25,2023-12-14T05:28:09,
5811,69.84,8.51,27,9,True,True,DE,BR,2020-10-13,2020-10-13,2022-05-28T20:38:28,2022-05-28T20:38:28
5812,78.13,63.87,45,54,False,True,CA,DE,2022-12-07,2022-12-07,2022-07-02T01:43:58,2022-07-02T01:43:58
5813,36.57,69.37,114,96,True,True,BR,FR,2024-12-09,2024-12-09,2020-07-01T11:11:27,2020-07-01T11:11:27
5814,5.66,88.59,69,1,False,True,CA,CA,2024-03-04,2024-03-04,2023-11-10T20:34:58,2023-11-10T20:34:58
5815,21.25,34.6,1,27,True,True,DE,CA,2022-07-04,,2023-05-07T10:54:10,2023-05-07T10:54:10
5816,85.3,63.09,70,5,False,,US,AU,2021-10-10,2021-10-10,2021-06-24T13:59:24,2021-06-24T13:59:24
5817,82.79,44.29,71,115,True,True,US,,2020-03-30,2020-03-30,2022-04-29T18:28:33,2022-04-29T18:28:33
5818,66.7,11.64,103,57,True,True,US,AU,2024-06-06,2024-06-06,2024-02-08T23:03:22,2024-02-08T23:03:22
5819,40.08,,96,61,True,True,US,CA,2021-02-27,2021-02-27,2023-07-19T13:13:40,2023-07-19T13:13:40
5820,24.81,94.98,57,48,True,False,US,DE,2020-10-02,2020-10-02,2023-05-24T09:19:16,2023-05-24T09:19:16
5821,37.4,74.54,110,56,False,,CA,FR,2023-04-27,2023-04-27,2022-12-01T05:39:24,2022-12-01T05:39:24
5822,52.85,61.5,119,57,False,True,CA,CA,2022-06-01,,2020-04-20T22:18:36,2020-04-20T22:18:36
5823,3.05,86.66,3,,True,False,FR,UK,2024-02-27,2024-02-27,2021-05-05T03:31:58,
5824,54.38,68.64,94,,False,True,AU,UK,2022-05-23,,2020-02-03T02:50:01,2020-02-03T02:50:01
5825,15.77,67.87,99,28,True,False,FR,BR,2023-03-30,2023-03-30,2021-07-23T23:57:19,2021-07-23T23:57:19
5826,11.66,83.32,54,65,True,False,AU,CA,2022-02-26,,2024-11-29T02:46:02,2024-11-29T02:46:02
5827,75.75,12.28,108,52,True,,US,,2020-02-27,2020-02-27,2024-05-24T00:06:00,2024-05-24T00:06:00
5828,76.16,37.0,54,33,True,True,JP,US,2021-08-15,2021-08-15,2020-08-17T10:29:21,2020-08-17T10:29:21
5829,95.73,41.88,107,91,False,True,FR,UK,2024-08-25,2024-08-25,2024-02-12T03:46:57,2024-02-12T03:46:57
5830,4.46,85.9,89,79,True,False,US,AU,2023-09-20,2023-09-20,2024-11-16T17:25:11,2024-11-16T17:25:11
5831,67.3,62.9,14,102,True,False,UK,CA,2021-03-06,2021-03-06,2022-09-17T23:15:35,2022-09-17T23:15:35
5832,64.42,60.48,91,70,False,True,UK,UK,2023-02-03,,2020-07-08T19:58:31,2020-07-08T19:58:31
5833,26.42,63.57,108,102,True,False,JP,FR,2023-09-05,2023-09-05,2023-01-07T10:58:42,2023-01-07T10:58:42
5834,65.78,12.04,88,58,False,False,CA,FR,2022-07-31,2022-07-31,2021-05-06T12:33:02,2021-05-06T12:33:02
5835,33.83,3.76,56,112,True,False,FR,CA,2022-07-26,,2020-03-23T15:38:52,2020-03-23T15:38:52
5836,70.25,87.41,69,87,False,True,US,,2024-12-30,2024-12-30,2021-08-30T20:27:21,2021-08-30T20:27:21
5837,85.89,90.33,119,82,True,True,FR,JP,2022-04-30,2022-04-30,2021-06-29T08:54:29,2021-06-29T08:54:29
5838,1.32,46.67,33,65,True,True,JP,US,2020-05-20,2020-05-20,2022-05-17T11:27:00,2022-05-17T11:27:00
5839,3.68,39.17,10,56,True,False,UK,,2022-10-21,2022-10-21,2024-06-19T07:10:17,2024-06-19T07:10:17
5840,35.95,35.75,38,91,False,False,AU,BR,2022-03-28,2022-03-28,2023-12-31T11:27:08,2023-12-31T11:27:08
5841,16.77,94.89,24,2,True,False,FR,,2023-04-09,2023-04-09,2024-07-02T18:55:52,2024-07-02T18:55:52
5842,60.06,,61,89,True,True,US,US,2022-09-07,,2024-11-22T16:28:31,2024-11-22T16:28:31
5843,50.8,34.25,43,12,True,False,UK,BR,2022-06-25,2022-06-25,2020-10-09T16:18:53,2020-10-09T16:18:53
5844,22.8,49.01,58,,True,True,US,UK,2021-01-11,2021-01-11,2022-12-16T02:31:17,2022-12-16T02:31:17
5845,74.07,1.04,116,52,True,True,BR,,2024-05-14,2024-05-14,2020-06-18T14:56:49,2020-06-18T14:56:49
5846,31.05,90.01,5,89,False,False,FR,JP,2021-02-27,2021-02-27,2023-03-19T20:10:11,2023-03-19T20:10:11
5847,82.92,,83,12,False,True,US,FR,2023-11-25,2023-11-25,2021-12-26T22:13:55,2021-12-26T22:13:55
5848,72.35,47.61,112,32,True,False,AU,US,2021-10-12,2021-10-12,2022-12-22T08:39:51,2022-12-22T08:39:51
5849,7.52,79.15,11,20,False,False,US,CA,2022-12-20,,2021-03-23T21:19:48,2021-03-23T21:19:48
5850,1.84,30.95,14,71,False,,US,AU,2022-07-02,2022-07-02,2021-07-13T13:26:31,2021-07-13T13:26:31
5851,91.05,56.39,21,73,True,True,CA,CA,2024-01-17,,2021-12-11T18:35:57,2021-12-11T18:35:57
5852,12.42,2.43,58,9,False,,AU,BR,2020-01-18,,2024-10-31T18:46:10,2024-10-31T18:46:10
5853,33.03,19.49,95,75,True,True,FR,DE,2022-03-27,2022-03-27,2023-09-16T08:46:16,2023-09-16T08:46:16
5854,23.5,,106,46,False,True,UK,AU,2020-04-27,2020-04-27,2022-11-11T16:55:59,2022-11-11T16:55:59
5855,80.8,94.66,80,52,True,False,AU,US,2020-07-13,2020-07-13,2021-01-12T08:52:52,2021-01-12T08:52:52
5856,84.47,57.35,77,,False,False,AU,US,2022-10-14,2022-10-14,2023-11-12T18:10:23,2023-11-12T18:10:23
5857,73.89,58.25,14,63,False,False,AU,AU,2022-02-03,2022-02-03,2022-05-17T09:17:20,2022-05-17T09:17:20
5858,76.04,85.07,29,31,True,False,JP,BR,2024-01-06,2024-01-06,2023-06-24T03:51:53,2023-06-24T03:51:53
5859,73.24,5.38,6,80,False,False,DE,BR,2022-11-20,2022-11-20,2020-01-02T13:49:18,2020-01-02T13:49:18
5860,24.05,79.35,63,25,False,True,DE,US,2021-06-11,2021-06-11,2022-02-28T13:25:33,2022-02-28T13:25:33
5861,92.55,5.43,57,53,True,True,DE,CA,2023-03-22,2023-03-22,2024-03-27T14:29:18,2024-03-27T14:29:18
5862,75.39,52.89,9,100,False,True,BR,AU,2020-02-17,2020-02-17,2023-03-17T20:28:21,2023-03-17T20:28:21
5863,20.34,82.24,102,,True,,AU,US,2024-02-18,,2020-01-29T08:53:51,2020-01-29T08:53:51
5864,98.91,61.01,8,74,True,True,CA,FR,2022-11-30,,2023-04-20T16:10:14,2023-04-20T16:10:14
5865,49.1,73.23,48,105,True,True,JP,AU,2021-09-06,2021-09-06,2020-02-04T21:17:24,2020-02-04T21:17:24
5866,80.03,10.13,98,108,True,True,JP,FR,2021-07-06,,2022-08-01T03:16:15,2022-08-01T03:16:15
5867,77.98,31.88,47,119,True,False,BR,US,2020-08-04,2020-08-04,2020-03-02T17:33:19,2020-03-02T17:33:19
5868,43.3,,40,36,True,True,FR,BR,2020-03-02,2020-03-02,2021-05-13T22:29:12,2021-05-13T22:29:12
5869,58.67,18.09,24,88,False,True,AU,US,2022-10-05,2022-10-05,2020-03-18T20:48:00,2020-03-18T20:48:00
5870,16.28,7.86,29,26,False,True,AU,AU,2021-09-17,2021-09-17,2020-06-03T16:04:31,2020-06-03T16:04:31
5871,52.6,41.15,55,49,False,False,JP,AU,2023-11-13,2023-11-13,2024-01-31T05:03:12,2024-01-31T05:03:12
5872,51.81,81.31,93,34,False,,AU,BR,2022-04-24,2022-04-24,2020-11-16T14:19:39,2020-11-16T14:19:39
5873,89.07,33.81,28,102,True,False,CA,BR,2023-05-20,,2022-04-13T00:20:19,2022-04-13T00:20:19
5874,33.95,69.82,57,65,True,False,CA,AU,2020-03-08,,2023-09-20T17:40:04,2023-09-20T17:40:04
5875,60.37,7.07,27,80,True,True,AU,UK,2020-08-29,,2021-04-26T04:45:49,2021-04-26T04:45:49
5876,40.34,64.39,15,55,True,False,DE,AU,2023-08-29,2023-08-29,2020-10-19T09:12:58,2020-10-19T09:12:58
5877,80.19,79.31,93,51,False,False,CA,BR,2021-02-23,2021-02-23,2023-05-03T12:32:01,2023-05-03T12:32:01
5878,61.34,66.31,110,119,True,False,DE,BR,2021-02-26,,2022-05-11T14:37:25,2022-05-11T14:37:25
5879,47.3,89.63,86,6,True,True,FR,JP,2024-02-19,2024-02-19,2021-06-02T17:39:42,
5880,57.75,5.24,91,44,True,True,BR,DE,2022-02-19,2022-02-19,2023-06-17T18:36:06,2023-06-17T18:36:06
5881,45.75,,21,63,False,True,FR,DE,2023-04-23,2023-04-23,2022-09-24T06:10:41,2022-09-24T06:10:41
5882,84.43,72.73,105,65,True,False,FR,,2022-02-22,2022-02-22,2021-10-03T14:51:39,2021-10-03T14:51:39
5883,37.98,24.46,8,98,True,False,JP,CA,2021-07-28,2021-07-28,2020-10-09T18:41:07,2020-10-09T18:41:07
5884,88.8,27.1,111,20,False,False,CA,US,2021-07-07,2021-07-07,2021-01-16T00:40:15,2021-01-16T00:40:15
5885,9.53,69.2,8,25,True,True,FR,JP,2020-06-04,,2021-10-02T16:30:47,2021-10-02T16:30:47
5886,9.4,39.4,54,74,True,True,UK,AU,2024-05-21,2024-05-21,2023-12-04T21:22:33,2023-12-04T21:22:33
5887,83.88,55.88,78,118,False,True,JP,BR,2021-06-16,2021-06-16,2021-07-24T20:14:47,2021-07-24T20:14:47
5888,74.35,11.2,106,21,False,False,BR,BR,2020-03-21,2020-03-21,2021-04-17T15:45:03,2021-04-17T15:45:03
5889,60.32,57.58,68,1,False,False,US,JP,2022-09-12,2022-09-12,2021-09-08T01:14:33,2021-09-08T01:14:33
5890,12.03,96.6,66,13,True,False,US,JP,2021-07-27,2021-07-27,2024-04-17T00:30:14,2024-04-17T00:30:14
5891,83.17,14.77,10,21,True,True,BR,CA,2022-07-01,2022-07-01,2023-01-17T12:40:25,2023-01-17T12:40:25
5892,0.87,87.96,58,9,False,False,UK,UK,2021-07-26,2021-07-26,2024-07-25T05:24:53,2024-07-25T05:24:53
5893,27.12,32.81,6,29,False,False,UK,BR,2020-10-24,2020-10-24,2022-11-23T22:12:27,2022-11-23T22:12:27
5894,31.61,53.44,116,112,True,True,US,US,2021-08-15,2021-08-15,2023-11-09T21:40:17,2023-11-09T21:40:17
5895,21.13,51.76,105,33,True,,BR,CA,2023-08-27,2023-08-27,2022-04-28T09:15:48,2022-04-28T09:15:48
5896,24.34,63.32,94,103,False,False,UK,CA,2023-05-16,2023-05-16,2020-12-18T23:58:45,2020-12-18T23:58:45
5897,32.23,35.08,9,97,True,True,DE,CA,2020-09-27,2020-09-27,2021-12-12T08:26:33,2021-12-12T08:26:33
5898,78.78,20.78,54,14,False,False,CA,BR,2023-12-12,2023-12-12,2021-11-01T04:06:06,2021-11-01T04:06:06
5899,36.03,63.02,103,19,False,True,DE,US,2022-08-22,2022-08-22,2020-05-25T20:54:11,2020-05-25T20:54:11
5900,40.02,54.22,9,,True,,UK,CA,2023-12-16,2023-12-16,2024-01-06T19:40:44,2024-01-06T19:40:44
5901,78.46,,115,84,True,,JP,FR,2021-03-07,2021-03-07,2023-10-21T12:13:45,2023-10-21T12:13:45
5902,90.47,45.31,77,111,True,False,UK,FR,2023-07-31,,2020-04-15T21:28:41,2020-04-15T21:28:41
5903,14.35,16.4,21,9,True,False,BR,BR,2020-03-29,2020-03-29,2024-07-09T11:33:39,2024-07-09T11:33:39
5904,66.45,13.9,100,18,True,,CA,US,2024-11-06,2024-11-06,2020-08-07T15:51:32,2020-08-07T15:51:32
5905,94.11,8.08,61,75,False,False,CA,US,2020-05-15,2020-05-15,2021-10-03T06:30:05,
5906,49.15,,1,16,True,False,US,JP,2022-10-09,,2021-09-14T11:03:01,2021-09-14T11:03:01
5907,65.22,57.49,60,58,False,True,BR,BR,2022-06-11,2022-06-11,2022-05-30T10:07:00,2022-05-30T10:07:00
5908,79.53,68.3,100,57,False,True,UK,UK,2023-03-07,2023-03-07,2022-11-22T12:11:32,2022-11-22T12:11:32
5909,27.26,47.36,50,6,False,True,JP,FR,2023-02-17,2023-02-17,2022-10-03T19:50:23,2022-10-03T19:50:23
5910,89.77,63.89,64,25,True,False,BR,DE,2020-12-24,2020-12-24,2021-09-10T17:54:19,2021-09-10T17:54:19
5911,60.2,56.09,48,93,False,False,UK,FR,2023-01-23,2023-01-23,2024-11-16T00:29:34,2024-11-16T00:29:34
5912,77.39,,92,89,True,True,UK,CA,2022-06-13,2022-06-13,2021-08-28T10:16:08,2021-08-28T10:16:08
5913,23.39,49.2,80,106,True,True,US,FR,2023-07-29,2023-07-29,2023-03-07T03:21:51,2023-03-07T03:21:51
5914,14.32,31.9,83,60,True,True,CA,DE,2023-04-22,2023-04-22,2021-08-30T13:01:38,2021-08-30T13:01:38
5915,3.71,17.13,98,,True,True,BR,DE,2021-10-21,2021-10-21,2020-11-29T12:03:20,2020-11-29T12:03:20
5916,48.46,74.93,81,83,False,True,CA,UK,2020-04-18,2020-04-18,2023-03-26T21:56:50,
5917,2.33,15.23,8,96,True,True,DE,US,2022-05-28,2022-05-28,2024-12-08T23:20:39,
5918,21.2,39.14,16,118,True,False,US,JP,2023-07-02,2023-07-02,2024-05-29T04:13:31,2024-05-29T04:13:31
5919,88.83,12.59,113,67,True,False,FR,DE,2023-04-06,2023-04-06,2021-08-23T10:11:03,2021-08-23T10:11:03
5920,44.75,48.32,113,28,False,True,DE,UK,2021-05-17,2021-05-17,2023-05-23T10:10:13,2023-05-23T10:10:13
5921,86.07,25.16,110,56,True,True,FR,JP,2022-09-04,2022-09-04,2023-03-17T02:53:43,2023-03-17T02:53:43
5922,1.51,11.31,17,66,False,False,AU,JP,2024-05-13,2024-05-13,2020-06-04T12:42:12,2020-06-04T12:42:12
5923,27.33,58.95,51,116,False,True,AU,AU,2022-04-04,2022-04-04,2020-09-02T15:08:56,2020-09-02T15:08:56
5924,84.39,76.39,111,60,False,True,BR,JP,2024-06-14,2024-06-14,2023-10-07T09:33:13,2023-10-07T09:33:13
5925,18.27,99.09,49,,False,True,CA,CA,2020-06-24,2020-06-24,2023-04-30T01:53:49,2023-04-30T01:53:49
5926,40.82,95.12,119,79,True,True,US,DE,2024-09-24,2024-09-24,2023-04-11T07:28:27,2023-04-11T07:28:27
5927,79.26,53.75,48,28,False,True,JP,CA,2023-04-01,2023-04-01,2021-01-26T20:43:13,2021-01-26T20:43:13
5928,45.24,24.13,51,45,True,True,US,DE,2021-02-26,2021-02-26,2020-01-02T08:23:03,2020-01-02T08:23:03
5929,6.87,11.8,52,91,False,False,US,,2022-05-27,2022-05-27,2024-12-21T07:59:14,2024-12-21T07:59:14
5930,55.44,91.47,49,19,False,,JP,,2022-01-16,2022-01-16,2021-04-12T00:52:40,2021-04-12T00:52:40
5931,94.3,7.79,68,21,True,True,BR,US,2024-01-14,2024-01-14,2023-11-26T21:05:39,2023-11-26T21:05:39
5932,5.77,87.35,51,0,False,True,DE,UK,2021-06-02,2021-06-02,2022-11-30T16:06:42,2022-11-30T16:06:42
5933,98.34,60.55,99,43,True,True,BR,BR,2024-11-29,2024-11-29,2021-07-18T09:34:17,2021-07-18T09:34:17
5934,33.15,94.39,42,46,False,False,CA,DE,2022-09-20,2022-09-20,2021-08-02T06:45:44,2021-08-02T06:45:44
5935,45.88,41.41,105,74,False,True,JP,FR,2020-02-22,2020-02-22,2024-01-26T17:55:45,2024-01-26T17:55:45
5936,40.28,86.69,52,106,True,True,CA,CA,2020-04-24,2020-04-24,2023-07-08T04:49:55,2023-07-08T04:49:55
5937,32.88,38.68,33,83,True,False,JP,AU,2021-12-01,2021-12-01,2020-07-18T18:26:14,2020-07-18T18:26:14
5938,80.39,14.89,98,43,True,True,BR,US,2022-03-07,2022-03-07,2022-12-08T18:23:00,2022-12-08T18:23:00
5939,30.54,71.65,17,20,True,False,DE,UK,2024-05-21,2024-05-21,2020-03-07T09:39:22,2020-03-07T09:39:22
5940,47.94,19.37,87,89,False,False,US,US,2022-06-09,2022-06-09,2020-07-31T15:09:51,
5941,93.98,,54,,True,False,DE,BR,2020-09-17,2020-09-17,2023-03-31T20:16:32,2023-03-31T20:16:32
5942,39.37,6.34,117,67,True,True,JP,DE,2024-09-30,2024-09-30,2024-05-26T00:26:22,2024-05-26T00:26:22
5943,40.81,77.41,112,60,False,False,FR,FR,2024-09-30,2024-09-30,2023-11-22T03:03:27,2023-11-22T03:03:27
5944,13.94,32.55,69,20,True,False,DE,FR,2024-09-06,2024-09-06,2022-10-03T22:44:24,2022-10-03T22:44:24
5945,8.23,41.39,77,50,False,False,FR,JP,2023-01-27,2023-01-27,2021-12-31T11:07:55,2021-12-31T11:07:55
5946,26.59,71.27,21,50,False,False,US,UK,2024-12-22,2024-12-22,2024-05-26T05:54:24,2024-05-26T05:54:24
5947,52.12,57.74,107,88,True,False,UK,JP,2023-05-07,2023-05-07,2024-02-04T03:48:23,2024-02-04T03:48:23
5948,11.57,20.51,38,112,True,True,AU,FR,2023-04-07,2023-04-07,2024-11-20T05:13:15,2024-11-20T05:13:15
5949,10.29,23.03,42,98,False,False,DE,US,2021-08-20,2021-08-20,2024-10-28T16:00:29,2024-10-28T16:00:29
5950,83.92,4.97,32,101,False,True,UK,US,2022-12-18,,2024-12-15T09:57:28,2024-12-15T09:57:28
5951,98.35,78.14,39,,True,True,UK,CA,2022-11-21,2022-11-21,2022-12-21T05:55:57,2022-12-21T05:55:57
5952,96.29,54.36,108,105,True,False,US,UK,2022-05-24,,2024-04-11T04:51:23,
5953,17.57,80.26,7,99,True,True,UK,AU,2022-10-24,2022-10-24,2024-02-29T10:12:06,
5954,69.46,25.87,107,38,True,,US,JP,2023-06-11,2023-06-11,2020-10-29T23:20:13,2020-10-29T23:20:13
5955,98.71,16.75,69,,True,True,CA,UK,2023-04-02,2023-04-02,2023-03-20T03:00:26,2023-03-20T03:00:26
5956,9.07,22.48,108,,False,False,DE,FR,2021-07-29,2021-07-29,2024-08-16T01:56:52,2024-08-16T01:56:52
5957,39.82,73.62,0,86,False,True,UK,FR,2021-07-10,2021-07-10,2023-11-20T22:17:50,2023-11-20T22:17:50
5958,82.61,74.3,97,20,True,False,AU,DE,2023-11-24,2023-11-24,2023-12-25T02:19:29,2023-12-25T02:19:29
5959,75.83,29.95,54,,True,,DE,BR,2020-03-04,2020-03-04,2022-06-02T03:31:33,2022-06-02T03:31:33
5960,2.21,36.01,58,0,True,False,UK,BR,2024-03-30,,2020-04-23T11:27:08,2020-04-23T11:27:08
5961,4.02,43.15,57,67,False,False,US,DE,2023-05-16,2023-05-16,2023-05-28T18:35:58,2023-05-28T18:35:58
5962,78.59,25.57,101,71,True,False,AU,JP,2024-12-29,2024-12-29,2021-07-26T10:10:34,2021-07-26T10:10:34
5963,44.49,36.98,56,40,True,False,FR,,2022-05-09,2022-05-09,2022-09-08T15:03:25,
5964,66.02,39.46,94,90,False,,FR,JP,2021-11-01,2021-11-01,2021-05-31T20:38:31,2021-05-31T20:38:31
5965,8.76,36.67,3,42,True,False,US,US,2020-01-17,2020-01-17,2024-03-15T03:05:20,2024-03-15T03:05:20
5966,58.95,69.58,23,24,True,False,DE,JP,2022-04-21,2022-04-21,2022-11-17T10:35:27,2022-11-17T10:35:27
5967,29.07,66.91,48,27,True,True,FR,JP,2023-02-26,2023-02-26,2020-05-31T00:16:16,
5968,61.3,72.13,76,,False,True,AU,DE,2021-09-21,2021-09-21,2022-08-02T01:40:23,2022-08-02T01:40:23
5969,44.81,,87,46,True,False,DE,AU,2020-04-02,2020-04-02,2022-01-18T16:17:57,2022-01-18T16:17:57
5970,44.25,91.07,19,16,True,True,CA,JP,2023-09-28,2023-09-28,2024-09-22T01:28:17,2024-09-22T01:28:17
5971,93.43,34.27,97,,True,True,AU,CA,2020-12-16,2020-12-16,2022-06-20T09:51:01,2022-06-20T09:51:01
5972,87.03,29.47,102,85,True,True,JP,,2024-03-31,2024-03-31,2020-11-18T23:13:05,2020-11-18T23:13:05
5973,84.78,63.25,66,8,True,True,FR,,2023-03-08,,2020-08-19T01:25:14,2020-08-19T01:25:14
5974,61.01,,75,52,True,True,CA,AU,2021-11-13,2021-11-13,2023-08-22T18:13:12,2023-08-22T18:13:12
5975,14.71,71.02,7,60,True,False,FR,,2020-12-24,2020-12-24,2023-10-24T04:52:34,2023-10-24T04:52:34
5976,62.25,,83,112,True,False,FR,DE,2024-12-25,2024-12-25,2024-03-11T15:16:43,2024-03-11T15:16:43
5977,83.15,62.34,32,2,False,False,FR,,2021-09-18,2021-09-18,2024-07-19T23:17:02,2024-07-19T23:17:02
5978,58.89,38.95,64,77,True,,BR,CA,2021-05-26,2021-05-26,2020-04-11T11:36:19,2020-04-11T11:36:19
5979,21.12,45.31,80,30,True,,US,US,2024-05-22,2024-05-22,2020-05-29T19:09:52,2020-05-29T19:09:52
5980,43.06,79.84,40,28,False,True,US,DE,2023-06-20,2023-06-20,2021-09-12T01:56:37,2021-09-12T01:56:37
5981,66.55,51.25,18,107,True,False,US,JP,2023-05-02,2023-05-02,2022-08-16T21:55:43,2022-08-16T21:55:43
5982,59.65,24.53,114,17,False,True,CA,FR,2022-12-04,,2024-01-26T16:25:00,2024-01-26T16:25:00
5983,78.32,80.99,115,,True,False,CA,DE,2023-11-07,2023-11-07,2024-06-01T15:03:34,2024-06-01T15:03:34
5984,42.7,11.52,24,49,True,True,AU,US,2024-05-30,2024-05-30,2020-12-09T03:23:30,
5985,86.83,,39,42,False,False,CA,CA,2022-08-26,,2021-01-11T15:17:04,2021-01-11T15:17:04
5986,47.47,,30,56,True,False,JP,US,2020-04-24,2020-04-24,2024-01-24T02:54:57,2024-01-24T02:54:57
5987,76.16,53.77,62,102,False,True,FR,,2021-06-16,2021-06-16,2024-01-11T04:14:04,2024-01-11T04:14:04
5988,76.87,79.94,106,64,True,,US,,2023-06-13,2023-06-13,2021-10-05T13:11:58,2021-10-05T13:11:58
5989,66.11,33.82,54,117,True,True,DE,JP,2020-09-22,2020-09-22,2021-04-28T04:30:00,2021-04-28T04:30:00
5990,26.62,,55,117,False,False,AU,UK,2022-01-01,2022-01-01,2021-01-30T21:47:43,
5991,91.83,31.61,116,114,False,,DE,BR,2020-12-15,2020-12-15,2024-05-27T21:44:23,2024-05-27T21:44:23
5992,23.21,53.18,53,4,True,False,DE,US,2024-10-04,,2023-03-15T07:52:40,2023-03-15T07:52:40
5993,50.68,74.18,13,68,False,False,FR,DE,2023-10-08,2023-10-08,2020-07-24T17:10:54,
5994,72.8,83.49,9,37,False,False,BR,JP,2020-02-07,2020-02-07,2024-03-21T03:07:00,2024-03-21T03:07:00
5995,65.48,97.13,106,53,False,True,JP,,2022-05-24,2022-05-24,2020-07-05T18:27:15,2020-07-05T18:27:15
5996,29.42,93.11,98,1,False,True,UK,JP,2024-04-30,2024-04-30,2023-07-02T16:31:13,2023-07-02T16:31:13
5997,95.26,33.17,104,,True,True,FR,DE,2020-07-31,2020-07-31,2021-01-05T14:04:04,2021-01-05T14:04:04
5998,14.74,42.22,28,93,False,False,UK,US,2020-02-04,2020-02-04,2020-03-25T10:01:38,2020-03-25T10:01:38
5999,42.33,56.54,21,100,True,False,CA,US,2023-10-15,2023-10-15,2024-03-13T20:53:02,2024-03-13T20:53:02
6000,65.66,4.06,8,79,False,True,FR,FR,2023-01-24,2023-01-24,2024-01-19T18:30:53,2024-01-19T18:30:53
6001,44.32,,35,22,False,True,JP,,2024-10-20,2024-10-20,2024-01-10T06:13:13,2024-01-10T06:13:13
6002,53.72,,114,63,False,True,UK,,2020-12-25,2020-12-25,2023-04-15T17:09:14,
6003,7.61,99.89,106,20,False,True,UK,CA,2021-05-30,2021-05-30,2020-02-11T05:19:14,2020-02-11T05:19:14
6004,13.4,47.06,38,84,True,True,DE,AU,2023-04-23,2023-04-23,2021-11-23T10:04:45,2021-11-23T10:04:45
6005,2.63,10.37,109,23,False,,JP,FR,2020-02-09,2020-02-09,2024-04-04T19:31:40,2024-04-04T19:31:40
6006,39.79,46.96,90,3,False,False,US,BR,2024-05-31,2024-05-31,2020-08-11T13:53:48,2020-08-11T13:53:48
6007,69.61,26.46,71,60,True,False,AU,BR,2022-12-11,2022-12-11,2020-01-15T13:05:40,2020-01-15T13:05:40
6008,23.88,93.83,16,28,False,False,BR,FR,2020-10-05,2020-10-05,2022-05-17T08:54:45,2022-05-17T08:54:45
6009,93.67,18.64,118,45,False,False,US,UK,2021-12-29,2021-12-29,2021-12-26T06:12:47,2021-12-26T06:12:47
6010,99.87,16.26,13,60,False,False,UK,AU,2023-06-04,2023-06-04,2024-01-13T04:08:43,2024-01-13T04:08:43
6011,88.68,51.18,67,75,False,False,CA,UK,2023-07-21,2023-07-21,2022-12-15T01:46:16,2022-12-15T01:46:16
6012,47.04,94.59,23,83,True,True,US,DE,2022-05-14,2022-05-14,2024-12-25T14:27:19,
6013,1.38,49.86,50,96,False,False,US,DE,2021-01-16,2021-01-16,2022-08-01T07:00:37,2022-08-01T07:00:37
6014,59.42,11.57,39,110,False,False,UK,,2020-02-13,2020-02-13,2022-08-17T23:28:39,2022-08-17T23:28:39
6015,24.11,69.3,32,108,True,False,JP,UK,2022-06-20,2022-06-20,2023-02-24T05:16:04,2023-02-24T05:16:04
6016,50.83,3.01,11,76,False,,US,JP,2022-09-19,2022-09-19,2023-06-13T07:09:42,
6017,1.16,53.08,100,30,True,False,FR,,2020-02-18,2020-02-18,2023-09-05T11:25:50,2023-09-05T11:25:50
6018,2.81,55.03,109,56,True,False,AU,,2020-04-14,2020-04-14,2020-06-21T01:08:59,2020-06-21T01:08:59
6019,57.58,,34,65,True,True,UK,US,2022-12-24,,2020-04-07T02:57:45,2020-04-07T02:57:45
6020,56.0,18.55,108,108,False,False,FR,US,2023-08-14,2023-08-14,2020-04-17T20:32:41,2020-04-17T20:32:41
6021,49.79,6.42,116,4,True,False,BR,,2024-12-28,,2023-10-24T22:13:23,2023-10-24T22:13:23
6022,36.04,14.52,59,102,True,True,JP,JP,2024-07-23,2024-07-23,2022-06-21T14:40:06,
6023,48.95,97.55,41,5,True,True,AU,UK,2023-05-03,2023-05-03,2020-04-21T12:14:51,2020-04-21T12:14:51
6024,41.52,39.94,99,76,True,False,UK,JP,2021-07-23,2021-07-23,2020-11-16T04:11:23,
6025,61.12,60.05,6,,True,False,AU,US,2022-07-22,2022-07-22,2022-02-16T18:34:45,2022-02-16T18:34:45
6026,36.44,82.92,51,110,True,False,UK,AU,2024-02-29,2024-02-29,2023-08-25T00:48:04,2023-08-25T00:48:04
6027,8.7,,88,104,True,False,US,CA,2020-01-16,2020-01-16,2022-11-25T03:31:59,2022-11-25T03:31:59
6028,78.91,36.7,110,82,True,True,JP,BR,2024-10-17,,2024-02-12T13:18:08,2024-02-12T13:18:08
6029,8.67,8.17,32,74,False,True,CA,BR,2020-07-04,2020-07-04,2024-10-12T11:53:32,2024-10-12T11:53:32
6030,43.09,95.8,17,106,False,False,DE,DE,2021-08-04,2021-08-04,2020-03-24T11:40:00,2020-03-24T11:40:00
6031,87.16,39.6,35,86,True,False,FR,CA,2024-03-17,2024-03-17,2021-07-23T03:19:10,2021-07-23T03:19:10
6032,20.73,62.77,75,25,False,True,JP,BR,2024-10-08,2024-10-08,2020-04-01T13:31:32,2020-04-01T13:31:32
6033,64.39,77.96,117,9,True,False,AU,DE,2024-03-26,2024-03-26,2020-01-01T15:59:23,2020-01-01T15:59:23
6034,3.21,23.31,45,8,False,False,DE,CA,2020-02-29,2020-02-29,2021-06-27T19:26:35,2021-06-27T19:26:35
6035,49.97,41.56,82,65,True,True,US,,2024-04-19,2024-04-19,2024-05-13T10:42:18,2024-05-13T10:42:18
6036,46.28,97.63,28,13,False,False,BR,CA,2020-05-26,,2021-06-13T09:14:50,2021-06-13T09:14:50
6037,21.91,50.31,107,86,False,False,FR,JP,2020-07-30,2020-07-30,2024-03-31T03:03:06,
6038,64.28,14.37,18,50,True,True,US,CA,2023-03-02,2023-03-02,2024-09-01T22:17:48,2024-09-01T22:17:48
6039,67.79,8.66,113,76,False,False,JP,US,2020-07-30,2020-07-30,2023-07-13T01:10:49,2023-07-13T01:10:49
6040,89.01,49.41,37,94,False,True,CA,UK,2021-07-02,,2024-10-04T15:03:59,2024-10-04T15:03:59
6041,13.71,77.22,103,53,True,True,BR,JP,2023-12-05,2023-12-05,2022-05-11T15:24:21,2022-05-11T15:24:21
6042,61.94,27.9,37,94,False,True,BR,FR,2022-10-17,2022-10-17,2024-12-17T12:31:23,2024-12-17T12:31:23
6043,48.47,89.98,63,116,True,True,US,BR,2022-06-01,2022-06-01,2020-09-25T23:45:21,
6044,5.12,70.22,109,44,True,False,US,DE,2021-10-20,2021-10-20,2022-09-27T05:13:45,2022-09-27T05:13:45
6045,75.09,20.19,26,,False,False,FR,US,2021-10-21,2021-10-21,2022-12-03T11:38:51,2022-12-03T11:38:51
6046,76.95,26.74,67,,True,,US,,2021-12-18,,2024-06-17T07:27:21,2024-06-17T07:27:21
6047,41.25,61.57,110,,False,,BR,JP,2021-12-07,2021-12-07,2024-03-08T06:45:22,2024-03-08T06:45:22
6048,85.2,0.59,68,,False,,FR,JP,2023-03-30,2023-03-30,2024-01-17T14:50:34,2024-01-17T14:50:34
6049,75.51,9.78,15,39,False,False,DE,BR,2024-03-05,,2020-10-12T11:57:26,2020-10-12T11:57:26
6050,24.02,68.59,64,71,False,False,UK,FR,2024-05-20,2024-05-20,2021-09-28T01:57:02,2021-09-28T01:57:02
6051,34.1,44.14,49,49,True,False,JP,DE,2020-07-11,2020-07-11,2024-01-18T17:45:01,2024-01-18T17:45:01
6052,51.51,90.92,83,115,True,False,UK,CA,2022-11-17,2022-11-17,2023-09-28T06:40:57,2023-09-28T06:40:57
6053,5.87,48.55,29,35,False,True,JP,DE,2020-06-12,,2022-07-16T06:31:25,2022-07-16T06:31:25
6054,78.13,99.92,81,,True,False,DE,BR,2021-10-17,2021-10-17,2021-03-19T11:55:44,2021-03-19T11:55:44
6055,94.94,39.71,113,60,True,False,UK,DE,2024-03-12,2024-03-12,2022-02-05T09:04:27,
6056,24.03,24.78,50,,False,,BR,DE,2024-06-19,2024-06-19,2023-06-22T22:11:03,2023-06-22T22:11:03
6057,42.59,,52,64,True,True,DE,,2024-12-08,2024-12-08,2023-08-24T10:10:37,
6058,17.31,,48,53,True,True,FR,AU,2020-08-14,2020-08-14,2021-08-26T13:17:48,2021-08-26T13:17:48
6059,25.02,34.27,19,66,False,False,UK,US,2023-08-04,2023-08-04,2024-12-07T03:31:05,2024-12-07T03:31:05
6060,1.08,,71,82,True,True,US,BR,2023-08-07,2023-08-07,2022-04-05T13:00:43,2022-04-05T13:00:43
6061,16.92,62.14,5,112,True,True,FR,FR,2023-12-07,2023-12-07,2024-02-22T05:07:02,2024-02-22T05:07:02
6062,18.33,51.2,18,54,False,False,AU,UK,2023-10-13,2023-10-13,2020-11-18T20:11:58,2020-11-18T20:11:58
6063,13.78,96.38,90,35,False,True,JP,,2020-10-03,2020-10-03,2020-03-13T12:01:59,2020-03-13T12:01:59
6064,20.35,44.04,115,75,True,True,JP,JP,2024-01-20,2024-01-20,2023-10-24T23:24:24,2023-10-24T23:24:24
6065,23.71,,92,27,True,True,CA,FR,2021-02-26,2021-02-26,2020-09-22T23:46:26,2020-09-22T23:46:26
6066,89.2,82.17,97,82,True,True,CA,FR,2022-11-18,2022-11-18,2020-05-07T03:04:43,2020-05-07T03:04:43
6067,72.72,68.9,13,30,False,False,JP,JP,2024-02-03,2024-02-03,2020-12-19T16:53:11,2020-12-19T16:53:11
6068,85.5,20.92,112,,False,False,DE,UK,2022-09-26,2022-09-26,2024-06-15T23:18:57,2024-06-15T23:18:57
6069,83.42,76.37,34,104,False,True,AU,,2023-06-28,,2021-05-05T09:39:59,2021-05-05T09:39:59
6070,34.81,14.58,101,,False,True,BR,JP,2023-11-14,2023-11-14,2022-09-25T00:04:48,2022-09-25T00:04:48
6071,25.42,70.33,94,93,True,False,CA,US,2024-01-14,2024-01-14,2020-03-07T09:55:31,2020-03-07T09:55:31
6072,55.04,,33,105,True,True,AU,US,2021-12-09,2021-12-09,2024-06-18T01:59:59,2024-06-18T01:59:59
6073,90.43,69.27,65,49,True,True,AU,AU,2020-09-15,2020-09-15,2023-02-21T10:42:35,2023-02-21T10:42:35
6074,77.09,99.65,0,,True,False,DE,BR,2024-11-07,2024-11-07,2023-03-07T17:56:17,2023-03-07T17:56:17
6075,61.11,66.79,25,79,True,False,CA,CA,2021-07-03,2021-07-03,2024-05-14T00:42:36,2024-05-14T00:42:36
6076,5.49,53.46,59,,False,False,FR,UK,2020-06-30,2020-06-30,2021-04-24T15:23:12,2021-04-24T15:23:12
6077,21.11,85.84,105,32,True,True,BR,US,2022-11-07,2022-11-07,2021-07-25T14:05:29,2021-07-25T14:05:29
6078,11.71,54.32,98,66,True,True,AU,JP,2020-06-30,2020-06-30,2023-05-19T05:32:20,2023-05-19T05:32:20
6079,25.15,74.43,34,76,False,True,AU,FR,2022-08-25,2022-08-25,2022-07-06T10:11:31,2022-07-06T10:11:31
6080,86.43,83.4,16,20,False,False,CA,US,2022-02-18,2022-02-18,2023-11-11T12:06:20,2023-11-11T12:06:20
6081,41.42,29.92,27,14,True,False,BR,CA,2021-04-27,2021-04-27,2021-10-27T01:19:30,2021-10-27T01:19:30
6082,75.92,99.02,16,48,True,True,UK,US,2022-06-16,2022-06-16,2023-05-21T02:13:34,2023-05-21T02:13:34
6083,74.63,96.74,26,6,True,True,BR,US,2022-05-29,2022-05-29,2023-09-26T22:59:30,
6084,46.74,69.15,100,47,False,False,UK,DE,2022-04-09,,2024-09-12T13:38:04,2024-09-12T13:38:04
6085,63.68,26.41,26,37,True,True,UK,JP,2023-02-16,2023-02-16,2022-12-02T02:55:58,2022-12-02T02:55:58
6086,35.02,40.0,14,39,False,False,JP,DE,2024-10-07,2024-10-07,2020-04-24T05:46:16,2020-04-24T05:46:16
6087,8.17,94.77,116,40,False,,JP,JP,2024-05-09,2024-05-09,2020-05-05T14:08:09,
6088,77.46,73.05,4,36,False,True,FR,BR,2020-01-08,2020-01-08,2023-06-10T23:45:27,2023-06-10T23:45:27
6089,23.74,0.01,21,36,False,True,JP,FR,2021-01-31,,2022-08-28T14:06:02,2022-08-28T14:06:02
6090,87.84,26.18,9,10,False,True,AU,DE,2021-01-02,2021-01-02,2023-11-11T17:28:23,2023-11-11T17:28:23
6091,40.46,19.97,47,40,True,True,US,CA,2022-01-14,2022-01-14,2022-11-15T12:34:01,2022-11-15T12:34:01
6092,45.7,76.44,42,20,False,True,CA,FR,2021-04-02,2021-04-02,2023-12-18T21:42:38,2023-12-18T21:42:38
6093,41.23,92.1,89,36,True,,CA,CA,2023-09-28,2023-09-28,2024-11-26T04:03:26,2024-11-26T04:03:26
6094,50.51,32.13,50,102,True,True,CA,UK,2021-02-27,2021-02-27,2023-11-05T19:37:06,2023-11-05T19:37:06
6095,66.65,62.93,60,37,True,True,CA,US,2021-01-04,2021-01-04,2021-08-19T11:41:03,
6096,19.93,25.58,82,12,False,False,BR,UK,2023-12-20,,2020-08-20T14:49:50,2020-08-20T14:49:50
6097,7.11,12.3,72,59,True,,BR,BR,2022-06-04,2022-06-04,2024-10-17T21:51:29,2024-10-17T21:51:29
6098,58.82,34.37,29,96,True,False,DE,AU,2024-02-14,,2021-07-16T13:39:10,2021-07-16T13:39:10
6099,63.66,78.37,22,96,False,False,CA,,2024-04-08,,2020-05-06T20:02:05,2020-05-06T20:02:05
6100,71.26,78.42,24,113,False,False,CA,JP,2023-04-20,2023-04-20,2022-01-10T05:54:19,2022-01-10T05:54:19
6101,39.45,70.75,59,91,True,False,FR,,2021-03-22,2021-03-22,2021-06-02T12:32:58,
6102,21.54,84.98,109,43,False,True,CA,JP,2022-01-22,,2023-11-28T15:12:00,2023-11-28T15:12:00
6103,62.96,58.23,101,81,True,True,DE,BR,2021-07-14,2021-07-14,2021-11-04T20:12:51,2021-11-04T20:12:51
6104,50.52,59.22,114,40,False,,CA,CA,2021-08-07,2021-08-07,2021-07-31T16:23:23,
6105,8.97,91.6,41,73,True,True,AU,JP,2024-11-22,2024-11-22,2022-05-03T18:47:19,2022-05-03T18:47:19
6106,83.86,63.93,1,29,True,False,US,FR,2023-01-12,2023-01-12,2023-09-23T12:39:38,2023-09-23T12:39:38
6107,38.05,31.12,23,85,False,True,US,JP,2020-12-12,2020-12-12,2024-05-06T05:03:58,2024-05-06T05:03:58
6108,66.51,,22,73,False,True,JP,CA,2021-11-13,2021-11-13,2024-06-06T17:53:35,2024-06-06T17:53:35
6109,26.23,6.04,55,79,False,False,BR,US,2021-12-17,2021-12-17,2024-11-20T15:40:48,2024-11-20T15:40:48
6110,99.42,58.6,45,62,True,False,CA,CA,2024-07-12,2024-07-12,2022-12-26T19:57:08,2022-12-26T19:57:08
6111,40.93,11.08,99,5,False,,FR,UK,2020-10-01,,2023-02-01T11:38:51,2023-02-01T11:38:51
6112,54.23,38.2,78,,True,False,UK,DE,2022-10-26,2022-10-26,2024-04-22T12:17:46,2024-04-22T12:17:46
6113,44.53,29.71,42,32,False,False,DE,AU,2024-06-21,2024-06-21,2020-06-08T09:07:23,2020-06-08T09:07:23
6114,72.4,6.02,25,,False,False,US,,2024-01-06,2024-01-06,2022-09-12T20:09:32,2022-09-12T20:09:32
6115,75.75,71.55,35,66,True,True,BR,UK,2024-03-09,2024-03-09,2023-03-29T22:25:50,2023-03-29T22:25:50
6116,95.95,18.84,2,48,False,False,BR,JP,2020-02-02,2020-02-02,2023-08-09T23:01:04,2023-08-09T23:01:04
6117,90.15,30.59,24,67,True,False,BR,JP,2024-10-31,2024-10-31,2020-11-03T11:22:13,
6118,81.67,12.81,102,77,False,False,BR,DE,2020-11-03,2020-11-03,2020-12-30T22:46:55,2020-12-30T22:46:55
6119,95.83,0.76,53,98,False,False,JP,BR,2024-04-10,2024-04-10,2023-08-08T00:49:12,2023-08-08T00:49:12
6120,45.69,90.1,115,44,False,False,DE,CA,2022-05-22,2022-05-22,2021-09-16T09:24:10,2021-09-16T09:24:10
6121,58.16,85.85,44,87,True,True,US,BR,2023-10-07,2023-10-07,2024-05-14T04:22:13,2024-05-14T04:22:13
6122,95.85,55.67,100,27,True,False,CA,UK,2022-09-16,,2022-02-08T04:53:42,2022-02-08T04:53:42
6123,13.02,58.51,99,47,False,True,AU,,2024-04-17,2024-04-17,2024-12-19T05:05:34,2024-12-19T05:05:34
6124,98.37,86.18,26,92,False,True,AU,,2023-05-03,2023-05-03,2021-12-01T04:28:50,2021-12-01T04:28:50
6125,19.5,77.49,106,113,True,True,AU,FR,2024-05-27,2024-05-27,2023-12-22T09:01:25,2023-12-22T09:01:25
6126,73.33,,27,8,True,True,BR,US,2024-04-23,2024-04-23,2023-11-07T00:02:33,2023-11-07T00:02:33
6127,40.77,83.84,70,51,True,,UK,BR,2023-01-24,2023-01-24,2023-01-03T00:29:38,2023-01-03T00:29:38
6128,36.29,3.23,74,57,False,True,AU,DE,2020-08-24,2020-08-24,2023-10-14T15:47:16,2023-10-14T15:47:16
6129,88.25,30.8,114,22,False,True,FR,FR,2023-04-11,2023-04-11,2020-09-30T18:08:44,2020-09-30T18:08:44
6130,56.61,59.47,42,,True,True,CA,US,2022-04-17,2022-04-17,2020-02-04T02:05:48,2020-02-04T02:05:48
6131,22.3,35.21,1,90,False,True,UK,AU,2022-05-21,2022-05-21,2021-09-10T12:58:41,2021-09-10T12:58:41
6132,8.52,3.38,55,67,False,True,BR,BR,2020-04-19,2020-04-19,2021-07-16T09:37:15,2021-07-16T09:37:15
6133,44.01,8.63,49,37,True,False,JP,DE,2023-06-28,2023-06-28,2024-10-04T00:08:41,2024-10-04T00:08:41
6134,80.48,9.55,110,110,False,False,AU,,2024-03-14,2024-03-14,2020-08-11T03:16:37,2020-08-11T03:16:37
6135,21.25,32.32,76,97,False,False,US,BR,2021-03-22,2021-03-22,2023-11-15T20:58:26,2023-11-15T20:58:26
6136,4.82,42.68,76,10,False,True,UK,UK,2024-05-15,2024-05-15,2021-10-11T21:53:14,2021-10-11T21:53:14
6137,14.32,86.78,34,49,False,True,BR,JP,2024-11-29,2024-11-29,2024-02-17T06:43:42,2024-02-17T06:43:42
6138,93.02,82.18,23,13,True,False,AU,JP,2023-10-19,2023-10-19,2023-05-09T05:20:55,2023-05-09T05:20:55
6139,99.38,66.35,105,91,False,False,JP,UK,2024-02-08,2024-02-08,2020-12-08T02:23:28,2020-12-08T02:23:28
6140,53.63,45.3,100,9,True,False,US,FR,2024-07-28,,2024-01-20T10:19:03,2024-01-20T10:19:03
6141,90.1,97.38,40,,True,True,FR,UK,2022-02-18,,2020-10-23T13:52:04,2020-10-23T13:52:04
6142,69.94,53.25,80,113,False,False,US,DE,2024-07-13,2024-07-13,2020-03-31T16:39:36,2020-03-31T16:39:36
6143,9.43,33.3,32,106,False,True,FR,BR,2024-12-18,2024-12-18,2021-11-28T15:36:35,2021-11-28T15:36:35
6144,13.27,,34,42,True,True,DE,CA,2024-07-29,,2024-04-02T01:38:29,2024-04-02T01:38:29
6145,10.75,,89,102,False,,AU,DE,2021-08-27,2021-08-27,2022-01-08T21:50:46,2022-01-08T21:50:46
6146,99.71,58.93,27,67,False,False,JP,AU,2021-03-31,2021-03-31,2020-04-22T09:09:50,2020-04-22T09:09:50
6147,98.29,92.05,78,85,True,True,JP,US,2023-11-30,2023-11-30,2022-01-02T03:24:37,2022-01-02T03:24:37
6148,95.64,68.03,85,9,True,False,BR,AU,2021-11-26,2021-11-26,2024-02-03T09:03:20,2024-02-03T09:03:20
6149,65.19,51.84,45,,True,False,AU,US,2022-04-27,,2022-11-20T01:10:45,2022-11-20T01:10:45
6150,31.95,34.91,75,73,True,True,AU,JP,2021-11-15,2021-11-15,2024-12-05T10:09:49,
6151,93.72,96.56,19,66,True,True,US,CA,2022-10-29,2022-10-29,2022-11-18T20:27:45,2022-11-18T20:27:45
6152,79.27,50.99,3,91,False,,UK,AU,2022-04-15,,2020-08-12T03:07:29,2020-08-12T03:07:29
6153,75.79,5.82,14,107,False,False,DE,UK,2020-01-18,2020-01-18,2024-07-06T06:19:18,2024-07-06T06:19:18
6154,28.2,65.4,82,10,True,False,DE,FR,2024-03-25,2024-03-25,2021-11-06T15:50:22,2021-11-06T15:50:22
6155,93.82,61.88,23,63,True,False,DE,AU,2020-07-23,2020-07-23,2021-01-04T17:16:13,2021-01-04T17:16:13
6156,8.59,6.18,85,28,True,False,BR,JP,2024-11-19,2024-11-19,2023-09-27T13:28:20,2023-09-27T13:28:20
6157,46.05,,25,60,True,True,BR,JP,2021-10-19,,2024-10-01T16:24:31,2024-10-01T16:24:31
6158,0.55,88.07,15,102,True,False,US,US,2022-07-04,2022-07-04,2022-04-27T11:24:44,2022-04-27T11:24:44
6159,20.54,36.05,67,89,True,True,UK,BR,2022-07-22,2022-07-22,2021-06-18T22:31:27,2021-06-18T22:31:27
6160,3.6,60.05,62,76,False,True,DE,CA,2020-07-03,2020-07-03,2022-10-06T07:57:32,2022-10-06T07:57:32
6161,73.22,76.89,23,77,True,False,AU,UK,2022-08-24,2022-08-24,2023-08-09T04:08:18,2023-08-09T04:08:18
6162,86.68,66.18,31,38,True,False,CA,,2024-11-06,2024-11-06,2022-04-29T21:05:37,2022-04-29T21:05:37
6163,71.54,,101,15,False,False,DE,UK,2024-10-07,2024-10-07,2020-06-28T07:20:23,2020-06-28T07:20:23
6164,3.73,64.28,4,40,True,False,JP,JP,2022-10-16,2022-10-16,2023-08-22T04:19:19,2023-08-22T04:19:19
6165,28.95,85.95,50,28,True,True,AU,AU,2021-06-06,2021-06-06,2022-01-18T20:24:58,2022-01-18T20:24:58
6166,86.15,94.7,84,26,True,False,UK,BR,2022-10-15,2022-10-15,2022-10-28T23:41:30,2022-10-28T23:41:30
6167,88.39,,39,54,True,False,BR,CA,2022-08-22,2022-08-22,2023-05-08T17:18:51,2023-05-08T17:18:51
6168,95.37,80.42,63,75,True,,UK,BR,2023-02-26,2023-02-26,2023-11-22T19:05:00,2023-11-22T19:05:00
6169,1.64,88.62,119,50,True,False,JP,BR,2024-08-07,2024-08-07,2023-08-28T07:44:45,2023-08-28T07:44:45
6170,35.18,31.55,87,102,False,False,BR,DE,2021-09-19,2021-09-19,2023-11-12T02:48:55,2023-11-12T02:48:55
6171,98.32,,106,102,False,True,US,AU,2021-06-02,2021-06-02,2023-01-06T06:29:04,2023-01-06T06:29:04
6172,74.58,78.84,97,28,False,False,FR,AU,2024-02-05,2024-02-05,2024-08-28T09:41:36,2024-08-28T09:41:36
6173,46.38,59.19,39,55,False,,JP,CA,2023-01-04,2023-01-04,2020-01-24T06:10:26,2020-01-24T06:10:26
6174,52.15,31.85,19,73,False,False,UK,UK,2023-07-31,2023-07-31,2020-02-02T15:32:51,2020-02-02T15:32:51
6175,50.89,1.43,20,70,True,False,UK,,2021-03-03,2021-03-03,2023-02-23T17:59:44,2023-02-23T17:59:44
6176,72.55,3.41,22,112,False,True,DE,BR,2023-10-25,2023-10-25,2024-02-04T08:42:11,2024-02-04T08:42:11
6177,32.74,85.07,17,104,False,False,UK,AU,2022-01-26,2022-01-26,2023-05-09T07:52:32,2023-05-09T07:52:32
6178,4.92,42.98,69,52,False,False,AU,BR,2022-09-19,2022-09-19,2024-05-04T18:04:08,2024-05-04T18:04:08
6179,47.98,67.18,70,117,False,True,FR,FR,2020-04-20,2020-04-20,2024-02-06T07:02:13,2024-02-06T07:02:13
6180,35.9,38.4,37,70,False,True,BR,CA,2024-09-06,2024-09-06,2021-06-05T11:40:40,2021-06-05T11:40:40
6181,85.51,76.63,52,,True,True,FR,US,2021-10-19,2021-10-19,2024-11-16T21:25:15,2024-11-16T21:25:15
6182,92.41,97.23,3,67,False,True,AU,US,2023-04-20,,2023-11-23T14:04:03,2023-11-23T14:04:03
6183,15.46,4.68,100,62,False,True,DE,UK,2020-05-02,2020-05-02,2023-02-13T07:15:42,
6184,72.94,18.68,37,55,False,False,US,AU,2023-01-10,,2021-05-12T13:56:56,2021-05-12T13:56:56
6185,15.93,8.05,103,15,True,True,UK,CA,2023-02-25,2023-02-25,2024-09-24T03:18:09,2024-09-24T03:18:09
6186,35.57,77.0,104,119,True,False,FR,CA,2020-12-21,2020-12-21,2021-02-12T20:21:46,2021-02-12T20:21:46
6187,22.28,38.29,113,20,True,,JP,BR,2023-10-11,2023-10-11,2021-09-05T13:09:35,2021-09-05T13:09:35
6188,12.99,48.19,85,101,False,True,DE,CA,2020-09-18,2020-09-18,2024-04-02T13:29:42,2024-04-02T13:29:42
6189,43.95,96.37,108,68,True,True,JP,JP,2020-06-30,,2023-12-16T10:18:45,2023-12-16T10:18:45
6190,93.43,47.55,106,67,False,False,FR,UK,2020-05-29,2020-05-29,2023-12-03T12:55:19,
6191,23.45,1.44,92,113,True,False,UK,US,2020-12-14,2020-12-14,2024-02-14T01:09:17,2024-02-14T01:09:17
6192,42.74,73.71,88,82,False,True,JP,FR,2022-06-09,,2024-10-31T23:01:01,2024-10-31T23:01:01
6193,8.0,70.57,101,14,False,False,CA,BR,2023-06-20,2023-06-20,2023-12-08T06:44:38,2023-12-08T06:44:38
6194,39.33,52.47,113,103,True,,FR,DE,2021-08-26,2021-08-26,2024-03-14T09:32:33,2024-03-14T09:32:33
6195,19.47,29.09,38,83,True,True,BR,US,2022-02-15,,2021-11-08T01:51:46,
6196,44.11,86.44,94,0,False,,FR,US,2021-01-03,,2020-06-13T14:27:29,2020-06-13T14:27:29
6197,34.37,,115,2,True,True,UK,DE,2022-03-19,2022-03-19,2023-07-04T14:24:50,2023-07-04T14:24:50
6198,28.43,84.32,88,69,True,True,US,AU,2020-10-19,2020-10-19,2020-06-16T13:31:58,2020-06-16T13:31:58
6199,89.33,,16,29,True,True,DE,BR,2022-02-23,2022-02-23,2021-07-29T11:16:23,2021-07-29T11:16:23
6200,1.37,29.11,64,26,True,True,JP,CA,2022-02-08,2022-02-08,2020-11-08T08:55:27,2020-11-08T08:55:27
6201,81.46,76.13,59,75,True,True,AU,DE,2021-09-11,2021-09-11,2024-05-02T19:30:37,2024-05-02T19:30:37
6202,73.83,67.49,31,74,True,,FR,AU,2024-02-11,2024-02-11,2024-11-06T22:32:46,2024-11-06T22:32:46
6203,87.3,64.65,5,16,False,True,UK,DE,2024-03-06,2024-03-06,2024-01-01T04:12:41,2024-01-01T04:12:41
6204,94.53,29.44,119,10,False,,UK,AU,2023-10-21,2023-10-21,2023-08-20T03:58:18,2023-08-20T03:58:18
6205,69.68,50.91,58,63,True,True,JP,,2021-03-29,2021-03-29,2024-06-28T15:30:11,2024-06-28T15:30:11
6206,89.25,55.73,98,66,True,False,FR,BR,2022-04-02,2022-04-02,2020-08-04T05:48:19,2020-08-04T05:48:19
6207,18.25,3.33,102,27,False,False,FR,,2024-07-07,2024-07-07,2022-02-07T20:07:38,2022-02-07T20:07:38
6208,44.96,61.25,91,99,True,False,CA,,2023-04-30,2023-04-30,2023-06-16T01:52:34,2023-06-16T01:52:34
6209,32.77,73.22,101,23,True,False,AU,FR,2024-05-29,2024-05-29,2021-02-27T11:14:45,2021-02-27T11:14:45
6210,36.13,27.03,116,1,True,True,FR,,2022-09-10,2022-09-10,2023-04-09T11:43:21,2023-04-09T11:43:21
6211,41.38,34.39,83,76,True,False,CA,US,2021-02-19,2021-02-19,2024-06-17T21:15:37,2024-06-17T21:15:37
6212,4.8,17.65,76,31,False,True,US,JP,2022-01-05,2022-01-05,2023-12-04T21:03:10,
6213,78.69,47.16,55,117,True,False,JP,UK,2023-09-14,2023-09-14,2024-08-04T07:38:59,2024-08-04T07:38:59
6214,42.36,28.97,26,22,True,,DE,US,2021-06-21,2021-06-21,2023-04-28T14:12:24,2023-04-28T14:12:24
6215,16.3,,93,7,True,True,AU,DE,2021-12-31,2021-12-31,2021-09-08T23:23:29,2021-09-08T23:23:29
6216,47.39,99.63,72,2,False,True,BR,CA,2021-11-26,2021-11-26,2024-05-18T02:15:39,
6217,31.67,19.44,29,81,False,False,CA,US,2023-09-17,2023-09-17,2020-12-07T20:00:29,2020-12-07T20:00:29
6218,33.22,14.92,119,100,True,False,CA,US,2020-04-05,2020-04-05,2020-06-17T03:06:07,
6219,87.64,92.79,94,30,False,True,BR,DE,2023-12-29,2023-12-29,2021-06-23T18:43:11,2021-06-23T18:43:11
6220,54.86,9.28,115,43,True,True,US,BR,2020-09-24,2020-09-24,2021-11-29T04:14:01,2021-11-29T04:14:01
6221,43.87,18.8,59,77,False,False,US,US,2024-01-02,2024-01-02,2024-11-18T20:55:48,2024-11-18T20:55:48
6222,86.66,79.81,19,80,False,False,AU,UK,2022-11-21,2022-11-21,2022-01-04T14:12:08,2022-01-04T14:12:08
6223,73.81,74.59,3,62,False,False,CA,CA,2024-01-27,2024-01-27,2020-10-29T14:21:44,2020-10-29T14:21:44
6224,14.2,17.59,10,81,True,True,AU,AU,2020-10-07,2020-10-07,2022-01-05T20:59:22,2022-01-05T20:59:22
6225,22.27,31.3,57,84,False,False,UK,FR,2020-07-30,2020-07-30,2022-10-25T19:48:58,
6226,32.18,18.65,95,86,True,False,CA,CA,2024-12-23,2024-12-23,2021-03-20T22:31:07,2021-03-20T22:31:07
6227,61.26,56.93,78,95,False,,FR,DE,2024-05-29,2024-05-29,2024-03-06T02:53:41,2024-03-06T02:53:41
6228,61.58,39.18,100,81,False,True,AU,DE,2020-07-20,2020-07-20,2022-07-01T00:17:25,2022-07-01T00:17:25
6229,49.22,74.76,53,115,False,False,AU,DE,2023-11-19,,2023-05-07T14:02:16,2023-05-07T14:02:16
6230,30.7,29.65,99,34,True,False,DE,UK,2022-04-25,2022-04-25,2021-02-22T21:12:46,2021-02-22T21:12:46
6231,5.5,79.06,79,,True,True,CA,JP,2024-03-25,2024-03-25,2022-08-09T18:22:50,2022-08-09T18:22:50
6232,83.13,39.8,110,,False,False,US,US,2020-04-30,2020-04-30,2020-12-31T16:10:08,2020-12-31T16:10:08
6233,61.82,,56,37,True,,BR,BR,2024-05-05,2024-05-05,2020-01-28T06:17:12,2020-01-28T06:17:12
6234,23.07,83.52,109,26,False,True,US,DE,2022-07-26,2022-07-26,2021-02-20T05:43:02,2021-02-20T05:43:02
6235,19.78,30.11,100,7,True,True,UK,CA,2024-08-12,2024-08-12,2020-12-16T13:12:20,2020-12-16T13:12:20
6236,10.19,54.99,0,14,True,,FR,UK,2024-11-19,2024-11-19,2023-02-20T11:57:16,2023-02-20T11:57:16
6237,51.84,45.4,71,3,False,True,JP,US,2022-11-20,2022-11-20,2024-06-01T00:34:55,2024-06-01T00:34:55
6238,57.52,6.74,69,109,True,True,UK,DE,2020-02-29,2020-02-29,2020-06-06T12:50:01,2020-06-06T12:50:01
6239,93.46,59.8,79,52,False,True,BR,JP,2024-07-06,,2020-08-18T12:48:17,2020-08-18T12:48:17
6240,5.93,21.48,51,107,False,False,AU,DE,2020-07-25,2020-07-25,2024-06-23T10:15:34,
6241,23.09,23.99,110,58,False,True,JP,AU,2022-11-02,2022-11-02,2024-06-27T16:51:04,2024-06-27T16:51:04
6242,89.63,,19,82,True,,JP,AU,2020-02-21,2020-02-21,2020-05-05T23:37:27,2020-05-05T23:37:27
6243,93.23,80.86,56,91,True,False,BR,CA,2024-02-10,2024-02-10,2023-10-21T02:04:58,2023-10-21T02:04:58
6244,65.84,80.8,115,37,False,True,JP,BR,2024-08-10,2024-08-10,2024-12-05T13:36:36,2024-12-05T13:36:36
6245,78.51,20.25,58,109,False,False,AU,AU,2024-06-01,2024-06-01,2020-01-26T02:02:03,2020-01-26T02:02:03
6246,80.6,92.39,7,92,True,False,JP,DE,2022-11-15,2022-11-15,2020-12-25T08:17:54,
6247,35.8,7.08,86,114,True,False,US,FR,2022-02-08,2022-02-08,2023-01-29T04:46:33,2023-01-29T04:46:33
6248,94.33,23.98,34,1,False,True,US,UK,2023-08-19,2023-08-19,2020-03-20T22:30:53,2020-03-20T22:30:53
6249,6.8,85.46,8,,True,False,FR,FR,2022-03-06,2022-03-06,2024-11-19T23:11:02,2024-11-19T23:11:02
6250,31.68,11.9,97,,True,True,UK,AU,2023-03-07,2023-03-07,2023-04-12T01:42:59,2023-04-12T01:42:59
6251,50.88,49.93,15,100,False,True,CA,AU,2021-01-04,2021-01-04,2022-05-28T19:58:36,2022-05-28T19:58:36
6252,90.89,,7,5,True,,US,JP,2023-10-03,,2020-06-08T07:22:51,2020-06-08T07:22:51
6253,2.18,34.14,20,8,True,True,CA,UK,2022-10-28,,2021-07-01T15:38:31,
6254,17.62,83.33,3,2,False,,FR,,2023-02-24,2023-02-24,2020-12-14T15:17:43,
6255,58.17,76.24,45,66,False,True,JP,FR,2021-12-28,2021-12-28,2021-12-30T09:29:18,2021-12-30T09:29:18
6256,74.33,37.08,20,36,True,True,UK,JP,2024-07-27,2024-07-27,2021-11-04T09:25:12,2021-11-04T09:25:12
6257,34.19,17.74,20,11,False,False,UK,AU,2021-07-31,2021-07-31,2023-07-09T18:16:40,2023-07-09T18:16:40
6258,37.61,89.84,41,,True,False,AU,BR,2024-11-04,2024-11-04,2023-01-17T17:15:49,2023-01-17T17:15:49
6259,32.42,30.77,107,77,True,False,AU,US,2020-07-14,2020-07-14,2022-11-18T01:30:12,2022-11-18T01:30:12
6260,63.12,62.85,113,117,False,False,DE,BR,2023-02-15,,2021-04-06T11:22:35,2021-04-06T11:22:35
6261,19.97,,49,4,True,True,UK,FR,2023-09-05,2023-09-05,2021-06-08T17:14:42,2021-06-08T17:14:42
6262,55.65,30.43,98,108,False,False,BR,AU,2024-02-13,2024-02-13,2022-12-25T07:41:22,2022-12-25T07:41:22
6263,16.38,73.91,24,73,True,,UK,US,2022-03-19,2022-03-19,2023-05-04T05:55:19,
6264,87.99,16.72,46,32,False,False,FR,,2022-12-07,2022-12-07,2020-08-01T01:16:37,2020-08-01T01:16:37
6265,60.96,79.38,118,32,True,,CA,DE,2023-10-02,2023-10-02,2022-02-04T04:31:32,2022-02-04T04:31:32
6266,94.95,69.0,5,97,True,,JP,BR,2020-02-11,2020-02-11,2022-05-08T22:47:51,2022-05-08T22:47:51
6267,96.86,54.1,114,80,True,True,DE,,2023-04-20,,2024-09-25T22:03:18,
6268,92.58,97.36,2,,False,True,UK,FR,2024-11-26,2024-11-26,2021-04-22T09:29:20,2021-04-22T09:29:20
6269,93.44,60.57,82,33,False,True,CA,AU,2022-10-25,2022-10-25,2021-10-27T08:51:07,2021-10-27T08:51:07
6270,37.16,97.85,27,45,True,True,BR,FR,2021-06-13,2021-06-13,2023-07-21T02:54:11,2023-07-21T02:54:11
6271,69.55,21.33,96,1,False,False,FR,,2022-08-03,2022-08-03,2020-11-20T21:37:22,2020-11-20T21:37:22
6272,76.21,56.54,94,119,True,False,CA,,2022-03-12,2022-03-12,2020-08-27T22:38:29,2020-08-27T22:38:29
6273,95.8,20.48,83,93,False,True,FR,,2020-01-21,2020-01-21,2023-09-25T22:35:40,2023-09-25T22:35:40
6274,56.58,,88,98,False,True,CA,FR,2024-06-09,,2024-01-04T02:46:23,2024-01-04T02:46:23
6275,59.74,98.1,17,104,False,False,AU,US,2020-04-18,2020-04-18,2022-09-05T01:21:16,2022-09-05T01:21:16
6276,40.43,41.68,82,9,True,False,UK,JP,2021-12-22,2021-12-22,2024-01-06T04:22:54,2024-01-06T04:22:54
6277,30.56,,84,77,True,True,AU,US,2023-11-27,2023-11-27,2022-07-03T11:38:25,2022-07-03T11:38:25
6278,20.07,75.27,109,83,True,True,BR,UK,2024-02-15,2024-02-15,2020-09-05T00:30:51,2020-09-05T00:30:51
6279,75.12,42.57,97,110,False,False,FR,DE,2023-11-25,2023-11-25,2021-08-12T18:07:13,2021-08-12T18:07:13
6280,85.16,24.67,17,87,False,True,BR,UK,2020-02-15,2020-02-15,2020-08-19T17:25:46,2020-08-19T17:25:46
6281,29.06,81.97,81,1,False,False,UK,,2024-08-02,,2020-10-02T17:45:22,2020-10-02T17:45:22
6282,74.45,93.25,79,36,True,,FR,UK,2024-01-09,2024-01-09,2022-09-08T05:25:48,2022-09-08T05:25:48
6283,32.66,53.53,49,,False,False,AU,DE,2023-05-19,2023-05-19,2024-09-02T15:53:59,2024-09-02T15:53:59
6284,53.52,68.48,3,12,True,True,DE,US,2023-03-08,2023-03-08,2020-09-21T08:23:34,2020-09-21T08:23:34
6285,82.27,71.63,46,49,True,False,DE,US,2023-01-01,2023-01-01,2020-12-10T14:35:23,2020-12-10T14:35:23
6286,27.91,94.04,25,115,False,True,US,DE,2024-06-23,2024-06-23,2024-02-05T13:09:12,2024-02-05T13:09:12
6287,98.89,59.82,47,50,False,False,FR,US,2021-09-18,2021-09-18,2024-08-03T11:19:13,2024-08-03T11:19:13
6288,37.14,44.23,100,82,True,False,CA,AU,2024-06-30,2024-06-30,2024-02-11T21:21:21,2024-02-11T21:21:21
6289,89.35,60.79,104,119,True,False,DE,,2023-06-23,2023-06-23,2023-11-04T02:49:00,2023-11-04T02:49:00
6290,16.06,91.9,65,72,False,True,AU,AU,2020-02-07,2020-02-07,2023-01-23T22:50:40,2023-01-23T22:50:40
6291,47.32,59.12,89,7,True,False,BR,AU,2022-02-26,2022-02-26,2024-06-23T00:07:51,2024-06-23T00:07:51
6292,98.98,25.41,50,12,True,,JP,CA,2022-10-17,2022-10-17,2024-01-01T03:56:00,2024-01-01T03:56:00
6293,88.73,66.77,43,94,True,False,FR,JP,2023-09-06,2023-09-06,2023-04-19T19:59:01,2023-04-19T19:59:01
6294,79.78,88.18,10,103,True,False,US,US,2021-03-01,2021-03-01,2020-04-14T14:39:45,
6295,31.9,43.09,16,87,False,False,US,UK,2020-03-14,2020-03-14,2024-09-25T00:06:21,2024-09-25T00:06:21
6296,82.25,43.77,26,49,False,True,UK,CA,2022-01-21,2022-01-21,2023-10-31T08:02:03,2023-10-31T08:02:03
6297,21.08,7.49,71,11,True,True,DE,CA,2022-07-03,2022-07-03,2024-05-23T10:30:59,2024-05-23T10:30:59
6298,71.77,28.32,106,42,True,False,AU,DE,2023-03-11,2023-03-11,2023-10-28T10:15:09,2023-10-28T10:15:09
6299,14.64,56.85,45,84,False,False,AU,JP,2023-01-01,2023-01-01,2022-10-16T02:24:51,2022-10-16T02:24:51
6300,44.68,29.25,119,78,True,True,BR,JP,2023-10-03,2023-10-03,2024-02-15T22:53:08,2024-02-15T22:53:08
6301,16.38,12.22,76,45,False,True,BR,BR,2021-12-25,2021-12-25,2024-05-30T20:55:05,2024-05-30T20:55:05
6302,43.19,48.0,119,114,False,True,JP,AU,2022-07-10,2022-07-10,2024-03-12T08:36:37,2024-03-12T08:36:37
6303,23.48,3.71,115,100,True,True,CA,AU,2020-09-21,2020-09-21,2023-01-24T11:18:50,2023-01-24T11:18:50
6304,44.15,40.16,94,84,False,True,BR,JP,2022-11-17,2022-11-17,2021-03-28T14:07:23,2021-03-28T14:07:23
6305,58.08,0.55,36,102,False,True,US,AU,2024-04-12,2024-04-12,2020-04-10T12:52:46,2020-04-10T12:52:46
6306,47.89,80.33,79,51,True,,BR,DE,2021-01-14,2021-01-14,2021-02-24T08:42:02,2021-02-24T08:42:02
6307,11.03,92.55,86,107,True,False,FR,US,2021-07-29,2021-07-29,2023-11-08T08:09:18,2023-11-08T08:09:18
6308,22.66,38.97,59,14,True,False,CA,AU,2021-04-08,2021-04-08,2022-09-24T00:57:25,2022-09-24T00:57:25
6309,69.48,95.97,61,22,True,True,AU,UK,2023-07-31,2023-07-31,2021-03-05T11:30:13,
6310,24.39,18.21,27,36,False,True,UK,JP,2022-05-03,2022-05-03,2023-12-11T10:11:57,2023-12-11T10:11:57
6311,91.11,82.77,95,22,False,False,US,FR,2020-02-17,2020-02-17,2020-08-16T09:41:42,2020-08-16T09:41:42
6312,9.54,80.64,60,90,False,True,BR,,2023-11-26,2023-11-26,2023-06-16T02:54:48,2023-06-16T02:54:48
6313,11.75,15.55,55,77,False,True,US,US,2023-11-12,2023-11-12,2023-10-13T15:47:35,2023-10-13T15:47:35
6314,9.58,56.02,107,24,True,False,BR,DE,2023-05-20,,2024-11-05T16:23:42,
6315,85.57,14.59,99,20,False,True,CA,DE,2022-04-06,,2023-06-01T02:33:41,2023-06-01T02:33:41
6316,90.51,86.3,40,31,True,True,FR,FR,2020-01-17,2020-01-17,2024-04-07T06:11:49,
6317,37.71,84.93,21,100,True,False,AU,FR,2022-09-12,2022-09-12,2021-02-24T17:24:49,2021-02-24T17:24:49
6318,76.25,,113,61,False,False,UK,,2024-11-28,2024-11-28,2023-11-08T06:45:54,2023-11-08T06:45:54
6319,18.77,89.49,112,70,True,True,UK,CA,2020-10-24,2020-10-24,2024-02-04T10:11:08,2024-02-04T10:11:08
6320,55.13,20.34,89,80,True,False,AU,BR,2023-06-08,2023-06-08,2021-04-13T04:33:41,2021-04-13T04:33:41
6321,0.68,52.75,26,50,True,False,BR,FR,2022-07-24,2022-07-24,2024-02-29T09:39:03,2024-02-29T09:39:03
6322,66.11,72.15,84,15,False,True,JP,,2024-10-19,2024-10-19,2023-09-16T01:43:26,2023-09-16T01:43:26
6323,6.5,,93,6,False,True,JP,CA,2022-01-16,2022-01-16,2021-01-11T03:39:41,2021-01-11T03:39:41
6324,88.07,62.45,64,65,False,True,AU,JP,2020-08-28,2020-08-28,2023-12-20T15:15:40,2023-12-20T15:15:40
6325,98.22,25.7,35,65,True,True,DE,CA,2020-06-05,2020-06-05,2023-12-12T03:51:40,2023-12-12T03:51:40
6326,35.07,75.82,73,83,True,False,UK,UK,2023-05-12,2023-05-12,2021-07-17T01:14:25,
6327,92.08,44.33,99,73,True,False,US,FR,2023-08-12,2023-08-12,2021-05-28T21:02:21,
6328,47.67,96.52,54,2,False,True,DE,CA,2020-10-26,2020-10-26,2023-05-02T03:05:36,2023-05-02T03:05:36
6329,50.35,32.04,35,57,True,False,UK,JP,2023-05-13,2023-05-13,2020-01-07T21:56:51,2020-01-07T21:56:51
6330,68.7,8.42,104,11,False,False,FR,JP,2023-02-03,2023-02-03,2020-08-08T10:59:37,2020-08-08T10:59:37
6331,43.08,48.49,35,18,True,True,US,DE,2023-11-28,2023-11-28,2024-07-05T03:50:27,2024-07-05T03:50:27
6332,55.41,79.61,111,115,False,False,BR,US,2020-11-15,2020-11-15,2021-07-28T15:11:06,2021-07-28T15:11:06
6333,1.91,90.66,75,46,True,False,UK,DE,2020-06-22,2020-06-22,2021-01-30T19:55:48,2021-01-30T19:55:48
6334,24.07,81.89,100,117,False,True,BR,US,2021-07-26,,2020-10-17T18:22:19,2020-10-17T18:22:19
6335,58.1,,47,52,True,True,AU,DE,2020-06-03,2020-06-03,2021-05-11T14:05:32,2021-05-11T14:05:32
6336,14.52,35.24,24,9,False,False,DE,AU,2024-07-02,2024-07-02,2020-09-12T13:17:45,2020-09-12T13:17:45
6337,23.08,40.96,68,0,True,False,UK,US,2023-12-30,2023-12-30,2022-03-10T04:19:06,
6338,13.0,8.27,104,91,True,False,US,FR,2023-12-07,2023-12-07,2023-11-26T09:50:23,
6339,74.63,48.81,101,45,False,,DE,BR,2021-04-16,2021-04-16,2022-04-02T11:55:37,2022-04-02T11:55:37
6340,20.29,36.48,35,56,False,True,AU,UK,2021-02-19,2021-02-19,2021-09-24T03:20:15,2021-09-24T03:20:15
6341,3.4,50.07,27,26,True,False,FR,FR,2020-12-03,2020-12-03,2023-03-22T22:13:25,2023-03-22T22:13:25
6342,79.89,,79,118,True,False,US,JP,2020-08-03,2020-08-03,2021-11-20T04:56:54,2021-11-20T04:56:54
6343,11.58,41.49,37,90,False,False,JP,DE,2024-02-26,2024-02-26,2024-10-05T07:06:38,2024-10-05T07:06:38
6344,92.2,93.64,108,51,True,False,FR,FR,2023-03-22,2023-03-22,2023-07-31T06:14:34,2023-07-31T06:14:34
6345,94.29,86.14,57,90,True,,DE,UK,2023-12-20,2023-12-20,2021-05-02T01:50:25,2021-05-02T01:50:25
6346,1.96,40.44,58,77,False,False,US,AU,2021-05-10,,2020-10-05T23:09:17,2020-10-05T23:09:17
6347,13.84,43.58,18,58,True,True,FR,US,2022-07-26,2022-07-26,2024-04-24T16:17:19,2024-04-24T16:17:19
6348,98.34,30.63,4,33,False,True,UK,,2024-04-25,2024-04-25,2021-09-05T01:18:37,2021-09-05T01:18:37
6349,43.63,35.75,1,28,False,True,AU,UK,2022-10-22,2022-10-22,2020-12-14T11:26:54,2020-12-14T11:26:54
6350,81.15,53.13,31,96,True,True,UK,AU,2021-05-08,2021-05-08,2024-11-10T12:31:37,
6351,69.04,47.24,108,6,False,True,BR,US,2022-12-12,2022-12-12,2023-07-02T10:19:00,
6352,87.66,59.01,104,,True,False,UK,FR,2021-11-17,2021-11-17,2024-06-03T22:49:37,2024-06-03T22:49:37
6353,50.89,73.89,26,39,False,False,CA,CA,2020-10-07,2020-10-07,2020-02-11T09:09:56,2020-02-11T09:09:56
6354,8.79,11.29,92,92,False,True,CA,FR,2021-05-10,2021-05-10,2024-05-09T16:31:53,2024-05-09T16:31:53
6355,75.59,59.26,113,55,False,False,JP,FR,2020-07-12,2020-07-12,2021-04-23T22:40:21,2021-04-23T22:40:21
6356,3.17,82.98,18,21,True,,BR,AU,2020-04-06,2020-04-06,2022-04-26T20:48:26,2022-04-26T20:48:26
6357,81.54,15.0,105,92,False,False,DE,BR,2021-03-29,,2022-07-03T13:20:30,2022-07-03T13:20:30
6358,18.94,56.83,75,103,True,,AU,JP,2021-10-28,,2024-03-12T17:45:27,
6359,99.38,23.84,21,71,False,False,US,UK,2023-11-06,2023-11-06,2024-03-01T16:19:40,2024-03-01T16:19:40
6360,0.11,28.27,115,103,True,True,BR,JP,2023-01-17,2023-01-17,2020-11-24T11:14:06,2020-11-24T11:14:06
6361,11.42,28.15,69,21,True,False,CA,DE,2023-02-01,2023-02-01,2022-07-21T00:00:56,
6362,26.9,21.75,49,56,True,False,US,DE,2023-12-12,2023-12-12,2021-08-31T09:22:52,2021-08-31T09:22:52
6363,47.31,63.29,68,71,True,False,CA,BR,2023-08-14,2023-08-14,2024-07-26T00:29:30,2024-07-26T00:29:30
6364,49.03,10.82,58,89,False,False,DE,,2024-11-15,,2024-04-17T09:59:09,2024-04-17T09:59:09
6365,62.78,10.11,52,27,True,False,BR,UK,2020-12-06,2020-12-06,2022-05-09T13:25:06,2022-05-09T13:25:06
6366,87.99,64.03,22,9,False,,BR,US,2021-04-23,2021-04-23,2024-03-24T02:48:32,2024-03-24T02:48:32
6367,71.0,,23,104,False,,US,DE,2021-10-09,2021-10-09,2023-04-25T11:26:35,2023-04-25T11:26:35
6368,76.35,46.62,112,40,False,,CA,FR,2024-07-06,2024-07-06,2023-06-02T13:24:03,2023-06-02T13:24:03
6369,79.04,95.88,47,36,True,True,US,BR,2022-07-09,2022-07-09,2024-02-02T01:22:43,2024-02-02T01:22:43
6370,39.31,1.05,88,45,True,,AU,,2020-02-20,2020-02-20,2021-04-16T13:08:33,2021-04-16T13:08:33
6371,78.13,,38,90,True,True,US,JP,2020-10-24,2020-10-24,2020-07-30T10:31:52,2020-07-30T10:31:52
6372,61.5,5.25,12,114,False,True,DE,CA,2024-09-15,2024-09-15,2024-11-16T03:11:25,2024-11-16T03:11:25
6373,55.19,36.06,86,52,True,False,US,CA,2021-07-05,2021-07-05,2021-12-03T08:26:02,
6374,52.12,90.83,77,27,False,False,JP,,2022-06-08,2022-06-08,2020-01-30T05:39:50,2020-01-30T05:39:50
6375,5.47,30.31,57,39,True,True,JP,CA,2020-11-03,2020-11-03,2020-09-24T05:47:36,2020-09-24T05:47:36
6376,13.5,82.55,48,49,False,,FR,DE,2023-11-01,,2024-02-12T21:02:05,
6377,49.83,,9,29,True,False,JP,,2021-01-20,2021-01-20,2020-01-01T03:21:50,2020-01-01T03:21:50
6378,0.1,80.3,28,76,False,False,CA,FR,2022-03-11,2022-03-11,2022-04-10T00:13:05,2022-04-10T00:13:05
6379,69.88,24.75,93,32,True,False,BR,BR,2024-03-19,2024-03-19,2022-02-17T08:40:03,2022-02-17T08:40:03
6380,76.09,29.62,63,,False,False,FR,CA,2021-04-01,2021-04-01,2020-03-13T04:16:50,2020-03-13T04:16:50
6381,27.9,73.54,22,6,True,False,DE,,2023-11-27,2023-11-27,2023-02-21T05:10:51,2023-02-21T05:10:51
6382,52.45,,80,39,True,True,CA,JP,2020-06-24,2020-06-24,2020-07-17T04:45:59,2020-07-17T04:45:59
6383,85.98,44.07,87,63,False,False,CA,JP,2023-06-08,2023-06-08,2020-09-12T16:28:17,
6384,80.33,41.99,53,14,False,True,BR,US,2024-02-02,2024-02-02,2024-11-14T10:49:36,2024-11-14T10:49:36
6385,38.85,,33,94,True,True,AU,JP,2023-08-14,2023-08-14,2022-11-10T23:11:56,2022-11-10T23:11:56
6386,56.2,32.92,13,66,True,True,UK,FR,2022-06-26,2022-06-26,2021-04-13T22:21:26,2021-04-13T22:21:26
6387,79.14,92.22,48,107,True,False,FR,JP,2021-08-25,2021-08-25,2022-12-04T06:55:12,2022-12-04T06:55:12
6388,79.96,82.51,58,17,True,True,US,UK,2020-06-15,2020-06-15,2024-05-06T13:05:58,2024-05-06T13:05:58
6389,55.7,15.85,86,96,True,False,JP,FR,2023-02-20,2023-02-20,2024-09-29T03:01:44,2024-09-29T03:01:44
6390,36.54,25.28,28,18,True,True,AU,US,2024-03-27,2024-03-27,2020-12-12T16:25:54,2020-12-12T16:25:54
6391,63.1,31.25,23,64,False,True,UK,FR,2020-12-22,2020-12-22,2021-07-23T03:20:47,2021-07-23T03:20:47
6392,29.42,30.82,11,44,False,False,US,BR,2024-08-14,,2022-08-31T20:52:51,2022-08-31T20:52:51
6393,82.62,37.3,91,73,True,True,FR,AU,2021-12-15,2021-12-15,2020-07-08T00:54:35,2020-07-08T00:54:35
6394,83.87,98.92,61,54,False,True,BR,UK,2024-09-08,2024-09-08,2022-03-20T10:09:46,2022-03-20T10:09:46
6395,13.97,89.16,51,51,False,True,FR,DE,2023-04-17,2023-04-17,2024-09-29T04:56:57,2024-09-29T04:56:57
6396,62.78,93.12,41,,False,True,AU,UK,2022-06-03,2022-06-03,2020-01-14T14:10:52,2020-01-14T14:10:52
6397,24.04,41.26,55,46,False,False,JP,UK,2020-05-07,,2020-04-17T23:55:56,2020-04-17T23:55:56
6398,61.01,45.91,117,20,False,,FR,DE,2022-04-28,2022-04-28,2022-08-04T22:50:31,2022-08-04T22:50:31
6399,80.39,,89,57,True,True,CA,FR,2021-08-17,2021-08-17,2022-12-26T08:55:40,2022-12-26T08:55:40
6400,39.1,36.87,104,30,True,True,UK,BR,2022-12-22,2022-12-22,2024-05-07T06:33:21,2024-05-07T06:33:21
6401,1.11,32.77,104,116,True,False,CA,DE,2022-04-22,2022-04-22,2022-10-03T04:17:01,2022-10-03T04:17:01
6402,55.79,43.86,71,,False,False,BR,,2022-03-03,2022-03-03,2023-06-24T08:13:49,2023-06-24T08:13:49
6403,55.06,70.18,92,8,True,True,FR,JP,2020-10-21,2020-10-21,2024-12-23T20:49:12,2024-12-23T20:49:12
6404,67.15,34.71,43,,True,True,BR,CA,2021-08-27,2021-08-27,2020-10-21T20:57:30,
6405,26.29,55.29,21,14,True,False,FR,CA,2023-08-08,2023-08-08,2020-04-09T09:59:38,2020-04-09T09:59:38
6406,47.22,33.88,22,26,True,False,DE,US,2020-07-02,2020-07-02,2021-10-31T00:06:35,2021-10-31T00:06:35
6407,65.92,53.3,101,35,True,True,UK,CA,2020-01-04,2020-01-04,2022-01-13T08:48:23,2022-01-13T08:48:23
6408,51.86,63.02,81,10,True,True,JP,DE,2020-11-17,2020-11-17,2021-06-30T12:43:26,2021-06-30T12:43:26
6409,47.64,68.69,20,104,False,False,FR,JP,2023-04-23,2023-04-23,2021-03-18T10:33:51,
6410,34.85,,71,105,False,True,US,UK,2020-09-03,2020-09-03,2021-02-11T22:14:59,2021-02-11T22:14:59
6411,72.3,27.01,33,54,True,True,DE,JP,2021-12-31,2021-12-31,2021-09-26T08:50:38,2021-09-26T08:50:38
6412,13.74,93.55,48,36,False,True,FR,DE,2021-04-08,2021-04-08,2024-10-31T16:22:40,2024-10-31T16:22:40
6413,90.2,55.64,24,3,True,True,DE,DE,2021-02-02,2021-02-02,2022-08-21T22:20:03,
6414,4.71,5.32,39,95,True,True,UK,JP,2023-05-23,2023-05-23,2021-02-10T00:45:43,2021-02-10T00:45:43
6415,65.84,57.41,72,109,False,True,CA,CA,2021-02-03,2021-02-03,2022-11-12T03:35:35,2022-11-12T03:35:35
6416,49.98,21.2,71,23,False,True,US,CA,2023-11-12,2023-11-12,2020-05-13T09:08:07,2020-05-13T09:08:07
6417,51.09,51.14,6,73,True,True,BR,DE,2021-10-11,2021-10-11,2020-02-05T02:15:27,
6418,49.5,61.38,24,96,True,,CA,BR,2022-12-06,2022-12-06,2022-12-04T08:43:25,2022-12-04T08:43:25
6419,19.55,66.99,15,94,False,False,DE,BR,2022-03-19,2022-03-19,2022-11-04T23:48:32,2022-11-04T23:48:32
6420,37.85,22.8,58,32,True,False,US,JP,2020-09-12,2020-09-12,2021-07-27T09:25:18,2021-07-27T09:25:18
6421,96.07,36.16,106,78,False,False,BR,CA,2020-02-27,2020-02-27,2021-01-18T20:56:03,2021-01-18T20:56:03
6422,29.93,68.44,35,52,True,True,FR,AU,2022-04-17,2022-04-17,2023-08-27T00:18:21,2023-08-27T00:18:21
6423,23.56,44.67,113,64,False,True,DE,JP,2021-06-06,2021-06-06,2023-11-01T13:44:09,2023-11-01T13:44:09
6424,80.11,18.15,117,42,False,False,UK,UK,2022-11-11,2022-11-11,2023-10-30T16:11:57,2023-10-30T16:11:57
6425,1.39,,93,96,False,True,CA,AU,2024-04-02,2024-04-02,2024-02-12T11:54:58,2024-02-12T11:54:58
6426,11.45,69.91,4,97,True,False,AU,UK,2022-11-25,2022-11-25,2022-09-15T13:05:06,
6427,1.85,62.56,27,85,True,False,US,BR,2022-03-09,2022-03-09,2021-12-12T02:56:12,2021-12-12T02:56:12
6428,54.8,41.56,82,40,False,True,US,US,2020-05-30,2020-05-30,2024-02-12T05:03:16,2024-02-12T05:03:16
6429,83.03,14.83,53,31,False,False,UK,BR,2024-11-05,2024-11-05,2020-06-21T06:47:22,2020-06-21T06:47:22
6430,0.5,,42,,False,True,AU,AU,2023-01-26,2023-01-26,2024-05-07T10:05:00,2024-05-07T10:05:00
6431,62.99,15.36,10,57,True,True,DE,,2023-05-09,2023-05-09,2024-04-16T12:01:03,2024-04-16T12:01:03
6432,27.87,54.57,25,105,False,False,FR,AU,2021-09-20,2021-09-20,2021-06-11T04:24:19,2021-06-11T04:24:19
6433,93.16,77.17,117,94,False,False,JP,JP,2020-04-30,2020-04-30,2020-10-14T15:25:34,2020-10-14T15:25:34
6434,95.13,55.49,17,112,True,False,UK,AU,2020-01-08,2020-01-08,2021-08-16T20:22:15,2021-08-16T20:22:15
6435,89.05,10.13,54,66,False,True,CA,CA,2020-07-05,2020-07-05,2021-01-21T03:23:03,2021-01-21T03:23:03
6436,90.59,83.62,53,83,True,,AU,US,2024-03-26,2024-03-26,2024-08-20T04:38:12,2024-08-20T04:38:12
6437,49.98,26.53,52,106,True,True,CA,US,2023-08-26,2023-08-26,2020-09-24T02:38:01,2020-09-24T02:38:01
6438,97.74,46.55,119,100,True,True,CA,DE,2022-02-10,2022-02-10,2023-01-28T21:43:49,
6439,55.85,,21,31,False,False,US,AU,2021-01-01,2021-01-01,2020-12-19T09:46:11,2020-12-19T09:46:11
6440,64.5,,70,61,True,False,DE,DE,2022-02-01,2022-02-01,2022-08-11T04:21:56,2022-08-11T04:21:56
6441,3.16,,10,32,True,False,US,JP,2024-12-01,2024-12-01,2022-05-17T08:34:11,2022-05-17T08:34:11
6442,49.62,4.15,54,72,True,False,FR,,2022-02-18,2022-02-18,2020-05-11T05:41:08,2020-05-11T05:41:08
6443,44.52,63.93,91,32,False,,FR,US,2023-01-11,2023-01-11,2022-10-20T15:55:52,2022-10-20T15:55:52
6444,2.07,82.36,14,74,True,False,FR,BR,2020-07-19,,2023-03-09T04:29:56,2023-03-09T04:29:56
6445,48.29,14.39,117,,False,True,FR,AU,2023-07-13,2023-07-13,2020-11-03T20:53:09,2020-11-03T20:53:09
6446,27.78,88.26,65,29,False,False,JP,JP,2020-10-07,2020-10-07,2020-10-20T07:22:39,2020-10-20T07:22:39
6447,47.87,92.84,114,38,False,True,CA,,2022-07-30,2022-07-30,2023-01-20T06:18:48,2023-01-20T06:18:48
6448,71.6,42.71,36,118,True,True,AU,CA,2022-04-16,2022-04-16,2022-08-04T10:46:26,2022-08-04T10:46:26
6449,77.07,46.66,100,105,False,True,BR,CA,2024-05-09,2024-05-09,2024-01-11T04:58:16,2024-01-11T04:58:16
6450,19.59,49.07,112,0,True,False,CA,CA,2022-11-29,2022-11-29,2020-04-01T22:48:29,2020-04-01T22:48:29
6451,31.79,62.47,38,111,False,,UK,AU,2023-10-07,2023-10-07,2021-02-15T11:17:30,2021-02-15T11:17:30
6452,87.41,82.59,78,53,False,True,BR,UK,2020-03-17,2020-03-17,2024-08-14T13:56:21,2024-08-14T13:56:21
6453,50.55,17.33,0,91,False,True,UK,BR,2021-11-15,2021-11-15,2022-03-16T10:53:18,2022-03-16T10:53:18
6454,77.75,32.24,109,31,True,False,UK,UK,2024-05-31,2024-05-31,2023-09-20T04:48:05,2023-09-20T04:48:05
6455,60.09,25.44,5,20,True,False,CA,US,2023-11-24,2023-11-24,2023-04-25T12:28:36,2023-04-25T12:28:36
6456,58.68,58.25,62,83,True,False,CA,FR,2020-11-09,2020-11-09,2021-09-28T16:10:30,2021-09-28T16:10:30
6457,63.99,57.95,116,14,False,False,JP,,2020-07-20,2020-07-20,2020-03-31T01:47:09,2020-03-31T01:47:09
6458,26.57,25.7,64,,True,False,UK,BR,2021-09-22,2021-09-22,2024-12-03T08:18:11,2024-12-03T08:18:11
6459,56.74,5.44,73,39,False,True,US,,2024-06-01,2024-06-01,2022-08-23T19:35:31,2022-08-23T19:35:31
6460,33.81,92.97,98,13,True,False,BR,AU,2020-07-18,2020-07-18,2021-03-11T19:11:24,2021-03-11T19:11:24
6461,57.21,2.37,105,,False,False,FR,,2024-12-18,2024-12-18,2021-12-30T15:02:35,2021-12-30T15:02:35
6462,32.15,50.31,34,71,False,True,AU,,2022-07-21,2022-07-21,2022-05-04T22:07:40,2022-05-04T22:07:40
6463,24.98,90.33,67,22,False,True,BR,DE,2021-03-31,2021-03-31,2021-11-27T02:18:10,2021-11-27T02:18:10
6464,53.1,39.64,22,113,False,False,DE,JP,2020-12-08,2020-12-08,2023-04-11T08:44:24,2023-04-11T08:44:24
6465,80.16,44.93,66,52,True,True,UK,UK,2021-07-11,2021-07-11,2023-12-28T14:11:56,2023-12-28T14:11:56
6466,60.72,,60,76,False,False,DE,BR,2023-07-07,2023-07-07,2024-01-25T23:43:34,2024-01-25T23:43:34
6467,2.19,79.47,78,95,False,True,AU,AU,2021-11-08,2021-11-08,2024-05-17T12:50:29,2024-05-17T12:50:29
6468,48.15,87.95,28,7,False,False,BR,UK,2022-07-18,2022-07-18,2023-04-06T03:33:12,2023-04-06T03:33:12
6469,30.75,,64,114,False,,JP,BR,2020-09-18,2020-09-18,2024-03-27T04:48:33,2024-03-27T04:48:33
6470,32.52,24.42,81,23,True,True,CA,FR,2022-12-23,2022-12-23,2023-10-29T11:46:54,2023-10-29T11:46:54
6471,1.68,12.55,92,11,False,True,FR,BR,2023-02-19,2023-02-19,2020-11-20T11:34:43,2020-11-20T11:34:43
6472,93.51,64.93,95,65,True,True,BR,AU,2023-06-16,,2022-06-09T21:13:59,2022-06-09T21:13:59
6473,82.24,55.02,32,88,False,True,AU,,2021-05-26,2021-05-26,2021-08-04T12:20:19,2021-08-04T12:20:19
6474,60.12,68.38,69,74,False,False,US,UK,2024-11-26,2024-11-26,2020-09-23T13:32:10,2020-09-23T13:32:10
6475,85.09,69.77,17,77,True,False,US,FR,2020-09-07,2020-09-07,2021-08-09T05:39:41,2021-08-09T05:39:41
6476,99.35,5.72,118,76,True,True,BR,JP,2020-10-06,2020-10-06,2023-10-01T14:05:38,2023-10-01T14:05:38
6477,43.91,76.72,89,93,True,False,UK,,2020-11-22,,2024-02-05T12:51:10,2024-02-05T12:51:10
6478,51.41,,57,63,True,False,UK,DE,2021-08-31,2021-08-31,2023-02-18T03:06:42,2023-02-18T03:06:42
6479,45.66,10.18,45,50,False,False,FR,DE,2023-06-11,2023-06-11,2024-05-01T23:33:01,2024-05-01T23:33:01
6480,35.62,,57,104,True,False,JP,US,2020-07-11,2020-07-11,2024-05-02T06:38:55,2024-05-02T06:38:55
6481,33.81,68.12,65,,False,True,JP,DE,2024-06-10,2024-06-10,2024-02-16T02:49:44,2024-02-16T02:49:44
6482,18.73,42.11,33,58,True,,BR,,2023-01-31,2023-01-31,2023-07-22T19:12:27,2023-07-22T19:12:27
6483,98.9,96.62,18,119,True,False,US,US,2022-06-17,,2021-01-28T23:19:14,2021-01-28T23:19:14
6484,17.64,,81,31,True,False,UK,DE,2023-05-14,2023-05-14,2020-04-07T10:08:08,2020-04-07T10:08:08
6485,80.93,3.77,92,114,False,True,AU,CA,2022-03-29,2022-03-29,2020-11-21T18:29:12,2020-11-21T18:29:12
6486,42.59,33.62,92,76,False,,UK,UK,2024-01-14,2024-01-14,2020-05-19T02:15:10,2020-05-19T02:15:10
6487,43.64,78.6,14,111,False,False,JP,DE,2024-09-06,2024-09-06,2022-12-27T02:47:47,2022-12-27T02:47:47
6488,68.65,0.36,64,60,True,True,UK,CA,2022-12-19,2022-12-19,2022-04-22T17:45:57,2022-04-22T17:45:57
6489,19.87,,50,40,False,False,CA,BR,2023-03-30,2023-03-30,2024-06-08T07:13:36,
6490,2.88,66.92,71,45,False,True,FR,DE,2020-12-12,,2020-11-17T14:37:28,2020-11-17T14:37:28
6491,42.72,90.2,74,32,True,True,UK,DE,2022-03-30,,2021-10-10T09:57:36,2021-10-10T09:57:36
6492,82.35,45.06,15,44,True,False,BR,FR,2022-03-01,2022-03-01,2020-05-10T20:04:13,2020-05-10T20:04:13
6493,53.46,13.44,87,100,True,False,US,US,2022-04-09,2022-04-09,2023-03-22T06:12:50,2023-03-22T06:12:50
6494,57.95,11.5,108,80,False,,FR,US,2020-04-30,2020-04-30,2024-07-28T08:02:48,2024-07-28T08:02:48
6495,41.9,62.97,83,2,False,,JP,AU,2021-03-31,2021-03-31,2020-01-19T16:38:47,2020-01-19T16:38:47
6496,13.13,,60,,False,False,JP,US,2021-08-06,2021-08-06,2024-03-18T17:05:25,2024-03-18T17:05:25
6497,96.98,80.03,0,113,True,False,FR,CA,2020-06-21,,2024-06-19T15:39:13,2024-06-19T15:39:13
6498,53.87,41.85,56,9,False,False,DE,,2024-12-07,2024-12-07,2024-09-26T21:09:45,2024-09-26T21:09:45
6499,37.39,90.73,109,75,False,True,UK,CA,2024-04-08,2024-04-08,2022-12-18T05:33:53,2022-12-18T05:33:53
6500,92.19,49.43,112,38,True,True,FR,US,2021-11-08,2021-11-08,2021-12-28T18:43:05,2021-12-28T18:43:05
6501,72.07,57.4,19,55,False,,BR,JP,2022-12-19,2022-12-19,2021-04-23T00:03:12,2021-04-23T00:03:12
6502,82.45,94.2,79,55,False,True,US,UK,2023-10-30,2023-10-30,2022-11-08T19:21:34,
6503,6.94,69.58,102,96,True,,AU,,2021-09-21,2021-09-21,2024-09-27T19:00:02,2024-09-27T19:00:02
6504,75.45,88.06,36,107,False,True,CA,BR,2024-04-24,,2023-11-17T17:27:07,2023-11-17T17:27:07
6505,72.16,43.2,118,6,False,True,DE,DE,2020-02-16,2020-02-16,2024-03-10T03:47:23,2024-03-10T03:47:23
6506,70.75,13.28,82,58,True,False,UK,UK,2024-04-11,2024-04-11,2023-04-21T10:18:30,2023-04-21T10:18:30
6507,13.59,2.29,11,,True,False,JP,AU,2023-11-29,2023-11-29,2022-01-25T01:47:58,2022-01-25T01:47:58
6508,35.85,10.74,101,56,False,True,US,AU,2022-11-07,2022-11-07,2021-09-07T20:14:36,2021-09-07T20:14:36
6509,87.97,73.94,64,115,False,True,CA,BR,2023-11-23,2023-11-23,2022-11-20T22:08:39,
6510,20.89,2.14,34,33,True,False,BR,US,2021-05-03,,2021-08-07T15:53:44,2021-08-07T15:53:44
6511,90.89,34.45,78,1,True,True,UK,JP,2020-03-15,2020-03-15,2023-12-05T21:48:46,2023-12-05T21:48:46
6512,18.45,49.74,41,44,True,,CA,JP,2024-04-17,2024-04-17,2022-02-04T22:52:41,2022-02-04T22:52:41
6513,66.37,61.49,69,,True,True,FR,BR,2024-05-06,2024-05-06,2024-11-15T03:06:59,2024-11-15T03:06:59
6514,76.97,84.96,19,16,True,False,JP,JP,2024-07-10,2024-07-10,2022-10-01T20:34:57,2022-10-01T20:34:57
6515,29.0,,102,51,False,,UK,BR,2021-01-11,2021-01-11,2023-09-08T02:27:38,2023-09-08T02:27:38
6516,4.38,32.96,42,,False,False,AU,JP,2023-09-13,2023-09-13,2020-06-01T17:10:13,2020-06-01T17:10:13
6517,79.87,37.29,15,14,True,,JP,AU,2021-10-14,2021-10-14,2021-04-05T20:23:54,2021-04-05T20:23:54
6518,9.15,65.39,5,89,True,False,US,AU,2022-11-04,2022-11-04,2024-08-10T16:47:57,2024-08-10T16:47:57
6519,73.1,14.64,79,102,False,False,AU,FR,2022-09-10,2022-09-10,2020-07-03T12:22:34,2020-07-03T12:22:34
6520,92.69,47.03,6,79,False,False,AU,UK,2021-06-26,2021-06-26,2023-12-16T02:51:49,2023-12-16T02:51:49
6521,82.64,87.52,109,20,False,,JP,DE,2022-01-17,2022-01-17,2020-07-11T10:44:50,2020-07-11T10:44:50
6522,26.12,36.37,49,98,False,False,DE,JP,2024-01-05,2024-01-05,2023-12-27T16:52:32,2023-12-27T16:52:32
6523,45.78,68.19,46,69,False,False,UK,,2024-03-20,2024-03-20,2021-07-29T01:19:50,2021-07-29T01:19:50
6524,65.9,56.38,56,90,True,True,US,DE,2024-03-24,2024-03-24,2022-12-30T23:18:16,2022-12-30T23:18:16
6525,92.95,92.15,100,96,True,False,FR,CA,2022-11-24,2022-11-24,2020-12-01T03:42:47,2020-12-01T03:42:47
6526,79.01,,57,107,False,True,CA,,2023-08-01,2023-08-01,2024-10-04T09:03:57,2024-10-04T09:03:57
6527,18.01,,114,65,True,True,JP,CA,2021-10-19,2021-10-19,2023-10-17T16:05:31,2023-10-17T16:05:31
6528,87.27,22.54,67,56,True,False,AU,,2022-04-07,2022-04-07,2023-06-04T19:45:00,2023-06-04T19:45:00
6529,55.85,75.78,64,93,True,False,DE,FR,2021-01-06,,2022-03-28T10:37:25,2022-03-28T10:37:25
6530,44.51,43.59,58,,False,False,UK,FR,2020-11-14,,2024-12-08T06:03:42,2024-12-08T06:03:42
6531,82.44,78.06,56,85,False,True,US,AU,2021-04-05,2021-04-05,2022-06-06T05:37:48,2022-06-06T05:37:48
6532,62.45,74.63,19,29,False,True,FR,BR,2023-04-28,2023-04-28,2020-06-22T20:18:16,2020-06-22T20:18:16
6533,78.23,15.86,84,54,True,True,JP,UK,2021-05-23,2021-05-23,2022-10-24T22:04:43,2022-10-24T22:04:43
6534,36.36,33.47,36,96,True,True,CA,JP,2024-06-12,2024-06-12,2023-10-16T09:44:50,2023-10-16T09:44:50
6535,1.51,34.87,27,86,True,False,AU,BR,2020-05-11,2020-05-11,2020-10-02T02:14:32,2020-10-02T02:14:32
6536,54.52,4.53,60,86,False,False,JP,CA,2021-05-24,2021-05-24,2024-11-10T13:01:14,2024-11-10T13:01:14
6537,84.76,31.36,56,109,True,,FR,DE,2020-12-17,2020-12-17,2021-07-03T08:41:22,2021-07-03T08:41:22
6538,7.38,4.79,105,0,False,False,BR,JP,2022-04-26,2022-04-26,2024-06-04T16:38:06,2024-06-04T16:38:06
6539,54.13,78.99,104,5,True,False,US,UK,2022-07-23,2022-07-23,2023-02-09T08:50:22,2023-02-09T08:50:22
6540,37.36,89.87,107,116,False,False,AU,AU,2021-05-07,2021-05-07,2020-04-25T03:06:11,2020-04-25T03:06:11
6541,33.8,,89,78,True,False,US,FR,2021-02-28,2021-02-28,2021-04-11T22:34:39,2021-04-11T22:34:39
6542,52.88,76.66,82,23,False,True,DE,FR,2024-05-31,2024-05-31,2020-06-25T15:08:36,2020-06-25T15:08:36
6543,15.18,80.83,29,44,False,False,AU,UK,2020-04-22,2020-04-22,2020-10-20T18:46:31,2020-10-20T18:46:31
6544,17.21,10.64,2,9,False,True,UK,BR,2021-03-29,2021-03-29,2024-08-26T16:35:23,2024-08-26T16:35:23
6545,66.16,51.81,66,86,True,True,AU,DE,2021-03-18,2021-03-18,2020-07-21T10:46:00,2020-07-21T10:46:00
6546,52.18,2.24,5,59,True,False,JP,AU,2021-12-21,2021-12-21,2024-02-22T03:38:25,2024-02-22T03:38:25
6547,56.27,5.78,37,26,False,False,DE,BR,2020-12-07,2020-12-07,2022-03-29T23:28:23,2022-03-29T23:28:23
6548,23.59,11.96,53,117,True,True,BR,FR,2021-02-01,2021-02-01,2024-12-20T17:22:36,2024-12-20T17:22:36
6549,34.35,99.27,23,49,True,True,BR,CA,2020-11-05,2020-11-05,2022-12-28T04:39:45,2022-12-28T04:39:45
6550,0.91,17.82,86,,True,False,US,UK,2022-02-14,2022-02-14,2024-02-27T01:18:23,2024-02-27T01:18:23
6551,63.41,78.63,110,17,False,False,AU,FR,2023-10-19,2023-10-19,2020-02-02T02:36:56,2020-02-02T02:36:56
6552,10.72,94.98,56,81,False,False,FR,DE,2023-07-25,2023-07-25,2021-08-27T23:46:49,2021-08-27T23:46:49
6553,39.52,52.28,21,112,True,False,BR,,2022-07-25,2022-07-25,2024-08-13T09:20:32,2024-08-13T09:20:32
6554,82.71,48.23,42,,False,,CA,FR,2020-08-19,2020-08-19,2022-10-28T05:24:44,2022-10-28T05:24:44
6555,98.31,40.52,93,9,True,,US,BR,2021-02-12,2021-02-12,2022-03-08T14:22:14,2022-03-08T14:22:14
6556,63.49,76.7,32,82,False,False,CA,US,2023-07-21,2023-07-21,2023-02-05T15:02:44,2023-02-05T15:02:44
6557,88.11,37.02,85,103,True,False,US,BR,2024-02-28,,2021-09-21T13:36:10,2021-09-21T13:36:10
6558,1.56,,102,100,False,True,US,US,2021-11-03,2021-11-03,2023-09-19T22:49:38,2023-09-19T22:49:38
6559,52.44,34.13,11,54,True,True,US,US,2024-03-06,2024-03-06,2024-06-05T22:53:31,2024-06-05T22:53:31
6560,64.31,,103,37,True,False,BR,UK,2023-07-13,2023-07-13,2023-08-04T03:36:16,2023-08-04T03:36:16
6561,14.07,53.77,112,12,False,False,UK,JP,2022-10-04,2022-10-04,2020-09-25T04:47:52,2020-09-25T04:47:52
6562,44.77,,94,5,False,True,BR,JP,2022-11-23,2022-11-23,2023-06-19T11:27:40,2023-06-19T11:27:40
6563,87.78,64.02,14,,True,True,FR,AU,2024-06-03,2024-06-03,2021-08-15T19:44:58,2021-08-15T19:44:58
6564,91.91,71.64,91,50,True,False,DE,CA,2020-05-25,2020-05-25,2023-01-14T19:11:11,
6565,53.54,52.64,112,76,True,True,UK,DE,2024-04-01,2024-04-01,2021-05-06T06:41:24,2021-05-06T06:41:24
6566,70.35,75.47,60,98,False,False,UK,UK,2020-01-28,,2020-12-19T18:27:34,
6567,62.89,37.7,16,55,False,False,US,AU,2021-09-23,,2024-12-09T15:57:00,2024-12-09T15:57:00
6568,3.44,,90,42,False,True,JP,US,2021-12-29,2021-12-29,2021-05-12T12:40:29,2021-05-12T12:40:29
6569,39.84,52.83,38,110,False,,FR,CA,2022-06-01,2022-06-01,2023-05-08T16:25:21,2023-05-08T16:25:21
6570,1.04,,49,48,False,True,BR,DE,2023-10-05,2023-10-05,2024-03-29T10:45:49,
6571,69.56,78.76,24,8,False,False,DE,US,2022-05-10,2022-05-10,2020-01-19T08:11:45,
6572,95.36,75.42,31,95,True,False,US,,2023-11-22,2023-11-22,2021-05-12T16:10:00,2021-05-12T16:10:00
6573,51.62,,22,100,False,False,AU,DE,2022-04-21,2022-04-21,2020-11-11T11:38:41,2020-11-11T11:38:41
6574,98.05,81.47,79,96,True,,JP,,2020-06-26,2020-06-26,2022-07-07T05:36:03,2022-07-07T05:36:03
6575,17.33,50.04,69,114,False,True,BR,DE,2022-04-06,2022-04-06,2020-08-03T16:27:50,2020-08-03T16:27:50
6576,69.95,11.63,40,36,True,True,US,,2021-09-01,2021-09-01,2024-12-22T11:39:44,2024-12-22T11:39:44
6577,6.78,12.63,11,8,True,False,CA,CA,2020-10-28,2020-10-28,2020-06-09T20:09:33,
6578,31.8,42.82,101,19,True,True,US,DE,2023-10-06,2023-10-06,2020-01-28T09:38:00,2020-01-28T09:38:00
6579,27.35,,25,90,True,False,FR,,2021-09-24,2021-09-24,2024-05-18T14:04:40,2024-05-18T14:04:40
6580,53.4,26.86,95,34,True,False,UK,,2021-02-02,2021-02-02,2024-10-10T21:46:00,2024-10-10T21:46:00
6581,36.09,91.89,87,99,False,False,BR,JP,2022-07-07,2022-07-07,2022-04-24T23:09:17,2022-04-24T23:09:17
6582,53.23,67.06,6,115,False,False,UK,FR,2021-03-02,2021-03-02,2024-12-24T04:02:56,2024-12-24T04:02:56
6583,30.59,21.97,103,45,True,False,FR,FR,2023-12-25,2023-12-25,2023-09-18T13:30:35,2023-09-18T13:30:35
6584,53.65,35.19,15,79,False,True,JP,AU,2024-08-26,2024-08-26,2023-06-01T04:06:45,2023-06-01T04:06:45
6585,59.84,8.82,2,33,False,True,DE,CA,2021-05-03,2021-05-03,2022-12-02T20:28:37,
6586,45.53,62.09,82,101,False,,US,BR,2021-10-22,2021-10-22,2023-06-12T06:11:32,2023-06-12T06:11:32
6587,80.8,3.8,113,27,True,True,CA,DE,2022-05-03,2022-05-03,2024-12-07T22:27:23,2024-12-07T22:27:23
6588,20.97,51.34,75,12,True,False,UK,UK,2020-08-02,,2024-03-06T10:15:52,2024-03-06T10:15:52
6589,68.17,46.07,33,14,False,False,CA,CA,2020-11-09,2020-11-09,2024-07-18T15:36:50,2024-07-18T15:36:50
6590,78.61,84.3,0,69,False,False,CA,DE,2023-04-28,2023-04-28,2021-10-21T21:49:06,2021-10-21T21:49:06
6591,51.74,94.07,8,25,True,True,FR,US,2022-11-07,,2021-05-20T17:21:43,2021-05-20T17:21:43
6592,23.04,24.29,71,40,True,False,BR,,2022-09-11,2022-09-11,2022-09-09T01:13:45,2022-09-09T01:13:45
6593,69.13,34.89,7,74,True,False,JP,CA,2024-08-19,2024-08-19,2024-08-19T15:06:52,2024-08-19T15:06:52
6594,88.86,39.92,4,25,False,False,BR,CA,2022-05-30,2022-05-30,2024-02-09T18:22:48,2024-02-09T18:22:48
6595,50.64,67.47,58,86,True,False,BR,,2023-07-15,2023-07-15,2021-07-11T10:33:32,2021-07-11T10:33:32
6596,41.78,69.06,43,61,True,True,CA,FR,2024-07-02,2024-07-02,2022-08-25T18:08:14,
6597,77.62,59.99,21,11,False,False,CA,,2023-11-07,2023-11-07,2022-07-06T05:52:02,2022-07-06T05:52:02
6598,6.15,,16,63,True,True,FR,BR,2024-01-22,2024-01-22,2020-02-02T15:23:13,2020-02-02T15:23:13
6599,30.6,26.33,24,52,False,True,DE,CA,2021-10-24,2021-10-24,2023-06-07T10:42:07,2023-06-07T10:42:07
6600,37.58,60.2,52,111,True,False,DE,,2020-02-04,2020-02-04,2020-01-27T13:11:15,
6601,69.09,57.81,36,4,True,True,AU,UK,2024-03-05,2024-03-05,2021-01-13T08:56:34,2021-01-13T08:56:34
6602,65.55,89.71,79,9,True,True,CA,,2023-01-26,2023-01-26,2023-04-08T14:29:45,2023-04-08T14:29:45
6603,6.9,54.24,77,,True,False,JP,US,2024-01-10,2024-01-10,2020-09-11T14:36:21,
6604,50.91,17.86,9,70,True,False,CA,CA,2023-12-05,2023-12-05,2024-08-08T15:04:12,2024-08-08T15:04:12
6605,37.94,93.58,98,90,False,True,AU,US,2024-12-20,2024-12-20,2020-01-28T06:02:19,2020-01-28T06:02:19
6606,19.25,,0,28,True,True,DE,US,2023-07-28,2023-07-28,2023-06-13T11:37:55,2023-06-13T11:37:55
6607,38.11,72.48,47,45,True,True,AU,UK,2024-05-28,2024-05-28,2022-11-28T11:05:52,2022-11-28T11:05:52
6608,96.86,63.11,115,94,False,False,CA,UK,2020-02-20,2020-02-20,2022-01-23T03:25:34,2022-01-23T03:25:34
6609,76.5,,5,28,False,False,UK,JP,2021-09-22,2021-09-22,2023-05-28T02:43:44,2023-05-28T02:43:44
6610,84.51,36.72,112,4,True,True,DE,DE,2024-05-11,2024-05-11,2022-01-19T12:11:39,2022-01-19T12:11:39
6611,83.36,20.59,101,9,True,True,AU,DE,2022-11-30,2022-11-30,2021-10-01T17:10:45,2021-10-01T17:10:45
6612,53.13,37.61,70,4,False,True,US,DE,2020-05-28,2020-05-28,2020-03-02T08:11:32,2020-03-02T08:11:32
6613,81.32,20.7,15,34,True,False,AU,UK,2020-04-12,2020-04-12,2022-08-13T07:38:35,
6614,41.77,54.97,13,73,True,True,CA,CA,2021-12-28,2021-12-28,2022-08-24T00:25:41,2022-08-24T00:25:41
6615,99.72,68.48,106,59,False,True,US,UK,2021-10-19,2021-10-19,2024-08-27T16:17:05,2024-08-27T16:17:05
6616,50.1,87.0,54,109,False,False,UK,JP,2023-11-08,2023-11-08,2023-10-06T06:33:48,2023-10-06T06:33:48
6617,19.25,9.56,109,,False,False,US,DE,2024-10-29,2024-10-29,2023-07-10T10:26:13,2023-07-10T10:26:13
6618,44.97,23.36,2,76,False,False,FR,JP,2022-11-21,2022-11-21,2020-10-22T07:27:04,2020-10-22T07:27:04
6619,83.96,,113,24,False,False,US,CA,2024-02-20,2024-02-20,2024-07-16T10:22:56,
6620,74.78,92.39,92,65,False,False,FR,UK,2020-12-14,,2024-02-21T18:21:01,2024-02-21T18:21:01
6621,6.79,,7,,False,False,JP,,2020-05-06,2020-05-06,2021-05-05T00:56:27,2021-05-05T00:56:27
6622,4.89,99.76,63,49,True,False,US,FR,2024-01-04,2024-01-04,2024-05-29T13:23:56,2024-05-29T13:23:56
6623,98.42,48.39,81,33,True,False,UK,US,2022-02-01,2022-02-01,2020-04-05T20:02:52,2020-04-05T20:02:52
6624,48.97,4.92,110,101,False,False,DE,UK,2022-06-10,,2024-02-22T07:19:48,2024-02-22T07:19:48
6625,63.34,87.57,2,100,False,False,DE,JP,2023-06-12,2023-06-12,2023-12-15T07:05:14,2023-12-15T07:05:14
6626,60.25,79.22,35,65,True,False,AU,BR,2021-09-24,2021-09-24,2023-03-13T01:19:38,2023-03-13T01:19:38
6627,78.24,,101,45,True,False,US,JP,2020-03-13,2020-03-13,2024-10-09T13:19:00,2024-10-09T13:19:00
6628,16.29,19.89,16,108,False,,CA,AU,2023-03-29,2023-03-29,2021-11-18T13:51:33,2021-11-18T13:51:33
6629,13.97,48.74,60,99,False,,BR,FR,2020-11-30,2020-11-30,2022-07-09T09:39:45,2022-07-09T09:39:45
6630,51.12,49.75,54,32,True,True,CA,,2022-01-13,2022-01-13,2022-10-05T07:24:43,2022-10-05T07:24:43
6631,24.07,53.88,21,116,True,False,DE,AU,2023-04-01,2023-04-01,2021-10-14T02:58:20,2021-10-14T02:58:20
6632,33.24,94.76,7,21,False,True,BR,,2024-07-01,2024-07-01,2022-10-13T00:29:05,2022-10-13T00:29:05
6633,8.37,12.16,53,113,False,True,FR,,2021-08-16,2021-08-16,2020-07-21T05:25:31,2020-07-21T05:25:31
6634,58.99,56.73,68,80,True,False,UK,DE,2021-10-12,2021-10-12,2022-06-24T08:03:38,2022-06-24T08:03:38
6635,34.98,48.39,79,32,True,False,BR,JP,2024-01-11,2024-01-11,2022-12-16T07:00:09,2022-12-16T07:00:09
6636,47.8,,65,116,True,False,CA,AU,2023-02-26,2023-02-26,2020-03-11T09:14:25,2020-03-11T09:14:25
6637,44.81,56.03,49,51,True,False,BR,,2021-01-27,2021-01-27,2024-05-22T20:10:55,2024-05-22T20:10:55
6638,33.72,28.63,71,101,True,False,AU,CA,2024-04-30,2024-04-30,2020-12-31T08:02:14,2020-12-31T08:02:14
6639,44.03,99.48,7,6,True,True,CA,,2024-09-21,2024-09-21,2024-09-07T15:44:28,2024-09-07T15:44:28
6640,74.18,15.7,105,83,True,True,DE,CA,2022-08-08,2022-08-08,2020-11-13T23:57:59,2020-11-13T23:57:59
6641,38.94,81.4,6,99,False,False,FR,CA,2024-07-20,2024-07-20,2023-08-30T14:50:27,
6642,72.43,76.56,66,21,False,False,FR,US,2021-12-04,2021-12-04,2023-12-24T13:25:57,
6643,74.94,25.65,15,11,False,False,CA,BR,2022-03-23,2022-03-23,2024-09-14T03:58:41,
6644,70.18,29.28,7,85,False,False,FR,,2023-07-06,2023-07-06,2021-06-28T03:11:36,2021-06-28T03:11:36
6645,51.81,80.79,15,93,False,True,FR,DE,2021-07-31,2021-07-31,2023-05-22T13:26:23,2023-05-22T13:26:23
6646,92.26,10.01,78,54,True,False,UK,US,2022-02-01,2022-02-01,2023-04-18T04:43:58,2023-04-18T04:43:58
6647,69.41,85.64,16,14,False,True,UK,BR,2020-07-14,2020-07-14,2023-05-19T00:50:26,2023-05-19T00:50:26
6648,34.34,,39,80,True,,DE,AU,2022-01-27,2022-01-27,2023-10-30T04:30:37,2023-10-30T04:30:37
6649,31.77,45.5,108,68,False,True,UK,UK,2020-09-08,2020-09-08,2023-10-21T09:42:29,2023-10-21T09:42:29
6650,30.21,26.36,32,6,False,True,AU,BR,2024-06-21,2024-06-21,2024-06-30T11:23:58,2024-06-30T11:23:58
6651,73.73,24.93,67,,True,False,DE,US,2021-08-29,2021-08-29,2022-11-15T22:59:42,2022-11-15T22:59:42
6652,9.83,96.96,60,59,False,True,US,BR,2023-06-07,2023-06-07,2021-02-28T03:43:52,2021-02-28T03:43:52
6653,54.19,9.98,89,15,True,True,UK,FR,2020-05-28,2020-05-28,2022-08-25T07:20:05,2022-08-25T07:20:05
6654,96.53,91.19,72,104,True,False,US,JP,2020-09-27,2020-09-27,2021-03-03T08:48:10,2021-03-03T08:48:10
6655,53.81,12.88,5,80,False,True,DE,AU,2024-08-21,2024-08-21,2021-03-02T13:26:35,2021-03-02T13:26:35
6656,33.38,48.68,14,50,True,True,JP,BR,2022-09-23,2022-09-23,2024-04-20T05:09:05,2024-04-20T05:09:05
6657,97.94,29.36,64,29,False,False,DE,CA,2024-07-17,2024-07-17,2021-06-28T16:25:55,2021-06-28T16:25:55
6658,40.86,31.37,1,91,False,True,CA,BR,2024-08-19,2024-08-19,2022-11-05T12:01:32,
6659,42.5,19.7,96,,False,False,UK,,2020-07-28,2020-07-28,2020-07-25T11:34:27,2020-07-25T11:34:27
6660,88.37,61.4,116,20,True,True,US,,2024-11-10,2024-11-10,2021-02-05T10:31:07,2021-02-05T10:31:07
6661,6.78,81.24,13,36,False,True,FR,AU,2020-12-14,2020-12-14,2021-11-19T09:29:07,
6662,58.86,50.04,74,62,True,True,DE,US,2024-05-07,2024-05-07,2024-02-28T07:30:24,2024-02-28T07:30:24
6663,84.85,,77,26,True,True,UK,JP,2020-10-30,2020-10-30,2023-06-22T18:37:04,2023-06-22T18:37:04
6664,32.01,52.61,92,7,False,True,UK,CA,2020-09-10,2020-09-10,2022-08-06T19:13:03,2022-08-06T19:13:03
6665,42.73,52.63,49,30,False,False,BR,DE,2024-08-26,2024-08-26,2020-12-07T18:02:49,2020-12-07T18:02:49
6666,29.22,34.05,21,56,True,True,FR,,2023-11-01,2023-11-01,2023-06-05T18:12:50,2023-06-05T18:12:50
6667,23.48,11.39,67,17,True,False,CA,CA,2024-09-22,2024-09-22,2024-09-21T18:32:39,2024-09-21T18:32:39
6668,20.5,56.37,35,108,True,,US,BR,2022-07-28,2022-07-28,2022-12-10T10:11:31,2022-12-10T10:11:31
6669,83.02,15.63,82,44,False,True,US,US,2023-03-13,2023-03-13,2021-03-04T01:05:48,2021-03-04T01:05:48
6670,86.27,13.23,102,27,False,False,FR,US,2024-06-28,2024-06-28,2022-02-20T10:43:02,2022-02-20T10:43:02
6671,25.33,80.39,92,101,False,False,DE,DE,2024-04-19,2024-04-19,2020-10-13T09:22:24,2020-10-13T09:22:24
6672,22.71,76.01,67,7,False,,AU,,2020-03-04,2020-03-04,2020-04-23T02:45:07,2020-04-23T02:45:07
6673,61.59,37.53,46,,True,,US,US,2022-05-27,2022-05-27,2021-12-16T09:31:44,2021-12-16T09:31:44
6674,26.5,51.54,68,70,True,True,BR,,2020-01-15,2020-01-15,2021-09-01T19:39:34,2021-09-01T19:39:34
6675,21.12,71.86,43,90,False,,US,US,2020-09-16,,2024-06-27T11:08:06,2024-06-27T11:08:06
6676,10.46,69.38,98,63,False,False,BR,AU,2020-12-03,2020-12-03,2020-07-17T10:33:04,2020-07-17T10:33:04
6677,30.76,95.65,100,6,False,False,CA,BR,2023-02-13,2023-02-13,2024-11-17T03:11:17,2024-11-17T03:11:17
6678,0.38,36.52,106,74,True,False,UK,BR,2021-03-23,2021-03-23,2023-12-25T11:30:36,2023-12-25T11:30:36
6679,77.67,79.4,77,113,True,,JP,AU,2022-08-29,2022-08-29,2021-03-24T08:07:06,2021-03-24T08:07:06
6680,32.26,36.04,38,56,True,True,BR,CA,2022-01-15,,2023-12-19T19:16:51,2023-12-19T19:16:51
6681,9.27,3.1,70,54,True,False,BR,FR,2021-07-22,2021-07-22,2020-07-31T06:24:48,2020-07-31T06:24:48
6682,25.36,42.94,72,55,True,False,AU,BR,2020-11-12,2020-11-12,2022-10-19T22:06:40,2022-10-19T22:06:40
6683,55.26,52.32,19,72,False,,BR,CA,2021-08-16,2021-08-16,2024-08-26T15:31:26,2024-08-26T15:31:26
6684,49.82,,9,117,True,True,FR,CA,2022-01-20,2022-01-20,2023-11-28T00:28:12,2023-11-28T00:28:12
6685,37.05,26.44,31,13,True,True,UK,BR,2022-03-04,,2022-08-02T19:22:22,
6686,43.27,82.79,107,91,True,False,BR,DE,2021-06-06,2021-06-06,2023-03-13T10:51:17,2023-03-13T10:51:17
6687,1.25,,3,,False,True,BR,FR,2023-02-10,2023-02-10,2024-08-23T07:43:08,2024-08-23T07:43:08
6688,62.05,79.82,79,38,False,True,CA,AU,2021-12-14,2021-12-14,2024-09-06T10:20:49,2024-09-06T10:20:49
6689,14.37,19.44,33,115,True,True,CA,BR,2021-03-02,2021-03-02,2024-08-01T23:52:03,2024-08-01T23:52:03
6690,52.4,11.1,104,68,True,,AU,DE,2023-05-15,2023-05-15,2023-01-10T13:30:52,
6691,24.33,91.94,42,10,True,False,CA,,2024-12-27,2024-12-27,2021-03-09T13:14:55,2021-03-09T13:14:55
6692,67.06,13.51,21,20,False,False,CA,CA,2024-06-22,2024-06-22,2023-02-16T03:45:04,2023-02-16T03:45:04
6693,13.04,,15,51,False,True,CA,BR,2022-01-18,2022-01-18,2024-01-27T17:59:53,2024-01-27T17:59:53
6694,6.36,75.34,93,57,False,False,JP,FR,2022-01-05,2022-01-05,2024-07-14T21:59:51,2024-07-14T21:59:51
6695,88.75,38.33,41,93,True,True,AU,AU,2024-02-05,2024-02-05,2020-02-25T19:31:07,
6696,46.52,6.82,34,7,False,False,UK,JP,2022-08-21,,2022-01-14T01:59:41,2022-01-14T01:59:41
6697,11.4,53.74,73,111,False,False,US,US,2021-11-26,2021-11-26,2023-10-05T18:05:27,2023-10-05T18:05:27
6698,83.57,47.83,80,,True,False,CA,DE,2021-05-03,2021-05-03,2021-09-10T12:55:22,2021-09-10T12:55:22
6699,11.16,32.69,19,91,True,,BR,CA,2022-04-22,2022-04-22,2020-11-24T11:27:22,2020-11-24T11:27:22
6700,42.36,,104,0,False,False,US,CA,2022-03-15,2022-03-15,2023-09-18T03:11:56,2023-09-18T03:11:56
6701,0.85,60.18,24,56,True,,US,JP,2022-05-12,2022-05-12,2021-12-10T19:33:55,2021-12-10T19:33:55
6702,49.46,73.21,44,56,True,True,UK,JP,2021-09-30,2021-09-30,2022-08-03T01:37:37,2022-08-03T01:37:37
6703,4.49,85.56,109,,False,False,US,CA,2021-02-28,2021-02-28,2024-11-07T22:43:40,2024-11-07T22:43:40
6704,66.42,45.14,118,84,True,False,FR,DE,2020-05-23,2020-05-23,2024-03-09T16:44:28,2024-03-09T16:44:28
6705,43.71,27.77,60,97,False,True,UK,CA,2020-03-20,2020-03-20,2021-07-12T00:31:13,2021-07-12T00:31:13
6706,83.22,51.35,91,95,False,,FR,CA,2023-04-03,2023-04-03,2023-08-03T21:43:36,2023-08-03T21:43:36
6707,21.04,41.01,4,8,True,True,BR,CA,2021-03-13,2021-03-13,2020-08-05T13:50:16,2020-08-05T13:50:16
6708,8.64,24.62,79,95,False,,FR,UK,2021-01-14,2021-01-14,2020-09-08T05:48:56,2020-09-08T05:48:56
6709,60.17,4.66,95,52,True,False,BR,DE,2020-04-15,2020-04-15,2021-10-09T04:12:21,
6710,63.48,,53,34,True,True,US,JP,2024-02-14,2024-02-14,2021-08-22T15:46:02,2021-08-22T15:46:02
6711,10.06,23.25,96,4,False,False,DE,BR,2022-06-17,2022-06-17,2020-09-25T03:00:29,
6712,53.66,96.85,41,75,False,False,BR,UK,2020-11-10,2020-11-10,2020-03-27T14:00:40,2020-03-27T14:00:40
6713,74.02,68.46,98,87,False,False,CA,US,2024-08-22,2024-08-22,2023-08-02T02:51:59,2023-08-02T02:51:59
6714,86.63,43.91,38,,True,True,JP,BR,2021-05-21,2021-05-21,2021-05-13T15:29:19,2021-05-13T15:29:19
6715,18.1,66.12,91,80,True,True,UK,DE,2020-09-06,2020-09-06,2022-12-23T20:56:14,2022-12-23T20:56:14
6716,95.02,59.5,14,110,False,False,AU,DE,2023-09-07,2023-09-07,2021-10-23T02:40:34,2021-10-23T02:40:34
6717,59.61,7.07,36,91,False,False,JP,,2021-04-02,2021-04-02,2023-05-07T06:02:16,2023-05-07T06:02:16
6718,43.38,66.0,3,106,True,False,AU,FR,2020-05-28,2020-05-28,2022-03-25T12:51:09,2022-03-25T12:51:09
6719,39.38,81.15,34,57,False,False,US,AU,2022-01-28,2022-01-28,2021-03-08T14:39:31,2021-03-08T14:39:31
6720,94.61,39.41,63,21,False,False,US,JP,2024-09-29,2024-09-29,2024-12-23T05:43:14,2024-12-23T05:43:14
6721,0.29,49.88,79,11,True,False,FR,AU,2023-05-28,2023-05-28,2022-07-07T17:33:07,2022-07-07T17:33:07
6722,39.61,7.28,79,7,True,True,UK,UK,2022-02-22,,2020-07-05T05:27:32,2020-07-05T05:27:32
6723,2.82,55.24,28,,True,True,FR,AU,2020-07-14,2020-07-14,2020-09-30T21:42:06,2020-09-30T21:42:06
6724,21.5,6.22,12,18,True,True,CA,JP,2020-08-16,2020-08-16,2024-07-09T11:45:03,2024-07-09T11:45:03
6725,2.17,14.39,26,66,False,,FR,JP,2020-07-21,2020-07-21,2024-03-17T21:58:48,2024-03-17T21:58:48
6726,2.9,,29,21,False,True,AU,CA,2022-12-08,2022-12-08,2024-07-20T04:52:44,
6727,14.7,57.5,36,64,False,False,BR,FR,2021-07-05,,2021-04-17T11:25:25,2021-04-17T11:25:25
6728,72.65,76.66,95,96,False,True,AU,FR,2023-08-19,2023-08-19,2022-01-08T07:20:36,
6729,62.78,22.86,69,,True,True,AU,BR,2023-02-26,2023-02-26,2022-06-25T00:24:15,2022-06-25T00:24:15
6730,6.93,,52,,True,,CA,BR,2023-03-24,2023-03-24,2023-05-16T02:03:30,2023-05-16T02:03:30
6731,29.18,9.85,60,96,True,False,BR,BR,2021-06-16,,2021-06-09T04:32:50,2021-06-09T04:32:50
6732,26.69,,24,84,True,True,FR,BR,2021-01-01,,2024-12-10T17:20:09,2024-12-10T17:20:09
6733,43.67,5.01,73,31,False,False,DE,AU,2021-01-25,2021-01-25,2021-07-30T22:56:56,2021-07-30T22:56:56
6734,86.69,40.27,103,59,True,False,BR,CA,2022-02-06,2022-02-06,2023-07-22T21:18:18,2023-07-22T21:18:18
6735,57.56,67.33,28,55,True,True,JP,JP,2020-05-30,2020-05-30,2023-12-26T23:15:23,2023-12-26T23:15:23
6736,95.17,28.08,37,37,True,False,AU,,2020-02-28,2020-02-28,2024-02-11T19:21:51,2024-02-11T19:21:51
6737,7.95,,102,79,True,False,FR,BR,2022-06-10,2022-06-10,2024-06-17T22:54:12,2024-06-17T22:54:12
6738,7.41,79.4,86,12,False,False,AU,JP,2024-09-20,2024-09-20,2021-03-02T15:35:50,2021-03-02T15:35:50
6739,56.17,98.44,9,82,False,True,CA,UK,2024-03-24,2024-03-24,2021-09-30T09:43:04,2021-09-30T09:43:04
6740,59.83,33.58,68,,False,False,FR,US,2021-07-03,2021-07-03,2020-05-06T04:20:37,2020-05-06T04:20:37
6741,60.05,,91,49,True,False,DE,JP,2020-03-11,2020-03-11,2024-10-08T21:54:08,2024-10-08T21:54:08
6742,64.69,19.67,52,,True,False,US,UK,2020-11-25,,2022-05-16T07:33:33,2022-05-16T07:33:33
6743,51.96,57.52,18,30,True,False,JP,DE,2023-09-05,2023-09-05,2023-08-21T18:28:51,2023-08-21T18:28:51
6744,48.82,3.08,99,113,True,False,BR,AU,2024-02-06,,2023-05-11T11:31:59,2023-05-11T11:31:59
6745,28.56,0.59,65,119,False,True,DE,FR,2024-01-06,2024-01-06,2021-03-08T20:21:08,2021-03-08T20:21:08
6746,99.16,70.3,45,,True,True,DE,AU,2022-07-20,2022-07-20,2024-11-20T11:16:12,2024-11-20T11:16:12
6747,3.71,23.06,113,76,True,True,JP,US,2024-02-26,2024-02-26,2023-03-31T15:18:14,
6748,17.35,82.71,43,1,False,True,UK,UK,2020-01-20,2020-01-20,2022-01-06T17:01:28,2022-01-06T17:01:28
6749,54.99,26.8,32,0,False,,UK,AU,2022-07-01,2022-07-01,2020-10-22T03:36:23,2020-10-22T03:36:23
6750,91.29,,70,43,True,True,JP,UK,2023-01-25,2023-01-25,2023-12-14T10:15:34,2023-12-14T10:15:34
6751,77.55,90.64,54,91,False,True,AU,DE,2022-01-17,2022-01-17,2021-02-10T17:17:19,2021-02-10T17:17:19
6752,7.17,66.51,14,57,True,False,AU,,2022-11-13,2022-11-13,2023-03-27T16:32:53,2023-03-27T16:32:53
6753,10.48,88.14,60,92,False,True,US,US,2021-01-09,,2023-11-22T21:48:29,
6754,30.12,18.93,108,88,True,False,FR,CA,2022-10-07,2022-10-07,2020-04-22T15:45:44,2020-04-22T15:45:44
6755,52.74,50.1,50,27,True,False,FR,CA,2024-03-30,2024-03-30,2024-01-02T23:35:34,2024-01-02T23:35:34
6756,93.9,11.5,61,42,False,False,FR,DE,2022-08-05,2022-08-05,2022-10-26T20:30:11,2022-10-26T20:30:11
6757,54.08,11.4,14,65,True,,FR,AU,2022-09-09,2022-09-09,2023-07-16T05:08:44,2023-07-16T05:08:44
6758,4.85,47.51,49,43,True,False,US,BR,2023-06-06,2023-06-06,2020-08-29T16:46:42,2020-08-29T16:46:42
6759,48.58,23.91,46,7,True,False,CA,CA,2020-05-20,2020-05-20,2024-04-11T10:07:01,2024-04-11T10:07:01
6760,22.44,6.12,104,48,False,True,US,FR,2023-10-16,2023-10-16,2021-09-22T00:32:11,2021-09-22T00:32:11
6761,64.31,36.09,66,24,False,True,UK,UK,2020-07-23,2020-07-23,2024-02-26T03:31:30,2024-02-26T03:31:30
6762,82.57,85.92,58,68,False,,FR,FR,2022-09-26,2022-09-26,2024-11-11T20:02:18,2024-11-11T20:02:18
6763,28.82,25.14,39,6,True,False,DE,FR,2023-05-29,2023-05-29,2023-12-13T14:20:04,2023-12-13T14:20:04
6764,41.77,5.77,38,2,False,,UK,AU,2021-06-03,2021-06-03,2023-07-16T16:19:37,2023-07-16T16:19:37
6765,13.95,71.55,82,100,False,False,CA,FR,2020-02-28,2020-02-28,2020-03-08T20:46:38,2020-03-08T20:46:38
6766,97.02,93.42,65,47,True,True,AU,JP,2020-03-23,2020-03-23,2024-02-11T12:05:04,2024-02-11T12:05:04
6767,34.43,3.26,47,56,False,,UK,UK,2023-03-03,2023-03-03,2021-01-24T19:22:50,2021-01-24T19:22:50
6768,79.62,,0,38,False,False,US,US,2020-12-16,2020-12-16,2022-04-30T20:05:18,2022-04-30T20:05:18
6769,62.71,73.6,83,31,False,True,JP,UK,2024-05-29,2024-05-29,2021-04-16T16:00:56,
6770,93.15,87.11,51,53,True,True,US,,2021-02-05,2021-02-05,2024-06-25T03:18:43,2024-06-25T03:18:43
6771,62.33,86.02,28,17,True,False,UK,BR,2022-03-21,2022-03-21,2024-07-30T19:05:24,2024-07-30T19:05:24
6772,94.26,21.08,1,12,False,False,DE,BR,2020-01-17,2020-01-17,2022-12-07T17:39:17,2022-12-07T17:39:17
6773,59.78,23.43,23,108,True,True,FR,UK,2022-03-16,2022-03-16,2023-01-30T04:44:19,2023-01-30T04:44:19
6774,88.76,38.57,98,75,True,False,JP,JP,2022-09-20,2022-09-20,2024-11-03T21:06:50,2024-11-03T21:06:50
6775,24.14,13.4,70,85,False,True,CA,UK,2020-04-30,2020-04-30,2023-05-17T23:16:28,2023-05-17T23:16:28
6776,88.89,12.9,70,52,True,False,US,US,2021-07-15,2021-07-15,2020-08-09T21:49:30,2020-08-09T21:49:30
6777,53.59,83.79,47,64,True,True,DE,DE,2020-01-25,,2020-01-30T19:35:51,2020-01-30T19:35:51
6778,85.14,79.26,73,21,True,False,JP,,2023-09-16,2023-09-16,2024-06-03T14:28:03,2024-06-03T14:28:03
6779,96.96,2.84,110,54,True,True,UK,CA,2022-02-15,2022-02-15,2024-08-25T07:23:45,2024-08-25T07:23:45
6780,29.5,83.45,106,0,True,True,US,JP,2023-06-08,2023-06-08,2022-09-30T15:00:21,2022-09-30T15:00:21
6781,22.56,85.86,44,65,True,True,FR,,2020-05-22,2020-05-22,2022-07-12T14:05:45,2022-07-12T14:05:45
6782,53.82,51.56,38,72,True,True,UK,UK,2024-08-08,2024-08-08,2023-04-07T19:02:45,2023-04-07T19:02:45
6783,55.84,2.98,22,50,True,True,AU,AU,2021-03-05,2021-03-05,2024-10-15T15:12:52,
6784,3.24,40.17,22,9,True,True,FR,BR,2024-04-15,2024-04-15,2022-02-19T04:13:55,
6785,79.57,,118,78,False,True,JP,JP,2022-08-13,2022-08-13,2024-07-03T19:33:46,2024-07-03T19:33:46
6786,24.29,12.2,118,34,False,False,JP,CA,2022-10-15,2022-10-15,2021-08-24T10:34:17,2021-08-24T10:34:17
6787,70.69,57.29,79,62,False,False,FR,US,2023-12-20,2023-12-20,2023-05-25T02:27:38,2023-05-25T02:27:38
6788,66.22,68.16,117,106,True,False,BR,AU,2021-04-30,2021-04-30,2021-07-23T13:59:55,2021-07-23T13:59:55
6789,45.38,,77,106,False,False,BR,AU,2023-07-20,2023-07-20,2021-08-15T07:31:31,2021-08-15T07:31:31
6790,87.34,57.54,111,102,True,True,JP,US,2022-05-18,2022-05-18,2022-02-04T13:57:32,2022-02-04T13:57:32
6791,84.01,88.88,43,36,False,,DE,FR,2024-08-23,2024-08-23,2021-01-29T17:05:41,2021-01-29T17:05:41
6792,61.66,84.5,23,,True,False,FR,FR,2020-12-25,2020-12-25,2023-04-21T06:16:23,2023-04-21T06:16:23
6793,19.18,92.71,23,94,True,False,AU,BR,2023-12-27,2023-12-27,2021-03-29T23:49:52,2021-03-29T23:49:52
6794,14.57,,14,59,True,True,UK,US,2020-08-14,2020-08-14,2024-03-24T19:28:30,2024-03-24T19:28:30
6795,4.0,3.36,62,31,True,False,US,DE,2022-09-12,2022-09-12,2020-05-06T17:27:03,2020-05-06T17:27:03
6796,58.45,,37,107,False,False,DE,JP,2021-11-01,2021-11-01,2020-11-23T04:09:17,2020-11-23T04:09:17
6797,88.47,29.81,12,86,True,False,DE,US,2021-06-19,2021-06-19,2021-10-02T23:09:32,2021-10-02T23:09:32
6798,25.89,49.3,14,,False,True,DE,,2021-07-19,2021-07-19,2023-09-14T11:40:23,2023-09-14T11:40:23
6799,38.77,67.59,111,5,True,False,JP,UK,2023-08-01,2023-08-01,2021-05-19T23:40:25,2021-05-19T23:40:25
6800,57.84,92.11,46,44,False,False,DE,FR,2022-02-20,2022-02-20,2023-12-09T15:50:17,2023-12-09T15:50:17
6801,58.69,16.72,39,42,True,False,FR,FR,2021-08-03,,2023-01-13T08:13:01,2023-01-13T08:13:01
6802,68.73,73.59,103,22,False,False,BR,BR,2023-10-13,2023-10-13,2021-07-03T04:57:07,2021-07-03T04:57:07
6803,44.41,9.26,65,30,False,False,CA,BR,2022-01-24,2022-01-24,2024-03-04T12:33:45,2024-03-04T12:33:45
6804,22.16,78.95,52,9,True,,US,UK,2023-04-17,2023-04-17,2022-03-13T01:33:14,2022-03-13T01:33:14
6805,25.32,30.21,13,85,True,False,BR,FR,2020-02-07,,2020-02-21T13:04:55,2020-02-21T13:04:55
6806,20.81,29.3,50,106,False,False,US,UK,2020-10-20,2020-10-20,2023-05-24T02:12:12,2023-05-24T02:12:12
6807,98.95,31.65,51,73,True,False,BR,FR,2021-03-28,2021-03-28,2020-11-27T02:43:55,2020-11-27T02:43:55
6808,30.82,33.19,10,,False,True,BR,US,2023-10-12,2023-10-12,2022-01-10T18:19:00,2022-01-10T18:19:00
6809,42.24,89.21,82,79,False,False,AU,DE,2020-10-23,2020-10-23,2024-05-30T20:24:53,2024-05-30T20:24:53
6810,52.41,32.65,84,22,False,False,UK,FR,2022-01-30,2022-01-30,2024-02-10T17:36:42,2024-02-10T17:36:42
6811,19.34,7.61,2,,False,False,UK,AU,2022-12-25,2022-12-25,2022-07-31T04:06:59,2022-07-31T04:06:59
6812,46.89,85.66,21,,False,True,JP,AU,2020-05-17,2020-05-17,2020-11-25T18:03:03,2020-11-25T18:03:03
6813,79.98,81.19,84,67,False,False,AU,DE,2021-01-14,2021-01-14,2023-05-30T02:00:04,2023-05-30T02:00:04
6814,90.99,61.04,73,35,True,,US,DE,2021-06-09,2021-06-09,2020-05-19T13:18:06,2020-05-19T13:18:06
6815,6.59,83.2,90,102,True,True,CA,DE,2021-11-09,2021-11-09,2024-05-23T10:05:45,
6816,64.98,,59,6,True,True,AU,DE,2021-01-08,2021-01-08,2022-08-14T03:44:29,2022-08-14T03:44:29
6817,69.5,93.43,65,103,False,True,JP,JP,2021-06-19,2021-06-19,2021-11-04T23:48:40,
6818,5.67,97.57,7,72,True,True,FR,UK,2021-09-16,,2020-04-07T03:26:04,2020-04-07T03:26:04
6819,64.14,97.02,82,107,True,True,FR,CA,2022-01-17,2022-01-17,2023-07-01T23:57:33,
6820,2.34,67.64,23,52,True,False,DE,AU,2021-05-27,2021-05-27,2020-02-13T16:14:52,2020-02-13T16:14:52
6821,81.33,69.63,105,15,True,True,DE,US,2021-09-07,2021-09-07,2021-11-04T15:23:40,2021-11-04T15:23:40
6822,53.43,69.59,19,26,True,True,BR,,2021-03-23,2021-03-23,2020-08-01T16:28:57,2020-08-01T16:28:57
6823,9.74,26.02,91,,False,,US,JP,2024-07-02,2024-07-02,2022-12-10T03:42:14,2022-12-10T03:42:14
6824,60.33,80.53,70,15,False,False,AU,UK,2023-09-27,2023-09-27,2024-07-25T20:28:37,2024-07-25T20:28:37
6825,54.63,20.73,8,84,True,True,AU,US,2020-03-04,2020-03-04,2020-03-01T16:00:46,
6826,51.72,42.95,98,75,True,,CA,CA,2020-06-21,2020-06-21,2023-02-28T04:37:44,2023-02-28T04:37:44
6827,68.33,44.12,109,102,False,True,CA,,2021-05-29,2021-05-29,2023-03-26T02:04:28,2023-03-26T02:04:28
6828,32.38,81.45,57,1,True,False,CA,CA,2024-12-29,2024-12-29,2023-01-11T07:26:35,2023-01-11T07:26:35
6829,42.62,12.67,29,61,True,True,CA,CA,2022-05-11,2022-05-11,2022-11-30T00:38:09,2022-11-30T00:38:09
6830,82.31,87.95,109,21,True,True,JP,FR,2020-10-19,2020-10-19,2022-06-30T17:43:24,2022-06-30T17:43:24
6831,6.48,63.26,6,39,False,True,UK,US,2020-02-06,2020-02-06,2022-08-10T15:25:25,2022-08-10T15:25:25
6832,83.36,39.96,67,92,True,True,CA,CA,2022-08-03,2022-08-03,2021-06-09T16:35:16,2021-06-09T16:35:16
6833,44.07,60.15,14,96,True,False,AU,CA,2023-09-06,2023-09-06,2024-05-10T13:48:17,2024-05-10T13:48:17
6834,13.1,4.72,70,118,False,True,JP,DE,2024-10-12,,2024-08-25T16:40:01,2024-08-25T16:40:01
6835,60.87,,95,53,True,False,BR,,2022-03-02,2022-03-02,2020-05-26T15:06:19,2020-05-26T15:06:19
6836,28.86,75.93,96,119,False,False,AU,CA,2020-03-03,2020-03-03,2022-09-11T17:51:01,2022-09-11T17:51:01
6837,80.54,69.6,94,43,True,True,CA,JP,2020-07-02,2020-07-02,2023-05-14T23:24:44,2023-05-14T23:24:44
6838,57.71,54.96,89,30,True,True,US,FR,2022-07-18,2022-07-18,2022-09-22T05:17:36,2022-09-22T05:17:36
6839,83.34,77.06,105,118,True,True,DE,,2021-06-27,2021-06-27,2023-03-24T09:36:12,2023-03-24T09:36:12
6840,80.96,77.52,90,,True,True,BR,CA,2024-02-27,2024-02-27,2024-12-11T00:25:34,2024-12-11T00:25:34
6841,95.51,,14,82,False,False,JP,FR,2021-06-14,2021-06-14,2021-06-30T10:01:19,2021-06-30T10:01:19
6842,66.59,17.7,91,,True,False,FR,UK,2022-11-14,2022-11-14,2020-07-17T01:28:39,2020-07-17T01:28:39
6843,79.51,4.09,13,70,False,True,BR,,2022-03-07,2022-03-07,2020-04-15T05:37:34,2020-04-15T05:37:34
6844,75.61,26.32,51,30,True,False,JP,CA,2021-02-23,2021-02-23,2024-02-24T09:39:41,2024-02-24T09:39:41
6845,59.59,7.22,81,9,False,False,US,,2024-08-16,2024-08-16,2022-08-20T06:02:27,2022-08-20T06:02:27
6846,64.0,58.15,98,0,False,True,UK,JP,2021-01-06,2021-01-06,2021-05-28T16:25:36,2021-05-28T16:25:36
6847,79.84,51.7,2,,False,True,AU,AU,2020-12-26,2020-12-26,2022-11-23T00:27:07,2022-11-23T00:27:07
6848,60.16,61.83,97,8,True,False,FR,AU,2024-01-29,2024-01-29,2023-10-09T05:01:46,2023-10-09T05:01:46
6849,45.23,34.03,55,13,False,False,US,AU,2021-05-08,2021-05-08,2021-12-13T06:39:16,2021-12-13T06:39:16
6850,33.35,89.39,82,106,False,,US,CA,2021-07-28,2021-07-28,2021-09-14T17:15:31,2021-09-14T17:15:31
6851,32.91,31.07,85,41,True,False,AU,CA,2023-01-29,2023-01-29,2024-03-19T18:17:22,2024-03-19T18:17:22
6852,72.93,,105,112,True,,DE,JP,2020-04-20,2020-04-20,2020-05-15T20:04:06,2020-05-15T20:04:06
6853,9.16,59.09,44,85,True,True,CA,CA,2024-11-27,2024-11-27,2023-01-28T08:46:32,2023-01-28T08:46:32
6854,83.67,14.18,19,95,False,False,UK,US,2022-01-23,2022-01-23,2023-11-05T08:44:28,2023-11-05T08:44:28
6855,73.47,29.82,43,108,False,True,FR,AU,2022-01-07,2022-01-07,2022-06-16T07:06:11,2022-06-16T07:06:11
6856,80.12,69.19,117,4,True,True,US,FR,2024-12-11,,2024-02-12T13:37:15,2024-02-12T13:37:15
6857,61.23,99.71,2,26,False,False,AU,AU,2024-10-02,,2021-05-23T04:06:59,2021-05-23T04:06:59
6858,62.98,14.23,94,19,True,True,US,UK,2022-12-26,,2020-11-21T06:37:38,2020-11-21T06:37:38
6859,70.3,94.34,8,13,False,True,UK,BR,2023-05-12,2023-05-12,2021-10-05T12:37:42,2021-10-05T12:37:42
6860,72.45,45.54,102,97,False,False,DE,US,2024-12-23,2024-12-23,2024-10-20T17:15:35,2024-10-20T17:15:35
6861,83.52,7.79,77,93,False,False,DE,UK,2022-11-11,2022-11-11,2020-08-16T12:50:54,2020-08-16T12:50:54
6862,57.41,26.01,47,6,False,False,AU,UK,2021-09-23,2021-09-23,2022-12-26T12:54:40,2022-12-26T12:54:40
6863,40.49,20.88,52,94,True,True,UK,UK,2020-05-19,2020-05-19,2020-02-07T20:26:55,2020-02-07T20:26:55
6864,26.22,,18,46,True,False,FR,CA,2020-01-23,2020-01-23,2021-11-05T15:40:49,2021-11-05T15:40:49
6865,99.52,33.54,65,21,True,True,FR,JP,2022-11-24,2022-11-24,2021-11-25T13:33:10,2021-11-25T13:33:10
6866,9.3,75.66,119,84,False,True,AU,UK,2022-08-13,2022-08-13,2022-07-29T04:49:40,2022-07-29T04:49:40
6867,98.91,84.56,105,116,True,False,US,BR,2021-10-27,2021-10-27,2024-04-20T06:08:48,2024-04-20T06:08:48
6868,24.21,85.26,97,70,True,True,CA,US,2020-11-01,2020-11-01,2021-04-14T07:00:22,
6869,76.8,90.37,115,104,False,,UK,BR,2024-10-03,2024-10-03,2023-10-24T12:01:46,2023-10-24T12:01:46
6870,20.51,84.25,22,80,False,True,BR,JP,2021-07-27,2021-07-27,2024-06-29T19:49:11,2024-06-29T19:49:11
6871,86.73,97.33,117,93,True,False,FR,DE,2024-08-12,2024-08-12,2023-04-07T06:53:29,2023-04-07T06:53:29
6872,24.53,48.3,37,37,False,False,FR,AU,2020-07-15,2020-07-15,2023-10-09T07:00:40,2023-10-09T07:00:40
6873,93.32,96.4,67,63,True,True,JP,CA,2022-09-27,2022-09-27,2022-06-05T13:03:29,2022-06-05T13:03:29
6874,90.5,47.27,22,94,True,False,CA,AU,2021-08-02,,2021-11-06T21:41:28,2021-11-06T21:41:28
6875,76.65,55.16,73,84,False,,UK,FR,2020-07-14,2020-07-14,2023-05-20T19:06:08,2023-05-20T19:06:08
6876,64.7,5.28,25,12,True,True,CA,CA,2023-06-08,2023-06-08,2022-08-24T02:05:41,2022-08-24T02:05:41
6877,13.61,14.5,27,64,False,True,US,FR,2024-12-16,2024-12-16,2021-03-20T21:23:43,
6878,7.98,82.1,50,76,True,True,BR,FR,2023-09-29,2023-09-29,2023-03-11T23:36:35,2023-03-11T23:36:35
6879,27.35,48.82,28,48,False,True,CA,US,2022-10-29,2022-10-29,2021-01-07T12:26:11,2021-01-07T12:26:11
6880,20.28,97.55,57,111,False,True,FR,AU,2020-02-09,2020-02-09,2023-03-12T18:48:38,2023-03-12T18:48:38
6881,1.85,60.02,106,25,True,False,BR,CA,2022-09-12,2022-09-12,2024-03-10T08:31:39,2024-03-10T08:31:39
6882,17.35,88.06,46,109,True,False,DE,US,2022-05-16,2022-05-16,2022-08-28T16:20:12,2022-08-28T16:20:12
6883,70.7,,69,63,False,False,UK,DE,2020-02-23,2020-02-23,2023-02-04T20:24:32,
6884,10.68,,49,34,True,False,US,FR,2024-11-13,2024-11-13,2021-05-19T09:54:38,2021-05-19T09:54:38
6885,16.47,43.7,84,109,True,True,AU,CA,2020-01-16,2020-01-16,2021-04-18T13:48:56,2021-04-18T13:48:56
6886,38.32,64.01,89,0,False,True,FR,CA,2023-02-12,2023-02-12,2024-07-19T21:58:14,2024-07-19T21:58:14
6887,6.21,89.18,66,60,True,True,AU,BR,2021-12-28,2021-12-28,2021-04-22T04:49:13,2021-04-22T04:49:13
6888,74.07,59.29,78,27,False,,BR,DE,2022-04-09,2022-04-09,2020-11-24T10:17:06,2020-11-24T10:17:06
6889,70.17,31.53,86,21,False,True,US,JP,2021-11-11,,2022-04-14T14:14:48,2022-04-14T14:14:48
6890,52.26,33.24,96,2,False,False,CA,JP,2021-06-01,2021-06-01,2022-07-27T12:47:40,2022-07-27T12:47:40
6891,73.63,87.99,2,56,False,,BR,BR,2022-08-09,2022-08-09,2023-02-09T12:21:09,
6892,45.34,38.12,20,50,True,True,CA,,2020-04-30,2020-04-30,2020-05-27T18:29:04,2020-05-27T18:29:04
6893,84.28,87.66,46,46,True,False,BR,JP,2022-09-17,2022-09-17,2024-01-24T09:10:14,2024-01-24T09:10:14
6894,40.81,87.26,75,93,False,True,AU,US,2024-08-21,2024-08-21,2024-08-05T21:32:43,2024-08-05T21:32:43
6895,23.8,49.82,116,,True,False,JP,CA,2020-06-25,2020-06-25,2022-11-17T22:27:15,2022-11-17T22:27:15
6896,48.18,11.69,20,,True,False,AU,FR,2021-06-12,2021-06-12,2023-10-25T01:21:26,
6897,60.31,93.98,100,,False,True,CA,AU,2023-06-12,2023-06-12,2024-02-06T12:54:36,2024-02-06T12:54:36
6898,30.58,,2,84,False,True,CA,,2021-03-15,2021-03-15,2020-11-10T06:25:34,2020-11-10T06:25:34
6899,44.47,93.48,61,60,True,True,CA,BR,2021-01-31,2021-01-31,2021-02-17T04:41:43,2021-02-17T04:41:43
6900,13.87,93.17,68,,True,False,DE,CA,2020-01-23,2020-01-23,2020-08-17T19:51:42,2020-08-17T19:51:42
6901,48.98,44.1,41,71,True,False,FR,UK,2021-05-31,2021-05-31,2024-11-26T00:33:37,2024-11-26T00:33:37
6902,83.63,60.06,32,,False,True,BR,CA,2024-12-16,2024-12-16,2023-11-05T09:44:07,2023-11-05T09:44:07
6903,72.58,27.84,80,27,True,True,CA,DE,2021-11-26,2021-11-26,2021-02-26T14:42:17,2021-02-26T14:42:17
6904,98.89,8.45,117,32,False,True,UK,AU,2022-08-08,2022-08-08,2023-09-20T08:05:12,2023-09-20T08:05:12
6905,68.35,,100,43,False,True,UK,UK,2021-06-03,2021-06-03,2023-11-22T20:41:12,2023-11-22T20:41:12
6906,44.15,99.83,65,56,False,False,FR,US,2022-07-25,2022-07-25,2021-04-14T10:51:27,2021-04-14T10:51:27
6907,35.02,83.83,76,74,True,False,UK,DE,2024-04-27,2024-04-27,2021-08-14T06:08:12,2021-08-14T06:08:12
6908,43.92,69.43,18,20,False,True,CA,FR,2021-05-27,2021-05-27,2020-01-03T14:16:17,2020-01-03T14:16:17
6909,92.51,68.9,51,95,False,True,DE,DE,2020-05-25,,2024-06-28T00:21:12,2024-06-28T00:21:12
6910,78.18,47.13,109,119,False,False,BR,DE,2020-10-07,2020-10-07,2024-02-10T06:14:15,2024-02-10T06:14:15
6911,64.8,4.39,28,16,False,True,FR,BR,2022-12-18,2022-12-18,2023-04-10T19:54:39,2023-04-10T19:54:39
6912,97.08,17.84,103,50,True,True,AU,FR,2024-12-28,2024-12-28,2022-01-11T12:21:54,2022-01-11T12:21:54
6913,67.4,9.66,14,67,False,True,JP,UK,2021-05-09,2021-05-09,2021-07-17T12:33:47,2021-07-17T12:33:47
6914,63.17,9.7,90,117,True,False,AU,US,2024-12-05,2024-12-05,2020-06-21T01:54:55,2020-06-21T01:54:55
6915,25.77,,79,,True,False,CA,CA,2021-10-22,2021-10-22,2020-09-06T11:05:24,2020-09-06T11:05:24
6916,76.91,63.85,99,111,False,True,US,US,2020-01-09,2020-01-09,2023-01-24T13:24:45,2023-01-24T13:24:45
6917,22.48,74.78,85,103,False,True,JP,FR,2020-04-02,2020-04-02,2022-04-06T16:01:13,2022-04-06T16:01:13
6918,64.57,53.44,25,5,True,True,BR,AU,2023-04-07,2023-04-07,2024-01-28T08:14:37,2024-01-28T08:14:37
6919,11.57,53.69,23,11,True,False,DE,FR,2021-11-09,2021-11-09,2021-09-18T07:08:37,2021-09-18T07:08:37
6920,60.19,51.73,77,,False,True,CA,UK,2020-11-26,2020-11-26,2020-11-12T19:28:50,2020-11-12T19:28:50
6921,78.41,72.54,30,59,False,True,DE,US,2020-12-13,2020-12-13,2022-06-01T02:45:24,2022-06-01T02:45:24
6922,42.68,36.75,85,50,False,False,FR,FR,2023-01-21,2023-01-21,2024-11-30T00:12:18,2024-11-30T00:12:18
6923,14.01,92.56,22,101,False,False,JP,DE,2022-06-09,2022-06-09,2023-02-21T17:33:02,2023-02-21T17:33:02
6924,78.87,59.31,100,91,True,True,UK,US,2023-11-13,2023-11-13,2023-11-09T21:39:23,2023-11-09T21:39:23
6925,98.8,,90,37,True,False,US,US,2023-07-10,2023-07-10,2021-11-14T22:07:46,2021-11-14T22:07:46
6926,9.93,9.37,65,,True,True,JP,FR,2021-10-11,2021-10-11,2023-09-06T19:02:36,2023-09-06T19:02:36
6927,56.92,27.23,73,10,False,False,US,US,2024-06-25,2024-06-25,2024-12-24T04:29:47,2024-12-24T04:29:47
6928,78.49,,43,13,True,True,FR,AU,2021-05-11,2021-05-11,2024-07-02T12:09:13,2024-07-02T12:09:13
6929,80.02,4.87,14,51,False,False,FR,JP,2024-02-09,,2021-03-10T02:24:09,2021-03-10T02:24:09
6930,45.59,88.8,86,,False,False,US,DE,2021-09-16,2021-09-16,2020-02-14T23:16:02,2020-02-14T23:16:02
6931,77.03,,93,,True,True,US,US,2020-12-03,2020-12-03,2023-03-27T09:00:03,2023-03-27T09:00:03
6932,77.97,67.96,89,21,False,False,US,AU,2023-08-27,2023-08-27,2020-01-17T09:50:24,2020-01-17T09:50:24
6933,65.31,7.0,49,110,True,True,BR,UK,2024-11-14,2024-11-14,2022-12-30T09:47:10,2022-12-30T09:47:10
6934,7.55,38.04,36,38,True,,JP,UK,2020-01-07,2020-01-07,2023-12-30T09:37:06,2023-12-30T09:37:06
6935,74.23,51.0,55,39,False,False,AU,AU,2024-12-03,,2020-08-08T07:54:43,2020-08-08T07:54:43
6936,74.28,68.63,105,54,True,True,CA,FR,2021-02-04,2021-02-04,2024-03-03T16:41:12,2024-03-03T16:41:12
6937,83.52,63.26,94,34,True,True,UK,,2020-09-05,,2022-04-13T21:23:43,2022-04-13T21:23:43
6938,55.16,77.23,116,27,False,True,DE,BR,2022-07-22,2022-07-22,2024-10-05T03:18:32,2024-10-05T03:18:32
6939,53.48,26.8,77,102,True,False,BR,CA,2022-05-14,2022-05-14,2024-03-28T18:07:25,2024-03-28T18:07:25
6940,51.84,4.42,108,67,False,False,CA,DE,2022-07-29,2022-07-29,2021-02-16T16:09:38,2021-02-16T16:09:38
6941,78.76,,10,102,False,False,DE,UK,2022-08-25,2022-08-25,2021-11-18T07:52:55,2021-11-18T07:52:55
6942,96.25,30.98,63,13,False,True,BR,JP,2023-12-13,2023-12-13,2023-07-19T08:56:58,2023-07-19T08:56:58
6943,30.8,8.56,7,20,False,True,CA,FR,2021-08-05,2021-08-05,2024-06-19T06:45:13,2024-06-19T06:45:13
6944,56.5,37.32,88,112,True,False,DE,FR,2021-10-18,2021-10-18,2024-05-25T04:26:18,2024-05-25T04:26:18
6945,30.58,37.45,102,0,False,False,JP,FR,2021-11-27,2021-11-27,2020-08-16T22:40:43,2020-08-16T22:40:43
6946,50.24,,94,39,True,True,JP,JP,2023-06-02,2023-06-02,2023-05-08T23:52:57,2023-05-08T23:52:57
6947,43.35,86.5,65,12,False,True,US,BR,2020-03-30,2020-03-30,2024-04-30T12:30:26,2024-04-30T12:30:26
6948,79.25,13.09,74,31,False,True,BR,FR,2022-09-30,2022-09-30,2024-03-26T12:04:01,2024-03-26T12:04:01
6949,31.38,98.63,115,113,False,False,UK,AU,2022-10-19,2022-10-19,2022-08-02T04:35:46,2022-08-02T04:35:46
6950,69.47,81.02,119,84,False,False,JP,US,2024-09-14,,2023-12-24T18:16:57,2023-12-24T18:16:57
6951,58.6,41.91,72,83,True,True,DE,DE,2022-04-27,2022-04-27,2024-04-02T17:15:02,2024-04-02T17:15:02
6952,83.54,95.49,98,0,False,True,JP,US,2024-04-14,2024-04-14,2023-03-11T14:59:40,2023-03-11T14:59:40
6953,28.36,27.21,27,115,False,True,UK,AU,2024-04-13,2024-04-13,2022-10-06T02:07:10,2022-10-06T02:07:10
6954,43.34,58.46,66,96,True,False,UK,BR,2023-05-11,2023-05-11,2024-11-16T07:32:28,2024-11-16T07:32:28
6955,54.7,40.91,42,68,False,True,FR,,2024-09-06,2024-09-06,2024-08-14T10:59:56,2024-08-14T10:59:56
6956,3.97,25.84,116,13,True,,BR,JP,2020-03-11,2020-03-11,2020-07-06T15:14:34,2020-07-06T15:14:34
6957,90.35,97.36,30,101,False,False,CA,US,2022-04-28,2022-04-28,2020-07-29T18:44:54,2020-07-29T18:44:54
6958,63.5,53.91,49,40,True,False,FR,AU,2020-03-17,2020-03-17,2024-12-12T23:58:48,
6959,15.17,48.43,117,118,True,False,UK,BR,2022-05-14,2022-05-14,2021-04-02T23:47:39,2021-04-02T23:47:39
6960,37.51,67.6,68,76,False,,UK,DE,2024-10-18,2024-10-18,2021-12-17T15:36:28,2021-12-17T15:36:28
6961,76.38,77.31,108,109,False,,DE,FR,2022-03-11,2022-03-11,2021-10-23T17:04:20,2021-10-23T17:04:20
6962,67.39,61.29,30,63,True,True,DE,US,2023-10-10,2023-10-10,2023-08-13T13:30:07,
6963,97.09,72.31,23,74,True,,JP,AU,2020-03-09,2020-03-09,2022-12-11T15:21:23,2022-12-11T15:21:23
6964,17.72,82.77,77,,False,False,US,JP,2023-01-10,2023-01-10,2023-08-25T08:29:41,2023-08-25T08:29:41
6965,6.63,82.29,79,35,True,False,FR,BR,2022-08-20,2022-08-20,2021-12-25T20:53:15,2021-12-25T20:53:15
6966,90.08,73.73,107,71,True,True,DE,DE,2020-03-28,2020-03-28,2024-03-12T14:46:46,2024-03-12T14:46:46
6967,20.45,79.6,100,60,False,True,BR,US,2024-12-29,,2021-03-02T14:55:15,2021-03-02T14:55:15
6968,36.67,,38,,True,True,JP,JP,2024-10-09,,2024-07-17T20:59:33,2024-07-17T20:59:33
6969,21.07,96.11,42,70,False,False,BR,JP,2022-12-21,2022-12-21,2021-02-15T13:50:48,2021-02-15T13:50:48
6970,41.14,25.68,109,64,False,True,AU,,2021-10-15,2021-10-15,2024-04-02T02:28:20,2024-04-02T02:28:20
6971,24.91,9.82,7,47,True,False,UK,,2022-07-16,2022-07-16,2021-12-19T13:36:51,2021-12-19T13:36:51
6972,58.1,75.2,7,70,True,False,DE,CA,2022-08-12,2022-08-12,2024-07-07T05:31:29,2024-07-07T05:31:29
6973,56.69,13.67,26,29,False,True,UK,US,2022-07-20,2022-07-20,2023-02-02T00:08:50,2023-02-02T00:08:50
6974,18.38,53.84,62,48,False,True,BR,UK,2022-03-04,2022-03-04,2024-06-05T06:43:40,2024-06-05T06:43:40
6975,56.41,21.6,109,102,True,True,BR,CA,2024-02-01,,2024-08-21T17:15:52,2024-08-21T17:15:52
6976,33.27,5.83,80,26,False,True,BR,CA,2024-01-25,2024-01-25,2021-03-05T21:46:01,2021-03-05T21:46:01
6977,8.07,70.39,90,77,True,True,DE,AU,2021-06-22,,2021-07-01T11:22:19,2021-07-01T11:22:19
6978,21.34,95.44,65,89,False,True,BR,UK,2023-08-11,2023-08-11,2023-03-21T10:32:12,2023-03-21T10:32:12
6979,35.21,71.62,57,51,False,True,CA,CA,2020-04-30,2020-04-30,2020-03-20T15:42:29,2020-03-20T15:42:29
6980,25.23,72.91,119,54,True,True,US,US,2020-11-04,2020-11-04,2020-12-31T04:46:12,2020-12-31T04:46:12
6981,75.72,31.29,16,6,True,,JP,AU,2023-12-15,2023-12-15,2023-03-07T07:31:31,2023-03-07T07:31:31
6982,68.1,91.25,115,,False,True,US,FR,2022-04-18,2022-04-18,2020-06-18T01:49:27,2020-06-18T01:49:27
6983,77.3,97.6,57,106,True,,DE,BR,2022-03-17,2022-03-17,2023-08-30T09:29:47,2023-08-30T09:29:47
6984,2.62,9.04,71,106,True,False,UK,DE,2020-05-06,2020-05-06,2021-11-12T02:54:54,2021-11-12T02:54:54
6985,16.71,47.31,82,,False,True,UK,UK,2023-03-23,,2023-11-14T18:55:17,2023-11-14T18:55:17
6986,32.85,22.3,96,59,False,False,UK,US,2023-05-30,2023-05-30,2021-07-22T18:48:41,2021-07-22T18:48:41
6987,13.6,69.06,60,,False,False,US,JP,2024-07-15,2024-07-15,2021-04-12T21:44:36,2021-04-12T21:44:36
6988,57.1,86.69,108,77,False,False,BR,FR,2021-10-30,2021-10-30,2020-07-05T01:05:12,2020-07-05T01:05:12
6989,63.06,95.88,106,28,True,False,US,DE,2021-06-08,2021-06-08,2022-07-25T08:44:42,2022-07-25T08:44:42
6990,95.33,30.31,91,83,True,True,AU,UK,2020-12-07,2020-12-07,2021-03-19T06:59:55,2021-03-19T06:59:55
6991,94.53,62.68,47,40,False,False,BR,,2022-06-14,2022-06-14,2021-10-11T02:31:36,2021-10-11T02:31:36
6992,73.27,,39,38,False,True,FR,JP,2022-06-06,2022-06-06,2020-09-06T00:51:51,2020-09-06T00:51:51
6993,8.59,15.4,30,0,True,False,JP,AU,2024-02-13,,2020-08-11T12:01:00,2020-08-11T12:01:00
6994,5.04,,118,93,True,False,BR,AU,2022-04-21,2022-04-21,2023-04-18T20:29:04,2023-04-18T20:29:04
6995,84.91,34.2,119,,False,False,AU,UK,2021-05-15,2021-05-15,2023-04-30T07:00:38,2023-04-30T07:00:38
6996,96.76,85.21,30,102,True,True,DE,JP,2024-06-14,,2022-01-28T13:10:38,2022-01-28T13:10:38
6997,93.37,76.3,34,37,False,,FR,FR,2021-04-23,2021-04-23,2023-08-06T06:00:13,2023-08-06T06:00:13
6998,66.12,58.53,96,11,False,True,UK,JP,2022-09-22,2022-09-22,2022-07-07T10:44:47,2022-07-07T10:44:47
6999,58.05,86.44,39,67,True,True,DE,FR,2023-03-11,2023-03-11,2021-12-27T14:14:57,2021-12-27T14:14:57
7000,91.72,8.48,92,52,True,,FR,US,2020-03-11,2020-03-11,2020-11-18T13:19:08,2020-11-18T13:19:08
7001,53.65,69.29,11,14,False,,US,,2023-09-28,,2023-03-30T20:13:07,2023-03-30T20:13:07
7002,8.34,18.19,42,119,False,True,FR,DE,2022-01-16,2022-01-16,2024-04-14T18:47:14,
7003,64.36,93.27,78,36,True,True,BR,JP,2023-05-22,2023-05-22,2023-01-06T18:19:21,2023-01-06T18:19:21
7004,28.81,,26,89,False,False,US,AU,2024-11-30,2024-11-30,2023-10-11T07:13:31,2023-10-11T07:13:31
7005,44.81,67.53,5,3,True,False,US,UK,2021-04-21,2021-04-21,2023-10-03T11:47:50,2023-10-03T11:47:50
7006,34.05,38.71,29,103,True,False,CA,JP,2023-09-27,2023-09-27,2020-05-10T00:04:41,2020-05-10T00:04:41
7007,47.0,47.34,68,97,True,True,AU,US,2020-05-12,2020-05-12,2020-06-22T01:07:06,2020-06-22T01:07:06
7008,40.5,,4,112,False,,AU,JP,2023-02-23,2023-02-23,2021-01-24T14:47:58,2021-01-24T14:47:58
7009,48.28,55.95,55,75,True,,US,DE,2021-02-04,2021-02-04,2020-02-06T01:37:52,2020-02-06T01:37:52
7010,47.28,69.33,119,28,True,True,DE,FR,2020-03-12,2020-03-12,2020-01-01T23:11:22,2020-01-01T23:11:22
7011,44.03,82.73,51,109,False,False,JP,DE,2023-04-18,2023-04-18,2020-09-14T19:48:14,2020-09-14T19:48:14
7012,96.14,8.1,57,75,False,True,FR,AU,2020-10-18,2020-10-18,2024-09-25T16:55:30,2024-09-25T16:55:30
7013,36.07,89.86,42,,True,False,UK,JP,2021-01-27,2021-01-27,2023-03-27T09:18:25,2023-03-27T09:18:25
7014,79.01,38.47,52,11,True,True,DE,DE,2024-01-08,2024-01-08,2024-11-24T02:08:05,2024-11-24T02:08:05
7015,63.48,87.26,115,19,True,True,DE,AU,2021-10-24,2021-10-24,2020-12-03T13:08:01,2020-12-03T13:08:01
7016,35.0,59.0,45,61,True,False,CA,CA,2022-12-02,2022-12-02,2024-10-09T04:52:30,2024-10-09T04:52:30
7017,65.44,54.15,65,20,False,False,AU,JP,2022-03-29,,2024-01-05T06:01:16,2024-01-05T06:01:16
7018,35.98,58.43,100,45,False,False,UK,UK,2021-09-15,2021-09-15,2021-07-22T01:07:35,
7019,97.06,,82,91,False,True,AU,,2024-02-19,2024-02-19,2024-10-03T11:32:57,2024-10-03T11:32:57
7020,98.62,88.96,57,119,False,True,US,JP,2021-05-22,2021-05-22,2021-04-16T09:43:31,
7021,89.74,55.75,38,112,True,True,DE,AU,2023-12-19,2023-12-19,2022-08-11T11:14:18,2022-08-11T11:14:18
7022,76.98,33.8,81,73,True,False,US,FR,2023-03-10,,2022-10-21T17:18:22,
7023,14.38,26.81,78,72,True,True,DE,CA,2023-12-22,2023-12-22,2024-02-08T02:54:31,2024-02-08T02:54:31
7024,92.92,95.63,73,30,False,True,AU,UK,2020-01-04,2020-01-04,2022-01-01T14:22:46,2022-01-01T14:22:46
7025,52.64,76.98,107,10,False,True,US,US,2020-06-22,2020-06-22,2020-07-10T19:39:10,2020-07-10T19:39:10
7026,63.13,63.4,110,59,False,True,US,AU,2023-03-10,2023-03-10,2021-05-08T21:02:08,2021-05-08T21:02:08
7027,5.78,0.31,37,15,False,True,UK,BR,2020-07-11,,2021-09-07T01:22:32,2021-09-07T01:22:32
7028,79.9,22.46,109,34,True,False,CA,US,2021-01-07,2021-01-07,2021-01-23T23:21:50,2021-01-23T23:21:50
7029,44.11,20.41,60,46,True,,JP,CA,2023-11-28,2023-11-28,2022-01-30T22:15:37,2022-01-30T22:15:37
7030,60.0,13.32,42,34,True,True,AU,UK,2020-10-26,2020-10-26,2023-01-04T23:17:44,2023-01-04T23:17:44
7031,43.38,0.44,35,83,True,False,DE,BR,2022-11-21,,2022-11-18T08:02:52,2022-11-18T08:02:52
7032,33.58,56.78,34,37,True,True,FR,UK,2024-10-30,2024-10-30,2024-09-19T21:59:49,2024-09-19T21:59:49
7033,97.68,40.52,108,13,False,False,AU,JP,2023-08-21,,2024-10-12T05:39:33,2024-10-12T05:39:33
7034,68.05,28.88,17,90,True,True,BR,BR,2023-01-23,,2022-08-15T00:10:18,2022-08-15T00:10:18
7035,99.12,13.43,118,87,False,False,UK,DE,2024-01-25,2024-01-25,2022-07-07T01:59:30,2022-07-07T01:59:30
7036,83.5,54.21,99,,True,False,DE,UK,2020-07-06,2020-07-06,2020-01-07T06:48:15,2020-01-07T06:48:15
7037,1.22,,83,60,False,,UK,BR,2022-01-07,2022-01-07,2024-09-07T06:01:19,2024-09-07T06:01:19
7038,81.12,54.84,74,87,False,True,CA,AU,2023-09-01,2023-09-01,2024-08-17T23:58:19,2024-08-17T23:58:19
7039,79.98,19.61,103,15,False,True,FR,US,2023-10-23,,2020-10-05T21:45:43,2020-10-05T21:45:43
7040,9.12,22.67,27,32,True,True,UK,FR,2022-08-04,2022-08-04,2021-10-17T11:18:56,2021-10-17T11:18:56
7041,97.98,23.02,30,92,True,False,DE,BR,2020-12-11,2020-12-11,2024-02-26T02:03:31,
7042,21.21,98.9,50,83,False,False,BR,FR,2020-03-06,2020-03-06,2023-01-13T18:15:53,2023-01-13T18:15:53
7043,86.75,22.47,119,71,False,False,BR,BR,2024-06-12,2024-06-12,2022-01-04T15:49:19,2022-01-04T15:49:19
7044,68.07,68.03,77,91,True,True,UK,CA,2021-03-30,2021-03-30,2020-05-11T10:37:34,
7045,96.13,89.53,1,1,True,False,UK,DE,2021-05-31,2021-05-31,2024-01-09T23:37:39,2024-01-09T23:37:39
7046,16.16,74.41,109,31,True,True,BR,BR,2024-10-31,2024-10-31,2023-03-10T03:55:28,2023-03-10T03:55:28
7047,49.34,63.63,29,61,True,True,JP,UK,2021-12-30,2021-12-30,2020-07-22T15:56:06,2020-07-22T15:56:06
7048,9.06,,87,,True,True,UK,BR,2021-01-17,2021-01-17,2020-11-08T02:04:47,2020-11-08T02:04:47
7049,61.78,23.94,119,7,False,False,BR,FR,2023-07-11,2023-07-11,2024-11-27T04:40:32,2024-11-27T04:40:32
7050,65.16,92.98,54,16,False,True,BR,US,2020-09-30,2020-09-30,2023-06-18T19:08:40,2023-06-18T19:08:40
7051,31.43,19.89,111,18,False,True,JP,CA,2024-12-16,2024-12-16,2021-11-03T02:40:55,2021-11-03T02:40:55
7052,67.42,79.36,80,9,True,False,DE,FR,2023-06-20,2023-06-20,2020-03-12T04:26:10,2020-03-12T04:26:10
7053,76.57,68.44,90,6,False,True,UK,,2022-11-15,2022-11-15,2022-01-25T17:14:09,
7054,77.43,23.28,76,83,False,False,BR,AU,2023-09-04,,2022-11-16T23:57:43,2022-11-16T23:57:43
7055,84.46,46.31,18,12,False,,BR,AU,2020-01-21,2020-01-21,2022-05-29T13:19:58,2022-05-29T13:19:58
7056,92.53,37.88,3,86,True,True,DE,JP,2021-09-22,2021-09-22,2023-08-23T12:13:41,2023-08-23T12:13:41
7057,4.68,86.24,66,70,True,True,JP,FR,2023-07-23,2023-07-23,2023-04-01T23:42:10,2023-04-01T23:42:10
7058,10.5,60.71,79,117,False,False,FR,FR,2023-07-08,2023-07-08,2022-08-22T12:39:18,2022-08-22T12:39:18
7059,1.78,,37,75,True,False,BR,US,2024-04-28,,2023-01-27T10:26:14,2023-01-27T10:26:14
7060,68.06,18.54,18,1,True,False,FR,US,2021-10-11,2021-10-11,2021-11-21T07:00:57,2021-11-21T07:00:57
7061,73.72,55.25,34,81,True,False,AU,US,2022-11-14,2022-11-14,2024-08-09T10:19:43,2024-08-09T10:19:43
7062,36.04,95.51,74,39,True,False,AU,US,2022-04-07,2022-04-07,2021-04-26T08:35:15,2021-04-26T08:35:15
7063,76.75,28.94,11,23,True,True,BR,JP,2021-12-30,2021-12-30,2022-07-27T18:21:34,2022-07-27T18:21:34
7064,53.0,63.29,34,5,False,False,CA,CA,2020-12-30,2020-12-30,2021-11-14T19:00:07,
7065,2.57,91.76,29,,True,False,BR,UK,2021-02-09,2021-02-09,2020-06-02T14:31:13,2020-06-02T14:31:13
7066,38.99,,36,44,True,False,FR,DE,2021-06-18,,2021-04-10T14:32:43,2021-04-10T14:32:43
7067,94.45,83.86,28,16,False,False,DE,JP,2021-03-30,2021-03-30,2022-06-24T04:42:10,2022-06-24T04:42:10
7068,23.85,97.43,118,86,True,False,US,DE,2021-09-30,2021-09-30,2023-11-08T13:22:23,
7069,40.98,77.82,97,114,True,,JP,FR,2020-03-26,2020-03-26,2024-04-17T15:35:00,2024-04-17T15:35:00
7070,96.11,,15,14,True,False,AU,,2022-08-12,2022-08-12,2020-10-15T22:28:25,2020-10-15T22:28:25
7071,88.89,2.35,16,31,True,False,JP,DE,2022-11-10,2022-11-10,2020-04-13T06:45:52,2020-04-13T06:45:52
7072,52.73,98.43,64,61,False,True,UK,BR,2021-10-20,,2021-06-08T10:19:56,2021-06-08T10:19:56
7073,85.59,,44,98,False,True,FR,JP,2020-12-26,2020-12-26,2021-09-12T15:42:25,2021-09-12T15:42:25
7074,7.53,69.41,115,20,False,False,DE,BR,2020-08-29,2020-08-29,2020-10-02T13:38:54,
7075,99.76,60.13,5,15,False,False,CA,JP,2022-10-23,2022-10-23,2020-05-30T09:32:14,2020-05-30T09:32:14
7076,27.88,54.31,7,31,True,True,BR,BR,2020-09-14,2020-09-14,2021-11-29T00:49:03,2021-11-29T00:49:03
7077,87.91,51.85,6,79,True,False,BR,FR,2024-04-14,2024-04-14,2020-10-18T08:28:15,2020-10-18T08:28:15
7078,56.87,28.68,9,116,True,,BR,BR,2021-09-04,2021-09-04,2023-11-25T21:35:50,2023-11-25T21:35:50
7079,64.94,57.38,88,50,True,False,AU,CA,2024-09-16,2024-09-16,2023-11-26T10:07:52,2023-11-26T10:07:52
7080,18.43,40.96,59,75,True,True,BR,BR,2024-10-07,2024-10-07,2021-01-24T23:38:27,2021-01-24T23:38:27
7081,77.57,45.05,59,82,False,False,AU,UK,2020-09-23,2020-09-23,2023-04-18T08:22:44,2023-04-18T08:22:44
7082,92.31,21.43,30,20,False,True,JP,FR,2020-11-12,2020-11-12,2023-11-06T06:06:06,2023-11-06T06:06:06
7083,23.22,76.86,102,88,True,False,FR,US,2022-07-02,2022-07-02,2022-09-29T08:40:24,2022-09-29T08:40:24
7084,96.9,88.68,39,52,False,True,AU,FR,2024-05-31,2024-05-31,2022-11-20T07:21:42,2022-11-20T07:21:42
7085,61.19,40.4,21,113,True,False,JP,DE,2021-01-26,2021-01-26,2020-12-21T05:55:20,2020-12-21T05:55:20
7086,0.16,62.58,86,,True,True,JP,US,2020-06-10,2020-06-10,2024-04-25T12:01:00,2024-04-25T12:01:00
7087,75.38,75.43,89,8,False,False,UK,AU,2022-01-16,2022-01-16,2023-06-24T14:59:38,2023-06-24T14:59:38
7088,75.02,93.87,43,105,False,True,CA,,2022-11-05,2022-11-05,2020-10-12T12:20:08,
7089,54.9,68.36,2,19,False,True,US,DE,2020-11-09,2020-11-09,2022-11-28T07:20:18,2022-11-28T07:20:18
7090,9.22,99.27,22,61,False,True,DE,UK,2022-08-18,2022-08-18,2023-11-04T01:56:36,2023-11-04T01:56:36
7091,54.94,77.59,88,82,True,False,JP,UK,2023-07-10,2023-07-10,2021-08-19T11:09:08,2021-08-19T11:09:08
7092,6.98,41.49,93,1,True,False,JP,,2021-02-27,2021-02-27,2020-10-17T14:10:38,2020-10-17T14:10:38
7093,31.37,62.46,115,94,False,True,CA,DE,2022-10-06,2022-10-06,2022-07-13T16:07:03,2022-07-13T16:07:03
7094,85.88,68.9,59,40,True,False,US,JP,2023-05-16,2023-05-16,2020-08-10T08:32:31,2020-08-10T08:32:31
7095,60.69,3.66,35,17,False,True,US,FR,2023-12-09,2023-12-09,2023-11-15T11:02:24,2023-11-15T11:02:24
7096,61.64,35.08,118,47,False,True,BR,US,2024-02-24,2024-02-24,2023-05-10T01:06:11,2023-05-10T01:06:11
7097,10.14,43.38,3,57,True,,UK,,2021-12-03,,2022-06-12T12:54:13,2022-06-12T12:54:13
7098,55.08,48.23,1,45,True,True,US,FR,2024-03-14,,2022-08-18T15:10:40,2022-08-18T15:10:40
7099,70.64,80.29,0,103,True,False,BR,CA,2024-06-03,2024-06-03,2024-05-05T10:37:49,2024-05-05T10:37:49
7100,26.41,27.71,16,16,False,False,BR,DE,2021-07-21,2021-07-21,2022-11-07T15:01:48,2022-11-07T15:01:48
7101,63.77,53.26,63,113,False,False,US,DE,2020-08-25,2020-08-25,2020-11-15T02:34:02,2020-11-15T02:34:02
7102,62.28,54.67,66,75,True,False,BR,CA,2024-01-29,2024-01-29,2024-11-09T03:50:38,2024-11-09T03:50:38
7103,69.85,45.28,84,32,True,True,JP,AU,2022-09-03,2022-09-03,2022-02-14T01:52:51,2022-02-14T01:52:51
7104,31.36,86.2,61,,True,False,CA,,2023-02-13,2023-02-13,2021-11-24T13:11:31,2021-11-24T13:11:31
7105,45.29,17.81,84,89,True,False,CA,,2021-11-19,2021-11-19,2020-07-20T17:38:26,2020-07-20T17:38:26
7106,1.52,70.15,100,14,False,False,FR,UK,2021-04-27,2021-04-27,2022-12-13T14:56:03,
7107,12.64,8.79,113,33,False,False,BR,CA,2021-11-14,2021-11-14,2023-04-21T02:03:09,2023-04-21T02:03:09
7108,56.83,4.84,31,25,True,False,JP,US,2020-04-29,,2020-03-18T22:32:43,2020-03-18T22:32:43
7109,62.91,47.7,75,,True,False,DE,AU,2022-06-14,2022-06-14,2024-05-09T05:43:32,2024-05-09T05:43:32
7110,0.11,62.69,53,89,False,False,BR,FR,2020-09-19,2020-09-19,2022-08-07T04:15:03,2022-08-07T04:15:03
7111,7.86,,23,81,False,False,AU,US,2023-08-05,2023-08-05,2024-11-09T13:19:09,2024-11-09T13:19:09
7112,58.65,,73,81,True,True,FR,FR,2024-09-13,2024-09-13,2022-01-29T03:15:55,2022-01-29T03:15:55
7113,80.61,65.33,52,15,False,False,JP,CA,2022-12-27,2022-12-27,2020-06-25T16:06:58,2020-06-25T16:06:58
7114,77.91,87.37,96,4,True,True,FR,CA,2020-07-12,2020-07-12,2022-09-01T20:47:42,2022-09-01T20:47:42
7115,26.36,66.6,105,115,True,False,FR,AU,2022-07-30,2022-07-30,2022-12-31T18:43:02,
7116,52.63,38.44,23,116,False,True,CA,FR,2022-06-15,2022-06-15,2023-03-02T02:04:27,2023-03-02T02:04:27
7117,9.85,58.52,61,13,False,False,BR,DE,2020-03-11,2020-03-11,2024-02-24T03:44:48,2024-02-24T03:44:48
7118,36.71,4.77,49,,True,False,DE,,2020-05-22,2020-05-22,2024-04-07T01:30:31,2024-04-07T01:30:31
7119,9.91,88.62,0,8,True,False,UK,,2020-01-31,2020-01-31,2024-10-06T00:37:51,2024-10-06T00:37:51
7120,40.98,11.21,97,7,False,False,AU,CA,2020-07-16,2020-07-16,2021-05-30T04:35:26,2021-05-30T04:35:26
7121,13.81,19.55,58,23,False,False,JP,AU,2022-02-27,2022-02-27,2020-07-08T04:01:06,2020-07-08T04:01:06
7122,90.87,59.26,13,17,True,False,AU,DE,2024-11-17,2024-11-17,2022-03-26T11:05:05,2022-03-26T11:05:05
7123,25.12,85.03,66,16,False,False,AU,UK,2022-02-21,2022-02-21,2020-06-10T06:31:15,2020-06-10T06:31:15
7124,22.08,,71,,False,False,DE,JP,2024-03-04,2024-03-04,2020-05-14T03:12:45,2020-05-14T03:12:45
7125,37.89,83.95,25,,False,False,UK,FR,2021-10-07,2021-10-07,2021-09-20T21:09:06,2021-09-20T21:09:06
7126,70.81,17.15,93,35,True,False,CA,DE,2023-06-20,2023-06-20,2022-03-11T16:28:36,2022-03-11T16:28:36
7127,83.17,,76,13,True,True,CA,,2024-08-12,2024-08-12,2023-01-23T03:11:30,2023-01-23T03:11:30
7128,10.05,29.83,92,,True,True,US,UK,2022-06-22,2022-06-22,2024-12-04T08:37:31,2024-12-04T08:37:31
7129,88.05,89.87,12,86,True,True,AU,FR,2022-04-04,2022-04-04,2023-07-17T21:36:20,2023-07-17T21:36:20
7130,6.62,39.63,22,75,True,True,DE,FR,2021-07-17,,2021-09-21T15:35:50,2021-09-21T15:35:50
7131,92.67,7.61,92,51,True,True,AU,US,2024-08-17,2024-08-17,2020-03-25T04:31:43,2020-03-25T04:31:43
7132,21.19,55.37,104,78,False,False,FR,DE,2024-09-07,2024-09-07,2022-03-27T15:13:36,
7133,64.32,34.44,106,9,True,True,UK,AU,2022-06-13,2022-06-13,2022-08-26T08:18:05,2022-08-26T08:18:05
7134,76.21,50.68,62,32,True,True,AU,,2023-08-05,2023-08-05,2022-04-04T11:21:08,2022-04-04T11:21:08
7135,30.63,34.81,117,,False,False,JP,US,2021-07-29,2021-07-29,2022-04-19T23:45:42,2022-04-19T23:45:42
7136,40.87,84.94,11,113,False,False,AU,BR,2024-02-25,2024-02-25,2022-07-28T09:12:39,
7137,60.1,80.41,76,60,True,True,UK,UK,2024-09-09,,2024-01-24T08:22:26,2024-01-24T08:22:26
7138,16.05,32.46,87,105,False,True,FR,,2024-01-26,2024-01-26,2024-03-11T07:45:51,2024-03-11T07:45:51
7139,66.74,92.74,114,,True,True,AU,,2022-10-18,2022-10-18,2020-09-10T17:34:00,2020-09-10T17:34:00
7140,94.36,40.96,35,78,False,False,BR,BR,2021-02-21,2021-02-21,2021-07-18T06:54:28,2021-07-18T06:54:28
7141,91.3,36.9,105,10,True,True,UK,,2024-02-29,2024-02-29,2024-09-01T07:29:00,2024-09-01T07:29:00
7142,30.72,65.94,46,38,False,True,BR,BR,2021-10-31,2021-10-31,2021-01-25T22:19:32,2021-01-25T22:19:32
7143,8.77,77.11,51,117,False,True,AU,FR,2020-01-05,2020-01-05,2024-05-14T00:27:47,2024-05-14T00:27:47
7144,0.99,3.31,89,74,True,False,BR,BR,2021-12-17,2021-12-17,2023-11-30T02:58:10,2023-11-30T02:58:10
7145,47.17,10.98,116,16,False,False,BR,CA,2021-06-29,2021-06-29,2021-02-20T00:31:25,2021-02-20T00:31:25
7146,56.26,,80,3,False,False,US,AU,2024-10-15,2024-10-15,2023-12-31T09:55:31,
7147,86.24,27.28,25,87,True,True,AU,FR,2020-10-11,2020-10-11,2021-04-27T07:00:34,2021-04-27T07:00:34
7148,76.15,53.43,114,68,False,True,DE,US,2020-07-03,2020-07-03,2022-01-27T08:46:48,2022-01-27T08:46:48
7149,41.43,76.97,24,118,True,True,AU,CA,2021-12-13,2021-12-13,2021-07-13T12:22:48,2021-07-13T12:22:48
7150,29.84,3.78,87,17,True,False,DE,BR,2024-05-03,2024-05-03,2022-04-04T23:13:10,2022-04-04T23:13:10
7151,41.61,,2,92,True,True,JP,AU,2022-09-21,2022-09-21,2022-05-24T18:48:55,2022-05-24T18:48:55
7152,79.02,56.75,12,4,True,True,JP,FR,2022-09-25,2022-09-25,2021-10-14T21:39:33,2021-10-14T21:39:33
7153,13.25,67.35,83,20,True,True,CA,CA,2023-10-15,2023-10-15,2020-12-09T09:26:29,2020-12-09T09:26:29
7154,91.16,3.73,66,47,False,True,BR,FR,2021-01-28,2021-01-28,2024-11-02T02:31:40,2024-11-02T02:31:40
7155,73.11,24.18,75,41,True,True,AU,FR,2022-01-18,2022-01-18,2024-05-08T09:03:56,2024-05-08T09:03:56
7156,69.61,58.12,0,4,True,True,US,AU,2020-05-09,2020-05-09,2023-03-30T05:26:52,2023-03-30T05:26:52
7157,14.8,30.31,72,84,True,True,US,UK,2021-09-06,2021-09-06,2020-01-05T07:22:13,2020-01-05T07:22:13
7158,50.35,,40,5,False,True,FR,DE,2022-12-09,2022-12-09,2023-01-18T08:58:03,
7159,89.49,59.67,110,50,True,,JP,BR,2020-01-08,2020-01-08,2021-05-13T04:58:11,2021-05-13T04:58:11
7160,93.59,,87,23,True,True,FR,AU,2022-06-07,2022-06-07,2023-07-04T08:26:06,
7161,37.18,66.24,81,22,False,True,BR,JP,2021-03-29,2021-03-29,2023-09-11T14:10:11,2023-09-11T14:10:11
7162,9.99,2.48,37,115,True,,AU,JP,2020-02-12,2020-02-12,2023-09-06T16:43:44,
7163,77.58,,102,8,False,False,JP,AU,2022-12-31,2022-12-31,2021-10-03T10:42:02,2021-10-03T10:42:02
7164,94.6,14.5,40,1,True,False,UK,JP,2020-07-18,2020-07-18,2024-05-14T17:33:39,2024-05-14T17:33:39
7165,63.67,,80,52,False,False,DE,DE,2021-11-23,2021-11-23,2024-06-20T10:51:16,2024-06-20T10:51:16
7166,93.75,89.67,119,46,False,True,FR,US,2020-08-19,2020-08-19,2021-02-05T03:02:52,2021-02-05T03:02:52
7167,76.34,48.59,64,77,False,True,BR,DE,2024-06-12,,2020-12-30T04:13:48,2020-12-30T04:13:48
7168,26.55,5.63,68,83,False,,UK,,2023-04-08,2023-04-08,2022-12-26T05:27:02,2022-12-26T05:27:02
7169,16.62,97.46,50,19,True,True,BR,FR,2020-03-02,2020-03-02,2022-06-15T01:49:18,2022-06-15T01:49:18
7170,28.32,39.98,87,12,True,False,DE,DE,2022-06-05,2022-06-05,2024-04-14T05:16:33,2024-04-14T05:16:33
7171,32.81,80.89,90,6,False,True,US,DE,2021-02-28,2021-02-28,2020-11-07T20:46:32,2020-11-07T20:46:32
7172,55.96,43.14,30,21,False,True,FR,DE,2024-05-27,2024-05-27,2024-08-04T12:28:28,2024-08-04T12:28:28
7173,35.32,75.18,14,22,False,,FR,CA,2022-08-10,2022-08-10,2023-05-26T01:01:41,
7174,30.32,50.23,105,81,True,,CA,AU,2020-01-18,2020-01-18,2021-12-27T02:54:49,2021-12-27T02:54:49
7175,55.25,14.91,17,84,False,False,CA,UK,2020-08-20,2020-08-20,2021-03-17T12:56:32,2021-03-17T12:56:32
7176,66.33,65.89,67,43,False,True,US,DE,2020-02-21,2020-02-21,2023-08-19T20:28:30,2023-08-19T20:28:30
7177,25.04,39.04,15,47,True,True,US,CA,2022-01-01,2022-01-01,2020-07-12T05:21:38,2020-07-12T05:21:38
7178,57.75,52.2,4,58,False,False,FR,CA,2020-11-01,2020-11-01,2023-08-27T23:40:56,2023-08-27T23:40:56
7179,63.15,34.58,23,49,False,True,US,US,2023-07-31,2023-07-31,2021-03-31T11:27:28,2021-03-31T11:27:28
7180,33.01,62.88,69,107,False,,JP,CA,2022-07-27,2022-07-27,2020-06-11T07:32:32,2020-06-11T07:32:32
7181,13.79,42.11,26,10,True,True,US,CA,2023-03-04,2023-03-04,2023-10-15T08:14:01,2023-10-15T08:14:01
7182,0.65,56.31,55,105,False,False,CA,DE,2021-03-16,2021-03-16,2023-01-10T18:59:41,2023-01-10T18:59:41
7183,14.4,65.21,35,32,False,True,UK,JP,2021-08-23,2021-08-23,2024-12-05T11:14:49,2024-12-05T11:14:49
7184,11.32,1.52,63,39,False,,CA,DE,2022-07-30,2022-07-30,2020-09-28T01:07:38,2020-09-28T01:07:38
7185,4.04,83.16,83,8,True,True,CA,BR,2024-05-13,2024-05-13,2020-09-23T16:08:51,2020-09-23T16:08:51
7186,85.28,55.87,18,,False,False,DE,FR,2020-10-30,2020-10-30,2024-06-05T16:07:29,2024-06-05T16:07:29
7187,61.14,,41,104,True,,DE,JP,2023-10-06,2023-10-06,2020-04-30T01:09:57,2020-04-30T01:09:57
7188,13.06,44.08,34,80,True,,CA,UK,2023-02-02,,2023-11-15T05:14:57,2023-11-15T05:14:57
7189,44.21,85.14,98,60,False,True,BR,CA,2020-06-27,2020-06-27,2024-03-09T14:01:23,2024-03-09T14:01:23
7190,20.41,43.81,58,8,False,True,UK,US,2020-11-07,2020-11-07,2020-11-18T19:00:38,
7191,17.47,9.45,1,112,True,False,UK,CA,2023-12-01,2023-12-01,2020-04-10T01:09:34,
7192,36.28,97.08,39,1,True,True,UK,JP,2021-12-23,2021-12-23,2021-05-05T19:16:43,
7193,91.89,13.38,119,,True,True,CA,CA,2020-12-05,2020-12-05,2023-10-04T22:58:23,2023-10-04T22:58:23
7194,10.88,39.76,59,37,True,False,FR,CA,2023-10-09,2023-10-09,2020-11-28T18:28:31,2020-11-28T18:28:31
7195,9.87,80.91,90,71,False,True,CA,DE,2022-09-05,,2023-05-02T12:59:48,2023-05-02T12:59:48
7196,37.28,76.23,59,12,True,False,DE,CA,2022-03-19,,2021-10-23T04:07:08,2021-10-23T04:07:08
7197,46.39,29.49,30,12,False,True,FR,CA,2021-07-15,2021-07-15,2022-07-20T08:22:44,2022-07-20T08:22:44
7198,74.91,88.96,81,57,False,False,BR,,2023-12-16,2023-12-16,2021-01-27T05:20:20,
7199,58.0,78.23,106,89,True,False,UK,US,2024-06-08,,2020-05-30T04:49:33,2020-05-30T04:49:33
7200,25.67,8.79,18,11,False,False,JP,CA,2022-04-21,2022-04-21,2021-08-12T08:10:43,2021-08-12T08:10:43
7201,42.36,61.27,55,11,True,False,BR,UK,2024-02-26,2024-02-26,2023-06-02T01:45:01,2023-06-02T01:45:01
7202,92.97,,16,31,False,False,BR,,2023-04-24,,2021-05-01T13:40:55,2021-05-01T13:40:55
7203,62.55,21.28,1,20,True,True,US,US,2021-07-21,2021-07-21,2024-07-05T21:08:31,2024-07-05T21:08:31
7204,7.51,63.62,67,21,False,True,JP,BR,2023-09-25,2023-09-25,2020-02-05T01:05:24,2020-02-05T01:05:24
7205,51.72,27.17,77,69,False,False,FR,DE,2024-02-11,2024-02-11,2024-02-25T16:16:09,
7206,58.88,,14,111,False,,DE,BR,2024-03-05,2024-03-05,2022-05-18T13:07:02,2022-05-18T13:07:02
7207,0.73,28.77,26,4,True,True,FR,UK,2021-12-02,2021-12-02,2022-03-13T08:54:44,2022-03-13T08:54:44
7208,93.93,99.51,30,18,False,,JP,AU,2021-11-24,2021-11-24,2023-05-01T12:44:47,2023-05-01T12:44:47
7209,39.91,98.13,3,,True,False,US,BR,2022-08-15,2022-08-15,2023-03-11T20:11:16,2023-03-11T20:11:16
7210,17.5,4.57,58,16,True,False,FR,BR,2021-05-13,2021-05-13,2021-09-09T09:04:11,2021-09-09T09:04:11
7211,57.81,83.67,11,89,True,False,FR,AU,2021-12-14,2021-12-14,2020-03-03T03:28:57,2020-03-03T03:28:57
7212,64.93,20.68,70,2,False,,AU,,2022-09-03,2022-09-03,2022-06-09T11:19:54,
7213,6.79,13.33,107,,False,False,AU,CA,2022-04-22,2022-04-22,2021-07-04T12:54:36,2021-07-04T12:54:36
7214,91.45,32.27,84,65,True,,FR,AU,2022-10-03,2022-10-03,2024-03-03T05:16:18,2024-03-03T05:16:18
7215,32.17,52.17,31,31,False,True,FR,FR,2022-03-24,2022-03-24,2024-10-06T15:15:47,2024-10-06T15:15:47
7216,38.72,53.51,86,17,True,True,UK,US,2024-06-04,2024-06-04,2023-02-20T05:54:16,
7217,27.78,5.19,13,102,False,True,UK,,2020-02-18,,2020-03-22T01:14:38,2020-03-22T01:14:38
7218,78.51,30.25,52,108,True,True,US,AU,2021-01-20,2021-01-20,2024-09-17T17:16:31,2024-09-17T17:16:31
7219,13.87,71.44,97,16,True,True,DE,,2022-08-08,2022-08-08,2021-05-25T21:43:54,2021-05-25T21:43:54
7220,69.53,,90,73,True,True,US,BR,2023-11-10,2023-11-10,2022-11-30T08:15:14,2022-11-30T08:15:14
7221,40.3,3.05,0,71,True,False,JP,UK,2024-06-02,2024-06-02,2021-08-27T13:13:13,2021-08-27T13:13:13
7222,81.95,52.72,90,114,False,True,DE,DE,2023-06-08,2023-06-08,2021-12-18T10:24:56,
7223,85.64,,69,1,True,True,DE,CA,2020-10-24,2020-10-24,2023-10-30T08:02:11,2023-10-30T08:02:11
7224,67.3,40.24,20,105,False,,CA,CA,2020-06-28,2020-06-28,2024-09-22T04:33:12,2024-09-22T04:33:12
7225,57.19,44.81,90,25,False,True,BR,BR,2022-06-03,2022-06-03,2020-10-18T21:07:10,2020-10-18T21:07:10
7226,38.64,25.86,102,109,False,False,JP,US,2024-01-28,2024-01-28,2023-03-06T18:28:29,2023-03-06T18:28:29
7227,2.68,75.8,49,109,True,False,UK,BR,2022-02-15,2022-02-15,2021-09-14T00:28:50,2021-09-14T00:28:50
7228,86.29,63.65,115,102,True,True,AU,JP,2020-03-20,2020-03-20,2021-07-20T22:46:04,2021-07-20T22:46:04
7229,57.86,92.44,67,32,True,True,JP,BR,2024-07-07,2024-07-07,2022-06-06T15:47:45,2022-06-06T15:47:45
7230,27.03,69.05,113,25,True,False,AU,JP,2024-11-21,2024-11-21,2024-03-07T23:52:36,2024-03-07T23:52:36
7231,18.83,93.02,89,29,False,True,US,US,2023-03-18,,2022-09-20T22:41:58,2022-09-20T22:41:58
7232,65.02,83.04,66,65,False,False,DE,CA,2022-05-27,2022-05-27,2024-12-27T20:50:37,2024-12-27T20:50:37
7233,19.16,70.83,85,,True,False,UK,US,2023-07-13,2023-07-13,2021-06-24T02:55:10,2021-06-24T02:55:10
7234,77.83,84.09,88,19,False,False,CA,BR,2020-08-16,2020-08-16,2022-07-13T07:39:30,2022-07-13T07:39:30
7235,71.53,70.22,108,107,False,True,FR,JP,2023-05-17,2023-05-17,2024-11-11T03:34:10,2024-11-11T03:34:10
7236,75.38,6.42,10,,False,,JP,FR,2024-06-23,,2022-08-13T22:10:59,2022-08-13T22:10:59
7237,53.15,73.16,108,,False,True,JP,AU,2021-12-03,2021-12-03,2022-06-09T11:30:10,2022-06-09T11:30:10
7238,72.72,,61,25,False,True,FR,,2024-07-27,2024-07-27,2020-03-29T22:43:47,2020-03-29T22:43:47
7239,81.27,74.14,117,57,False,False,CA,,2021-03-08,2021-03-08,2023-09-11T03:20:26,2023-09-11T03:20:26
7240,81.32,,23,116,True,False,JP,CA,2024-04-25,2024-04-25,2022-09-02T20:38:03,2022-09-02T20:38:03
7241,68.39,,76,75,False,False,US,JP,2024-12-07,2024-12-07,2024-08-26T09:39:41,2024-08-26T09:39:41
7242,82.33,85.67,50,,True,False,JP,JP,2022-11-21,2022-11-21,2024-01-07T23:04:18,2024-01-07T23:04:18
7243,84.08,,33,76,False,False,AU,AU,2020-11-06,2020-11-06,2021-01-28T06:06:05,2021-01-28T06:06:05
7244,78.38,81.69,42,16,False,False,JP,FR,2020-07-27,2020-07-27,2020-07-30T10:00:22,2020-07-30T10:00:22
7245,56.06,41.53,22,106,True,False,UK,DE,2021-09-06,2021-09-06,2020-01-05T01:32:22,2020-01-05T01:32:22
7246,32.42,63.11,98,92,True,False,CA,,2023-04-21,2023-04-21,2020-01-26T07:21:57,
7247,52.9,24.79,92,,True,,BR,BR,2024-09-09,2024-09-09,2023-06-12T00:51:51,2023-06-12T00:51:51
7248,48.64,32.8,64,111,True,True,UK,FR,2020-05-04,2020-05-04,2024-05-02T22:55:23,2024-05-02T22:55:23
7249,36.37,48.25,69,108,True,False,BR,US,2023-11-21,2023-11-21,2024-09-29T10:25:38,2024-09-29T10:25:38
7250,1.42,87.13,74,105,False,True,AU,BR,2020-04-17,,2023-03-08T00:19:43,2023-03-08T00:19:43
7251,0.56,98.82,63,71,True,False,FR,BR,2023-10-02,2023-10-02,2023-11-03T01:48:52,2023-11-03T01:48:52
7252,5.59,92.42,21,35,True,True,FR,UK,2022-06-11,2022-06-11,2020-08-29T08:20:02,2020-08-29T08:20:02
7253,67.05,94.48,107,46,True,,DE,BR,2022-04-07,2022-04-07,2024-09-15T08:45:25,2024-09-15T08:45:25
7254,86.1,47.96,44,60,False,False,BR,JP,2024-12-11,2024-12-11,2022-03-06T01:50:13,2022-03-06T01:50:13
7255,21.72,65.02,110,66,False,True,AU,JP,2022-10-03,2022-10-03,2023-01-27T21:46:17,2023-01-27T21:46:17
7256,58.3,52.38,91,,True,False,JP,,2023-12-15,2023-12-15,2024-04-13T13:37:04,2024-04-13T13:37:04
7257,58.15,84.26,60,83,False,True,UK,DE,2020-01-07,2020-01-07,2021-10-31T18:33:45,2021-10-31T18:33:45
7258,55.62,75.39,78,92,False,True,UK,UK,2022-05-31,2022-05-31,2020-05-24T05:36:07,2020-05-24T05:36:07
7259,33.75,36.78,96,93,False,True,JP,UK,2022-06-29,2022-06-29,2022-04-12T00:00:51,2022-04-12T00:00:51
7260,11.9,46.1,116,33,True,False,AU,US,2021-04-11,2021-04-11,2024-10-22T17:54:55,2024-10-22T17:54:55
7261,15.94,64.33,82,19,False,,CA,CA,2022-01-20,,2020-06-21T21:17:40,2020-06-21T21:17:40
7262,24.68,48.49,79,77,True,False,FR,FR,2022-07-14,2022-07-14,2021-07-09T14:30:18,2021-07-09T14:30:18
7263,56.84,64.82,51,33,False,False,AU,US,2024-05-15,2024-05-15,2020-11-30T11:57:45,2020-11-30T11:57:45
7264,70.89,98.15,96,19,True,False,JP,FR,2022-08-05,2022-08-05,2021-01-29T12:29:35,2021-01-29T12:29:35
7265,43.93,32.59,18,85,True,True,CA,BR,2020-11-10,2020-11-10,2021-01-11T22:38:46,2021-01-11T22:38:46
7266,19.71,29.61,58,68,False,True,BR,JP,2020-10-06,2020-10-06,2022-11-13T11:25:15,2022-11-13T11:25:15
7267,10.55,28.46,38,51,False,True,JP,UK,2021-08-30,,2022-08-02T05:30:47,2022-08-02T05:30:47
7268,92.95,2.36,21,61,True,True,CA,FR,2023-10-26,2023-10-26,2020-02-03T09:19:48,2020-02-03T09:19:48
7269,30.71,35.03,23,93,True,False,AU,,2023-03-27,2023-03-27,2024-04-12T15:11:10,2024-04-12T15:11:10
7270,68.95,34.08,84,55,True,True,UK,BR,2024-09-27,2024-09-27,2021-04-22T11:21:09,2021-04-22T11:21:09
7271,5.93,80.62,26,19,True,True,DE,DE,2023-11-13,2023-11-13,2020-03-24T19:34:58,2020-03-24T19:34:58
7272,40.61,76.63,86,4,False,True,UK,US,2022-09-19,2022-09-19,2023-05-22T18:10:44,2023-05-22T18:10:44
7273,98.43,48.36,89,61,True,True,JP,JP,2021-02-20,2021-02-20,2020-05-31T11:19:49,2020-05-31T11:19:49
7274,56.3,70.36,3,63,False,False,BR,DE,2022-03-06,2022-03-06,2021-07-02T03:40:37,2021-07-02T03:40:37
7275,99.05,13.52,83,7,True,True,AU,US,2020-06-01,2020-06-01,2021-02-18T00:47:15,2021-02-18T00:47:15
7276,56.06,,20,,False,True,FR,UK,2021-09-06,2021-09-06,2022-11-14T11:24:32,2022-11-14T11:24:32
7277,12.2,63.06,89,90,True,True,CA,UK,2023-06-04,2023-06-04,2023-05-15T20:07:24,
7278,69.67,25.3,14,82,False,True,FR,UK,2020-08-14,2020-08-14,2022-01-17T20:34:58,2022-01-17T20:34:58
7279,24.63,99.26,37,109,True,True,BR,JP,2022-06-13,2022-06-13,2022-02-23T03:39:00,
7280,75.53,0.62,17,77,True,False,JP,AU,2023-09-06,2023-09-06,2021-11-07T14:40:33,2021-11-07T14:40:33
7281,84.58,68.1,41,99,True,,FR,DE,2020-11-03,2020-11-03,2021-04-13T07:21:57,2021-04-13T07:21:57
7282,83.34,81.87,102,4,False,True,UK,FR,2020-04-29,2020-04-29,2023-11-20T23:39:12,2023-11-20T23:39:12
7283,25.99,90.91,47,111,True,True,DE,BR,2024-01-18,2024-01-18,2023-11-06T03:03:54,2023-11-06T03:03:54
7284,15.03,40.14,43,66,True,True,AU,BR,2021-12-15,2021-12-15,2020-11-19T07:16:44,2020-11-19T07:16:44
7285,21.34,83.63,76,64,False,True,DE,CA,2023-11-16,2023-11-16,2023-11-21T17:17:51,2023-11-21T17:17:51
7286,57.21,89.94,14,,False,,AU,UK,2023-06-16,2023-06-16,2020-02-16T15:05:40,2020-02-16T15:05:40
7287,4.5,33.69,92,,True,False,CA,DE,2021-03-23,,2020-12-03T07:35:00,2020-12-03T07:35:00
7288,63.95,,45,85,True,True,UK,FR,2022-10-01,2022-10-01,2021-01-12T06:11:57,2021-01-12T06:11:57
7289,2.59,85.29,87,13,True,True,AU,CA,2022-12-12,,2021-02-28T05:36:09,2021-02-28T05:36:09
7290,23.35,60.38,94,41,True,False,US,AU,2020-04-24,2020-04-24,2024-11-30T08:39:32,2024-11-30T08:39:32
7291,28.1,37.74,34,10,False,,JP,,2023-03-30,2023-03-30,2022-05-30T12:28:37,
7292,41.12,83.07,5,27,False,False,DE,CA,2024-02-20,,2023-01-11T06:12:01,
7293,78.37,13.58,66,69,False,,UK,UK,2023-09-25,2023-09-25,2022-04-13T02:34:04,2022-04-13T02:34:04
7294,12.72,44.39,57,6,True,False,UK,FR,2024-08-21,2024-08-21,2023-09-14T06:04:03,2023-09-14T06:04:03
7295,86.4,53.57,112,11,False,False,BR,CA,2023-02-17,2023-02-17,2020-08-15T00:21:38,2020-08-15T00:21:38
7296,93.07,16.23,58,118,False,False,JP,DE,2021-04-05,2021-04-05,2024-03-22T00:41:14,2024-03-22T00:41:14
7297,50.2,67.44,68,41,False,,AU,UK,2021-03-15,2021-03-15,2020-12-22T07:55:05,2020-12-22T07:55:05
7298,90.6,44.81,51,105,True,True,FR,US,2024-01-22,2024-01-22,2024-08-02T10:02:59,2024-08-02T10:02:59
7299,17.32,0.27,53,31,False,False,AU,BR,2023-08-26,,2020-02-08T11:18:28,2020-02-08T11:18:28
7300,33.45,32.16,67,104,False,False,BR,UK,2022-05-14,2022-05-14,2021-08-13T06:38:28,2021-08-13T06:38:28
7301,33.47,3.91,72,114,True,True,JP,AU,2021-07-14,2021-07-14,2021-09-02T16:04:53,2021-09-02T16:04:53
7302,74.62,,27,,False,False,CA,,2022-05-09,2022-05-09,2022-08-01T05:43:43,2022-08-01T05:43:43
7303,54.88,29.35,7,15,True,True,BR,FR,2023-09-21,2023-09-21,2020-07-18T23:20:59,2020-07-18T23:20:59
7304,3.05,50.82,19,34,False,,BR,BR,2023-07-09,2023-07-09,2023-09-22T23:40:57,2023-09-22T23:40:57
7305,27.68,73.13,40,,True,True,BR,BR,2023-06-13,2023-06-13,2020-03-29T10:07:04,2020-03-29T10:07:04
7306,40.58,72.75,29,101,True,False,JP,DE,2022-08-05,2022-08-05,2021-11-09T04:47:25,2021-11-09T04:47:25
7307,71.4,70.62,115,38,True,True,BR,US,2024-06-28,2024-06-28,2022-08-07T16:32:39,
7308,25.98,30.43,106,70,True,False,FR,CA,2020-09-10,2020-09-10,2022-07-18T11:11:39,2022-07-18T11:11:39
7309,66.97,77.8,67,2,False,True,AU,BR,2020-05-07,2020-05-07,2022-10-17T23:22:23,2022-10-17T23:22:23
7310,77.03,45.48,99,77,False,False,AU,US,2024-12-22,2024-12-22,2024-02-25T09:10:18,2024-02-25T09:10:18
7311,28.96,94.06,72,71,True,True,US,UK,2020-05-13,2020-05-13,2021-10-27T03:58:25,2021-10-27T03:58:25
7312,80.44,32.77,90,82,True,True,BR,CA,2023-06-18,2023-06-18,2021-11-16T14:19:50,2021-11-16T14:19:50
7313,90.47,23.49,33,91,True,,UK,CA,2020-05-21,2020-05-21,2023-07-08T10:15:32,2023-07-08T10:15:32
7314,31.72,67.72,64,,True,True,FR,UK,2021-10-09,2021-10-09,2023-02-25T09:01:01,2023-02-25T09:01:01
7315,4.02,59.68,110,82,True,True,UK,FR,2021-01-31,,2024-03-10T21:05:10,2024-03-10T21:05:10
7316,34.66,30.93,39,83,False,False,DE,FR,2024-01-25,2024-01-25,2023-01-08T23:46:23,2023-01-08T23:46:23
7317,78.33,42.71,105,94,False,False,FR,UK,2020-10-13,2020-10-13,2021-03-17T02:39:07,2021-03-17T02:39:07
7318,77.82,49.85,99,14,False,True,CA,DE,2023-09-03,2023-09-03,2021-08-17T13:43:57,
7319,29.07,98.7,64,96,True,False,BR,DE,2023-06-26,2023-06-26,2024-12-02T00:40:17,2024-12-02T00:40:17
7320,87.56,75.33,27,54,False,,UK,JP,2024-04-22,2024-04-22,2024-11-13T17:15:11,2024-11-13T17:15:11
7321,32.8,,109,41,True,False,BR,BR,2020-01-05,2020-01-05,2022-01-05T10:46:15,2022-01-05T10:46:15
7322,87.05,41.68,111,,False,,CA,AU,2024-01-01,2024-01-01,2024-08-25T12:03:17,2024-08-25T12:03:17
7323,25.26,34.44,5,99,False,True,DE,AU,2022-09-23,2022-09-23,2024-12-02T07:07:29,2024-12-02T07:07:29
7324,88.5,7.96,104,74,True,False,FR,CA,2021-03-03,2021-03-03,2024-10-15T19:30:40,2024-10-15T19:30:40
7325,30.03,99.58,24,98,False,False,UK,FR,2024-08-28,,2021-10-31T14:41:06,
7326,38.67,0.31,20,119,False,False,JP,DE,2020-08-28,2020-08-28,2020-05-28T07:55:17,
7327,40.79,1.36,27,11,False,False,CA,JP,2020-10-21,2020-10-21,2020-08-01T06:51:00,2020-08-01T06:51:00
7328,14.1,51.57,59,11,True,True,DE,FR,2020-11-29,2020-11-29,2021-04-07T01:05:56,2021-04-07T01:05:56
7329,27.29,79.91,106,43,False,False,US,,2024-10-22,2024-10-22,2020-08-14T00:07:06,2020-08-14T00:07:06
7330,21.97,16.02,80,102,False,True,JP,US,2021-09-12,2021-09-12,2023-05-25T18:36:31,2023-05-25T18:36:31
7331,87.88,16.93,104,109,True,True,UK,FR,2020-02-02,2020-02-02,2022-07-11T11:41:53,2022-07-11T11:41:53
7332,70.32,44.59,67,41,True,True,UK,,2023-05-04,2023-05-04,2022-05-11T16:02:17,
7333,60.62,95.73,11,,True,,CA,US,2023-10-22,,2021-03-07T12:15:41,2021-03-07T12:15:41
7334,24.63,58.43,42,49,True,False,US,CA,2023-04-12,2023-04-12,2022-11-16T05:37:08,2022-11-16T05:37:08
7335,57.53,27.28,62,32,False,True,DE,CA,2022-07-30,2022-07-30,2022-12-24T21:30:34,2022-12-24T21:30:34
7336,6.51,,83,35,True,False,BR,,2023-05-14,2023-05-14,2024-04-07T14:20:21,2024-04-07T14:20:21
7337,64.29,,45,2,True,True,UK,DE,2024-03-14,2024-03-14,2021-07-25T16:23:24,2021-07-25T16:23:24
7338,92.08,59.54,80,47,True,True,US,BR,2021-01-25,,2024-04-18T17:22:20,2024-04-18T17:22:20
7339,22.14,16.99,58,76,True,False,JP,AU,2020-03-11,2020-03-11,2020-11-16T17:04:42,2020-11-16T17:04:42
7340,70.13,51.28,21,116,True,False,FR,BR,2023-10-23,2023-10-23,2024-08-02T05:00:07,2024-08-02T05:00:07
7341,7.89,70.2,116,7,False,True,CA,CA,2021-07-08,2021-07-08,2024-10-07T06:20:52,2024-10-07T06:20:52
7342,22.72,32.8,74,73,False,,AU,JP,2022-06-18,,2023-04-11T16:40:05,2023-04-11T16:40:05
7343,51.44,7.4,35,27,False,True,FR,FR,2020-06-16,2020-06-16,2020-07-04T07:26:34,2020-07-04T07:26:34
7344,9.4,69.1,67,49,False,True,UK,DE,2024-04-08,2024-04-08,2022-06-26T08:11:25,2022-06-26T08:11:25
7345,20.47,17.08,86,88,True,True,BR,CA,2020-11-08,2020-11-08,2022-01-14T13:59:53,2022-01-14T13:59:53
7346,21.61,54.78,43,66,False,False,JP,CA,2020-03-13,2020-03-13,2022-06-15T14:17:51,2022-06-15T14:17:51
7347,29.69,,101,,False,False,US,,2023-06-06,2023-06-06,2022-05-18T09:14:04,2022-05-18T09:14:04
7348,47.08,96.94,17,104,True,True,AU,JP,2024-11-09,2024-11-09,2021-01-27T07:11:58,2021-01-27T07:11:58
7349,29.35,16.16,115,70,True,False,JP,JP,2023-04-25,2023-04-25,2021-01-29T14:33:03,
7350,91.13,29.58,61,47,False,True,US,DE,2021-08-22,2021-08-22,2023-08-20T12:18:20,2023-08-20T12:18:20
7351,17.62,35.19,34,92,True,False,US,US,2023-06-17,2023-06-17,2024-11-07T23:58:54,2024-11-07T23:58:54
7352,80.23,61.19,59,28,False,False,BR,,2020-03-13,2020-03-13,2020-01-10T20:59:40,2020-01-10T20:59:40
7353,40.3,63.03,55,69,True,False,FR,,2020-02-05,2020-02-05,2021-05-29T02:03:43,2021-05-29T02:03:43
7354,93.82,1.48,22,,False,False,CA,US,2022-05-27,2022-05-27,2024-05-19T03:22:14,2024-05-19T03:22:14
7355,49.89,14.44,38,114,False,True,CA,DE,2022-07-06,2022-07-06,2024-12-29T02:29:37,2024-12-29T02:29:37
7356,75.14,61.81,65,49,True,False,DE,JP,2020-02-25,2020-02-25,2024-03-08T00:46:34,2024-03-08T00:46:34
7357,41.92,,58,103,False,True,DE,US,2020-07-18,2020-07-18,2023-07-14T21:01:30,2023-07-14T21:01:30
7358,6.75,44.32,88,32,True,False,FR,AU,2021-09-27,2021-09-27,2020-03-31T08:21:45,2020-03-31T08:21:45
7359,40.38,61.09,79,,False,False,CA,US,2024-09-08,2024-09-08,2024-09-15T03:27:48,2024-09-15T03:27:48
7360,23.76,39.12,60,114,True,,AU,AU,2020-04-01,2020-04-01,2023-06-28T17:29:38,2023-06-28T17:29:38
7361,65.03,54.34,9,71,False,True,JP,,2022-01-03,2022-01-03,2022-04-24T07:20:57,2022-04-24T07:20:57
7362,95.72,80.9,21,,False,False,AU,JP,2021-08-16,2021-08-16,2021-01-24T04:29:54,2021-01-24T04:29:54
7363,34.49,63.41,65,61,False,,JP,JP,2023-04-27,2023-04-27,2024-01-25T08:31:31,2024-01-25T08:31:31
7364,59.71,61.34,25,30,True,True,JP,UK,2024-02-04,2024-02-04,2022-05-21T16:23:18,2022-05-21T16:23:18
7365,13.16,22.91,76,46,False,True,US,DE,2023-05-23,2023-05-23,2021-06-07T07:31:27,2021-06-07T07:31:27
7366,4.91,,85,105,False,True,UK,US,2024-11-28,2024-11-28,2023-10-17T20:49:46,2023-10-17T20:49:46
7367,12.28,10.36,24,43,False,,CA,US,2022-06-18,2022-06-18,2020-09-17T06:21:04,2020-09-17T06:21:04
7368,59.65,28.08,92,77,True,False,DE,CA,2023-03-30,2023-03-30,2022-05-12T19:50:04,2022-05-12T19:50:04
7369,43.44,39.22,73,37,True,True,DE,DE,2022-03-05,2022-03-05,2021-03-16T05:59:57,2021-03-16T05:59:57
7370,23.87,66.89,17,109,False,,BR,UK,2021-02-19,2021-02-19,2024-01-26T12:53:54,
7371,63.13,63.03,6,39,False,False,BR,BR,2020-12-19,2020-12-19,2020-01-13T18:31:31,2020-01-13T18:31:31
7372,28.62,46.18,3,13,False,True,FR,BR,2020-02-01,2020-02-01,2020-05-27T15:19:39,2020-05-27T15:19:39
7373,25.65,94.47,54,113,True,True,FR,CA,2024-11-09,2024-11-09,2021-11-13T19:33:42,2021-11-13T19:33:42
7374,29.24,,33,109,False,False,CA,AU,2024-08-23,2024-08-23,2023-01-29T16:08:18,2023-01-29T16:08:18
7375,78.36,,62,86,True,True,BR,FR,2023-02-25,2023-02-25,2021-05-30T16:00:44,2021-05-30T16:00:44
7376,62.36,49.82,31,91,True,True,BR,CA,2021-12-02,2021-12-02,2022-03-12T22:15:45,2022-03-12T22:15:45
7377,25.72,86.82,88,45,False,False,BR,UK,2023-06-30,2023-06-30,2024-12-13T09:21:33,
7378,76.62,39.23,20,,False,True,UK,JP,2023-07-19,2023-07-19,2020-02-04T09:58:16,2020-02-04T09:58:16
7379,79.29,35.58,0,90,False,False,DE,JP,2020-01-26,2020-01-26,2021-05-04T21:09:53,2021-05-04T21:09:53
7380,76.74,,30,96,True,,DE,JP,2023-05-09,2023-05-09,2024-01-20T23:02:21,2024-01-20T23:02:21
7381,13.47,,49,64,True,True,FR,US,2023-06-02,2023-06-02,2020-04-18T14:16:51,2020-04-18T14:16:51
7382,50.58,40.95,14,98,True,True,DE,UK,2020-12-21,2020-12-21,2020-06-06T15:25:47,2020-06-06T15:25:47
7383,36.87,53.19,62,,False,,UK,JP,2022-01-03,2022-01-03,2020-05-17T20:03:11,2020-05-17T20:03:11
7384,21.94,49.72,10,108,True,True,JP,CA,2023-07-31,2023-07-31,2024-01-26T14:22:54,2024-01-26T14:22:54
7385,51.76,20.26,28,63,True,True,FR,DE,2023-11-26,2023-11-26,2020-04-19T12:14:03,2020-04-19T12:14:03
7386,85.83,0.18,24,50,False,False,CA,AU,2024-01-07,,2022-10-13T06:17:18,2022-10-13T06:17:18
7387,72.42,26.87,109,62,False,True,DE,AU,2022-09-02,2022-09-02,2021-05-31T23:42:48,2021-05-31T23:42:48
7388,68.25,32.47,51,72,True,True,US,FR,2021-01-05,2021-01-05,2021-03-31T08:36:02,2021-03-31T08:36:02
7389,82.46,49.75,86,,False,True,BR,US,2023-09-03,2023-09-03,2024-09-12T21:11:58,2024-09-12T21:11:58
7390,11.68,16.64,29,103,False,True,CA,AU,2021-08-27,2021-08-27,2023-01-24T21:40:23,2023-01-24T21:40:23
7391,36.52,4.7,50,78,True,,BR,AU,2020-09-29,2020-09-29,2022-06-21T02:07:43,2022-06-21T02:07:43
7392,6.36,73.87,6,57,True,False,FR,BR,2024-01-09,2024-01-09,2024-10-09T16:54:08,2024-10-09T16:54:08
7393,60.3,74.83,1,62,True,False,FR,BR,2022-08-06,2022-08-06,2022-09-18T15:52:02,2022-09-18T15:52:02
7394,7.5,6.28,76,33,False,,JP,FR,2022-06-21,2022-06-21,2021-09-01T21:36:14,2021-09-01T21:36:14
7395,34.87,11.2,113,,True,True,BR,FR,2020-11-06,2020-11-06,2024-12-13T10:24:49,2024-12-13T10:24:49
7396,37.85,10.56,77,5,True,False,JP,CA,2020-03-23,2020-03-23,2021-12-28T08:43:30,2021-12-28T08:43:30
7397,90.4,70.16,11,,False,True,US,US,2022-05-28,2022-05-28,2024-07-08T09:08:16,2024-07-08T09:08:16
7398,61.4,5.19,89,15,False,True,JP,,2023-11-03,2023-11-03,2022-01-16T10:07:02,2022-01-16T10:07:02
7399,18.16,6.29,82,18,True,False,BR,FR,2020-09-16,2020-09-16,2024-02-25T15:02:29,2024-02-25T15:02:29
7400,41.67,,62,69,True,False,CA,FR,2024-02-12,2024-02-12,2023-10-29T01:58:22,
7401,53.84,15.44,100,85,True,False,FR,FR,2020-04-14,2020-04-14,2020-06-06T06:12:43,2020-06-06T06:12:43
7402,82.02,33.85,18,15,True,False,US,FR,2022-05-23,2022-05-23,2022-04-15T13:43:28,2022-04-15T13:43:28
7403,64.2,42.09,46,115,False,True,DE,AU,2023-11-03,2023-11-03,2023-05-23T12:14:59,2023-05-23T12:14:59
7404,63.48,39.04,23,101,True,True,BR,BR,2024-09-01,2024-09-01,2024-03-10T02:30:26,2024-03-10T02:30:26
7405,79.41,96.89,54,58,True,False,US,US,2024-06-04,2024-06-04,2020-12-09T14:14:05,
7406,89.82,49.29,30,56,False,,JP,UK,2024-05-29,2024-05-29,2022-01-09T14:55:24,2022-01-09T14:55:24
7407,27.81,62.66,106,,True,True,BR,UK,2021-05-16,2021-05-16,2021-10-05T23:40:51,2021-10-05T23:40:51
7408,78.6,75.58,111,29,True,False,CA,AU,2024-10-12,2024-10-12,2024-02-20T13:33:50,
7409,2.29,54.57,81,48,False,False,CA,,2020-05-09,2020-05-09,2024-12-11T21:19:42,2024-12-11T21:19:42
7410,40.96,12.3,32,,True,False,US,US,2021-01-02,2021-01-02,2023-11-06T22:15:17,2023-11-06T22:15:17
7411,15.23,12.01,42,29,False,True,US,AU,2020-12-30,2020-12-30,2022-12-03T08:21:26,2022-12-03T08:21:26
7412,85.61,14.67,113,14,False,True,FR,JP,2024-09-01,2024-09-01,2024-11-02T16:57:25,2024-11-02T16:57:25
7413,98.64,36.84,114,95,False,False,JP,AU,2024-06-28,2024-06-28,2024-04-11T15:54:39,2024-04-11T15:54:39
7414,75.85,73.11,40,75,True,True,AU,FR,2024-10-15,2024-10-15,2021-06-19T21:25:00,2021-06-19T21:25:00
7415,2.68,87.14,109,89,False,False,BR,,2021-08-09,2021-08-09,2022-10-18T02:25:55,2022-10-18T02:25:55
7416,63.21,73.18,4,26,True,False,JP,JP,2021-12-02,,2021-01-10T12:52:04,2021-01-10T12:52:04
7417,78.55,57.03,87,82,False,False,FR,UK,2020-07-03,2020-07-03,2024-05-03T21:53:01,2024-05-03T21:53:01
7418,67.6,71.56,90,82,True,True,US,US,2022-01-01,,2020-05-01T17:19:04,2020-05-01T17:19:04
7419,59.69,85.88,53,29,True,True,AU,AU,2022-01-01,2022-01-01,2024-07-09T23:38:44,2024-07-09T23:38:44
7420,4.8,72.18,41,86,False,False,CA,AU,2020-08-09,2020-08-09,2023-08-14T05:05:34,
7421,37.73,5.07,102,,False,False,BR,UK,2021-03-17,2021-03-17,2020-10-20T06:24:48,2020-10-20T06:24:48
7422,48.92,86.29,71,68,False,True,JP,DE,2022-05-16,2022-05-16,2022-12-02T14:31:47,2022-12-02T14:31:47
7423,21.2,90.54,76,49,True,True,DE,,2021-09-28,,2023-11-18T14:53:44,2023-11-18T14:53:44
7424,62.94,12.02,82,18,True,False,CA,DE,2021-09-24,2021-09-24,2024-11-26T21:25:00,2024-11-26T21:25:00
7425,47.81,22.43,44,8,False,True,BR,UK,2021-05-05,,2022-09-27T15:39:27,2022-09-27T15:39:27
7426,45.65,24.88,99,,True,True,JP,FR,2022-10-03,2022-10-03,2022-01-18T02:29:31,2022-01-18T02:29:31
7427,12.25,18.15,5,88,False,True,US,JP,2021-03-20,2021-03-20,2021-12-06T03:06:44,2021-12-06T03:06:44
7428,33.84,95.16,30,17,False,True,DE,,2022-02-15,2022-02-15,2024-02-02T03:18:33,2024-02-02T03:18:33
7429,5.81,28.04,59,86,True,True,US,FR,2021-01-11,2021-01-11,2023-07-31T20:54:41,2023-07-31T20:54:41
7430,19.42,80.15,84,66,True,,BR,JP,2023-08-17,2023-08-17,2020-04-23T08:55:28,
7431,29.95,,28,,True,True,FR,FR,2021-05-09,2021-05-09,2022-12-10T06:05:10,2022-12-10T06:05:10
7432,10.21,78.88,107,118,True,False,CA,US,2022-08-14,2022-08-14,2021-07-08T03:16:01,2021-07-08T03:16:01
7433,27.16,72.81,89,3,False,,JP,BR,2020-04-25,2020-04-25,2022-03-03T14:34:48,2022-03-03T14:34:48
7434,0.56,1.53,117,6,True,False,BR,,2022-01-17,2022-01-17,2024-07-12T07:18:19,2024-07-12T07:18:19
7435,65.68,24.99,36,13,False,True,BR,BR,2020-09-23,2020-09-23,2023-10-20T20:59:23,2023-10-20T20:59:23
7436,47.36,55.11,68,61,False,False,BR,JP,2022-05-28,2022-05-28,2023-03-22T19:32:43,
7437,48.7,12.53,17,92,True,False,US,UK,2023-07-24,2023-07-24,2021-02-26T12:15:13,2021-02-26T12:15:13
7438,90.4,64.75,10,115,False,False,JP,JP,2024-10-09,2024-10-09,2020-02-16T16:50:12,2020-02-16T16:50:12
7439,28.62,19.57,74,13,False,False,BR,CA,2020-01-19,2020-01-19,2024-08-01T07:14:53,2024-08-01T07:14:53
7440,72.29,50.6,114,58,False,,JP,FR,2023-09-08,2023-09-08,2023-01-03T23:54:42,2023-01-03T23:54:42
7441,46.16,,37,19,True,False,AU,US,2023-05-02,2023-05-02,2020-12-12T01:13:34,2020-12-12T01:13:34
7442,41.2,84.01,57,32,False,True,US,JP,2023-11-02,2023-11-02,2022-05-29T19:06:25,2022-05-29T19:06:25
7443,38.6,4.64,27,101,False,False,JP,BR,2022-12-27,2022-12-27,2020-10-16T14:07:07,2020-10-16T14:07:07
7444,43.42,51.64,113,53,True,True,FR,AU,2021-03-22,2021-03-22,2020-03-12T20:16:33,2020-03-12T20:16:33
7445,19.08,71.04,98,,False,True,BR,DE,2022-03-27,2022-03-27,2024-10-07T03:15:05,2024-10-07T03:15:05
7446,5.41,17.41,39,21,False,False,FR,AU,2021-09-17,,2023-05-09T20:16:28,2023-05-09T20:16:28
7447,51.9,60.55,3,,False,False,BR,,2023-06-06,2023-06-06,2024-04-15T05:59:22,2024-04-15T05:59:22
7448,44.77,75.61,112,87,False,True,UK,BR,2022-02-16,2022-02-16,2023-04-17T22:18:30,2023-04-17T22:18:30
7449,12.22,25.21,18,28,True,True,CA,FR,2022-06-04,2022-06-04,2022-09-29T03:38:08,2022-09-29T03:38:08
7450,86.61,55.97,5,96,False,True,UK,US,2023-07-26,2023-07-26,2022-08-06T13:05:33,
7451,32.0,12.72,91,,False,False,FR,JP,2022-05-30,2022-05-30,2023-07-07T17:53:22,2023-07-07T17:53:22
7452,2.56,73.23,48,20,True,True,CA,AU,2023-09-28,,2024-05-20T07:37:01,2024-05-20T07:37:01
7453,52.66,,35,26,True,False,AU,UK,2022-06-21,2022-06-21,2022-02-17T11:17:23,2022-02-17T11:17:23
7454,2.67,16.68,77,101,False,,FR,US,2020-11-01,2020-11-01,2024-12-18T15:12:52,
7455,67.1,44.31,116,93,False,True,DE,FR,2023-02-02,2023-02-02,2020-07-14T02:08:09,2020-07-14T02:08:09
7456,66.1,69.99,90,65,True,False,US,FR,2023-11-18,2023-11-18,2022-10-16T14:46:53,2022-10-16T14:46:53
7457,23.84,79.16,24,23,True,True,JP,FR,2024-05-16,2024-05-16,2020-08-10T23:26:46,2020-08-10T23:26:46
7458,35.32,30.72,51,87,True,True,US,FR,2021-11-04,2021-11-04,2021-07-24T01:09:48,2021-07-24T01:09:48
7459,53.69,19.57,16,28,True,False,CA,AU,2024-07-20,2024-07-20,2024-02-14T02:11:04,2024-02-14T02:11:04
7460,39.01,34.28,89,14,False,True,US,AU,2023-10-22,2023-10-22,2022-07-04T05:03:05,2022-07-04T05:03:05
7461,52.28,91.34,115,64,True,,CA,UK,2022-02-12,2022-02-12,2024-01-28T05:55:11,2024-01-28T05:55:11
7462,94.09,44.39,117,89,False,True,CA,JP,2020-06-01,2020-06-01,2024-08-15T22:42:01,2024-08-15T22:42:01
7463,54.49,35.71,28,36,True,False,JP,US,2022-05-01,2022-05-01,2020-09-22T07:45:57,2020-09-22T07:45:57
7464,29.32,17.71,2,71,True,True,FR,CA,2021-01-10,2021-01-10,2022-09-04T05:41:22,2022-09-04T05:41:22
7465,43.79,24.33,117,55,True,False,UK,US,2022-12-31,2022-12-31,2022-08-28T15:15:18,2022-08-28T15:15:18
7466,17.95,92.62,115,5,True,False,FR,,2020-09-28,2020-09-28,2021-01-01T17:44:59,2021-01-01T17:44:59
7467,50.41,,9,106,True,True,AU,DE,2022-08-17,2022-08-17,2021-12-25T13:56:40,2021-12-25T13:56:40
7468,68.16,14.35,39,55,True,False,US,UK,2023-12-27,2023-12-27,2021-07-12T18:16:05,2021-07-12T18:16:05
7469,96.33,29.48,49,59,False,,BR,AU,2020-12-16,2020-12-16,2020-03-27T11:38:12,2020-03-27T11:38:12
7470,93.52,56.18,65,109,False,True,AU,FR,2023-02-26,2023-02-26,2020-03-14T21:06:39,2020-03-14T21:06:39
7471,38.52,11.75,20,119,False,True,AU,JP,2022-07-28,2022-07-28,2023-09-08T14:08:55,2023-09-08T14:08:55
7472,83.26,32.55,51,45,False,,JP,BR,2020-03-22,2020-03-22,2022-11-13T03:03:11,2022-11-13T03:03:11
7473,60.72,80.68,18,66,False,False,BR,US,2022-09-29,2022-09-29,2022-12-21T21:04:33,2022-12-21T21:04:33
7474,31.49,33.43,48,4,False,False,US,JP,2023-06-13,2023-06-13,2020-08-29T23:06:43,2020-08-29T23:06:43
7475,76.72,31.6,1,94,True,True,UK,AU,2022-07-21,2022-07-21,2022-03-24T09:28:53,
7476,28.72,92.7,106,46,True,True,FR,,2024-07-25,2024-07-25,2022-11-08T19:18:08,2022-11-08T19:18:08
7477,69.92,49.18,22,,False,False,US,FR,2023-09-12,2023-09-12,2022-05-27T06:41:56,2022-05-27T06:41:56
7478,95.44,40.5,11,,True,False,US,UK,2021-06-19,2021-06-19,2022-08-27T19:24:47,2022-08-27T19:24:47
7479,64.86,29.9,19,6,False,False,CA,DE,2023-11-06,2023-11-06,2022-07-14T09:31:08,2022-07-14T09:31:08
7480,70.76,10.13,107,110,True,True,BR,AU,2023-06-02,2023-06-02,2020-06-09T18:59:47,2020-06-09T18:59:47
7481,82.86,90.82,96,58,True,True,CA,AU,2022-08-05,2022-08-05,2024-04-30T10:41:21,2024-04-30T10:41:21
7482,97.35,91.96,31,71,True,False,BR,UK,2022-03-07,2022-03-07,2023-02-19T16:11:27,2023-02-19T16:11:27
7483,23.37,,42,113,True,True,UK,US,2023-11-19,2023-11-19,2021-03-05T13:44:02,2021-03-05T13:44:02
7484,97.32,58.17,6,44,False,True,AU,BR,2023-12-24,2023-12-24,2022-01-29T16:15:08,2022-01-29T16:15:08
7485,4.91,41.54,32,,False,True,BR,JP,2021-11-24,,2022-03-28T01:56:54,
7486,4.95,58.01,94,21,False,False,UK,DE,2022-03-01,2022-03-01,2022-06-05T17:32:37,2022-06-05T17:32:37
7487,7.8,54.78,75,8,True,False,UK,AU,2023-11-27,2023-11-27,2020-01-03T20:38:25,2020-01-03T20:38:25
7488,66.8,77.08,105,91,False,True,US,FR,2021-11-03,2021-11-03,2024-12-03T02:32:53,2024-12-03T02:32:53
7489,93.11,45.95,75,2,True,False,BR,JP,2024-03-04,,2021-10-26T23:27:41,2021-10-26T23:27:41
7490,47.12,82.37,87,63,True,,JP,US,2023-10-31,2023-10-31,2020-06-11T08:05:38,2020-06-11T08:05:38
7491,33.18,31.52,113,7,True,True,JP,FR,2024-05-28,2024-05-28,2023-12-23T11:04:17,2023-12-23T11:04:17
7492,64.03,8.37,7,82,False,False,UK,DE,2020-06-14,2020-06-14,2023-05-28T07:27:14,2023-05-28T07:27:14
7493,49.6,82.26,5,44,False,True,CA,BR,2021-12-25,2021-12-25,2020-10-07T00:52:43,
7494,91.57,96.88,0,,True,False,UK,JP,2024-05-04,2024-05-04,2021-01-04T15:46:41,2021-01-04T15:46:41
7495,76.55,57.04,109,6,True,False,JP,CA,2021-03-19,2021-03-19,2020-06-16T04:30:32,2020-06-16T04:30:32
7496,73.81,34.02,25,29,False,,UK,CA,2021-06-25,2021-06-25,2022-03-19T10:35:17,2022-03-19T10:35:17
7497,8.5,66.15,3,6,False,False,UK,JP,2021-10-23,,2023-08-17T03:06:15,2023-08-17T03:06:15
7498,60.29,90.82,33,59,False,False,AU,CA,2022-03-16,2022-03-16,2021-12-06T20:32:43,2021-12-06T20:32:43
7499,71.78,18.62,87,30,True,True,BR,BR,2023-11-20,,2022-02-22T08:10:59,2022-02-22T08:10:59
7500,84.54,50.78,31,100,False,False,JP,UK,2020-11-07,2020-11-07,2021-01-10T15:54:22,2021-01-10T15:54:22
7501,60.61,80.61,1,,True,True,JP,CA,2021-09-11,2021-09-11,2022-03-29T20:49:51,2022-03-29T20:49:51
7502,76.39,98.18,56,94,True,False,BR,AU,2024-03-29,2024-03-29,2020-05-10T05:34:18,
7503,77.45,97.59,10,11,True,True,UK,,2022-09-18,,2020-08-15T18:20:30,2020-08-15T18:20:30
7504,63.07,72.59,60,21,True,False,FR,JP,2020-03-25,2020-03-25,2022-09-06T08:42:40,2022-09-06T08:42:40
7505,22.75,86.7,42,52,False,True,UK,JP,2020-08-11,2020-08-11,2021-04-18T03:40:26,2021-04-18T03:40:26
7506,23.19,,39,99,True,,DE,JP,2022-08-14,2022-08-14,2022-04-14T21:38:42,2022-04-14T21:38:42
7507,78.25,96.86,9,8,True,False,FR,CA,2021-06-22,2021-06-22,2020-02-12T12:17:35,2020-02-12T12:17:35
7508,4.81,36.04,43,30,True,True,US,CA,2021-03-17,2021-03-17,2024-08-31T08:13:47,2024-08-31T08:13:47
7509,20.85,29.87,87,108,False,False,UK,FR,2023-02-13,2023-02-13,2021-05-05T22:45:05,2021-05-05T22:45:05
7510,43.11,31.34,81,44,True,True,AU,CA,2021-08-14,,2023-08-02T06:07:11,2023-08-02T06:07:11
7511,85.72,67.43,20,37,False,False,CA,UK,2021-11-20,2021-11-20,2022-01-20T15:35:05,2022-01-20T15:35:05
7512,64.29,50.3,39,74,False,False,BR,FR,2020-03-15,2020-03-15,2021-11-10T21:18:58,2021-11-10T21:18:58
7513,31.03,18.97,35,38,False,False,AU,US,2023-07-02,2023-07-02,2021-02-01T09:59:53,2021-02-01T09:59:53
7514,93.38,47.89,84,43,True,False,US,CA,2023-01-22,2023-01-22,2023-10-18T21:47:52,2023-10-18T21:47:52
7515,17.49,23.79,85,78,False,True,BR,JP,2024-12-29,2024-12-29,2023-12-22T13:35:50,2023-12-22T13:35:50
7516,58.28,11.3,49,86,False,False,BR,AU,2024-06-19,2024-06-19,2024-06-02T07:08:09,2024-06-02T07:08:09
7517,63.94,67.73,107,24,True,False,FR,FR,2020-10-12,,2024-05-11T11:25:33,2024-05-11T11:25:33
7518,78.26,8.09,5,,False,False,JP,UK,2022-08-19,2022-08-19,2024-07-09T19:49:27,2024-07-09T19:49:27
7519,65.8,73.85,60,17,False,False,AU,FR,2020-08-08,,2022-09-08T11:02:31,2022-09-08T11:02:31
7520,84.4,68.64,50,76,False,True,UK,JP,2023-07-10,2023-07-10,2020-05-18T20:36:07,2020-05-18T20:36:07
7521,15.9,5.59,98,18,True,True,US,BR,2021-05-24,2021-05-24,2024-08-04T01:49:48,2024-08-04T01:49:48
7522,33.22,21.18,13,43,False,False,JP,DE,2024-01-01,2024-01-01,2023-10-17T04:44:51,2023-10-17T04:44:51
7523,9.43,28.78,58,80,False,False,FR,AU,2023-11-07,2023-11-07,2023-11-08T19:36:08,2023-11-08T19:36:08
7524,75.47,33.05,10,119,False,False,AU,FR,2023-11-08,2023-11-08,2020-05-31T01:06:26,
7525,26.01,13.24,36,43,False,True,DE,US,2024-07-19,2024-07-19,2022-05-16T07:37:24,2022-05-16T07:37:24
7526,92.4,93.95,66,41,False,True,FR,,2021-09-16,2021-09-16,2020-12-10T05:30:07,2020-12-10T05:30:07
7527,86.19,81.87,23,72,True,False,AU,JP,2021-12-25,2021-12-25,2020-04-05T18:23:39,2020-04-05T18:23:39
7528,45.71,71.21,67,102,True,False,US,AU,2024-05-28,2024-05-28,2023-03-29T02:04:14,2023-03-29T02:04:14
7529,48.63,4.06,42,74,True,False,BR,FR,2024-03-18,2024-03-18,2020-04-11T11:23:41,2020-04-11T11:23:41
7530,83.18,36.16,19,1,True,True,AU,,2021-12-04,2021-12-04,2020-06-06T23:29:18,2020-06-06T23:29:18
7531,48.92,,6,111,False,False,US,FR,2022-02-09,2022-02-09,2020-11-22T21:48:37,2020-11-22T21:48:37
7532,52.26,43.95,75,62,True,,BR,DE,2022-10-31,2022-10-31,2022-08-28T20:47:11,2022-08-28T20:47:11
7533,12.4,86.84,16,48,True,True,FR,,2020-07-06,2020-07-06,2021-12-15T05:44:47,2021-12-15T05:44:47
7534,78.62,90.78,113,,True,True,UK,US,2020-05-16,2020-05-16,2020-02-15T11:09:25,2020-02-15T11:09:25
7535,61.63,97.39,29,65,True,True,US,BR,2023-06-22,2023-06-22,2023-08-13T14:48:00,2023-08-13T14:48:00
7536,98.44,49.38,32,79,True,False,UK,CA,2022-07-10,2022-07-10,2024-07-12T10:20:38,2024-07-12T10:20:38
7537,58.16,37.59,54,28,True,True,BR,US,2021-01-15,2021-01-15,2020-01-25T06:48:30,2020-01-25T06:48:30
7538,77.89,71.91,12,55,False,False,US,DE,2020-10-08,2020-10-08,2024-03-08T05:50:42,2024-03-08T05:50:42
7539,4.81,91.68,50,36,True,False,JP,CA,2020-01-29,2020-01-29,2023-12-12T20:27:44,2023-12-12T20:27:44
7540,60.17,97.33,101,1,False,False,CA,,2022-07-15,2022-07-15,2024-05-19T17:15:31,
7541,73.8,35.43,70,99,False,True,CA,DE,2023-04-10,2023-04-10,2024-03-08T17:26:40,2024-03-08T17:26:40
7542,92.06,80.44,72,31,True,False,BR,US,2020-05-03,2020-05-03,2023-08-12T07:41:44,2023-08-12T07:41:44
7543,26.05,3.14,77,39,True,True,US,JP,2020-10-09,2020-10-09,2020-07-18T21:42:58,2020-07-18T21:42:58
7544,59.94,60.28,3,53,True,False,JP,FR,2020-10-07,,2023-04-21T08:00:35,2023-04-21T08:00:35
7545,88.22,12.95,19,79,False,True,BR,JP,2024-03-21,2024-03-21,2020-12-12T02:56:45,2020-12-12T02:56:45
7546,23.09,84.54,28,119,False,False,JP,CA,2021-01-25,2021-01-25,2021-09-12T14:18:05,2021-09-12T14:18:05
7547,82.76,11.24,53,113,False,True,FR,CA,2024-09-28,,2022-06-03T21:15:26,2022-06-03T21:15:26
7548,62.13,,13,,True,True,CA,BR,2021-11-18,,2022-03-30T02:25:18,2022-03-30T02:25:18
7549,98.85,55.44,38,43,True,True,BR,UK,2020-10-22,2020-10-22,2022-11-07T08:14:54,2022-11-07T08:14:54
7550,98.56,63.59,106,115,False,False,FR,AU,2022-02-26,2022-02-26,2022-10-28T20:45:18,2022-10-28T20:45:18
7551,90.37,88.41,15,4,False,True,US,AU,2022-09-24,2022-09-24,2020-06-28T20:58:30,2020-06-28T20:58:30
7552,46.21,42.59,43,35,True,,BR,CA,2022-07-11,2022-07-11,2023-01-16T10:51:53,2023-01-16T10:51:53
7553,78.47,41.13,44,2,True,True,FR,AU,2021-02-19,2021-02-19,2020-06-03T04:49:22,2020-06-03T04:49:22
7554,30.24,33.77,101,48,False,True,BR,FR,2023-12-26,2023-12-26,2024-05-15T19:02:33,
7555,33.19,24.03,83,25,True,False,JP,US,2022-05-17,2022-05-17,2021-01-02T18:28:08,2021-01-02T18:28:08
7556,37.98,89.6,112,98,False,False,US,CA,2021-03-16,2021-03-16,2023-07-31T09:12:10,
7557,23.69,,67,62,True,True,BR,UK,2023-08-10,2023-08-10,2024-05-14T00:47:48,2024-05-14T00:47:48
7558,98.3,0.67,97,43,True,True,CA,CA,2024-10-23,2024-10-23,2022-11-11T17:06:47,2022-11-11T17:06:47
7559,2.14,48.25,1,25,True,False,CA,UK,2022-05-22,2022-05-22,2021-01-17T21:52:20,2021-01-17T21:52:20
7560,18.06,68.76,54,80,True,True,DE,BR,2023-01-18,2023-01-18,2024-05-17T03:26:50,2024-05-17T03:26:50
7561,27.17,28.84,34,45,True,False,BR,FR,2024-02-21,,2024-05-23T16:28:17,2024-05-23T16:28:17
7562,36.87,53.84,48,101,False,,FR,DE,2020-11-30,2020-11-30,2024-11-26T03:03:47,2024-11-26T03:03:47
7563,10.93,1.15,29,23,True,False,JP,DE,2020-05-28,2020-05-28,2021-11-04T02:00:53,2021-11-04T02:00:53
7564,35.94,8.89,76,16,False,True,JP,,2020-07-14,2020-07-14,2022-06-01T14:38:33,2022-06-01T14:38:33
7565,65.74,,54,109,True,False,CA,BR,2021-10-09,2021-10-09,2022-04-01T17:52:23,2022-04-01T17:52:23
7566,6.91,23.79,40,40,True,True,FR,FR,2020-02-09,2020-02-09,2023-08-05T11:05:53,2023-08-05T11:05:53
7567,44.46,2.73,57,86,False,True,BR,US,2020-11-28,2020-11-28,2020-03-16T00:43:25,2020-03-16T00:43:25
7568,43.59,59.14,117,23,False,True,JP,JP,2020-06-07,2020-06-07,2024-05-06T22:33:07,2024-05-06T22:33:07
7569,91.95,31.01,111,52,True,True,JP,DE,2024-11-29,,2021-05-12T07:01:15,2021-05-12T07:01:15
7570,0.92,92.82,113,85,True,True,AU,AU,2022-06-25,2022-06-25,2024-02-05T08:38:15,
7571,48.42,21.3,76,36,True,True,BR,,2024-11-25,,2024-08-30T23:16:41,2024-08-30T23:16:41
7572,96.59,80.88,40,18,False,,JP,CA,2023-11-17,2023-11-17,2023-09-06T14:22:22,2023-09-06T14:22:22
7573,45.1,65.3,75,116,True,False,JP,JP,2023-06-05,2023-06-05,2023-10-24T20:54:03,2023-10-24T20:54:03
7574,27.57,98.68,91,51,False,True,FR,CA,2024-10-28,2024-10-28,2023-01-06T16:46:42,2023-01-06T16:46:42
7575,75.32,59.19,59,106,True,False,AU,FR,2021-05-21,2021-05-21,2022-07-25T14:09:56,
7576,88.9,4.48,87,,True,False,JP,JP,2024-10-26,2024-10-26,2024-04-25T01:44:25,2024-04-25T01:44:25
7577,19.05,35.39,43,68,True,False,JP,FR,2021-05-19,2021-05-19,2021-02-21T05:08:01,2021-02-21T05:08:01
7578,81.36,76.48,7,90,True,False,US,US,2022-07-13,2022-07-13,2024-03-08T14:26:20,2024-03-08T14:26:20
7579,31.77,17.55,0,109,True,False,US,BR,2022-02-10,2022-02-10,2022-02-13T11:09:46,2022-02-13T11:09:46
7580,18.48,30.01,103,79,False,False,AU,US,2024-07-30,2024-07-30,2024-11-15T13:34:36,2024-11-15T13:34:36
7581,88.4,63.48,13,115,False,False,AU,FR,2020-07-27,2020-07-27,2021-04-17T01:12:55,2021-04-17T01:12:55
7582,42.66,87.43,56,118,True,True,US,JP,2024-05-28,2024-05-28,2024-07-23T20:54:02,2024-07-23T20:54:02
7583,68.52,,118,118,False,True,BR,BR,2020-05-05,2020-05-05,2023-09-04T16:27:27,2023-09-04T16:27:27
7584,35.05,23.01,106,43,True,True,AU,AU,2020-01-31,2020-01-31,2023-04-12T18:44:01,2023-04-12T18:44:01
7585,25.21,93.76,47,69,True,False,CA,UK,2024-08-14,2024-08-14,2020-12-13T19:43:20,2020-12-13T19:43:20
7586,64.58,6.2,51,71,True,True,JP,FR,2022-03-29,2022-03-29,2020-08-21T00:48:34,2020-08-21T00:48:34
7587,64.89,60.81,114,57,False,False,BR,BR,2021-07-13,,2021-07-27T00:40:31,2021-07-27T00:40:31
7588,7.74,33.61,97,,False,False,JP,JP,2023-05-02,2023-05-02,2021-01-19T08:47:49,2021-01-19T08:47:49
7589,49.57,,68,59,True,False,DE,AU,2023-01-13,2023-01-13,2023-09-03T22:36:43,2023-09-03T22:36:43
7590,99.11,73.37,59,2,True,False,AU,AU,2023-03-24,2023-03-24,2023-10-23T15:57:38,2023-10-23T15:57:38
7591,99.39,37.79,88,102,False,True,UK,US,2024-11-27,2024-11-27,2020-12-30T05:28:49,2020-12-30T05:28:49
7592,14.08,69.53,31,89,False,False,UK,,2020-02-22,2020-02-22,2024-12-08T12:10:14,2024-12-08T12:10:14
7593,81.84,69.96,14,86,True,,AU,UK,2020-08-27,2020-08-27,2020-06-28T01:32:39,2020-06-28T01:32:39
7594,3.33,67.33,11,4,True,True,JP,CA,2020-02-12,2020-02-12,2021-06-19T07:51:51,2021-06-19T07:51:51
7595,76.36,85.98,105,,False,False,AU,AU,2021-04-19,2021-04-19,2022-09-22T18:43:49,2022-09-22T18:43:49
7596,40.33,55.79,111,69,False,False,JP,FR,2022-07-02,,2024-01-07T21:59:52,2024-01-07T21:59:52
7597,71.81,85.49,89,66,False,False,US,FR,2023-02-17,2023-02-17,2020-03-03T03:37:15,2020-03-03T03:37:15
7598,35.41,74.1,67,48,False,True,US,BR,2024-07-04,2024-07-04,2023-08-06T02:45:28,2023-08-06T02:45:28
7599,52.67,18.36,99,28,False,True,FR,,2020-05-29,2020-05-29,2024-08-17T17:43:56,2024-08-17T17:43:56
7600,17.19,16.17,70,99,False,False,FR,US,2024-07-22,2024-07-22,2022-12-31T23:00:44,2022-12-31T23:00:44
7601,33.18,58.8,26,29,False,True,FR,DE,2020-03-06,2020-03-06,2023-05-22T15:11:10,2023-05-22T15:11:10
7602,52.93,,42,41,True,False,CA,JP,2023-06-22,2023-06-22,2024-11-26T07:33:49,2024-11-26T07:33:49
7603,72.81,54.49,34,,False,True,FR,AU,2020-03-20,2020-03-20,2023-09-23T03:28:14,2023-09-23T03:28:14
7604,70.21,13.65,90,19,False,True,AU,,2020-11-11,2020-11-11,2023-01-29T11:19:57,2023-01-29T11:19:57
7605,40.65,,33,37,False,True,UK,,2022-11-14,2022-11-14,2024-09-22T10:16:38,2024-09-22T10:16:38
7606,93.33,85.24,116,40,True,False,DE,DE,2022-12-15,2022-12-15,2023-10-27T14:53:29,2023-10-27T14:53:29
7607,79.18,51.21,31,115,True,True,AU,FR,2023-12-25,2023-12-25,2020-09-09T07:58:53,2020-09-09T07:58:53
7608,1.29,20.0,108,2,True,True,JP,DE,2022-12-07,2022-12-07,2024-02-06T07:49:14,2024-02-06T07:49:14
7609,27.8,,91,52,True,False,AU,BR,2024-03-03,2024-03-03,2020-07-14T14:44:47,2020-07-14T14:44:47
7610,24.5,47.69,11,53,False,False,US,,2024-03-15,2024-03-15,2020-12-27T14:38:21,2020-12-27T14:38:21
7611,99.84,,19,110,False,True,FR,JP,2021-09-04,2021-09-04,2021-03-27T03:22:49,2021-03-27T03:22:49
7612,88.84,72.01,3,25,True,False,CA,US,2020-01-01,,2021-05-02T07:51:50,2021-05-02T07:51:50
7613,8.43,80.27,68,36,True,False,BR,JP,2024-04-02,,2024-10-29T12:51:15,2024-10-29T12:51:15
7614,38.79,7.31,3,72,False,False,CA,DE,2022-03-14,2022-03-14,2021-03-30T15:28:48,2021-03-30T15:28:48
7615,33.47,10.51,15,77,True,True,DE,BR,2020-07-07,2020-07-07,2024-05-25T20:15:15,2024-05-25T20:15:15
7616,40.58,85.26,112,77,False,False,DE,BR,2021-02-08,2021-02-08,2024-04-24T03:50:35,2024-04-24T03:50:35
7617,88.27,61.91,69,,True,True,CA,DE,2023-10-18,2023-10-18,2023-10-15T20:58:38,
7618,50.25,63.82,90,67,True,True,AU,UK,2024-08-28,2024-08-28,2020-03-10T14:48:20,2020-03-10T14:48:20
7619,63.23,45.71,16,62,True,False,JP,,2024-05-20,2024-05-20,2020-08-03T17:55:38,2020-08-03T17:55:38
7620,18.29,18.06,20,40,True,True,BR,JP,2023-07-19,2023-07-19,2023-06-03T22:14:05,2023-06-03T22:14:05
7621,92.05,44.71,10,15,False,False,US,UK,2021-08-05,2021-08-05,2024-04-13T03:19:30,2024-04-13T03:19:30
7622,37.53,40.65,37,80,False,True,UK,CA,2024-06-24,2024-06-24,2024-10-30T08:35:33,
7623,86.7,37.85,73,119,False,False,BR,BR,2023-12-31,2023-12-31,2021-03-10T18:55:43,2021-03-10T18:55:43
7624,25.45,51.98,50,16,False,True,AU,FR,2020-06-11,2020-06-11,2024-09-17T09:03:10,2024-09-17T09:03:10
7625,36.71,,96,97,False,False,US,,2020-09-20,2020-09-20,2023-10-11T21:17:16,2023-10-11T21:17:16
7626,16.0,48.07,50,11,False,True,CA,CA,2022-07-27,2022-07-27,2021-09-23T14:18:44,2021-09-23T14:18:44
7627,18.28,39.73,21,43,False,True,US,BR,2023-05-12,2023-05-12,2023-06-12T15:30:54,2023-06-12T15:30:54
7628,54.58,17.06,89,6,True,True,BR,US,2020-07-22,,2023-05-03T01:36:27,2023-05-03T01:36:27
7629,97.06,51.02,73,96,False,False,US,FR,2023-10-26,2023-10-26,2024-02-12T14:03:29,2024-02-12T14:03:29
7630,14.73,41.89,81,,True,True,CA,UK,2021-08-06,2021-08-06,2024-01-02T16:37:39,
7631,97.16,19.86,2,58,True,True,DE,CA,2022-07-20,2022-07-20,2021-08-28T23:31:14,2021-08-28T23:31:14
7632,51.33,92.65,26,,True,False,FR,FR,2021-05-05,2021-05-05,2023-03-04T21:27:18,2023-03-04T21:27:18
7633,77.51,39.23,27,4,True,False,FR,DE,2021-12-17,2021-12-17,2022-06-30T01:01:49,2022-06-30T01:01:49
7634,20.32,75.71,78,44,True,False,JP,FR,2024-02-22,,2024-12-09T05:21:16,2024-12-09T05:21:16
7635,94.42,69.96,8,43,False,False,JP,CA,2021-11-13,2021-11-13,2024-01-19T05:21:14,2024-01-19T05:21:14
7636,5.39,61.13,44,,False,False,DE,CA,2021-12-26,2021-12-26,2024-03-22T19:14:48,2024-03-22T19:14:48
7637,2.37,27.6,70,26,False,True,BR,US,2024-01-03,2024-01-03,2020-09-14T08:47:58,2020-09-14T08:47:58
7638,79.02,85.13,26,23,True,True,JP,AU,2023-12-02,2023-12-02,2020-11-19T09:49:36,2020-11-19T09:49:36
7639,60.49,34.23,111,64,True,False,US,,2020-01-10,2020-01-10,2020-03-06T19:18:19,2020-03-06T19:18:19
7640,85.95,76.52,66,115,True,False,JP,BR,2021-12-26,2021-12-26,2022-01-06T06:01:21,2022-01-06T06:01:21
7641,96.98,,88,,False,True,UK,FR,2024-05-02,2024-05-02,2021-02-10T00:07:05,2021-02-10T00:07:05
7642,90.24,9.3,83,14,True,True,AU,DE,2021-08-21,,2022-03-17T16:14:27,
7643,35.23,79.93,77,72,True,True,US,US,2024-05-30,2024-05-30,2024-11-20T12:21:13,2024-11-20T12:21:13
7644,63.83,53.89,43,58,False,False,DE,US,2022-09-15,2022-09-15,2023-01-10T22:11:26,2023-01-10T22:11:26
7645,48.05,12.04,67,56,True,False,FR,BR,2020-03-13,2020-03-13,2020-06-05T22:30:04,2020-06-05T22:30:04
7646,49.15,63.86,119,106,True,False,BR,FR,2023-07-25,,2021-06-18T10:47:45,2021-06-18T10:47:45
7647,54.23,,53,30,False,False,BR,CA,2022-11-20,2022-11-20,2024-02-15T01:39:08,
7648,97.03,53.62,2,71,True,,DE,US,2020-12-18,2020-12-18,2022-05-25T07:19:23,2022-05-25T07:19:23
7649,39.92,78.62,2,103,False,True,CA,AU,2021-04-17,,2023-12-24T23:44:07,2023-12-24T23:44:07
7650,76.19,39.35,106,36,False,False,AU,US,2020-03-02,2020-03-02,2024-04-15T16:40:32,2024-04-15T16:40:32
7651,91.0,48.2,48,93,False,True,UK,AU,2024-09-09,2024-09-09,2023-10-09T10:15:54,2023-10-09T10:15:54
7652,67.88,75.84,69,36,True,,BR,CA,2023-07-15,2023-07-15,2020-10-03T03:19:07,2020-10-03T03:19:07
7653,13.41,21.14,49,16,True,False,US,CA,2022-05-28,2022-05-28,2021-06-09T13:34:39,2021-06-09T13:34:39
7654,95.81,66.69,95,46,False,True,FR,DE,2020-05-31,2020-05-31,2023-09-23T08:24:46,2023-09-23T08:24:46
7655,86.62,31.7,106,60,True,,UK,UK,2022-06-22,2022-06-22,2023-06-25T03:48:19,2023-06-25T03:48:19
7656,47.77,68.67,1,55,False,False,FR,AU,2021-08-17,2021-08-17,2024-12-07T03:38:57,2024-12-07T03:38:57
7657,52.22,1.31,43,53,False,False,US,DE,2020-12-05,2020-12-05,2021-02-20T08:54:04,2021-02-20T08:54:04
7658,94.75,40.51,58,34,False,True,US,JP,2024-04-08,2024-04-08,2021-06-14T15:04:01,2021-06-14T15:04:01
7659,73.04,64.13,70,100,True,True,FR,DE,2021-01-28,2021-01-28,2024-03-02T02:43:13,2024-03-02T02:43:13
7660,64.92,20.9,67,109,False,False,AU,US,2022-05-08,2022-05-08,2023-11-09T20:40:40,2023-11-09T20:40:40
7661,65.36,60.2,0,70,False,True,BR,UK,2022-01-29,2022-01-29,2023-07-14T16:40:18,2023-07-14T16:40:18
7662,58.03,3.99,85,64,True,True,BR,AU,2020-11-25,2020-11-25,2020-01-13T04:45:28,2020-01-13T04:45:28
7663,89.29,45.02,110,42,True,False,CA,AU,2022-08-04,2022-08-04,2024-04-11T12:43:49,2024-04-11T12:43:49
7664,53.81,86.42,108,27,True,True,FR,,2020-02-15,2020-02-15,2021-04-14T21:16:39,2021-04-14T21:16:39
7665,2.05,97.39,109,49,True,True,BR,CA,2021-08-30,2021-08-30,2022-04-16T02:55:43,2022-04-16T02:55:43
7666,31.72,26.64,63,26,False,True,DE,US,2024-12-29,,2023-03-20T14:30:17,2023-03-20T14:30:17
7667,84.29,75.73,31,33,False,False,FR,FR,2020-03-28,2020-03-28,2021-12-20T00:11:31,2021-12-20T00:11:31
7668,32.25,35.73,5,54,False,False,AU,DE,2024-06-03,2024-06-03,2020-10-29T02:26:44,2020-10-29T02:26:44
7669,18.63,67.75,83,0,True,True,UK,UK,2023-07-24,2023-07-24,2023-06-24T17:42:54,2023-06-24T17:42:54
7670,68.09,54.74,71,,True,True,BR,UK,2021-11-26,2021-11-26,2023-12-31T00:39:21,2023-12-31T00:39:21
7671,29.1,72.77,60,75,True,True,BR,CA,2023-05-23,2023-05-23,2021-01-23T06:25:16,2021-01-23T06:25:16
7672,76.43,71.59,34,37,False,False,UK,BR,2020-09-15,2020-09-15,2022-12-20T08:21:54,2022-12-20T08:21:54
7673,43.41,34.25,18,119,True,,BR,JP,2024-10-05,2024-10-05,2020-11-22T15:32:24,2020-11-22T15:32:24
7674,43.86,7.65,35,,False,False,BR,FR,2020-04-21,2020-04-21,2021-12-09T17:52:11,2021-12-09T17:52:11
7675,15.24,5.87,118,62,False,True,DE,FR,2021-06-13,2021-06-13,2021-10-08T12:07:15,2021-10-08T12:07:15
7676,65.72,,100,116,False,False,CA,US,2024-10-19,2024-10-19,2024-09-30T20:26:25,2024-09-30T20:26:25
7677,19.46,63.98,69,48,True,False,JP,CA,2022-12-25,2022-12-25,2021-12-31T20:40:27,2021-12-31T20:40:27
7678,47.82,59.81,82,,True,False,US,JP,2024-03-02,2024-03-02,2021-04-12T18:18:26,2021-04-12T18:18:26
7679,34.91,92.31,12,,True,False,BR,DE,2021-07-06,2021-07-06,2022-02-04T10:52:54,2022-02-04T10:52:54
7680,72.43,61.17,32,48,True,False,US,CA,2024-07-22,,2021-11-26T12:34:07,2021-11-26T12:34:07
7681,65.66,15.83,52,11,True,True,DE,JP,2024-03-23,2024-03-23,2023-01-11T00:27:14,2023-01-11T00:27:14
7682,26.73,16.3,116,,False,,UK,CA,2023-07-22,2023-07-22,2024-12-21T17:46:29,2024-12-21T17:46:29
7683,37.8,60.09,56,,False,False,DE,DE,2022-06-21,2022-06-21,2021-12-31T11:52:38,2021-12-31T11:52:38
7684,55.3,53.9,115,114,True,False,BR,,2020-12-01,2020-12-01,2021-08-23T01:11:38,2021-08-23T01:11:38
7685,60.15,17.09,50,100,False,False,JP,JP,2020-07-02,,2021-01-11T13:52:24,2021-01-11T13:52:24
7686,16.97,10.94,115,,False,False,BR,UK,2024-11-04,,2020-03-09T22:11:26,2020-03-09T22:11:26
7687,33.47,44.47,3,116,True,False,BR,,2024-11-25,2024-11-25,2022-12-07T12:45:25,2022-12-07T12:45:25
7688,57.38,66.86,10,55,True,True,FR,BR,2022-08-05,2022-08-05,2023-09-12T15:48:58,2023-09-12T15:48:58
7689,46.89,38.28,80,7,True,True,JP,FR,2023-05-20,2023-05-20,2021-10-09T13:56:42,2021-10-09T13:56:42
7690,23.01,24.9,36,57,False,,FR,CA,2021-11-06,2021-11-06,2023-02-15T01:20:33,2023-02-15T01:20:33
7691,88.9,81.5,26,19,False,False,FR,US,2021-03-29,2021-03-29,2022-11-05T08:40:33,2022-11-05T08:40:33
7692,19.6,91.62,22,,True,True,FR,AU,2020-12-11,2020-12-11,2024-01-01T00:07:40,
7693,26.43,79.03,84,40,True,True,JP,US,2020-06-23,2020-06-23,2021-11-17T16:32:54,2021-11-17T16:32:54
7694,42.43,65.83,36,27,True,True,BR,DE,2023-09-22,2023-09-22,2022-05-01T17:16:00,2022-05-01T17:16:00
7695,53.5,21.06,32,89,False,True,BR,AU,2023-02-27,2023-02-27,2022-03-23T00:14:09,2022-03-23T00:14:09
7696,34.12,,2,3,False,,JP,BR,2023-03-27,2023-03-27,2023-04-12T22:07:27,
7697,66.94,70.96,34,92,False,False,FR,CA,2023-10-29,,2022-01-17T15:02:57,2022-01-17T15:02:57
7698,72.49,39.82,65,38,True,False,JP,BR,2023-11-02,2023-11-02,2021-02-24T08:58:51,2021-02-24T08:58:51
7699,9.05,,0,88,True,True,JP,AU,2022-11-30,2022-11-30,2020-11-03T13:51:14,2020-11-03T13:51:14
7700,51.31,46.64,7,75,True,True,UK,,2024-03-14,2024-03-14,2023-01-01T23:39:11,2023-01-01T23:39:11
7701,82.14,48.12,2,,True,True,BR,AU,2022-10-18,2022-10-18,2020-03-03T05:22:41,2020-03-03T05:22:41
7702,41.34,27.57,23,21,False,True,BR,DE,2022-03-22,2022-03-22,2022-11-10T04:02:57,2022-11-10T04:02:57
7703,68.06,11.11,36,66,True,False,UK,CA,2020-04-24,2020-04-24,2021-02-11T09:41:12,2021-02-11T09:41:12
7704,16.51,29.07,6,17,False,True,US,JP,2021-04-03,2021-04-03,2022-06-12T15:13:32,2022-06-12T15:13:32
7705,47.34,,63,40,False,False,US,,2022-11-20,,2020-08-25T09:19:34,2020-08-25T09:19:34
7706,95.18,,52,75,True,False,FR,BR,2023-10-07,2023-10-07,2021-03-06T23:15:46,2021-03-06T23:15:46
7707,15.25,37.91,75,35,True,True,DE,BR,2024-11-16,2024-11-16,2020-03-09T02:44:29,
7708,2.42,95.32,74,103,False,False,JP,CA,2022-09-09,2022-09-09,2022-01-02T22:55:15,2022-01-02T22:55:15
7709,49.35,85.16,1,41,True,False,FR,BR,2020-03-20,2020-03-20,2023-02-18T17:11:03,2023-02-18T17:11:03
7710,47.0,66.52,3,87,True,True,JP,DE,2024-05-20,2024-05-20,2023-02-23T23:56:36,2023-02-23T23:56:36
7711,95.97,23.69,85,104,False,True,AU,AU,2021-02-22,2021-02-22,2024-07-10T21:14:02,2024-07-10T21:14:02
7712,41.53,70.92,53,16,False,True,CA,DE,2021-02-15,2021-02-15,2024-11-29T17:01:57,2024-11-29T17:01:57
7713,51.34,99.44,88,99,False,False,BR,AU,2024-09-29,2024-09-29,2020-04-10T09:33:47,2020-04-10T09:33:47
7714,36.31,72.73,25,52,True,True,JP,FR,2023-04-27,,2020-08-07T03:11:17,2020-08-07T03:11:17
7715,12.62,55.12,8,85,True,True,FR,DE,2024-12-12,2024-12-12,2022-08-02T18:30:37,2022-08-02T18:30:37
7716,96.73,7.34,112,111,True,False,JP,UK,2023-04-30,2023-04-30,2021-12-23T22:43:27,2021-12-23T22:43:27
7717,85.08,83.0,89,45,False,False,CA,US,2022-12-12,2022-12-12,2022-01-07T23:38:22,2022-01-07T23:38:22
7718,46.71,63.81,62,10,True,False,JP,AU,2021-10-05,2021-10-05,2024-02-28T04:22:23,2024-02-28T04:22:23
7719,75.42,67.59,119,94,False,True,US,CA,2022-09-21,2022-09-21,2020-12-20T21:46:32,2020-12-20T21:46:32
7720,21.25,46.02,47,46,True,False,CA,DE,2022-12-13,2022-12-13,2022-07-27T04:40:08,2022-07-27T04:40:08
7721,71.43,83.46,7,75,False,False,AU,JP,2020-07-25,2020-07-25,2022-12-26T02:18:04,2022-12-26T02:18:04
7722,51.58,99.38,91,87,True,True,DE,AU,2021-07-08,2021-07-08,2022-09-10T16:30:24,
7723,85.82,0.18,20,87,False,False,DE,DE,2023-12-23,2023-12-23,2022-02-21T20:33:48,2022-02-21T20:33:48
7724,1.09,50.04,31,90,True,True,FR,CA,2023-12-07,2023-12-07,2024-07-27T22:00:11,
7725,72.67,94.56,93,50,False,,AU,FR,2020-11-03,2020-11-03,2020-07-31T04:56:24,2020-07-31T04:56:24
7726,80.82,71.36,65,105,True,False,US,CA,2020-09-21,2020-09-21,2021-11-03T22:15:42,2021-11-03T22:15:42
7727,59.87,58.4,42,25,False,False,AU,DE,2022-11-30,2022-11-30,2020-11-26T15:30:35,2020-11-26T15:30:35
7728,48.79,79.39,4,52,False,False,JP,FR,2023-04-22,2023-04-22,2022-02-13T19:35:04,2022-02-13T19:35:04
7729,0.19,9.08,59,8,True,,DE,US,2020-01-17,2020-01-17,2020-08-14T15:15:20,
7730,30.9,84.8,118,67,False,True,JP,AU,2021-08-17,2021-08-17,2023-01-10T02:57:17,2023-01-10T02:57:17
7731,55.22,94.45,21,95,True,True,BR,US,2020-10-28,2020-10-28,2020-12-14T02:45:55,2020-12-14T02:45:55
7732,23.65,32.39,87,3,True,True,BR,US,2023-04-03,2023-04-03,2024-05-08T20:44:43,2024-05-08T20:44:43
7733,88.62,,70,33,True,True,US,US,2020-10-23,2020-10-23,2021-12-23T16:27:45,2021-12-23T16:27:45
7734,21.96,99.41,36,99,False,False,FR,BR,2022-03-04,2022-03-04,2022-03-14T00:54:35,2022-03-14T00:54:35
7735,10.61,67.62,38,,False,True,FR,UK,2021-10-15,2021-10-15,2021-10-02T17:33:55,2021-10-02T17:33:55
7736,88.42,74.2,74,119,False,False,DE,JP,2022-02-17,2022-02-17,2020-09-17T19:21:18,2020-09-17T19:21:18
7737,2.6,26.96,53,,False,True,JP,FR,2020-03-26,,2020-09-09T22:40:18,2020-09-09T22:40:18
7738,42.04,78.04,71,55,False,True,DE,AU,2022-04-13,2022-04-13,2024-10-08T03:57:35,2024-10-08T03:57:35
7739,83.82,34.43,53,32,True,True,FR,UK,2024-12-27,2024-12-27,2021-11-05T08:38:34,2021-11-05T08:38:34
7740,49.02,5.79,101,15,False,False,JP,FR,2020-05-19,2020-05-19,2021-12-07T04:06:36,2021-12-07T04:06:36
7741,90.94,93.99,9,69,True,False,BR,FR,2022-05-09,2022-05-09,2020-06-01T23:21:39,2020-06-01T23:21:39
7742,87.47,35.74,104,49,False,False,BR,UK,2021-01-28,2021-01-28,2021-04-08T08:24:10,2021-04-08T08:24:10
7743,31.13,62.01,57,106,False,,UK,BR,2024-06-27,,2024-05-29T23:30:42,2024-05-29T23:30:42
7744,65.27,32.6,96,,True,True,JP,US,2024-08-30,2024-08-30,2022-12-03T17:33:44,2022-12-03T17:33:44
7745,59.16,94.11,96,16,True,,US,FR,2022-07-29,,2022-07-30T15:44:00,2022-07-30T15:44:00
7746,1.58,9.46,2,78,True,False,UK,,2021-03-23,2021-03-23,2020-06-11T18:02:25,2020-06-11T18:02:25
7747,42.45,43.27,84,34,False,True,BR,DE,2024-12-20,2024-12-20,2021-09-09T09:17:33,2021-09-09T09:17:33
7748,11.85,7.72,3,7,True,False,DE,BR,2024-01-24,2024-01-24,2024-12-27T13:27:24,2024-12-27T13:27:24
7749,20.61,72.59,16,99,True,False,BR,UK,2021-07-17,2021-07-17,2024-02-14T03:07:43,2024-02-14T03:07:43
7750,10.51,29.76,79,,True,True,US,DE,2024-07-03,2024-07-03,2023-12-22T23:43:38,2023-12-22T23:43:38
7751,33.34,29.12,103,72,True,False,FR,AU,2022-06-05,2022-06-05,2022-08-23T06:43:04,2022-08-23T06:43:04
7752,82.85,23.98,8,81,True,True,CA,JP,2021-11-26,2021-11-26,2023-11-04T00:56:23,2023-11-04T00:56:23
7753,98.49,40.03,37,20,True,False,CA,DE,2020-01-12,2020-01-12,2022-06-07T08:41:01,2022-06-07T08:41:01
7754,78.05,42.97,21,115,False,True,FR,JP,2022-07-04,2022-07-04,2021-12-26T17:47:14,2021-12-26T17:47:14
7755,3.57,82.03,42,67,False,True,UK,FR,2024-10-29,2024-10-29,2024-04-21T20:05:38,2024-04-21T20:05:38
7756,35.83,,75,60,True,False,AU,JP,2023-09-30,2023-09-30,2023-11-30T02:14:49,2023-11-30T02:14:49
7757,10.24,,105,76,False,,CA,AU,2020-07-12,,2023-12-10T12:49:04,2023-12-10T12:49:04
7758,10.21,51.58,45,6,True,True,UK,US,2020-07-31,2020-07-31,2022-04-25T06:09:48,2022-04-25T06:09:48
7759,22.57,46.17,92,98,True,False,FR,BR,2020-02-28,2020-02-28,2023-11-10T21:38:33,2023-11-10T21:38:33
7760,79.19,50.94,42,75,False,True,JP,,2020-08-21,2020-08-21,2022-03-07T19:08:26,2022-03-07T19:08:26
7761,80.59,,80,47,True,True,AU,CA,2024-07-02,2024-07-02,2023-04-03T06:55:52,2023-04-03T06:55:52
7762,84.6,2.51,56,67,False,False,UK,AU,2024-02-24,2024-02-24,2023-11-08T19:01:39,2023-11-08T19:01:39
7763,1.18,57.86,118,67,True,,CA,CA,2022-11-22,2022-11-22,2022-09-22T20:35:43,2022-09-22T20:35:43
7764,25.54,63.91,107,7,False,True,UK,BR,2023-07-08,,2024-02-08T16:33:37,2024-02-08T16:33:37
7765,73.63,96.46,7,21,False,True,JP,BR,2020-02-05,2020-02-05,2022-08-10T19:03:43,
7766,32.52,50.18,83,102,False,,FR,AU,2020-10-09,2020-10-09,2022-07-21T02:11:35,2022-07-21T02:11:35
7767,28.71,58.08,45,76,True,True,AU,FR,2022-10-27,2022-10-27,2024-10-11T17:10:45,2024-10-11T17:10:45
7768,72.91,39.7,58,109,True,,BR,BR,2023-12-28,2023-12-28,2021-01-26T20:49:18,2021-01-26T20:49:18
7769,80.37,94.56,77,69,False,True,UK,JP,2022-04-02,,2022-08-31T11:03:36,2022-08-31T11:03:36
7770,23.47,4.39,14,87,True,True,FR,US,2021-02-04,2021-02-04,2024-08-26T15:02:01,2024-08-26T15:02:01
7771,49.99,2.44,12,25,False,False,BR,FR,2021-04-23,2021-04-23,2020-04-11T22:07:02,2020-04-11T22:07:02
7772,86.79,33.58,91,28,True,False,UK,JP,2022-02-24,2022-02-24,2023-08-25T00:50:13,2023-08-25T00:50:13
7773,32.98,66.39,83,99,True,False,JP,AU,2020-12-04,2020-12-04,2020-06-23T23:51:54,2020-06-23T23:51:54
7774,22.85,69.85,90,,False,True,CA,BR,2024-06-13,2024-06-13,2020-06-08T07:00:18,2020-06-08T07:00:18
7775,52.62,24.56,72,35,True,False,JP,DE,2021-09-13,2021-09-13,2021-02-15T04:06:39,2021-02-15T04:06:39
7776,18.52,31.13,49,20,True,True,BR,,2023-03-13,2023-03-13,2020-09-22T10:11:58,2020-09-22T10:11:58
7777,42.41,30.72,29,26,False,False,JP,AU,2020-06-29,2020-06-29,2022-10-06T03:08:43,2022-10-06T03:08:43
7778,36.74,19.88,107,115,True,True,JP,US,2023-09-13,2023-09-13,2020-05-20T12:21:43,2020-05-20T12:21:43
7779,98.33,23.06,5,9,False,False,BR,BR,2021-02-07,2021-02-07,2020-04-20T11:09:29,2020-04-20T11:09:29
7780,18.48,71.89,52,53,True,True,BR,CA,2022-05-20,2022-05-20,2023-01-17T23:41:34,2023-01-17T23:41:34
7781,4.22,32.57,42,2,False,True,CA,FR,2023-08-05,,2024-12-25T19:32:36,2024-12-25T19:32:36
7782,37.6,89.73,19,26,False,True,US,BR,2021-05-26,2021-05-26,2024-10-24T02:46:08,2024-10-24T02:46:08
7783,96.4,94.43,75,20,True,True,AU,JP,2024-09-22,2024-09-22,2020-12-12T20:24:19,2020-12-12T20:24:19
7784,12.11,15.56,111,35,True,False,CA,CA,2022-09-12,2022-09-12,2023-11-07T07:31:00,2023-11-07T07:31:00
7785,97.04,52.95,12,14,False,False,BR,FR,2021-07-09,2021-07-09,2024-12-12T18:31:19,2024-12-12T18:31:19
7786,30.8,26.47,56,15,False,False,DE,DE,2024-12-18,2024-12-18,2020-12-30T19:28:49,2020-12-30T19:28:49
7787,79.82,59.22,118,93,False,True,CA,DE,2022-06-23,2022-06-23,2022-03-19T03:51:37,2022-03-19T03:51:37
7788,71.35,32.87,54,62,True,True,US,FR,2021-04-08,2021-04-08,2023-12-16T15:34:03,2023-12-16T15:34:03
7789,30.41,37.9,92,23,True,True,CA,FR,2021-06-04,2021-06-04,2020-10-22T22:06:15,2020-10-22T22:06:15
7790,16.88,48.49,38,62,True,False,CA,FR,2023-08-09,2023-08-09,2024-12-14T21:05:38,2024-12-14T21:05:38
7791,62.97,59.8,34,117,True,True,BR,JP,2023-06-11,2023-06-11,2022-05-18T02:08:57,
7792,60.02,95.81,36,66,True,False,JP,JP,2024-08-29,2024-08-29,2021-08-30T05:25:19,2021-08-30T05:25:19
7793,81.3,57.62,62,22,True,,UK,BR,2023-11-17,2023-11-17,2022-12-08T14:06:09,2022-12-08T14:06:09
7794,29.39,,34,53,False,True,UK,,2023-01-03,2023-01-03,2020-01-31T14:45:54,2020-01-31T14:45:54
7795,81.18,,68,35,False,False,JP,DE,2022-08-09,2022-08-09,2021-03-28T23:57:49,2021-03-28T23:57:49
7796,61.72,81.31,103,45,True,False,DE,US,2024-04-29,2024-04-29,2022-04-28T04:30:56,
7797,96.62,48.51,77,111,True,True,FR,US,2021-03-17,2021-03-17,2023-07-31T10:03:28,2023-07-31T10:03:28
7798,43.02,25.41,69,90,False,False,UK,US,2020-07-18,2020-07-18,2021-04-16T00:05:31,2021-04-16T00:05:31
7799,81.32,94.05,22,51,True,False,CA,JP,2022-07-10,,2020-04-18T02:41:04,2020-04-18T02:41:04
7800,78.71,68.26,98,100,True,False,BR,JP,2024-04-20,2024-04-20,2020-07-11T23:44:38,2020-07-11T23:44:38
7801,89.26,78.19,94,42,True,False,CA,FR,2024-01-05,2024-01-05,2022-10-30T15:55:17,2022-10-30T15:55:17
7802,86.11,73.33,58,112,True,False,CA,US,2021-04-08,,2024-11-12T20:38:17,2024-11-12T20:38:17
7803,57.61,,96,13,True,False,CA,FR,2022-04-28,2022-04-28,2023-07-26T03:46:51,2023-07-26T03:46:51
7804,90.2,40.54,92,80,True,True,JP,BR,2021-05-16,2021-05-16,2023-06-30T20:38:15,2023-06-30T20:38:15
7805,97.64,,19,96,False,False,AU,JP,2023-07-22,2023-07-22,2023-09-17T15:42:09,2023-09-17T15:42:09
7806,54.11,77.34,90,34,False,False,CA,DE,2024-11-27,2024-11-27,2024-11-22T07:52:32,2024-11-22T07:52:32
7807,86.06,,56,,True,True,UK,US,2020-10-05,2020-10-05,2023-12-30T03:58:04,2023-12-30T03:58:04
7808,50.07,64.63,70,,True,True,UK,US,2022-11-27,2022-11-27,2024-04-14T04:48:42,2024-04-14T04:48:42
7809,11.95,1.76,75,67,False,False,UK,CA,2022-04-30,2022-04-30,2023-07-19T12:58:28,2023-07-19T12:58:28
7810,53.58,17.55,43,28,True,False,BR,BR,2021-05-31,2021-05-31,2023-01-11T18:55:36,2023-01-11T18:55:36
7811,86.23,90.72,105,60,False,,UK,CA,2022-02-26,,2021-02-04T14:22:16,
7812,28.1,12.22,60,,False,False,DE,CA,2022-07-02,2022-07-02,2022-04-27T11:39:37,2022-04-27T11:39:37
7813,33.89,33.57,111,81,True,False,FR,DE,2022-04-15,2022-04-15,2024-03-26T17:33:43,2024-03-26T17:33:43
7814,64.04,65.21,45,93,True,False,AU,US,2024-04-13,2024-04-13,2023-11-13T06:51:42,2023-11-13T06:51:42
7815,66.55,90.5,79,119,False,True,DE,,2024-06-17,,2024-12-13T07:48:59,2024-12-13T07:48:59
7816,89.67,95.79,117,112,False,True,US,JP,2020-06-08,2020-06-08,2021-10-14T08:13:59,2021-10-14T08:13:59
7817,11.71,21.95,53,74,True,,UK,CA,2021-06-19,2021-06-19,2024-07-21T20:23:16,2024-07-21T20:23:16
7818,67.61,18.08,44,33,True,,JP,AU,2020-12-03,2020-12-03,2023-09-28T16:29:16,2023-09-28T16:29:16
7819,25.6,48.39,8,83,True,True,JP,UK,2021-07-30,2021-07-30,2024-11-27T11:09:26,2024-11-27T11:09:26
7820,18.8,19.56,27,89,True,False,FR,,2020-10-09,2020-10-09,2020-05-07T21:16:46,2020-05-07T21:16:46
7821,53.14,64.28,49,23,True,True,AU,CA,2021-05-25,2021-05-25,2022-05-13T14:22:39,2022-05-13T14:22:39
7822,55.65,1.88,115,61,False,False,DE,DE,2021-07-17,,2024-04-26T08:10:52,2024-04-26T08:10:52
7823,49.04,83.64,7,14,False,True,DE,JP,2024-11-28,2024-11-28,2023-10-12T17:57:15,2023-10-12T17:57:15
7824,1.68,48.62,107,119,True,True,JP,AU,2024-05-15,2024-05-15,2023-04-21T03:55:32,2023-04-21T03:55:32
7825,12.18,58.69,24,58,False,False,BR,AU,2024-09-12,2024-09-12,2021-09-03T21:27:39,2021-09-03T21:27:39
7826,5.33,83.47,64,97,False,False,US,FR,2023-09-03,2023-09-03,2023-03-29T15:37:57,2023-03-29T15:37:57
7827,59.15,,76,92,True,True,FR,AU,2023-12-31,2023-12-31,2022-05-26T16:26:30,2022-05-26T16:26:30
7828,37.64,,112,113,False,True,US,JP,2023-03-18,2023-03-18,2024-02-26T04:02:07,
7829,80.39,10.63,107,,True,False,JP,BR,2024-01-02,2024-01-02,2024-08-14T14:57:32,2024-08-14T14:57:32
7830,50.94,18.75,69,96,True,True,JP,BR,2021-07-14,2021-07-14,2022-04-11T07:38:40,2022-04-11T07:38:40
7831,55.82,22.44,73,8,True,False,DE,US,2023-01-15,2023-01-15,2023-07-01T10:18:28,2023-07-01T10:18:28
7832,4.44,77.69,19,112,True,False,UK,CA,2024-01-05,2024-01-05,2023-08-20T10:49:35,2023-08-20T10:49:35
7833,4.41,38.66,119,6,True,True,FR,US,2020-08-14,2020-08-14,2023-05-20T19:28:08,2023-05-20T19:28:08
7834,57.16,49.97,27,98,True,,UK,UK,2022-06-16,2022-06-16,2022-04-17T07:21:27,2022-04-17T07:21:27
7835,68.39,15.5,55,63,False,True,DE,UK,2020-02-05,2020-02-05,2021-09-13T20:58:43,2021-09-13T20:58:43
7836,78.81,19.57,61,97,True,True,UK,CA,2023-09-28,,2020-04-22T21:59:47,2020-04-22T21:59:47
7837,48.67,52.38,108,86,True,True,AU,DE,2024-09-08,2024-09-08,2022-05-30T23:46:02,2022-05-30T23:46:02
7838,27.31,93.76,39,99,False,True,DE,BR,2020-01-26,2020-01-26,2022-06-28T15:48:34,2022-06-28T15:48:34
7839,35.06,81.27,78,88,False,False,US,FR,2020-10-18,2020-10-18,2023-10-25T15:19:49,2023-10-25T15:19:49
7840,71.47,10.0,89,27,True,True,AU,UK,2024-03-14,2024-03-14,2022-04-12T02:45:29,
7841,70.39,97.42,46,50,False,True,AU,CA,2023-05-18,2023-05-18,2024-07-05T03:31:57,2024-07-05T03:31:57
7842,15.42,45.85,68,35,False,True,CA,AU,2024-10-06,2024-10-06,2022-08-08T08:29:12,
7843,23.85,71.18,119,42,False,True,BR,UK,2021-09-23,2021-09-23,2020-06-18T05:23:35,2020-06-18T05:23:35
7844,23.12,98.27,11,93,True,True,CA,CA,2023-03-10,2023-03-10,2020-03-05T01:23:56,2020-03-05T01:23:56
7845,30.64,15.0,98,64,True,True,JP,DE,2022-05-28,2022-05-28,2020-05-26T20:24:36,2020-05-26T20:24:36
7846,87.68,99.26,30,40,False,False,UK,,2024-12-26,2024-12-26,2020-09-11T09:35:54,2020-09-11T09:35:54
7847,70.68,97.92,56,12,False,,JP,JP,2020-05-31,2020-05-31,2024-06-16T17:21:29,2024-06-16T17:21:29
7848,70.51,89.04,3,7,False,True,DE,,2022-10-16,,2022-04-20T05:10:35,2022-04-20T05:10:35
7849,97.92,98.82,32,113,False,True,DE,DE,2022-04-26,2022-04-26,2021-08-23T00:07:06,2021-08-23T00:07:06
7850,14.69,84.61,115,98,True,False,US,JP,2024-06-25,2024-06-25,2023-04-14T21:03:55,2023-04-14T21:03:55
7851,47.47,38.63,17,51,False,True,UK,JP,2021-04-18,2021-04-18,2022-06-12T01:42:02,2022-06-12T01:42:02
7852,30.56,34.02,67,110,True,False,CA,CA,2021-09-27,2021-09-27,2022-12-10T16:20:48,2022-12-10T16:20:48
7853,86.45,69.39,44,86,False,False,CA,CA,2021-05-31,,2021-05-19T03:46:35,
7854,45.48,56.46,3,14,False,False,UK,,2024-07-30,2024-07-30,2024-05-25T06:05:14,2024-05-25T06:05:14
7855,65.27,43.33,97,103,True,True,CA,BR,2021-11-07,2021-11-07,2022-11-08T11:51:36,2022-11-08T11:51:36
7856,92.87,56.17,83,53,True,False,JP,FR,2024-11-08,2024-11-08,2023-11-29T18:32:38,2023-11-29T18:32:38
7857,77.41,73.44,19,57,False,False,AU,CA,2021-08-23,,2022-03-01T19:50:32,2022-03-01T19:50:32
7858,83.74,64.52,39,80,True,True,BR,AU,2020-02-24,2020-02-24,2020-12-02T07:39:28,2020-12-02T07:39:28
7859,41.46,34.25,64,2,True,True,CA,BR,2024-06-02,2024-06-02,2023-10-18T13:36:42,2023-10-18T13:36:42
7860,7.23,73.49,8,43,True,True,JP,DE,2021-02-04,2021-02-04,2022-08-09T04:27:37,2022-08-09T04:27:37
7861,1.08,76.22,1,65,True,False,UK,,2023-12-01,2023-12-01,2021-01-02T13:38:14,2021-01-02T13:38:14
7862,69.79,6.76,16,35,False,,AU,AU,2024-12-29,2024-12-29,2023-09-18T10:51:22,2023-09-18T10:51:22
7863,38.72,78.76,57,,False,True,CA,AU,2022-10-05,2022-10-05,2023-10-07T01:18:14,2023-10-07T01:18:14
7864,15.55,73.1,77,42,False,True,FR,US,2020-03-11,2020-03-11,2024-12-22T17:45:23,2024-12-22T17:45:23
7865,80.85,,63,15,False,False,BR,CA,2021-10-12,2021-10-12,2020-01-19T09:30:03,
7866,95.21,16.68,58,69,True,True,UK,CA,2020-07-24,2020-07-24,2023-12-29T01:24:47,2023-12-29T01:24:47
7867,57.1,93.6,42,106,False,True,DE,UK,2020-08-09,,2024-06-04T06:42:55,2024-06-04T06:42:55
7868,59.3,22.83,112,61,False,False,JP,CA,2021-11-21,2021-11-21,2021-06-05T23:33:37,2021-06-05T23:33:37
7869,66.15,39.17,38,65,False,False,JP,BR,2022-04-02,2022-04-02,2024-09-02T03:50:26,2024-09-02T03:50:26
7870,36.28,72.38,69,60,True,False,CA,US,2020-03-29,2020-03-29,2020-01-19T22:10:47,2020-01-19T22:10:47
7871,42.95,44.84,54,56,True,False,AU,BR,2021-06-23,2021-06-23,2020-07-13T12:13:11,2020-07-13T12:13:11
7872,97.97,71.89,32,58,False,False,JP,JP,2022-09-20,2022-09-20,2022-08-28T07:11:58,2022-08-28T07:11:58
7873,62.85,,112,28,False,False,CA,FR,2024-09-25,2024-09-25,2020-11-30T17:20:20,2020-11-30T17:20:20
7874,69.77,92.62,76,51,False,True,CA,CA,2020-06-10,2020-06-10,2023-02-05T02:49:21,2023-02-05T02:49:21
7875,75.73,55.88,18,3,False,,US,FR,2020-01-03,2020-01-03,2020-09-24T11:10:50,2020-09-24T11:10:50
7876,44.03,58.67,70,16,True,False,CA,BR,2024-10-11,2024-10-11,2022-11-03T18:50:15,2022-11-03T18:50:15
7877,43.14,13.98,107,102,False,,DE,UK,2024-07-24,2024-07-24,2022-10-24T23:07:42,
7878,87.6,53.72,29,12,False,False,CA,BR,2022-11-27,2022-11-27,2020-09-12T08:23:16,2020-09-12T08:23:16
7879,80.65,,64,98,False,True,BR,US,2022-08-27,2022-08-27,2020-08-19T20:54:31,
7880,46.84,70.75,49,,False,True,AU,JP,2021-09-23,2021-09-23,2021-11-24T10:38:40,2021-11-24T10:38:40
7881,23.57,59.79,79,100,True,False,CA,BR,2024-12-11,2024-12-11,2022-02-13T06:10:47,2022-02-13T06:10:47
7882,61.94,3.69,82,118,True,True,JP,US,2020-07-13,,2024-10-16T11:19:06,2024-10-16T11:19:06
7883,3.49,78.66,75,24,False,True,BR,UK,2020-09-26,2020-09-26,2024-05-16T20:09:52,2024-05-16T20:09:52
7884,40.34,13.47,24,6,False,False,AU,DE,2024-04-29,2024-04-29,2022-01-13T20:27:05,2022-01-13T20:27:05
7885,30.31,80.7,59,40,True,False,DE,JP,2024-05-06,2024-05-06,2024-07-02T22:22:49,2024-07-02T22:22:49
7886,80.31,98.74,27,84,False,False,DE,UK,2023-06-18,2023-06-18,2022-06-05T16:49:48,2022-06-05T16:49:48
7887,65.76,17.76,83,39,False,False,JP,BR,2020-11-17,2020-11-17,2024-04-12T22:16:26,2024-04-12T22:16:26
7888,77.75,38.99,72,6,True,False,JP,JP,2021-08-26,2021-08-26,2020-12-10T17:36:20,2020-12-10T17:36:20
7889,69.75,12.82,14,104,False,,AU,BR,2022-06-09,2022-06-09,2022-09-07T13:23:42,2022-09-07T13:23:42
7890,86.5,4.7,110,101,False,False,JP,AU,2024-06-28,2024-06-28,2022-06-21T02:29:33,2022-06-21T02:29:33
7891,0.34,43.38,31,,True,False,DE,FR,2020-11-17,2020-11-17,2024-05-08T14:10:47,2024-05-08T14:10:47
7892,61.83,98.89,114,44,True,True,BR,AU,2024-05-13,2024-05-13,2020-06-27T17:49:25,2020-06-27T17:49:25
7893,51.1,47.37,101,16,False,False,FR,CA,2022-05-11,2022-05-11,2022-09-01T16:14:49,2022-09-01T16:14:49
7894,38.74,48.72,34,80,True,True,CA,US,2022-05-05,2022-05-05,2024-11-21T12:06:08,2024-11-21T12:06:08
7895,19.29,21.45,118,110,True,False,DE,AU,2020-07-25,2020-07-25,2020-09-16T07:33:38,2020-09-16T07:33:38
7896,65.15,97.28,49,37,True,True,JP,UK,2024-05-22,2024-05-22,2024-04-28T23:51:32,2024-04-28T23:51:32
7897,79.6,41.79,109,35,True,False,US,CA,2020-01-29,2020-01-29,2020-02-08T20:55:23,2020-02-08T20:55:23
7898,58.92,43.36,38,,False,False,BR,UK,2020-08-26,2020-08-26,2021-12-29T16:15:56,
7899,69.95,8.97,29,26,False,,FR,FR,2020-03-31,2020-03-31,2020-02-18T14:49:10,2020-02-18T14:49:10
7900,79.16,88.54,22,6,False,False,UK,,2022-06-05,2022-06-05,2024-12-13T22:33:27,2024-12-13T22:33:27
7901,14.19,2.06,72,53,False,,FR,BR,2024-03-07,2024-03-07,2020-06-09T00:01:39,2020-06-09T00:01:39
7902,68.98,81.97,22,96,False,True,US,BR,2021-10-20,2021-10-20,2021-01-18T19:07:52,2021-01-18T19:07:52
7903,22.75,81.46,27,57,True,True,AU,BR,2024-12-18,2024-12-18,2022-10-02T09:58:02,2022-10-02T09:58:02
7904,62.9,20.78,81,91,True,False,US,FR,2021-08-26,2021-08-26,2024-07-16T10:04:33,2024-07-16T10:04:33
7905,48.77,54.11,42,111,True,True,BR,CA,2024-09-07,2024-09-07,2024-07-25T08:27:14,2024-07-25T08:27:14
7906,2.98,74.43,9,30,False,,US,AU,2022-10-13,2022-10-13,2023-07-09T07:48:04,2023-07-09T07:48:04
7907,65.07,69.86,66,79,True,True,DE,CA,2022-01-01,2022-01-01,2024-02-03T09:59:43,2024-02-03T09:59:43
7908,7.35,15.68,89,,True,False,UK,US,2024-11-16,2024-11-16,2020-11-19T09:47:35,2020-11-19T09:47:35
7909,54.78,49.13,111,107,False,True,BR,DE,2022-01-28,2022-01-28,2022-07-25T11:14:43,2022-07-25T11:14:43
7910,75.16,9.96,9,21,True,False,US,,2023-12-02,2023-12-02,2023-02-22T08:23:21,2023-02-22T08:23:21
7911,59.7,94.95,20,5,True,True,JP,DE,2024-08-31,2024-08-31,2023-08-26T05:10:33,2023-08-26T05:10:33
7912,92.49,52.01,64,119,True,False,US,AU,2023-08-17,2023-08-17,2024-12-15T13:37:01,
7913,59.67,,107,97,False,False,JP,UK,2024-04-12,2024-04-12,2021-03-16T02:09:47,2021-03-16T02:09:47
7914,37.79,7.62,19,72,False,True,BR,UK,2023-02-14,2023-02-14,2022-11-01T09:56:18,2022-11-01T09:56:18
7915,47.8,36.08,67,,True,True,BR,UK,2020-06-15,2020-06-15,2023-06-23T08:42:40,2023-06-23T08:42:40
7916,82.63,14.52,93,52,False,False,FR,JP,2024-01-22,2024-01-22,2022-01-19T16:12:22,2022-01-19T16:12:22
7917,73.26,80.54,42,4,True,False,US,JP,2020-06-15,2020-06-15,2021-05-24T23:31:16,2021-05-24T23:31:16
7918,77.52,40.2,0,34,False,True,FR,BR,2021-11-08,2021-11-08,2022-12-03T18:20:50,2022-12-03T18:20:50
7919,91.87,16.4,4,40,True,True,UK,CA,2021-12-28,2021-12-28,2023-05-13T09:35:46,2023-05-13T09:35:46
7920,91.88,18.07,76,76,False,True,DE,AU,2024-03-02,2024-03-02,2023-02-27T08:26:26,2023-02-27T08:26:26
7921,70.37,95.44,41,116,False,,JP,DE,2024-02-05,2024-02-05,2022-10-23T07:06:48,2022-10-23T07:06:48
7922,34.4,20.3,21,,True,,FR,UK,2021-10-23,2021-10-23,2021-07-20T13:06:57,2021-07-20T13:06:57
7923,46.03,1.96,51,,True,True,UK,AU,2022-03-31,2022-03-31,2024-10-05T07:43:38,2024-10-05T07:43:38
7924,88.1,66.12,33,41,True,True,FR,US,2023-06-19,2023-06-19,2021-07-31T23:51:17,2021-07-31T23:51:17
7925,81.75,92.29,36,100,True,,AU,DE,2023-11-13,2023-11-13,2024-07-21T03:28:52,2024-07-21T03:28:52
7926,79.73,,86,101,True,,UK,AU,2022-09-18,2022-09-18,2023-06-20T13:50:42,2023-06-20T13:50:42
7927,46.73,55.92,30,62,True,True,AU,US,2021-03-10,2021-03-10,2023-06-02T05:43:51,2023-06-02T05:43:51
7928,28.71,69.26,54,,False,True,BR,AU,2024-06-20,2024-06-20,2023-07-09T09:56:43,2023-07-09T09:56:43
7929,11.11,4.79,93,96,True,True,CA,AU,2023-10-07,2023-10-07,2024-12-07T17:30:11,2024-12-07T17:30:11
7930,89.59,0.4,93,95,False,False,BR,CA,2020-02-10,2020-02-10,2024-02-04T05:15:55,2024-02-04T05:15:55
7931,99.14,56.56,101,69,True,,US,US,2021-06-23,,2024-06-25T18:29:57,2024-06-25T18:29:57
7932,58.79,,49,46,True,True,JP,UK,2022-06-04,2022-06-04,2021-08-19T22:13:23,2021-08-19T22:13:23
7933,74.92,63.45,104,,True,True,AU,JP,2020-01-20,2020-01-20,2023-06-09T08:36:51,
7934,22.1,39.44,96,43,True,True,US,AU,2021-04-19,2021-04-19,2022-12-23T04:25:17,2022-12-23T04:25:17
7935,53.17,39.9,118,82,False,False,DE,,2023-08-28,2023-08-28,2024-11-10T19:40:32,2024-11-10T19:40:32
7936,25.85,41.21,114,77,True,True,BR,FR,2024-01-01,2024-01-01,2023-09-29T02:20:24,2023-09-29T02:20:24
7937,8.66,14.28,119,43,False,True,CA,AU,2020-01-05,2020-01-05,2020-03-08T19:09:12,2020-03-08T19:09:12
7938,29.83,18.86,11,,False,False,CA,US,2021-04-05,2021-04-05,2022-07-18T09:03:45,2022-07-18T09:03:45
7939,80.15,27.03,30,11,False,True,US,DE,2020-01-02,2020-01-02,2021-12-22T22:35:11,2021-12-22T22:35:11
7940,93.46,33.83,76,33,False,True,FR,US,2023-06-08,2023-06-08,2023-05-21T01:12:59,2023-05-21T01:12:59
7941,66.18,51.91,17,23,True,False,BR,FR,2020-09-27,2020-09-27,2024-02-23T16:17:10,
7942,17.86,10.2,46,117,False,False,DE,UK,2022-05-23,2022-05-23,2022-11-13T16:47:57,2022-11-13T16:47:57
7943,35.36,6.46,59,60,False,False,JP,JP,2024-06-18,2024-06-18,2021-11-20T02:49:33,
7944,12.5,27.79,108,80,True,True,JP,CA,2024-09-21,,2020-03-01T19:16:44,2020-03-01T19:16:44
7945,72.57,80.65,74,,True,False,JP,JP,2020-05-28,2020-05-28,2021-10-14T22:24:22,2021-10-14T22:24:22
7946,11.6,96.38,57,44,True,True,DE,US,2023-06-20,2023-06-20,2020-05-17T14:07:58,2020-05-17T14:07:58
7947,89.4,25.6,91,55,True,True,CA,UK,2023-04-15,2023-04-15,2024-11-22T10:29:29,2024-11-22T10:29:29
7948,32.81,,76,80,True,True,CA,,2020-09-19,,2020-08-27T14:45:59,2020-08-27T14:45:59
7949,2.58,13.06,75,112,False,False,DE,AU,2020-01-25,2020-01-25,2021-06-13T21:45:49,
7950,55.46,95.85,115,,True,True,DE,BR,2021-11-07,2021-11-07,2021-03-16T01:51:29,2021-03-16T01:51:29
7951,65.32,5.81,27,95,True,True,AU,BR,2023-12-02,2023-12-02,2022-02-20T14:41:24,2022-02-20T14:41:24
7952,97.69,38.84,100,18,False,,DE,AU,2023-08-07,2023-08-07,2020-01-02T07:41:11,2020-01-02T07:41:11
7953,41.34,24.36,76,69,True,True,BR,,2023-01-07,2023-01-07,2023-09-16T15:51:22,2023-09-16T15:51:22
7954,84.47,,57,61,True,True,JP,US,2020-11-17,2020-11-17,2022-03-20T22:32:12,2022-03-20T22:32:12
7955,61.22,93.69,106,84,False,False,AU,DE,2020-05-31,2020-05-31,2023-09-11T06:09:41,2023-09-11T06:09:41
7956,94.33,,37,59,True,False,US,JP,2023-11-21,2023-11-21,2022-08-09T17:38:56,
7957,12.43,71.05,111,,False,True,JP,CA,2022-12-28,2022-12-28,2023-07-11T17:57:15,2023-07-11T17:57:15
7958,60.28,63.18,17,68,True,True,JP,DE,2021-05-25,2021-05-25,2022-03-07T00:01:46,2022-03-07T00:01:46
7959,77.14,3.13,71,29,False,False,AU,,2022-06-08,2022-06-08,2023-06-16T07:10:16,2023-06-16T07:10:16
7960,31.6,50.96,66,,True,,BR,,2022-03-09,,2020-05-31T07:04:59,
7961,61.91,73.36,117,78,False,,FR,FR,2023-08-02,2023-08-02,2022-02-02T02:31:57,2022-02-02T02:31:57
7962,58.08,95.86,63,61,True,True,JP,AU,2021-05-14,2021-05-14,2023-08-01T15:42:57,2023-08-01T15:42:57
7963,38.52,33.59,92,16,True,True,US,BR,2022-12-29,,2020-11-17T04:52:30,2020-11-17T04:52:30
7964,60.95,28.23,44,,False,False,DE,CA,2022-07-26,2022-07-26,2023-10-12T06:13:38,2023-10-12T06:13:38
7965,33.46,93.7,66,,True,,JP,US,2021-07-15,,2024-11-15T22:55:12,2024-11-15T22:55:12
7966,93.34,15.65,38,10,False,False,US,UK,2020-01-17,2020-01-17,2024-04-07T22:47:51,2024-04-07T22:47:51
7967,57.77,57.89,21,59,True,,FR,DE,2024-09-30,2024-09-30,2022-01-06T05:53:50,2022-01-06T05:53:50
7968,43.23,,58,77,True,True,DE,DE,2024-08-04,2024-08-04,2020-10-28T21:55:51,2020-10-28T21:55:51
7969,73.18,,3,27,False,False,CA,BR,2023-04-04,2023-04-04,2020-02-26T19:57:54,2020-02-26T19:57:54
7970,65.67,55.1,12,,True,True,FR,JP,2021-09-18,,2024-07-03T18:14:15,2024-07-03T18:14:15
7971,83.46,89.39,74,15,False,False,CA,JP,2022-09-25,2022-09-25,2024-09-26T07:42:43,2024-09-26T07:42:43
7972,26.97,71.52,8,96,False,True,FR,JP,2023-10-25,2023-10-25,2021-01-19T15:13:56,2021-01-19T15:13:56
7973,30.07,,30,23,False,True,UK,UK,2023-02-01,2023-02-01,2021-11-16T18:46:09,2021-11-16T18:46:09
7974,66.39,29.36,70,18,True,False,BR,FR,2020-05-16,2020-05-16,2024-09-12T18:46:11,2024-09-12T18:46:11
7975,71.08,45.54,41,64,False,False,DE,UK,2022-10-12,2022-10-12,2023-12-01T01:17:09,2023-12-01T01:17:09
7976,96.14,61.89,63,95,True,True,JP,DE,2020-10-02,2020-10-02,2020-09-13T21:05:38,2020-09-13T21:05:38
7977,40.61,51.64,114,60,False,,JP,UK,2023-05-02,2023-05-02,2020-03-24T16:56:55,2020-03-24T16:56:55
7978,97.68,7.51,75,,False,False,FR,US,2023-06-17,2023-06-17,2024-07-06T07:44:03,2024-07-06T07:44:03
7979,12.96,,110,51,True,False,BR,AU,2021-12-21,2021-12-21,2024-11-28T17:10:25,2024-11-28T17:10:25
7980,71.98,21.46,27,115,False,,BR,BR,2021-12-22,2021-12-22,2024-08-17T02:31:40,2024-08-17T02:31:40
7981,51.75,75.76,77,0,False,False,UK,BR,2020-01-16,2020-01-16,2023-11-01T07:59:33,2023-11-01T07:59:33
7982,15.16,18.25,91,41,True,True,FR,US,2020-08-19,2020-08-19,2021-12-14T11:33:09,2021-12-14T11:33:09
7983,2.97,52.14,1,60,False,True,DE,FR,2020-03-28,2020-03-28,2022-10-31T14:23:24,2022-10-31T14:23:24
7984,88.83,43.33,79,90,True,False,AU,CA,2022-05-24,2022-05-24,2024-04-29T19:38:21,2024-04-29T19:38:21
7985,99.5,30.11,80,84,True,False,CA,,2020-01-16,2020-01-16,2023-03-16T18:47:38,2023-03-16T18:47:38
7986,36.25,18.71,24,82,False,True,JP,FR,2021-02-25,2021-02-25,2023-05-17T19:47:02,2023-05-17T19:47:02
7987,12.53,40.76,27,87,True,False,CA,BR,2024-01-27,2024-01-27,2020-01-08T14:03:45,2020-01-08T14:03:45
7988,6.05,41.86,86,,False,,FR,US,2022-05-04,2022-05-04,2021-12-28T19:20:38,2021-12-28T19:20:38
7989,12.45,86.34,41,94,False,True,BR,,2023-11-01,2023-11-01,2024-09-04T07:03:56,
7990,86.11,4.77,8,13,False,True,JP,DE,2022-11-19,2022-11-19,2021-01-16T19:49:19,2021-01-16T19:49:19
7991,82.77,25.24,112,97,True,False,CA,,2021-12-21,2021-12-21,2020-04-09T04:01:53,2020-04-09T04:01:53
7992,86.91,7.28,100,82,True,True,BR,FR,2020-01-26,2020-01-26,2023-03-15T02:47:20,2023-03-15T02:47:20
7993,83.56,58.83,54,51,False,,BR,CA,2020-04-12,2020-04-12,2022-12-04T00:28:13,2022-12-04T00:28:13
7994,52.71,25.17,42,85,True,True,FR,BR,2022-08-06,2022-08-06,2024-07-14T01:36:39,2024-07-14T01:36:39
7995,97.25,75.65,15,106,True,,FR,JP,2021-05-10,2021-05-10,2024-06-03T21:02:06,2024-06-03T21:02:06
7996,40.32,76.27,109,96,True,True,AU,BR,2024-10-12,2024-10-12,2022-02-06T16:51:12,2022-02-06T16:51:12
7997,15.91,5.96,25,11,True,True,US,DE,2024-08-01,2024-08-01,2023-02-21T14:42:05,2023-02-21T14:42:05
7998,97.86,,59,40,True,True,DE,JP,2020-06-15,2020-06-15,2022-02-04T02:35:04,2022-02-04T02:35:04
7999,19.1,65.14,108,90,True,False,CA,US,2022-08-17,2022-08-17,2022-11-09T03:46:45,2022-11-09T03:46:45
8000,6.34,24.97,10,47,True,False,FR,DE,2023-04-10,2023-04-10,2022-05-25T12:07:58,2022-05-25T12:07:58
8001,27.0,95.12,90,57,False,,DE,AU,2024-03-23,2024-03-23,2024-03-12T09:17:55,2024-03-12T09:17:55
8002,53.93,9.99,21,75,True,False,FR,FR,2024-06-07,2024-06-07,2024-03-30T01:12:28,2024-03-30T01:12:28
8003,40.49,70.0,77,114,True,True,US,AU,2023-11-15,2023-11-15,2023-08-05T18:41:49,2023-08-05T18:41:49
8004,78.91,78.01,111,61,False,False,AU,JP,2020-12-13,2020-12-13,2021-04-10T22:47:31,2021-04-10T22:47:31
8005,83.3,39.11,59,,True,True,DE,CA,2021-12-03,2021-12-03,2024-12-19T14:01:13,
8006,17.75,90.59,105,57,False,False,DE,FR,2021-06-22,2021-06-22,2021-11-05T02:43:56,2021-11-05T02:43:56
8007,43.45,60.71,84,5,False,False,FR,UK,2023-10-01,2023-10-01,2020-12-29T12:08:35,2020-12-29T12:08:35
8008,52.22,79.21,43,67,True,True,JP,JP,2024-07-30,2024-07-30,2022-04-19T05:23:25,2022-04-19T05:23:25
8009,12.44,20.31,112,5,True,True,JP,CA,2022-11-02,,2021-01-16T16:08:31,2021-01-16T16:08:31
8010,62.66,13.26,93,87,True,True,US,DE,2020-10-22,2020-10-22,2023-10-25T15:32:24,2023-10-25T15:32:24
8011,40.51,52.03,6,,True,False,US,,2020-03-18,2020-03-18,2022-02-21T07:09:22,2022-02-21T07:09:22
8012,6.43,23.14,51,50,False,True,BR,CA,2024-08-02,2024-08-02,2021-06-15T18:48:43,2021-06-15T18:48:43
8013,8.69,13.13,5,29,True,True,CA,BR,2020-04-21,2020-04-21,2023-09-01T12:48:53,2023-09-01T12:48:53
8014,80.88,33.83,61,51,False,False,US,BR,2023-12-04,2023-12-04,2021-08-04T06:15:32,2021-08-04T06:15:32
8015,26.18,,111,0,True,True,FR,US,2020-02-04,2020-02-04,2023-07-22T06:27:40,2023-07-22T06:27:40
8016,86.89,96.73,30,84,True,False,UK,,2021-12-08,2021-12-08,2020-09-03T23:27:23,2020-09-03T23:27:23
8017,81.22,50.4,102,4,True,,BR,US,2023-04-05,2023-04-05,2024-11-04T02:03:20,2024-11-04T02:03:20
8018,16.17,30.81,103,39,False,True,AU,AU,2020-02-14,2020-02-14,2023-08-28T08:32:45,2023-08-28T08:32:45
8019,64.46,30.46,65,2,False,,AU,BR,2023-04-03,2023-04-03,2020-11-10T19:10:28,2020-11-10T19:10:28
8020,63.84,77.75,114,,False,False,FR,DE,2021-07-07,2021-07-07,2024-08-24T12:37:32,
8021,43.17,34.65,20,89,False,True,AU,AU,2022-06-12,2022-06-12,2020-11-12T20:39:47,2020-11-12T20:39:47
8022,67.78,2.14,118,73,False,False,BR,UK,2024-09-23,2024-09-23,2021-08-27T15:35:36,2021-08-27T15:35:36
8023,20.82,32.74,97,69,False,True,AU,JP,2023-02-26,,2022-05-25T04:09:07,
8024,51.44,22.76,81,,True,False,DE,DE,2024-03-02,2024-03-02,2021-07-09T04:30:30,2021-07-09T04:30:30
8025,35.56,43.84,92,61,False,False,AU,UK,2021-11-16,2021-11-16,2021-05-04T00:47:10,2021-05-04T00:47:10
8026,69.2,35.37,82,78,True,False,CA,BR,2022-06-13,2022-06-13,2023-10-24T10:30:24,2023-10-24T10:30:24
8027,34.62,18.1,10,46,True,True,BR,JP,2022-12-29,2022-12-29,2022-04-07T20:48:58,2022-04-07T20:48:58
8028,76.9,52.08,94,102,True,True,CA,JP,2020-05-28,2020-05-28,2024-09-10T10:31:17,2024-09-10T10:31:17
8029,20.04,93.56,90,63,True,False,BR,JP,2020-10-03,2020-10-03,2022-09-25T19:40:25,2022-09-25T19:40:25
8030,67.56,54.99,64,15,True,False,BR,AU,2021-11-16,2021-11-16,2021-08-25T22:06:22,2021-08-25T22:06:22
8031,62.47,59.55,98,31,True,False,DE,FR,2022-02-19,2022-02-19,2022-08-12T10:09:07,2022-08-12T10:09:07
8032,82.84,74.78,70,32,False,True,FR,DE,2024-02-20,2024-02-20,2024-04-25T18:13:18,2024-04-25T18:13:18
8033,38.97,13.49,69,84,False,True,US,US,2024-02-12,2024-02-12,2021-07-19T05:29:59,2021-07-19T05:29:59
8034,36.6,6.15,77,61,False,True,CA,AU,2023-04-07,2023-04-07,2023-11-14T15:04:14,2023-11-14T15:04:14
8035,73.7,25.33,66,19,True,False,BR,BR,2020-09-01,2020-09-01,2023-07-28T12:12:57,2023-07-28T12:12:57
8036,9.22,6.25,50,17,False,True,CA,UK,2022-08-30,2022-08-30,2021-06-05T14:59:54,2021-06-05T14:59:54
8037,35.1,77.17,112,112,True,True,BR,UK,2020-07-02,2020-07-02,2020-11-11T14:05:41,2020-11-11T14:05:41
8038,46.91,0.82,70,49,True,,CA,JP,2024-11-11,2024-11-11,2022-07-01T15:35:37,2022-07-01T15:35:37
8039,7.22,16.65,20,55,True,,FR,DE,2020-04-17,2020-04-17,2024-02-11T14:06:14,2024-02-11T14:06:14
8040,97.38,77.55,46,98,False,True,DE,US,2021-05-26,2021-05-26,2020-03-14T22:45:05,2020-03-14T22:45:05
8041,76.07,63.35,56,16,False,False,AU,,2023-05-10,2023-05-10,2024-09-26T17:50:42,2024-09-26T17:50:42
8042,46.35,8.06,90,35,True,,AU,US,2022-10-13,2022-10-13,2022-04-27T13:18:35,2022-04-27T13:18:35
8043,64.42,55.61,70,80,False,False,JP,AU,2020-04-15,2020-04-15,2024-07-28T12:54:37,
8044,53.68,34.11,40,47,False,,JP,,2020-08-15,2020-08-15,2023-08-27T20:22:37,2023-08-27T20:22:37
8045,13.13,67.81,55,51,True,False,CA,CA,2024-01-31,2024-01-31,2020-07-12T10:13:34,2020-07-12T10:13:34
8046,8.02,42.04,119,,True,True,UK,US,2023-11-12,2023-11-12,2022-04-24T09:10:28,2022-04-24T09:10:28
8047,24.07,,63,25,False,True,JP,UK,2022-12-09,2022-12-09,2023-01-21T20:52:02,2023-01-21T20:52:02
8048,48.84,74.42,97,31,True,True,DE,UK,2022-05-22,2022-05-22,2022-02-02T17:53:32,
8049,96.76,,42,56,True,True,DE,FR,2021-12-07,2021-12-07,2022-04-01T00:34:41,2022-04-01T00:34:41
8050,45.77,26.19,53,68,True,True,US,US,2020-08-30,2020-08-30,2023-11-06T22:05:08,
8051,53.08,57.54,87,67,True,False,UK,AU,2022-09-23,2022-09-23,2022-02-25T17:37:36,
8052,29.94,71.01,69,24,True,True,UK,AU,2023-12-18,,2022-12-20T22:25:12,2022-12-20T22:25:12
8053,87.95,92.86,25,91,True,True,UK,JP,2022-12-24,2022-12-24,2024-05-13T04:20:17,2024-05-13T04:20:17
8054,97.4,53.31,4,87,False,False,AU,CA,2022-04-26,,2022-03-21T13:46:25,2022-03-21T13:46:25
8055,16.54,57.92,84,54,True,True,US,US,2022-02-25,2022-02-25,2024-02-13T07:19:17,
8056,55.39,53.78,21,76,True,,US,BR,2022-06-23,2022-06-23,2024-09-15T23:37:58,2024-09-15T23:37:58
8057,45.9,,111,48,False,True,US,JP,2021-03-14,,2021-04-25T07:34:56,2021-04-25T07:34:56
8058,90.63,55.79,109,93,True,True,AU,UK,2020-02-19,2020-02-19,2020-07-26T22:11:10,
8059,32.01,52.01,70,112,True,True,BR,CA,2021-08-03,2021-08-03,2021-08-10T16:43:02,2021-08-10T16:43:02
8060,70.79,70.98,53,103,True,False,FR,BR,2024-05-14,2024-05-14,2023-09-08T17:58:56,2023-09-08T17:58:56
8061,91.1,,46,98,True,False,UK,UK,2021-05-29,2021-05-29,2021-05-13T11:56:47,2021-05-13T11:56:47
8062,89.49,77.29,41,32,True,True,BR,CA,2020-07-21,2020-07-21,2022-02-03T02:34:10,2022-02-03T02:34:10
8063,76.44,,91,,True,True,BR,CA,2022-07-19,2022-07-19,2023-07-17T12:12:24,2023-07-17T12:12:24
8064,27.32,,23,41,True,True,JP,CA,2023-12-21,2023-12-21,2023-01-10T10:58:52,2023-01-10T10:58:52
8065,40.08,32.89,47,37,False,False,FR,US,2023-01-08,2023-01-08,2020-09-20T17:16:41,
8066,86.88,37.01,59,75,True,False,CA,BR,2021-08-27,2021-08-27,2021-02-25T22:01:48,2021-02-25T22:01:48
8067,54.86,99.55,71,,True,True,UK,FR,2022-10-26,2022-10-26,2023-05-11T09:37:23,2023-05-11T09:37:23
8068,60.73,65.71,51,18,False,False,BR,BR,2022-07-25,2022-07-25,2021-03-19T04:23:01,2021-03-19T04:23:01
8069,88.67,21.86,70,45,False,,JP,AU,2023-11-02,2023-11-02,2024-07-09T19:02:35,2024-07-09T19:02:35
8070,23.47,13.56,71,78,False,True,AU,FR,2023-05-03,2023-05-03,2023-02-26T11:23:33,2023-02-26T11:23:33
8071,96.42,30.98,56,85,True,False,AU,FR,2021-11-04,2021-11-04,2023-10-11T09:03:09,2023-10-11T09:03:09
8072,78.66,63.87,90,,False,True,CA,BR,2020-03-03,2020-03-03,2024-11-23T06:38:02,2024-11-23T06:38:02
8073,58.88,70.43,42,72,True,False,FR,,2020-05-07,2020-05-07,2020-11-27T21:20:51,2020-11-27T21:20:51
8074,51.77,8.19,109,52,True,False,UK,BR,2024-10-28,2024-10-28,2023-02-23T08:39:14,2023-02-23T08:39:14
8075,91.47,30.37,47,110,True,False,CA,UK,2021-06-26,2021-06-26,2024-07-29T11:56:24,2024-07-29T11:56:24
8076,88.22,31.58,11,98,False,True,UK,CA,2023-09-05,2023-09-05,2022-11-26T08:44:35,
8077,40.12,37.71,27,38,False,True,BR,UK,2021-06-06,2021-06-06,2023-11-01T17:12:55,2023-11-01T17:12:55
8078,26.51,92.81,2,93,True,True,AU,AU,2024-10-13,2024-10-13,2023-10-02T14:46:59,2023-10-02T14:46:59
8079,81.19,,63,60,True,True,FR,JP,2023-05-03,2023-05-03,2020-07-06T22:42:54,2020-07-06T22:42:54
8080,69.04,79.65,50,95,False,False,JP,US,2022-02-21,2022-02-21,2023-01-12T09:44:17,2023-01-12T09:44:17
8081,58.87,87.05,99,83,True,False,JP,FR,2020-08-05,2020-08-05,2023-06-05T04:16:04,2023-06-05T04:16:04
8082,94.91,9.19,62,76,True,False,DE,CA,2023-12-28,,2024-09-11T05:54:06,2024-09-11T05:54:06
8083,29.73,23.7,85,107,False,True,AU,BR,2022-02-27,2022-02-27,2020-02-08T22:41:33,2020-02-08T22:41:33
8084,94.65,28.12,63,37,False,False,CA,JP,2020-02-12,2020-02-12,2022-08-01T12:14:35,2022-08-01T12:14:35
8085,93.84,84.71,68,2,False,False,AU,AU,2021-09-02,2021-09-02,2020-03-03T15:46:30,2020-03-03T15:46:30
8086,21.06,12.39,9,4,False,True,UK,DE,2020-06-05,2020-06-05,2021-11-23T02:33:14,2021-11-23T02:33:14
8087,40.2,59.23,104,100,True,True,UK,BR,2020-03-02,,2024-05-17T05:46:17,
8088,72.45,,21,21,False,False,BR,UK,2020-09-02,2020-09-02,2020-09-28T11:40:37,2020-09-28T11:40:37
8089,9.96,83.14,64,,True,False,FR,UK,2024-05-03,2024-05-03,2021-05-31T21:26:00,2021-05-31T21:26:00
8090,8.61,80.2,54,60,True,False,UK,BR,2022-04-17,,2023-12-13T06:19:01,2023-12-13T06:19:01
8091,56.4,74.2,32,105,True,False,UK,FR,2023-07-10,2023-07-10,2020-07-27T00:03:17,2020-07-27T00:03:17
8092,40.82,58.89,48,,False,True,AU,,2023-01-02,2023-01-02,2023-05-25T02:12:28,2023-05-25T02:12:28
8093,87.18,76.1,52,,True,False,BR,AU,2020-12-29,2020-12-29,2022-08-24T19:26:25,2022-08-24T19:26:25
8094,25.75,17.8,103,80,False,False,UK,AU,2022-11-10,2022-11-10,2021-09-29T19:49:21,2021-09-29T19:49:21
8095,16.83,37.21,85,77,True,,BR,US,2023-10-26,2023-10-26,2020-02-19T08:12:13,2020-02-19T08:12:13
8096,97.09,3.95,5,99,False,True,JP,JP,2022-11-03,2022-11-03,2021-02-06T02:43:30,2021-02-06T02:43:30
8097,95.61,59.22,90,50,False,False,JP,US,2021-05-09,2021-05-09,2021-04-27T12:17:51,2021-04-27T12:17:51
8098,93.89,11.48,101,12,True,True,FR,US,2022-11-27,2022-11-27,2020-06-02T02:29:36,
8099,49.76,98.98,54,61,True,False,DE,DE,2021-08-19,2021-08-19,2024-09-01T22:04:21,2024-09-01T22:04:21
8100,72.93,44.91,49,84,True,True,AU,BR,2022-11-06,2022-11-06,2023-03-05T10:04:08,2023-03-05T10:04:08
8101,56.09,5.16,101,56,True,,AU,CA,2022-05-24,2022-05-24,2022-04-07T21:17:27,2022-04-07T21:17:27
8102,54.39,74.73,31,105,True,True,US,UK,2023-09-15,,2023-02-14T07:44:20,2023-02-14T07:44:20
8103,35.72,1.35,17,112,False,True,FR,FR,2022-06-03,2022-06-03,2023-02-01T19:45:15,2023-02-01T19:45:15
8104,41.74,49.72,41,,False,False,BR,FR,2023-09-01,2023-09-01,2022-07-27T20:25:45,2022-07-27T20:25:45
8105,22.12,88.92,108,10,False,,AU,DE,2020-04-29,2020-04-29,2022-06-29T18:29:12,2022-06-29T18:29:12
8106,6.49,20.22,13,21,True,True,BR,BR,2023-07-17,2023-07-17,2023-07-19T21:38:41,2023-07-19T21:38:41
8107,93.73,80.09,119,105,False,True,US,CA,2023-04-01,2023-04-01,2021-04-18T05:18:34,2021-04-18T05:18:34
8108,56.26,88.68,26,59,True,True,CA,,2021-12-23,2021-12-23,2023-01-02T00:25:15,2023-01-02T00:25:15
8109,41.88,5.05,72,34,False,False,BR,,2023-03-14,2023-03-14,2020-08-26T08:51:02,2020-08-26T08:51:02
8110,83.12,10.85,93,100,False,False,BR,FR,2024-10-21,2024-10-21,2022-01-24T05:40:29,2022-01-24T05:40:29
8111,39.76,,118,6,True,False,DE,AU,2024-06-11,2024-06-11,2023-11-12T20:41:14,2023-11-12T20:41:14
8112,37.78,19.28,79,96,True,False,CA,FR,2024-03-23,2024-03-23,2022-01-10T20:02:37,2022-01-10T20:02:37
8113,58.2,,114,26,False,,DE,FR,2020-06-17,2020-06-17,2020-06-21T16:22:52,2020-06-21T16:22:52
8114,77.65,74.98,33,51,True,False,AU,BR,2020-02-13,2020-02-13,2022-09-11T11:38:21,2022-09-11T11:38:21
8115,30.22,26.54,28,79,False,False,US,CA,2021-04-09,2021-04-09,2020-08-07T15:36:33,
8116,34.62,39.85,6,60,False,True,DE,UK,2023-12-02,2023-12-02,2024-12-23T10:58:38,2024-12-23T10:58:38
8117,45.69,71.12,70,111,False,True,UK,BR,2020-06-22,,2022-12-19T09:52:42,2022-12-19T09:52:42
8118,23.61,89.67,111,73,False,True,BR,FR,2020-12-14,2020-12-14,2022-12-10T13:46:56,2022-12-10T13:46:56
8119,45.08,87.87,53,46,True,False,US,CA,2023-02-11,2023-02-11,2021-02-23T21:41:30,2021-02-23T21:41:30
8120,82.53,29.39,87,,False,True,BR,US,2021-08-20,2021-08-20,2024-04-05T21:12:58,2024-04-05T21:12:58
8121,1.85,1.06,95,7,True,False,FR,CA,2020-07-23,2020-07-23,2022-07-12T16:37:19,2022-07-12T16:37:19
8122,77.63,24.9,112,110,False,False,DE,DE,2023-08-10,2023-08-10,2023-07-11T04:09:17,2023-07-11T04:09:17
8123,46.75,97.84,19,18,True,False,BR,FR,2024-10-18,2024-10-18,2021-09-29T21:34:53,2021-09-29T21:34:53
8124,5.57,86.14,67,76,False,,BR,BR,2023-06-11,2023-06-11,2022-12-04T18:38:46,2022-12-04T18:38:46
8125,5.4,84.7,83,114,False,False,JP,US,2023-04-16,2023-04-16,2023-05-27T09:45:33,2023-05-27T09:45:33
8126,2.48,77.5,116,115,True,True,FR,FR,2020-08-19,2020-08-19,2022-10-01T05:13:25,2022-10-01T05:13:25
8127,22.01,32.79,26,48,False,False,US,BR,2020-05-21,2020-05-21,2022-02-20T09:05:22,2022-02-20T09:05:22
8128,77.24,97.66,11,56,True,True,US,US,2023-02-06,2023-02-06,2022-05-21T14:32:06,2022-05-21T14:32:06
8129,28.74,17.79,45,62,False,,CA,CA,2020-09-11,2020-09-11,2024-11-06T17:21:39,2024-11-06T17:21:39
8130,8.71,1.99,61,72,False,True,FR,US,2023-02-28,2023-02-28,2023-03-08T05:27:05,2023-03-08T05:27:05
8131,90.79,7.76,32,12,True,False,UK,US,2022-04-18,2022-04-18,2020-11-08T01:36:28,
8132,66.27,91.0,40,30,False,False,CA,CA,2021-07-11,2021-07-11,2023-10-15T20:10:09,2023-10-15T20:10:09
8133,65.13,9.48,102,91,True,True,BR,,2021-08-27,2021-08-27,2023-03-15T23:03:18,2023-03-15T23:03:18
8134,83.28,94.8,56,,False,True,FR,,2024-05-29,2024-05-29,2020-02-08T09:23:28,2020-02-08T09:23:28
8135,56.58,71.5,37,51,True,False,JP,US,2023-01-31,2023-01-31,2020-08-05T18:01:01,2020-08-05T18:01:01
8136,18.76,,89,95,True,False,UK,US,2024-01-24,2024-01-24,2020-04-08T04:05:08,2020-04-08T04:05:08
8137,77.66,74.53,119,23,False,False,CA,JP,2020-05-21,2020-05-21,2022-12-09T21:05:45,2022-12-09T21:05:45
8138,36.6,,49,50,True,True,US,US,2024-11-21,2024-11-21,2023-08-12T23:37:31,
8139,73.41,97.09,79,115,True,True,AU,FR,2021-05-28,2021-05-28,2023-11-10T20:23:59,2023-11-10T20:23:59
8140,56.58,35.62,91,104,True,,US,UK,2022-09-21,2022-09-21,2024-05-16T15:22:15,2024-05-16T15:22:15
8141,97.13,81.29,51,23,False,False,AU,,2023-02-28,2023-02-28,2021-09-23T00:54:34,2021-09-23T00:54:34
8142,9.4,56.21,112,,True,True,CA,UK,2022-10-02,2022-10-02,2021-07-29T06:06:07,2021-07-29T06:06:07
8143,40.13,,61,88,True,False,US,,2020-06-03,2020-06-03,2022-09-15T20:22:01,2022-09-15T20:22:01
8144,21.49,41.86,9,53,True,True,CA,,2021-10-05,2021-10-05,2021-04-18T21:27:20,2021-04-18T21:27:20
8145,94.56,,118,34,False,True,FR,US,2020-11-29,2020-11-29,2022-03-10T22:26:26,2022-03-10T22:26:26
8146,26.51,41.79,33,73,True,True,AU,FR,2022-03-13,2022-03-13,2024-02-14T00:06:26,2024-02-14T00:06:26
8147,79.02,42.42,40,14,True,True,FR,FR,2023-10-09,2023-10-09,2022-12-22T11:14:51,2022-12-22T11:14:51
8148,20.03,,96,1,True,False,BR,,2022-08-02,2022-08-02,2021-12-25T20:52:17,2021-12-25T20:52:17
8149,28.26,20.16,36,83,False,False,AU,FR,2020-11-16,2020-11-16,2024-03-04T12:49:02,2024-03-04T12:49:02
8150,54.89,63.04,45,95,True,True,FR,FR,2023-05-05,2023-05-05,2021-10-13T05:08:27,2021-10-13T05:08:27
8151,40.7,,73,119,False,True,DE,CA,2021-10-17,2021-10-17,2024-09-05T21:53:04,2024-09-05T21:53:04
8152,73.87,14.86,31,106,False,True,AU,FR,2020-08-28,2020-08-28,2023-04-17T09:18:39,2023-04-17T09:18:39
8153,92.09,15.61,29,90,True,True,BR,UK,2020-02-24,2020-02-24,2022-12-12T12:46:36,2022-12-12T12:46:36
8154,2.53,16.2,91,61,True,True,US,FR,2020-08-24,2020-08-24,2020-04-19T19:41:02,2020-04-19T19:41:02
8155,37.03,95.5,36,71,True,True,DE,UK,2021-01-01,2021-01-01,2020-02-25T10:43:46,2020-02-25T10:43:46
8156,18.29,,60,13,True,False,CA,UK,2024-07-18,2024-07-18,2023-03-27T14:11:32,2023-03-27T14:11:32
8157,37.9,,102,,True,True,US,AU,2023-06-28,2023-06-28,2020-02-23T16:04:15,2020-02-23T16:04:15
8158,27.77,66.77,103,15,True,False,BR,JP,2022-09-12,2022-09-12,2024-11-10T22:56:24,2024-11-10T22:56:24
8159,56.48,20.11,44,2,False,,BR,BR,2023-10-19,2023-10-19,2024-05-09T19:59:53,2024-05-09T19:59:53
8160,83.73,5.75,38,65,True,True,AU,UK,2022-12-11,2022-12-11,2021-05-12T17:57:57,2021-05-12T17:57:57
8161,22.84,31.43,7,35,False,True,JP,AU,2024-04-07,,2022-04-13T14:07:11,2022-04-13T14:07:11
8162,92.75,97.67,98,53,True,False,DE,,2024-03-05,2024-03-05,2022-09-24T17:55:47,2022-09-24T17:55:47
8163,90.08,58.78,11,76,False,,DE,BR,2024-06-29,2024-06-29,2020-10-19T21:30:28,2020-10-19T21:30:28
8164,8.5,4.13,63,8,False,True,FR,CA,2020-01-24,2020-01-24,2024-06-21T11:41:39,2024-06-21T11:41:39
8165,56.51,61.91,11,61,False,False,US,US,2021-02-18,2021-02-18,2021-11-15T15:10:15,2021-11-15T15:10:15
8166,56.36,54.0,96,103,True,True,UK,UK,2024-05-21,2024-05-21,2024-11-04T11:41:41,2024-11-04T11:41:41
8167,77.77,31.4,97,88,False,True,FR,CA,2021-05-20,2021-05-20,2022-08-11T20:02:04,2022-08-11T20:02:04
8168,11.69,65.8,114,42,True,False,FR,JP,2024-05-18,2024-05-18,2021-10-15T01:08:51,2021-10-15T01:08:51
8169,65.31,29.92,16,11,True,True,CA,AU,2022-04-12,2022-04-12,2024-11-02T19:04:50,2024-11-02T19:04:50
8170,66.25,50.87,22,96,True,True,UK,FR,2021-06-17,2021-06-17,2023-01-01T19:17:27,2023-01-01T19:17:27
8171,35.33,46.55,52,37,True,,UK,JP,2021-09-03,2021-09-03,2024-12-02T17:08:15,2024-12-02T17:08:15
8172,28.58,5.2,90,,False,True,CA,JP,2021-02-04,2021-02-04,2020-02-06T22:54:53,2020-02-06T22:54:53
8173,43.66,,6,5,False,False,FR,US,2020-08-10,2020-08-10,2021-05-16T11:30:47,2021-05-16T11:30:47
8174,34.39,96.37,93,,True,False,AU,UK,2024-03-23,2024-03-23,2021-01-28T23:34:30,2021-01-28T23:34:30
8175,83.49,4.83,44,48,False,True,JP,FR,2023-05-29,2023-05-29,2023-01-26T12:02:59,2023-01-26T12:02:59
8176,45.56,62.17,38,0,True,False,DE,US,2021-12-03,,2022-01-03T08:28:36,2022-01-03T08:28:36
8177,83.38,28.78,59,118,True,False,CA,BR,2021-02-23,2021-02-23,2024-10-18T15:41:06,2024-10-18T15:41:06
8178,84.76,91.26,42,36,False,True,CA,,2022-08-05,2022-08-05,2020-05-18T16:40:36,2020-05-18T16:40:36
8179,32.64,28.15,17,32,False,False,FR,FR,2020-04-03,,2020-06-21T18:32:24,2020-06-21T18:32:24
8180,52.48,0.48,89,12,False,True,JP,UK,2023-12-19,2023-12-19,2023-04-12T19:50:01,2023-04-12T19:50:01
8181,2.68,23.24,30,84,True,False,CA,DE,2023-06-21,2023-06-21,2021-08-18T13:26:06,2021-08-18T13:26:06
8182,50.21,12.13,22,18,False,True,US,UK,2021-12-20,2021-12-20,2024-11-10T17:41:04,2024-11-10T17:41:04
8183,40.26,91.01,30,118,False,True,FR,US,2023-02-08,2023-02-08,2024-12-18T22:00:35,2024-12-18T22:00:35
8184,59.68,24.98,55,36,False,,US,BR,2022-06-13,2022-06-13,2020-03-25T06:45:53,2020-03-25T06:45:53
8185,76.49,56.56,99,,True,False,JP,BR,2021-08-02,2021-08-02,2021-02-09T17:26:40,2021-02-09T17:26:40
8186,84.52,24.09,36,27,False,False,UK,,2022-03-10,2022-03-10,2022-12-03T05:32:34,2022-12-03T05:32:34
8187,63.76,38.72,7,22,True,True,UK,UK,2023-11-06,2023-11-06,2024-02-04T01:54:02,2024-02-04T01:54:02
8188,32.46,89.02,64,90,True,True,DE,,2020-07-15,2020-07-15,2021-05-24T06:28:49,2021-05-24T06:28:49
8189,40.92,53.27,21,51,True,True,JP,CA,2023-03-29,2023-03-29,2021-01-06T21:52:57,2021-01-06T21:52:57
8190,39.0,93.77,0,40,True,False,CA,AU,2024-11-08,2024-11-08,2024-10-08T13:15:52,2024-10-08T13:15:52
8191,67.11,51.56,15,79,False,True,JP,JP,2022-02-26,2022-02-26,2022-12-07T19:13:00,2022-12-07T19:13:00
8192,45.5,26.11,1,21,False,False,JP,US,2023-10-17,2023-10-17,2021-08-02T13:02:24,2021-08-02T13:02:24
8193,57.4,,35,81,False,True,UK,UK,2020-05-20,2020-05-20,2024-05-24T09:53:15,
8194,83.2,19.75,41,56,True,,DE,BR,2022-03-13,2022-03-13,2024-08-26T12:35:33,2024-08-26T12:35:33
8195,16.83,3.91,28,102,True,False,UK,US,2020-03-14,2020-03-14,2022-09-14T09:27:09,2022-09-14T09:27:09
8196,8.9,16.27,104,68,True,True,DE,UK,2022-04-01,2022-04-01,2021-02-27T16:03:54,2021-02-27T16:03:54
8197,55.23,53.38,3,55,False,True,CA,FR,2020-09-20,2020-09-20,2020-06-19T19:19:11,2020-06-19T19:19:11
8198,44.43,1.39,66,36,True,False,UK,US,2022-07-26,2022-07-26,2020-05-03T06:43:03,2020-05-03T06:43:03
8199,50.56,67.22,7,30,True,False,BR,CA,2020-12-15,2020-12-15,2021-01-16T10:19:00,2021-01-16T10:19:00
8200,91.35,28.24,60,47,True,False,AU,FR,2024-05-01,2024-05-01,2024-02-06T08:10:18,2024-02-06T08:10:18
8201,2.45,,53,23,False,True,JP,AU,2020-06-26,2020-06-26,2022-06-16T16:30:00,2022-06-16T16:30:00
8202,61.39,35.16,95,97,True,False,AU,US,2020-12-05,,2022-07-21T02:47:07,2022-07-21T02:47:07
8203,49.32,,16,97,False,True,AU,JP,2020-07-07,2020-07-07,2020-06-02T04:06:27,2020-06-02T04:06:27
8204,26.44,77.75,29,103,True,False,DE,DE,2020-11-10,,2023-02-24T01:48:20,2023-02-24T01:48:20
8205,35.8,22.6,45,15,True,False,CA,CA,2020-09-28,2020-09-28,2023-08-06T17:17:44,
8206,20.78,44.32,56,48,True,,UK,JP,2021-03-24,2021-03-24,2022-02-18T16:29:02,2022-02-18T16:29:02
8207,97.8,77.6,109,118,False,False,JP,BR,2023-10-07,2023-10-07,2022-09-19T03:00:14,2022-09-19T03:00:14
8208,58.57,32.36,39,95,False,True,UK,FR,2024-06-08,2024-06-08,2021-11-30T07:00:17,2021-11-30T07:00:17
8209,83.7,49.42,108,85,False,True,JP,DE,2020-11-22,2020-11-22,2022-10-24T09:43:11,2022-10-24T09:43:11
8210,70.38,18.49,15,20,True,True,DE,DE,2022-07-30,2022-07-30,2024-07-20T02:32:59,2024-07-20T02:32:59
8211,49.36,98.19,39,76,True,False,US,AU,2020-05-14,2020-05-14,2020-04-10T20:33:54,2020-04-10T20:33:54
8212,19.95,85.46,97,15,False,False,CA,,2022-01-14,,2020-07-03T06:56:52,2020-07-03T06:56:52
8213,67.19,51.27,25,82,True,True,FR,AU,2021-04-25,2021-04-25,2022-11-29T03:41:26,2022-11-29T03:41:26
8214,6.52,53.86,27,72,True,True,UK,JP,2022-07-30,2022-07-30,2022-03-19T23:15:24,2022-03-19T23:15:24
8215,86.16,47.97,42,,True,True,JP,BR,2020-11-14,2020-11-14,2023-10-07T14:31:41,2023-10-07T14:31:41
8216,8.78,7.07,109,19,False,False,CA,,2021-02-07,2021-02-07,2023-09-16T11:56:26,
8217,10.59,42.46,102,26,False,True,JP,UK,2022-09-13,2022-09-13,2024-10-17T10:17:51,2024-10-17T10:17:51
8218,21.46,43.37,44,98,False,True,UK,JP,2022-07-14,2022-07-14,2023-04-13T13:01:36,2023-04-13T13:01:36
8219,59.28,,96,84,True,True,AU,DE,2022-12-16,2022-12-16,2023-09-01T22:18:35,2023-09-01T22:18:35
8220,1.28,17.65,30,87,True,True,CA,JP,2021-04-15,2021-04-15,2021-06-30T14:16:57,2021-06-30T14:16:57
8221,72.4,26.16,13,49,True,False,JP,US,2020-07-09,2020-07-09,2023-11-15T08:52:29,2023-11-15T08:52:29
8222,96.9,48.6,113,93,False,True,US,JP,2020-11-23,2020-11-23,2023-11-16T00:35:01,
8223,57.58,,74,66,False,False,JP,BR,2022-12-25,2022-12-25,2024-04-04T06:32:56,2024-04-04T06:32:56
8224,52.97,81.6,60,41,True,,BR,BR,2024-10-08,2024-10-08,2024-06-03T13:38:15,2024-06-03T13:38:15
8225,54.86,99.14,7,71,False,False,JP,UK,2021-03-27,2021-03-27,2022-06-20T21:20:52,2022-06-20T21:20:52
8226,49.67,41.95,41,50,True,False,BR,AU,2022-04-08,2022-04-08,2024-07-12T01:15:35,2024-07-12T01:15:35
8227,48.45,0.96,89,18,True,False,US,UK,2021-12-09,2021-12-09,2022-04-08T10:02:17,2022-04-08T10:02:17
8228,48.0,,65,,True,True,CA,BR,2020-06-20,2020-06-20,2022-02-20T03:21:26,2022-02-20T03:21:26
8229,39.1,18.88,29,7,True,False,BR,UK,2024-06-05,2024-06-05,2022-06-14T06:19:36,2022-06-14T06:19:36
8230,90.72,16.2,97,114,False,False,CA,,2022-03-03,,2020-10-12T05:04:11,2020-10-12T05:04:11
8231,93.8,78.24,25,2,False,False,FR,CA,2021-08-04,2021-08-04,2023-04-10T17:02:43,2023-04-10T17:02:43
8232,92.41,12.6,33,74,False,False,FR,,2021-01-04,2021-01-04,2020-08-05T20:05:56,2020-08-05T20:05:56
8233,57.96,96.93,38,15,True,False,US,CA,2021-10-22,2021-10-22,2023-02-07T00:06:35,2023-02-07T00:06:35
8234,36.74,81.38,81,83,True,False,US,DE,2022-08-12,2022-08-12,2022-05-27T11:22:53,2022-05-27T11:22:53
8235,78.02,62.07,50,54,True,True,UK,US,2020-07-15,2020-07-15,2023-02-17T11:17:47,
8236,96.23,20.8,118,114,False,True,BR,JP,2022-08-02,2022-08-02,2022-02-07T05:41:01,2022-02-07T05:41:01
8237,44.23,,113,24,True,True,JP,FR,2024-06-15,,2023-08-05T13:00:06,2023-08-05T13:00:06
8238,98.12,90.9,62,3,True,True,FR,,2024-03-23,2024-03-23,2021-04-10T10:37:34,2021-04-10T10:37:34
8239,42.51,44.61,98,,False,,US,UK,2020-11-17,,2021-03-12T20:21:46,2021-03-12T20:21:46
8240,91.58,26.45,116,31,True,True,CA,US,2021-09-02,2021-09-02,2020-01-16T22:10:50,
8241,58.67,71.41,2,26,False,True,BR,,2023-07-20,2023-07-20,2024-04-18T13:46:42,2024-04-18T13:46:42
8242,95.56,,81,30,True,False,FR,FR,2020-03-15,2020-03-15,2024-01-13T15:37:05,2024-01-13T15:37:05
8243,70.03,,69,44,True,False,JP,FR,2021-04-01,2021-04-01,2021-03-03T08:46:05,2021-03-03T08:46:05
8244,29.52,26.4,110,85,True,,AU,DE,2022-10-22,2022-10-22,2020-09-28T11:27:03,2020-09-28T11:27:03
8245,63.34,4.76,92,20,False,False,BR,US,2022-12-28,2022-12-28,2020-12-03T05:31:12,2020-12-03T05:31:12
8246,36.25,95.77,13,24,False,True,FR,AU,2022-09-06,2022-09-06,2020-08-19T22:40:42,2020-08-19T22:40:42
8247,13.52,7.75,19,76,True,True,UK,JP,2021-05-12,2021-05-12,2021-05-01T05:43:06,2021-05-01T05:43:06
8248,8.13,,38,90,False,False,UK,DE,2020-07-12,2020-07-12,2020-07-18T11:29:42,2020-07-18T11:29:42
8249,95.55,69.14,55,50,False,False,US,US,2020-11-15,2020-11-15,2023-12-04T04:17:04,2023-12-04T04:17:04
8250,8.17,,85,,False,False,FR,UK,2021-09-22,2021-09-22,2020-07-03T03:40:00,2020-07-03T03:40:00
8251,63.26,81.34,103,70,True,True,US,BR,2024-06-04,2024-06-04,2023-05-29T07:31:38,2023-05-29T07:31:38
8252,34.97,17.05,87,28,False,False,CA,BR,2024-07-22,2024-07-22,2021-02-01T01:26:09,2021-02-01T01:26:09
8253,52.14,68.85,34,58,False,True,AU,AU,2024-04-20,2024-04-20,2023-12-30T22:30:34,2023-12-30T22:30:34
8254,79.14,85.74,105,108,True,True,FR,DE,2021-12-18,,2021-08-05T07:22:44,2021-08-05T07:22:44
8255,81.41,21.04,103,105,True,True,UK,DE,2023-01-26,2023-01-26,2023-10-24T22:59:50,2023-10-24T22:59:50
8256,97.76,20.02,13,5,False,False,FR,CA,2024-08-27,2024-08-27,2024-02-03T06:46:38,2024-02-03T06:46:38
8257,71.3,92.91,80,59,False,False,FR,CA,2024-12-03,2024-12-03,2022-03-24T20:46:12,
8258,32.85,13.21,78,61,False,True,FR,JP,2021-06-30,2021-06-30,2020-02-18T07:36:48,2020-02-18T07:36:48
8259,41.26,78.48,75,62,True,True,AU,UK,2023-08-26,2023-08-26,2020-08-05T12:03:54,2020-08-05T12:03:54
8260,53.48,17.82,69,96,False,True,UK,,2021-04-27,2021-04-27,2021-10-28T15:35:59,2021-10-28T15:35:59
8261,50.95,80.67,84,15,True,True,JP,CA,2021-05-24,2021-05-24,2021-08-16T20:18:35,2021-08-16T20:18:35
8262,88.44,52.51,106,77,True,False,AU,FR,2021-05-14,2021-05-14,2020-05-16T04:54:51,
8263,47.0,43.56,92,55,False,False,JP,,2024-07-01,2024-07-01,2023-09-05T08:15:51,2023-09-05T08:15:51
8264,35.51,25.38,42,70,True,False,CA,US,2020-09-14,2020-09-14,2021-06-08T23:20:14,2021-06-08T23:20:14
8265,78.54,24.86,79,22,False,False,US,JP,2023-03-11,2023-03-11,2021-07-13T03:02:25,2021-07-13T03:02:25
8266,5.89,62.34,63,96,False,True,CA,,2024-11-24,2024-11-24,2021-08-11T00:27:48,2021-08-11T00:27:48
8267,40.88,35.69,22,84,False,False,UK,CA,2020-10-10,2020-10-10,2024-09-27T05:59:52,2024-09-27T05:59:52
8268,74.98,49.13,34,118,True,True,CA,BR,2024-07-14,2024-07-14,2024-04-24T00:19:50,2024-04-24T00:19:50
8269,12.69,44.16,42,98,True,False,FR,JP,2020-02-01,2020-02-01,2022-04-16T15:58:35,2022-04-16T15:58:35
8270,32.88,75.98,21,,True,True,AU,CA,2022-03-26,2022-03-26,2020-03-29T12:19:47,2020-03-29T12:19:47
8271,89.38,38.84,27,73,True,True,US,JP,2023-06-29,,2023-01-17T03:36:04,2023-01-17T03:36:04
8272,52.59,66.82,88,98,False,True,FR,UK,2022-02-27,2022-02-27,2024-07-12T12:18:24,2024-07-12T12:18:24
8273,89.51,32.12,20,29,True,False,BR,,2024-07-21,2024-07-21,2023-03-23T23:19:43,2023-03-23T23:19:43
8274,48.05,26.97,30,6,False,False,US,AU,2024-09-24,2024-09-24,2023-04-19T13:34:34,2023-04-19T13:34:34
8275,27.45,96.39,81,,False,True,US,CA,2020-06-19,2020-06-19,2020-05-25T08:55:45,2020-05-25T08:55:45
8276,75.12,56.86,33,,False,False,JP,BR,2021-10-25,2021-10-25,2021-02-01T00:54:02,2021-02-01T00:54:02
8277,94.76,48.49,15,75,False,True,BR,CA,2020-01-01,2020-01-01,2024-04-02T00:11:23,2024-04-02T00:11:23
8278,35.79,61.58,87,39,False,True,FR,UK,2020-08-24,2020-08-24,2021-04-05T02:38:29,2021-04-05T02:38:29
8279,16.7,43.69,45,60,False,False,UK,JP,2021-05-31,2021-05-31,2024-11-30T18:15:07,2024-11-30T18:15:07
8280,92.55,46.23,117,36,False,False,DE,AU,2020-12-10,2020-12-10,2024-04-25T11:41:18,
8281,88.57,45.58,43,10,False,True,UK,,2024-09-13,2024-09-13,2020-12-19T15:36:58,2020-12-19T15:36:58
8282,26.26,62.41,55,62,True,True,AU,UK,2020-03-05,2020-03-05,2022-01-10T00:46:09,2022-01-10T00:46:09
8283,62.53,11.51,53,57,True,False,JP,BR,2021-08-08,,2023-01-05T22:01:27,2023-01-05T22:01:27
8284,73.62,95.32,100,9,False,True,UK,BR,2022-07-29,2022-07-29,2020-10-27T00:05:31,2020-10-27T00:05:31
8285,90.7,62.69,116,31,True,True,US,CA,2021-07-12,2021-07-12,2021-04-19T19:31:51,2021-04-19T19:31:51
8286,89.89,89.8,12,37,False,True,FR,AU,2023-03-25,2023-03-25,2020-06-15T14:58:43,
8287,11.6,85.28,65,23,True,True,AU,US,2021-03-12,2021-03-12,2022-02-01T02:47:44,2022-02-01T02:47:44
8288,66.81,6.44,22,8,False,False,US,BR,2020-06-25,2020-06-25,2022-03-18T02:17:07,2022-03-18T02:17:07
8289,36.21,,80,101,False,False,CA,JP,2024-11-12,2024-11-12,2023-07-08T08:40:44,2023-07-08T08:40:44
8290,90.25,39.16,47,85,False,True,UK,FR,2020-02-26,2020-02-26,2022-10-04T13:18:52,2022-10-04T13:18:52
8291,29.29,27.06,43,19,True,False,CA,AU,2022-10-04,2022-10-04,2022-12-04T23:28:03,2022-12-04T23:28:03
8292,69.81,70.02,99,52,False,False,UK,AU,2021-04-10,2021-04-10,2023-02-20T02:54:05,2023-02-20T02:54:05
8293,50.87,30.99,55,118,True,True,AU,UK,2020-11-09,2020-11-09,2020-03-28T07:23:47,2020-03-28T07:23:47
8294,74.35,,119,90,True,True,UK,UK,2023-07-09,2023-07-09,2022-03-10T04:21:09,2022-03-10T04:21:09
8295,0.38,13.64,22,4,False,True,CA,AU,2024-01-16,,2021-08-01T06:50:14,2021-08-01T06:50:14
8296,77.5,62.48,64,38,True,True,CA,FR,2021-08-04,2021-08-04,2024-11-16T19:25:07,2024-11-16T19:25:07
8297,62.56,49.66,108,79,True,,BR,,2024-09-30,2024-09-30,2022-03-26T08:29:49,2022-03-26T08:29:49
8298,8.66,,31,110,False,True,CA,CA,2023-06-11,2023-06-11,2022-11-01T01:16:29,2022-11-01T01:16:29
8299,61.18,30.46,17,108,False,False,CA,JP,2023-10-08,2023-10-08,2024-04-26T07:33:51,2024-04-26T07:33:51
8300,45.3,47.68,20,100,True,False,DE,UK,2020-11-11,2020-11-11,2023-12-06T21:04:48,2023-12-06T21:04:48
8301,21.25,26.61,2,35,False,True,FR,FR,2023-03-19,2023-03-19,2023-07-28T13:52:37,2023-07-28T13:52:37
8302,90.35,63.45,20,,False,False,JP,UK,2021-10-06,2021-10-06,2022-10-23T21:03:37,2022-10-23T21:03:37
8303,90.57,69.01,22,66,False,True,BR,CA,2021-02-06,2021-02-06,2020-05-05T10:39:45,
8304,36.59,63.11,14,32,False,False,JP,BR,2020-07-05,2020-07-05,2020-11-30T12:36:12,2020-11-30T12:36:12
8305,56.04,67.73,82,82,True,,AU,US,2024-05-03,2024-05-03,2020-01-03T05:56:28,2020-01-03T05:56:28
8306,23.63,89.22,40,91,True,False,FR,FR,2023-01-25,2023-01-25,2020-02-14T06:06:44,2020-02-14T06:06:44
8307,93.59,23.09,72,98,True,True,DE,UK,2024-01-27,2024-01-27,2023-11-27T08:50:05,2023-11-27T08:50:05
8308,5.94,72.92,37,32,False,True,FR,UK,2022-07-02,2022-07-02,2024-03-04T09:25:41,2024-03-04T09:25:41
8309,56.9,58.76,35,61,False,True,DE,JP,2020-05-01,2020-05-01,2023-09-14T20:04:34,2023-09-14T20:04:34
8310,6.93,77.55,66,41,False,True,JP,AU,2023-08-25,2023-08-25,2021-05-19T06:25:15,2021-05-19T06:25:15
8311,24.53,17.4,119,80,True,,FR,AU,2021-01-20,2021-01-20,2021-03-10T14:57:43,2021-03-10T14:57:43
8312,52.13,,65,25,False,True,CA,US,2024-07-29,,2023-10-10T19:17:21,
8313,38.81,54.22,51,104,False,,US,CA,2022-06-28,2022-06-28,2022-09-20T23:24:44,2022-09-20T23:24:44
8314,57.95,84.43,79,44,False,True,JP,BR,2023-10-07,2023-10-07,2021-12-28T16:12:51,2021-12-28T16:12:51
8315,58.25,96.69,39,75,True,True,US,UK,2022-07-10,2022-07-10,2021-01-01T13:37:35,2021-01-01T13:37:35
8316,44.0,95.58,12,37,True,True,DE,UK,2021-03-29,,2020-10-07T09:30:34,2020-10-07T09:30:34
8317,35.37,58.14,101,74,False,False,UK,JP,2023-11-05,2023-11-05,2020-12-27T17:14:40,2020-12-27T17:14:40
8318,69.68,85.04,14,60,False,True,JP,DE,2021-02-06,2021-02-06,2021-05-13T14:25:42,2021-05-13T14:25:42
8319,56.33,25.04,65,28,False,False,FR,CA,2023-02-06,2023-02-06,2024-12-21T09:21:31,2024-12-21T09:21:31
8320,59.5,21.97,107,13,True,False,AU,CA,2023-01-08,,2020-05-25T11:56:26,2020-05-25T11:56:26
8321,75.3,81.31,119,77,True,False,CA,UK,2024-05-27,2024-05-27,2022-07-05T18:51:07,2022-07-05T18:51:07
8322,29.34,96.77,68,64,False,False,UK,CA,2023-10-06,2023-10-06,2022-11-25T06:13:21,2022-11-25T06:13:21
8323,93.73,90.01,19,85,False,True,DE,,2021-10-24,2021-10-24,2020-04-15T16:49:43,2020-04-15T16:49:43
8324,52.67,34.65,89,,True,True,CA,UK,2022-07-02,2022-07-02,2022-11-16T18:04:17,2022-11-16T18:04:17
8325,3.46,33.89,71,58,True,False,DE,FR,2022-05-23,2022-05-23,2023-12-19T20:15:32,2023-12-19T20:15:32
8326,79.36,7.43,116,98,True,True,BR,BR,2020-06-04,2020-06-04,2023-01-24T11:00:48,2023-01-24T11:00:48
8327,32.27,13.18,108,37,True,False,DE,DE,2020-01-25,2020-01-25,2020-01-17T02:54:55,2020-01-17T02:54:55
8328,20.27,,15,83,False,,AU,BR,2021-06-03,2021-06-03,2022-10-18T22:24:06,2022-10-18T22:24:06
8329,0.09,69.78,92,11,True,False,BR,DE,2023-08-25,2023-08-25,2023-08-20T16:16:36,2023-08-20T16:16:36
8330,50.52,56.18,66,26,False,True,BR,BR,2022-02-22,2022-02-22,2022-11-25T06:16:02,2022-11-25T06:16:02
8331,25.14,96.29,74,84,True,True,DE,BR,2021-06-23,2021-06-23,2021-05-28T05:04:56,2021-05-28T05:04:56
8332,56.92,98.62,4,97,False,False,FR,BR,2022-07-24,2022-07-24,2021-12-24T13:04:59,2021-12-24T13:04:59
8333,68.6,8.52,82,1,True,,UK,FR,2020-03-28,2020-03-28,2024-06-09T09:09:12,2024-06-09T09:09:12
8334,35.69,54.18,104,115,False,True,US,BR,2021-10-05,2021-10-05,2021-05-08T17:57:22,2021-05-08T17:57:22
8335,22.78,44.99,94,94,False,,CA,CA,2024-09-10,2024-09-10,2023-04-03T08:40:34,2023-04-03T08:40:34
8336,22.36,13.04,112,96,False,False,UK,UK,2023-10-12,2023-10-12,2020-09-27T06:29:00,2020-09-27T06:29:00
8337,34.82,,43,66,True,,BR,BR,2022-07-04,2022-07-04,2024-07-24T20:58:45,2024-07-24T20:58:45
8338,25.81,4.42,91,62,True,,JP,JP,2020-02-27,2020-02-27,2024-04-18T16:24:45,2024-04-18T16:24:45
8339,45.4,96.51,68,85,False,False,US,UK,2021-02-22,,2022-04-02T07:16:06,2022-04-02T07:16:06
8340,10.86,96.6,91,85,True,True,AU,DE,2024-07-16,2024-07-16,2020-07-23T04:52:38,2020-07-23T04:52:38
8341,76.68,51.13,108,68,True,False,AU,FR,2024-06-03,2024-06-03,2023-01-20T22:07:48,2023-01-20T22:07:48
8342,26.59,76.42,107,,False,True,AU,DE,2023-03-02,2023-03-02,2024-05-23T14:16:13,2024-05-23T14:16:13
8343,28.19,3.01,4,58,False,True,US,US,2022-09-18,2022-09-18,2020-04-11T17:22:39,2020-04-11T17:22:39
8344,91.23,37.53,0,,True,False,FR,UK,2021-02-26,,2020-06-22T06:42:05,2020-06-22T06:42:05
8345,49.2,93.14,92,11,False,True,UK,BR,2020-05-09,,2022-06-08T20:07:33,2022-06-08T20:07:33
8346,25.52,9.1,108,4,True,,BR,CA,2022-03-08,2022-03-08,2020-05-26T15:35:32,2020-05-26T15:35:32
8347,11.89,36.98,109,100,True,True,UK,,2022-04-08,2022-04-08,2024-09-26T01:49:39,2024-09-26T01:49:39
8348,80.23,70.59,4,83,False,False,US,BR,2021-08-10,2021-08-10,2024-10-23T09:55:36,2024-10-23T09:55:36
8349,83.62,32.67,110,8,False,True,UK,AU,2022-05-24,2022-05-24,2023-01-15T22:38:51,2023-01-15T22:38:51
8350,69.32,1.92,66,85,True,False,UK,CA,2020-11-15,2020-11-15,2022-03-03T08:07:01,2022-03-03T08:07:01
8351,89.8,7.41,26,23,False,True,BR,JP,2020-03-14,2020-03-14,2020-11-15T06:18:35,2020-11-15T06:18:35
8352,55.82,76.96,19,40,False,False,FR,,2021-10-22,,2023-01-28T03:52:28,2023-01-28T03:52:28
8353,63.4,48.1,40,70,False,True,AU,DE,2020-07-06,2020-07-06,2022-06-01T06:00:31,2022-06-01T06:00:31
8354,64.57,15.09,36,,True,True,CA,BR,2020-04-11,,2024-06-26T07:14:38,2024-06-26T07:14:38
8355,38.77,35.55,51,,True,False,US,AU,2021-06-05,2021-06-05,2020-07-28T01:32:57,2020-07-28T01:32:57
8356,83.19,18.4,34,98,True,False,AU,FR,2021-08-28,2021-08-28,2021-03-12T08:12:07,2021-03-12T08:12:07
8357,13.33,88.75,109,,False,True,DE,UK,2023-01-08,2023-01-08,2020-10-22T14:44:24,2020-10-22T14:44:24
8358,65.06,13.98,112,26,True,False,CA,JP,2024-05-03,2024-05-03,2020-02-25T20:21:59,2020-02-25T20:21:59
8359,90.71,73.58,117,,False,False,DE,US,2024-09-29,2024-09-29,2022-02-15T05:40:23,2022-02-15T05:40:23
8360,10.75,85.32,80,31,True,True,FR,BR,2020-09-05,2020-09-05,2021-11-19T07:57:49,2021-11-19T07:57:49
8361,74.01,83.82,93,108,True,True,BR,UK,2022-02-09,2022-02-09,2024-01-06T03:30:17,
8362,88.63,64.24,15,12,False,False,DE,JP,2024-04-22,2024-04-22,2024-12-05T10:51:18,2024-12-05T10:51:18
8363,60.79,24.22,15,60,False,False,UK,BR,2021-02-06,2021-02-06,2021-03-22T23:16:49,2021-03-22T23:16:49
8364,14.1,28.51,37,5,True,,US,BR,2023-08-28,2023-08-28,2021-07-27T17:06:01,
8365,40.35,19.09,16,31,False,True,JP,FR,2020-09-09,2020-09-09,2024-03-17T03:05:21,2024-03-17T03:05:21
8366,34.04,12.94,37,28,True,False,UK,UK,2024-05-18,2024-05-18,2020-06-27T23:11:59,2020-06-27T23:11:59
8367,76.46,48.35,75,0,True,True,CA,,2024-05-14,2024-05-14,2020-11-16T01:35:55,2020-11-16T01:35:55
8368,40.2,37.57,4,23,True,False,US,,2024-11-24,2024-11-24,2022-09-27T21:55:06,2022-09-27T21:55:06
8369,26.21,89.37,60,,False,False,US,AU,2022-02-10,2022-02-10,2023-11-19T08:37:00,2023-11-19T08:37:00
8370,9.0,20.1,84,106,False,False,JP,CA,2021-09-27,2021-09-27,2022-05-25T15:11:31,2022-05-25T15:11:31
8371,31.76,69.69,86,52,False,True,US,UK,2021-01-12,2021-01-12,2023-04-15T00:50:13,2023-04-15T00:50:13
8372,16.56,25.92,37,77,False,True,US,US,2021-07-30,2021-07-30,2024-06-02T05:53:15,2024-06-02T05:53:15
8373,57.71,30.7,114,87,True,True,CA,CA,2022-03-01,2022-03-01,2022-05-11T23:28:57,2022-05-11T23:28:57
8374,9.86,78.4,17,91,False,False,FR,US,2023-02-01,2023-02-01,2024-12-18T03:24:25,2024-12-18T03:24:25
8375,88.38,91.48,116,98,False,False,UK,JP,2023-04-25,2023-04-25,2022-05-13T09:40:34,2022-05-13T09:40:34
8376,42.79,51.18,47,56,False,,JP,JP,2024-10-09,2024-10-09,2022-01-09T08:50:02,2022-01-09T08:50:02
8377,99.42,17.55,57,105,True,False,JP,JP,2020-03-17,2020-03-17,2023-06-08T16:20:44,
8378,73.8,97.13,40,,False,True,CA,CA,2020-08-13,2020-08-13,2021-12-17T23:34:08,2021-12-17T23:34:08
8379,81.66,43.45,15,47,False,False,US,,2021-07-24,2021-07-24,2021-11-09T04:31:23,2021-11-09T04:31:23
8380,38.66,69.3,60,105,True,False,BR,BR,2024-02-19,2024-02-19,2022-10-25T04:23:13,2022-10-25T04:23:13
8381,59.04,39.15,81,91,True,False,FR,,2023-07-06,2023-07-06,2023-03-21T18:53:46,2023-03-21T18:53:46
8382,58.43,31.32,38,27,True,False,US,JP,2021-01-14,2021-01-14,2021-01-27T23:02:21,2021-01-27T23:02:21
8383,55.08,,0,60,True,False,DE,BR,2023-02-01,2023-02-01,2023-04-09T22:40:45,2023-04-09T22:40:45
8384,25.43,61.64,4,56,True,False,US,,2022-10-02,2022-10-02,2020-07-21T04:04:01,2020-07-21T04:04:01
8385,48.85,20.06,105,0,False,True,CA,JP,2024-11-25,,2024-09-03T05:56:40,2024-09-03T05:56:40
8386,55.74,49.93,69,108,False,False,DE,CA,2021-09-29,2021-09-29,2021-03-31T17:04:29,2021-03-31T17:04:29
8387,65.4,30.9,51,79,False,False,DE,,2024-09-19,,2021-07-17T22:48:57,2021-07-17T22:48:57
8388,55.96,13.94,79,62,True,False,DE,FR,2020-05-25,2020-05-25,2024-03-13T20:24:42,2024-03-13T20:24:42
8389,57.3,79.76,106,60,True,True,JP,JP,2020-09-02,2020-09-02,2021-06-01T05:11:05,2021-06-01T05:11:05
8390,2.06,55.04,116,113,True,False,CA,CA,2021-05-22,2021-05-22,2024-05-21T21:20:36,2024-05-21T21:20:36
8391,65.01,94.18,69,74,False,False,UK,FR,2024-12-18,2024-12-18,2024-04-04T02:56:11,2024-04-04T02:56:11
8392,54.7,9.61,95,86,False,True,FR,CA,2024-11-28,,2023-03-26T17:36:09,2023-03-26T17:36:09
8393,24.29,,20,104,True,,JP,US,2020-11-29,,2024-12-26T18:35:33,2024-12-26T18:35:33
8394,97.8,44.19,25,45,False,True,UK,JP,2024-07-10,2024-07-10,2020-01-30T03:59:48,2020-01-30T03:59:48
8395,25.78,6.23,117,91,True,True,UK,BR,2024-02-08,2024-02-08,2023-11-29T18:42:39,2023-11-29T18:42:39
8396,72.17,90.8,78,28,True,False,AU,FR,2024-08-19,,2021-11-11T08:12:31,2021-11-11T08:12:31
8397,30.42,68.61,113,62,True,False,AU,FR,2023-03-31,2023-03-31,2022-05-03T16:10:46,2022-05-03T16:10:46
8398,77.07,15.24,108,85,False,,UK,JP,2022-05-25,2022-05-25,2023-12-23T10:46:16,2023-12-23T10:46:16
8399,37.89,90.47,62,92,True,True,JP,US,2024-08-06,2024-08-06,2022-02-16T23:47:36,2022-02-16T23:47:36
8400,24.8,88.68,62,14,False,False,DE,BR,2023-02-17,2023-02-17,2021-11-14T18:58:01,2021-11-14T18:58:01
8401,44.88,97.97,68,52,False,False,JP,FR,2020-03-04,,2024-01-23T05:33:03,2024-01-23T05:33:03
8402,0.65,49.99,76,81,False,True,FR,UK,2021-12-16,,2023-06-13T05:35:41,2023-06-13T05:35:41
8403,4.64,45.17,35,50,False,True,DE,US,2021-01-22,2021-01-22,2020-11-02T07:01:39,2020-11-02T07:01:39
8404,73.8,24.51,11,30,False,False,CA,CA,2023-01-14,,2024-06-22T15:17:53,2024-06-22T15:17:53
8405,69.57,2.41,89,71,False,False,CA,JP,2022-06-29,2022-06-29,2020-10-09T17:58:36,2020-10-09T17:58:36
8406,15.27,,101,51,False,False,AU,,2020-08-05,2020-08-05,2022-06-19T08:35:09,2022-06-19T08:35:09
8407,15.04,94.13,93,59,True,True,UK,,2020-10-31,2020-10-31,2021-01-22T10:34:47,2021-01-22T10:34:47
8408,13.07,51.33,56,,False,False,US,BR,2023-02-05,2023-02-05,2024-02-20T08:54:22,2024-02-20T08:54:22
8409,19.98,29.51,106,75,True,False,CA,BR,2021-02-11,2021-02-11,2021-08-18T18:41:12,
8410,74.06,,13,116,True,,FR,US,2024-06-07,2024-06-07,2024-06-13T16:40:10,2024-06-13T16:40:10
8411,19.87,,108,104,False,True,FR,DE,2022-04-20,2022-04-20,2021-04-12T04:16:47,2021-04-12T04:16:47
8412,20.82,,41,55,True,False,AU,US,2021-12-24,2021-12-24,2023-05-04T23:59:13,
8413,85.66,8.09,62,13,False,False,AU,BR,2022-09-06,2022-09-06,2022-02-27T22:33:15,2022-02-27T22:33:15
8414,8.36,21.0,17,59,False,True,BR,,2021-05-28,2021-05-28,2020-02-23T04:44:41,2020-02-23T04:44:41
8415,25.02,,87,48,False,True,US,FR,2021-01-19,2021-01-19,2024-12-11T02:59:46,2024-12-11T02:59:46
8416,13.06,86.27,7,,False,True,DE,DE,2020-07-18,2020-07-18,2023-08-02T00:21:09,2023-08-02T00:21:09
8417,87.37,92.81,11,,False,False,AU,CA,2020-07-24,2020-07-24,2022-02-28T10:56:06,2022-02-28T10:56:06
8418,63.56,23.17,37,51,False,False,CA,FR,2024-10-29,2024-10-29,2021-06-26T07:29:29,2021-06-26T07:29:29
8419,30.0,98.37,2,20,True,True,JP,JP,2020-08-23,2020-08-23,2021-11-27T06:38:16,2021-11-27T06:38:16
8420,69.59,82.42,10,119,True,True,US,FR,2021-09-27,2021-09-27,2023-04-07T23:10:53,2023-04-07T23:10:53
8421,27.43,,63,107,False,True,BR,AU,2023-04-10,2023-04-10,2024-06-15T17:02:51,2024-06-15T17:02:51
8422,62.82,75.06,50,11,True,True,CA,UK,2022-12-24,2022-12-24,2024-07-07T04:51:38,2024-07-07T04:51:38
8423,16.98,,14,111,True,True,US,,2022-12-13,2022-12-13,2021-08-15T03:37:30,2021-08-15T03:37:30
8424,98.58,,65,70,True,True,AU,JP,2020-08-19,2020-08-19,2023-04-05T19:03:34,2023-04-05T19:03:34
8425,86.5,1.37,19,49,False,True,DE,DE,2024-04-21,2024-04-21,2021-03-18T20:16:34,2021-03-18T20:16:34
8426,55.83,13.61,96,,True,True,CA,BR,2021-08-24,2021-08-24,2022-12-26T13:31:19,2022-12-26T13:31:19
8427,5.59,6.24,113,97,True,False,AU,DE,2023-09-26,2023-09-26,2021-02-28T19:24:00,2021-02-28T19:24:00
8428,37.05,32.37,86,9,True,,UK,CA,2022-09-12,2022-09-12,2020-05-28T12:26:39,2020-05-28T12:26:39
8429,0.88,49.66,30,,True,False,JP,BR,2022-06-13,2022-06-13,2020-06-28T18:50:40,2020-06-28T18:50:40
8430,63.01,76.27,35,111,True,True,JP,FR,2020-03-06,2020-03-06,2020-10-24T08:50:07,
8431,0.74,72.0,45,,False,True,BR,CA,2022-02-07,2022-02-07,2024-10-23T23:58:26,2024-10-23T23:58:26
8432,18.87,54.29,94,32,False,True,DE,BR,2024-08-09,2024-08-09,2021-09-05T09:51:35,2021-09-05T09:51:35
8433,86.19,76.22,81,98,False,False,JP,UK,2020-04-17,2020-04-17,2023-03-17T14:00:28,2023-03-17T14:00:28
8434,47.99,84.21,99,7,False,False,JP,FR,2020-10-17,2020-10-17,2021-06-07T13:02:08,2021-06-07T13:02:08
8435,22.94,9.65,82,28,True,False,UK,AU,2022-12-08,2022-12-08,2023-03-02T02:50:29,2023-03-02T02:50:29
8436,39.76,42.79,58,57,False,False,DE,BR,2020-05-26,2020-05-26,2021-06-29T23:16:32,2021-06-29T23:16:32
8437,1.02,6.66,78,13,True,False,DE,CA,2023-09-27,2023-09-27,2021-07-20T14:50:00,2021-07-20T14:50:00
8438,69.56,38.29,97,20,False,False,CA,US,2023-10-04,2023-10-04,2024-10-05T15:30:04,2024-10-05T15:30:04
8439,62.8,60.09,106,,True,,BR,DE,2022-03-23,2022-03-23,2023-07-24T09:42:50,2023-07-24T09:42:50
8440,81.44,,14,57,True,True,JP,UK,2024-06-21,2024-06-21,2023-04-22T21:21:30,2023-04-22T21:21:30
8441,84.31,7.63,95,68,True,True,AU,,2021-05-06,2021-05-06,2022-04-21T15:10:40,2022-04-21T15:10:40
8442,18.31,29.18,14,57,False,False,AU,CA,2021-09-18,2021-09-18,2024-04-04T13:39:06,
8443,5.34,44.65,16,27,True,False,BR,BR,2020-11-06,2020-11-06,2021-11-11T04:25:27,2021-11-11T04:25:27
8444,14.85,45.48,98,115,True,False,DE,AU,2023-06-12,2023-06-12,2022-04-26T23:54:35,2022-04-26T23:54:35
8445,90.78,99.32,81,59,False,False,UK,,2020-06-13,2020-06-13,2022-05-19T03:52:12,
8446,40.19,17.5,36,22,True,True,BR,UK,2021-02-10,2021-02-10,2021-01-08T14:10:01,2021-01-08T14:10:01
8447,45.39,59.96,45,79,True,False,UK,BR,2023-02-07,2023-02-07,2021-06-22T19:03:21,2021-06-22T19:03:21
8448,1.4,79.51,30,16,False,False,JP,US,2024-05-22,2024-05-22,2022-07-23T13:28:16,2022-07-23T13:28:16
8449,4.78,,30,104,True,,US,CA,2024-12-03,2024-12-03,2023-12-19T02:42:43,
8450,26.05,17.46,69,34,False,True,FR,DE,2024-09-23,2024-09-23,2024-04-30T12:25:25,2024-04-30T12:25:25
8451,2.52,90.51,9,95,False,True,FR,UK,2022-03-29,2022-03-29,2021-06-11T01:17:44,2021-06-11T01:17:44
8452,57.76,,53,4,True,,US,BR,2023-06-23,2023-06-23,2024-01-27T14:36:54,2024-01-27T14:36:54
8453,58.37,28.61,78,,False,True,US,JP,2021-12-31,2021-12-31,2022-07-16T11:47:58,2022-07-16T11:47:58
8454,44.94,6.78,43,100,False,True,CA,AU,2023-11-16,2023-11-16,2024-02-04T17:10:36,2024-02-04T17:10:36
8455,60.34,42.62,57,67,True,,US,CA,2022-10-31,2022-10-31,2023-11-12T11:23:46,2023-11-12T11:23:46
8456,18.31,93.06,51,43,False,,JP,UK,2020-02-29,2020-02-29,2024-12-02T00:14:00,2024-12-02T00:14:00
8457,33.05,40.48,70,28,True,True,BR,BR,2022-10-08,2022-10-08,2020-05-12T18:52:04,2020-05-12T18:52:04
8458,64.45,98.33,28,18,False,False,DE,UK,2021-05-22,2021-05-22,2023-10-25T02:12:54,2023-10-25T02:12:54
8459,73.3,80.91,15,70,False,False,FR,DE,2024-01-06,2024-01-06,2023-04-27T06:49:11,2023-04-27T06:49:11
8460,40.99,74.95,74,14,False,,UK,UK,2023-09-22,2023-09-22,2024-04-14T02:42:59,2024-04-14T02:42:59
8461,67.48,7.56,2,118,True,False,US,BR,2022-09-10,2022-09-10,2024-01-12T14:37:51,2024-01-12T14:37:51
8462,37.03,73.5,107,,False,True,CA,DE,2024-06-11,2024-06-11,2024-08-01T08:22:27,2024-08-01T08:22:27
8463,80.53,41.47,14,107,True,False,US,FR,2021-01-14,2021-01-14,2024-12-06T10:31:55,2024-12-06T10:31:55
8464,7.9,12.13,64,34,True,True,US,AU,2022-12-21,2022-12-21,2023-01-21T20:00:09,2023-01-21T20:00:09
8465,75.05,84.28,84,106,True,False,DE,DE,2022-08-30,2022-08-30,2022-01-19T15:14:25,2022-01-19T15:14:25
8466,30.14,42.13,41,17,True,True,CA,,2020-04-08,2020-04-08,2020-12-30T10:41:56,2020-12-30T10:41:56
8467,98.22,78.68,10,39,False,True,US,BR,2023-04-21,2023-04-21,2020-12-05T13:35:23,2020-12-05T13:35:23
8468,52.12,60.39,11,,False,True,FR,AU,2021-01-15,2021-01-15,2023-08-15T10:15:47,2023-08-15T10:15:47
8469,39.86,36.15,35,92,False,,BR,BR,2022-10-20,2022-10-20,2022-09-30T07:59:27,2022-09-30T07:59:27
8470,57.87,88.81,27,42,False,False,BR,JP,2022-09-16,2022-09-16,2022-09-06T12:08:56,2022-09-06T12:08:56
8471,0.85,4.39,92,85,True,False,FR,AU,2022-05-03,,2021-08-06T04:21:24,2021-08-06T04:21:24
8472,49.02,59.44,103,106,True,True,CA,DE,2021-03-31,2021-03-31,2022-01-14T08:42:18,2022-01-14T08:42:18
8473,77.49,15.87,97,78,False,True,BR,US,2024-07-21,,2024-01-13T12:13:58,
8474,59.08,94.15,33,71,True,False,AU,JP,2023-09-14,2023-09-14,2023-05-22T01:24:57,2023-05-22T01:24:57
8475,44.75,93.01,83,45,False,False,BR,AU,2024-12-05,2024-12-05,2020-10-30T14:37:21,2020-10-30T14:37:21
8476,63.55,56.03,116,39,False,True,BR,FR,2024-02-06,2024-02-06,2023-01-24T16:43:44,2023-01-24T16:43:44
8477,67.27,36.29,94,20,False,False,UK,CA,2023-05-12,2023-05-12,2020-04-17T00:24:55,2020-04-17T00:24:55
8478,98.51,60.03,86,33,False,True,JP,UK,2024-05-24,2024-05-24,2024-09-27T14:06:35,2024-09-27T14:06:35
8479,14.86,51.5,20,99,False,False,JP,UK,2022-03-24,2022-03-24,2022-01-18T17:30:46,2022-01-18T17:30:46
8480,74.15,34.75,90,46,False,False,DE,JP,2020-01-07,2020-01-07,2022-07-24T18:22:15,2022-07-24T18:22:15
8481,27.05,,66,6,True,True,UK,,2021-01-20,2021-01-20,2020-02-04T19:02:29,2020-02-04T19:02:29
8482,6.93,28.97,106,3,True,False,JP,CA,2022-02-14,2022-02-14,2021-11-26T22:25:34,2021-11-26T22:25:34
8483,28.62,72.92,79,74,False,False,US,,2020-04-15,2020-04-15,2024-03-22T08:47:17,2024-03-22T08:47:17
8484,74.32,51.11,114,,True,True,JP,AU,2024-07-29,2024-07-29,2023-11-01T17:57:32,2023-11-01T17:57:32
8485,13.76,86.91,31,81,True,False,BR,DE,2020-04-19,2020-04-19,2023-01-20T16:39:11,2023-01-20T16:39:11
8486,25.46,21.8,34,19,True,True,AU,AU,2023-07-29,2023-07-29,2023-06-22T10:45:06,2023-06-22T10:45:06
8487,20.93,33.14,119,117,True,False,JP,US,2020-09-11,2020-09-11,2021-06-17T11:32:22,2021-06-17T11:32:22
8488,75.18,93.1,1,88,True,True,DE,UK,2020-05-15,2020-05-15,2021-06-01T11:09:10,2021-06-01T11:09:10
8489,0.98,69.46,79,43,True,True,JP,UK,2022-04-14,2022-04-14,2020-06-14T18:40:55,2020-06-14T18:40:55
8490,12.74,72.91,22,25,False,True,BR,FR,2024-07-15,2024-07-15,2021-03-25T07:34:32,2021-03-25T07:34:32
8491,56.7,14.77,8,34,True,False,DE,US,2023-01-01,2023-01-01,2024-02-17T02:15:50,2024-02-17T02:15:50
8492,18.71,29.88,86,63,False,,UK,UK,2020-01-04,2020-01-04,2021-04-22T12:27:26,2021-04-22T12:27:26
8493,79.03,58.06,105,,False,False,AU,DE,2023-06-21,2023-06-21,2021-03-04T14:44:01,2021-03-04T14:44:01
8494,39.85,,100,71,False,False,BR,AU,2023-01-31,2023-01-31,2023-06-14T23:11:24,2023-06-14T23:11:24
8495,77.54,,40,,False,True,CA,BR,2024-08-19,2024-08-19,2021-11-07T14:37:53,
8496,16.71,15.85,17,41,True,True,BR,JP,2024-04-17,2024-04-17,2024-12-06T03:16:16,2024-12-06T03:16:16
8497,31.9,36.44,86,82,False,True,UK,AU,2021-03-17,2021-03-17,2021-04-21T11:18:23,2021-04-21T11:18:23
8498,16.02,44.68,13,80,False,,BR,BR,2024-04-06,2024-04-06,2020-07-14T03:28:42,2020-07-14T03:28:42
8499,42.54,5.61,33,95,True,False,JP,US,2021-11-06,2021-11-06,2023-06-11T09:48:56,2023-06-11T09:48:56
8500,85.76,,8,57,True,False,FR,US,2020-05-19,2020-05-19,2023-10-06T09:01:08,2023-10-06T09:01:08
8501,8.32,37.88,32,78,False,False,CA,US,2020-07-27,2020-07-27,2024-02-04T04:52:02,2024-02-04T04:52:02
8502,63.23,93.29,93,98,True,False,FR,FR,2024-05-22,2024-05-22,2020-06-27T05:39:03,2020-06-27T05:39:03
8503,37.72,77.92,82,3,False,False,FR,BR,2021-01-07,2021-01-07,2023-03-06T18:38:05,2023-03-06T18:38:05
8504,99.6,45.64,85,114,True,False,DE,US,2020-05-10,2020-05-10,2023-12-15T09:34:40,2023-12-15T09:34:40
8505,56.57,3.82,77,,True,False,UK,AU,2020-12-26,2020-12-26,2023-03-16T13:59:12,2023-03-16T13:59:12
8506,23.37,89.42,44,51,False,False,FR,US,2023-05-14,2023-05-14,2020-06-25T12:29:07,2020-06-25T12:29:07
8507,29.48,25.28,57,2,False,True,JP,CA,2024-09-10,,2021-07-03T05:15:09,2021-07-03T05:15:09
8508,76.7,93.03,28,87,False,,UK,US,2022-06-04,2022-06-04,2023-03-21T21:52:14,2023-03-21T21:52:14
8509,40.1,23.92,76,20,True,False,BR,,2024-08-07,2024-08-07,2024-11-12T19:15:39,2024-11-12T19:15:39
8510,89.42,8.72,18,69,True,,US,AU,2023-10-08,2023-10-08,2022-04-05T12:56:50,2022-04-05T12:56:50
8511,37.69,74.61,22,5,True,False,JP,BR,2022-08-09,2022-08-09,2023-03-29T12:33:16,2023-03-29T12:33:16
8512,22.31,44.28,51,26,True,False,AU,,2022-02-22,2022-02-22,2020-07-03T17:05:40,
8513,80.34,77.72,38,,False,False,UK,JP,2021-06-30,2021-06-30,2023-10-07T16:24:24,2023-10-07T16:24:24
8514,87.38,19.08,103,59,True,False,DE,DE,2020-11-16,2020-11-16,2023-04-01T14:44:51,2023-04-01T14:44:51
8515,4.01,46.25,55,97,True,False,FR,DE,2022-10-29,2022-10-29,2023-04-24T06:58:58,2023-04-24T06:58:58
8516,37.4,23.34,35,1,False,True,FR,US,2020-10-10,2020-10-10,2020-10-01T01:49:36,
8517,48.9,,24,99,False,True,JP,FR,2023-10-03,2023-10-03,2024-10-12T00:39:49,2024-10-12T00:39:49
8518,80.55,,88,4,True,True,FR,BR,2024-03-17,2024-03-17,2021-01-20T12:49:05,2021-01-20T12:49:05
8519,5.15,62.16,67,89,True,False,JP,FR,2021-12-30,2021-12-30,2022-08-26T16:18:04,2022-08-26T16:18:04
8520,21.75,66.64,44,53,True,,DE,AU,2020-06-17,2020-06-17,2020-12-06T14:15:48,2020-12-06T14:15:48
8521,7.95,76.31,29,59,False,True,CA,DE,2021-05-06,2021-05-06,2020-09-05T12:05:19,2020-09-05T12:05:19
8522,53.19,53.07,82,,False,,JP,DE,2021-04-20,2021-04-20,2023-01-28T19:07:51,2023-01-28T19:07:51
8523,51.81,32.08,98,91,False,True,CA,BR,2020-02-07,,2021-06-06T01:13:03,2021-06-06T01:13:03
8524,27.69,7.41,0,15,False,False,BR,BR,2023-09-20,2023-09-20,2023-05-25T18:02:05,2023-05-25T18:02:05
8525,10.59,42.78,23,68,False,True,BR,FR,2020-05-26,2020-05-26,2023-02-08T20:21:51,2023-02-08T20:21:51
8526,95.1,17.47,47,72,False,False,US,FR,2022-11-07,2022-11-07,2022-07-04T01:05:13,2022-07-04T01:05:13
8527,52.56,60.82,12,26,False,False,FR,BR,2024-01-17,2024-01-17,2023-11-23T20:57:12,2023-11-23T20:57:12
8528,27.44,71.87,63,,True,False,US,CA,2024-06-24,2024-06-24,2024-05-20T21:14:20,2024-05-20T21:14:20
8529,74.09,99.67,107,,True,True,FR,FR,2021-10-25,2021-10-25,2020-10-10T06:54:26,
8530,83.14,3.34,62,19,True,True,UK,FR,2021-01-14,2021-01-14,2020-11-10T19:39:26,2020-11-10T19:39:26
8531,64.34,79.16,95,87,True,,FR,JP,2022-05-03,2022-05-03,2022-01-07T05:58:24,2022-01-07T05:58:24
8532,86.09,85.38,84,82,False,False,DE,BR,2020-12-03,2020-12-03,2021-03-18T02:20:28,2021-03-18T02:20:28
8533,41.46,14.75,58,76,True,True,CA,CA,2022-08-12,2022-08-12,2020-10-13T12:15:52,2020-10-13T12:15:52
8534,19.86,52.16,78,71,True,False,US,JP,2021-04-17,2021-04-17,2021-05-29T16:27:41,
8535,58.76,,91,110,True,False,AU,AU,2023-01-07,2023-01-07,2022-01-23T14:44:37,2022-01-23T14:44:37
8536,29.66,33.42,7,71,False,False,AU,UK,2022-10-04,2022-10-04,2023-02-01T06:48:37,2023-02-01T06:48:37
8537,16.3,43.66,10,29,True,,CA,DE,2021-01-25,,2023-07-07T13:44:55,2023-07-07T13:44:55
8538,81.72,15.15,39,46,False,False,JP,BR,2024-12-18,2024-12-18,2020-09-05T12:25:05,2020-09-05T12:25:05
8539,97.43,29.97,70,83,True,True,US,US,2024-06-16,2024-06-16,2020-09-17T12:20:20,2020-09-17T12:20:20
8540,10.28,16.28,28,81,True,False,FR,CA,2020-05-08,2020-05-08,2024-07-10T06:34:30,2024-07-10T06:34:30
8541,23.45,45.44,53,102,True,False,CA,CA,2021-01-01,2021-01-01,2020-08-15T22:09:43,2020-08-15T22:09:43
8542,23.67,,15,59,False,,UK,JP,2021-11-14,2021-11-14,2022-12-14T19:12:26,2022-12-14T19:12:26
8543,2.45,51.12,16,85,True,False,DE,,2024-10-28,2024-10-28,2020-05-23T01:50:38,2020-05-23T01:50:38
8544,9.62,47.68,49,40,True,False,DE,FR,2021-05-04,2021-05-04,2023-11-30T21:50:11,2023-11-30T21:50:11
8545,20.54,77.42,78,,True,True,AU,BR,2023-12-14,2023-12-14,2022-04-09T22:12:03,2022-04-09T22:12:03
8546,93.08,79.2,96,6,True,True,JP,BR,2024-06-21,2024-06-21,2022-10-27T08:18:35,2022-10-27T08:18:35
8547,9.31,31.65,38,42,True,True,FR,,2022-11-25,2022-11-25,2022-10-10T14:56:13,2022-10-10T14:56:13
8548,68.93,,58,67,True,True,AU,CA,2023-01-27,2023-01-27,2020-01-18T09:43:54,2020-01-18T09:43:54
8549,97.86,,8,73,True,,AU,JP,2023-01-10,2023-01-10,2022-03-14T04:04:25,2022-03-14T04:04:25
8550,2.58,93.28,4,,True,True,US,UK,2024-01-15,,2024-07-11T13:53:35,2024-07-11T13:53:35
8551,2.03,,62,103,False,False,BR,DE,2020-09-11,2020-09-11,2023-02-23T05:39:07,2023-02-23T05:39:07
8552,74.37,79.66,43,32,True,False,CA,JP,2024-10-03,2024-10-03,2020-04-28T16:19:03,2020-04-28T16:19:03
8553,37.4,31.61,0,31,False,True,CA,BR,2021-06-19,2021-06-19,2021-09-25T17:47:03,2021-09-25T17:47:03
8554,60.7,18.07,43,10,False,False,AU,DE,2020-03-24,2020-03-24,2021-07-17T20:57:58,2021-07-17T20:57:58
8555,65.81,,114,46,True,,BR,UK,2023-10-22,,2021-02-08T00:11:03,2021-02-08T00:11:03
8556,6.2,86.63,81,,False,True,DE,FR,2023-10-14,2023-10-14,2021-09-25T02:49:32,2021-09-25T02:49:32
8557,92.91,39.55,86,34,True,False,UK,JP,2021-03-02,2021-03-02,2021-04-16T13:25:49,2021-04-16T13:25:49
8558,33.27,26.82,107,112,False,True,FR,,2023-02-28,2023-02-28,2024-04-20T11:43:19,2024-04-20T11:43:19
8559,15.85,31.44,84,100,False,True,US,AU,2021-07-09,2021-07-09,2021-04-19T08:57:05,2021-04-19T08:57:05
8560,69.91,86.61,36,116,False,True,US,JP,2023-12-30,2023-12-30,2023-10-26T15:38:38,2023-10-26T15:38:38
8561,94.78,37.22,47,10,True,True,FR,JP,2022-08-25,2022-08-25,2021-01-26T05:23:10,2021-01-26T05:23:10
8562,6.86,81.83,12,32,False,True,JP,AU,2020-05-02,2020-05-02,2024-04-23T16:04:41,2024-04-23T16:04:41
8563,56.92,73.67,43,2,True,False,DE,JP,2023-01-26,2023-01-26,2023-04-02T03:54:15,2023-04-02T03:54:15
8564,78.55,43.86,6,,True,False,CA,DE,2021-12-09,2021-12-09,2021-08-08T13:53:05,2021-08-08T13:53:05
8565,49.54,84.01,115,31,True,False,UK,UK,2023-05-02,2023-05-02,2021-08-03T23:13:42,2021-08-03T23:13:42
8566,35.64,4.4,105,28,False,False,DE,CA,2024-05-26,2024-05-26,2024-08-08T03:06:16,2024-08-08T03:06:16
8567,98.54,41.76,94,114,True,True,CA,CA,2023-06-08,2023-06-08,2024-08-04T13:01:35,2024-08-04T13:01:35
8568,52.42,23.76,63,106,False,True,US,AU,2020-08-15,2020-08-15,2021-03-10T07:14:05,2021-03-10T07:14:05
8569,63.36,3.09,36,71,False,True,BR,AU,2024-12-21,,2022-12-27T20:33:07,2022-12-27T20:33:07
8570,7.22,28.28,90,,True,False,DE,CA,2022-07-04,2022-07-04,2021-09-18T10:06:26,2021-09-18T10:06:26
8571,49.46,57.84,12,4,True,,CA,AU,2022-03-17,2022-03-17,2024-10-12T19:56:22,2024-10-12T19:56:22
8572,20.25,37.64,30,8,True,False,FR,DE,2023-03-05,,2024-09-30T11:50:31,2024-09-30T11:50:31
8573,61.57,48.36,17,3,False,True,AU,,2024-12-08,2024-12-08,2020-06-04T08:46:48,2020-06-04T08:46:48
8574,9.55,79.47,89,15,True,False,BR,UK,2020-06-13,,2021-11-12T06:17:15,2021-11-12T06:17:15
8575,22.8,,40,111,False,False,CA,UK,2021-10-15,,2021-04-30T22:05:23,2021-04-30T22:05:23
8576,98.23,71.91,99,110,False,True,DE,AU,2020-09-11,2020-09-11,2022-05-17T05:52:25,2022-05-17T05:52:25
8577,34.45,55.02,75,26,True,False,JP,,2021-12-18,2021-12-18,2024-07-28T23:19:01,2024-07-28T23:19:01
8578,90.03,64.86,74,85,False,True,JP,UK,2023-03-01,2023-03-01,2021-06-06T10:15:39,2021-06-06T10:15:39
8579,35.79,13.44,34,104,True,False,JP,AU,2022-08-03,,2022-04-05T05:40:19,2022-04-05T05:40:19
8580,34.52,30.6,22,109,True,False,DE,US,2024-05-30,2024-05-30,2024-10-04T11:35:36,2024-10-04T11:35:36
8581,61.46,61.87,53,,False,True,UK,DE,2021-11-12,2021-11-12,2022-04-26T16:58:38,
8582,39.45,56.76,69,84,False,,FR,UK,2024-11-08,2024-11-08,2024-03-21T02:44:43,2024-03-21T02:44:43
8583,39.04,49.31,41,119,True,True,CA,AU,2020-06-25,2020-06-25,2021-04-01T03:48:58,2021-04-01T03:48:58
8584,12.99,,101,73,True,False,UK,US,2024-04-27,2024-04-27,2021-10-25T02:32:38,2021-10-25T02:32:38
8585,94.3,17.7,81,61,False,False,UK,BR,2023-02-11,2023-02-11,2022-09-03T22:52:38,2022-09-03T22:52:38
8586,84.56,,14,17,True,False,JP,FR,2021-04-15,2021-04-15,2024-01-16T11:28:15,
8587,48.27,89.53,87,73,False,True,AU,UK,2023-04-25,2023-04-25,2021-05-10T18:05:58,2021-05-10T18:05:58
8588,45.35,26.06,102,118,True,True,AU,AU,2024-09-26,2024-09-26,2023-04-30T07:46:57,2023-04-30T07:46:57
8589,25.39,90.54,101,86,False,False,AU,FR,2022-08-06,2022-08-06,2020-06-11T22:06:23,2020-06-11T22:06:23
8590,27.24,,99,58,False,,UK,AU,2024-11-08,2024-11-08,2023-11-01T07:02:43,2023-11-01T07:02:43
8591,97.2,,30,,True,False,DE,CA,2022-10-10,2022-10-10,2023-08-18T10:30:04,2023-08-18T10:30:04
8592,37.74,10.06,81,100,False,False,FR,US,2020-10-17,,2024-10-13T05:47:58,2024-10-13T05:47:58
8593,0.67,82.93,105,12,True,True,DE,US,2023-08-13,2023-08-13,2021-10-12T01:08:19,2021-10-12T01:08:19
8594,65.15,58.87,76,3,False,True,BR,,2022-12-23,2022-12-23,2022-08-17T07:27:56,2022-08-17T07:27:56
8595,46.41,35.32,24,,True,False,US,,2021-04-04,2021-04-04,2020-02-12T20:15:43,2020-02-12T20:15:43
8596,85.22,53.79,97,45,True,True,FR,JP,2024-09-10,2024-09-10,2020-05-22T11:41:46,2020-05-22T11:41:46
8597,13.15,65.94,116,33,True,True,FR,UK,2021-04-18,2021-04-18,2020-10-19T12:59:01,2020-10-19T12:59:01
8598,71.3,73.78,56,24,True,False,DE,CA,2023-11-15,2023-11-15,2021-11-08T11:20:44,2021-11-08T11:20:44
8599,37.41,4.17,65,34,True,True,JP,DE,2021-04-09,2021-04-09,2020-01-16T04:46:40,2020-01-16T04:46:40
8600,13.59,91.06,27,59,False,False,US,CA,2022-03-15,2022-03-15,2020-03-12T22:20:57,2020-03-12T22:20:57
8601,34.21,57.8,64,26,True,False,DE,AU,2024-02-27,2024-02-27,2024-01-11T14:30:49,2024-01-11T14:30:49
8602,44.0,56.64,42,,False,False,US,US,2023-08-03,2023-08-03,2023-09-16T19:41:09,2023-09-16T19:41:09
8603,59.97,19.56,54,64,False,True,AU,DE,2021-03-05,2021-03-05,2020-12-30T15:13:03,2020-12-30T15:13:03
8604,33.41,88.64,28,14,True,True,US,JP,2024-02-05,2024-02-05,2022-09-01T10:18:50,2022-09-01T10:18:50
8605,88.75,75.82,26,59,False,True,JP,US,2023-07-30,2023-07-30,2022-10-16T00:16:38,2022-10-16T00:16:38
8606,27.85,31.44,78,62,False,False,AU,,2023-12-19,2023-12-19,2020-06-09T13:06:37,2020-06-09T13:06:37
8607,2.07,43.72,63,103,False,True,FR,BR,2023-06-14,2023-06-14,2022-05-18T00:33:59,2022-05-18T00:33:59
8608,1.41,37.18,85,,True,False,DE,DE,2023-04-26,2023-04-26,2024-02-19T23:36:41,2024-02-19T23:36:41
8609,99.03,2.06,33,71,False,False,BR,US,2021-10-31,2021-10-31,2024-01-04T01:35:22,2024-01-04T01:35:22
8610,21.68,13.06,24,100,True,False,UK,US,2021-04-24,2021-04-24,2021-05-16T08:16:49,2021-05-16T08:16:49
8611,63.82,10.43,76,43,False,,FR,FR,2020-12-05,2020-12-05,2024-12-27T23:57:25,2024-12-27T23:57:25
8612,99.27,39.61,63,2,True,False,UK,,2023-03-15,2023-03-15,2020-08-07T18:56:47,2020-08-07T18:56:47
8613,26.93,19.13,22,,True,True,JP,BR,2023-01-06,2023-01-06,2023-08-01T05:08:01,2023-08-01T05:08:01
8614,22.54,35.91,38,86,False,True,BR,JP,2022-11-09,2022-11-09,2021-08-29T15:27:55,2021-08-29T15:27:55
8615,15.65,37.98,43,93,False,False,DE,UK,2022-06-17,,2022-11-02T17:46:35,2022-11-02T17:46:35
8616,78.41,66.9,57,85,True,False,CA,CA,2022-04-14,2022-04-14,2020-09-18T17:46:22,
8617,19.76,63.26,102,49,True,True,AU,UK,2020-06-05,2020-06-05,2021-01-23T17:15:21,2021-01-23T17:15:21
8618,43.51,52.87,76,42,False,False,JP,DE,2021-04-15,,2022-10-11T12:41:40,2022-10-11T12:41:40
8619,80.18,63.07,4,25,True,True,UK,US,2024-10-10,2024-10-10,2023-09-02T07:55:26,2023-09-02T07:55:26
8620,65.2,2.49,98,6,True,False,BR,BR,2023-08-19,2023-08-19,2022-12-11T11:43:21,2022-12-11T11:43:21
8621,40.83,74.73,79,,True,False,FR,AU,2020-01-03,2020-01-03,2022-08-15T04:43:10,2022-08-15T04:43:10
8622,37.74,13.53,78,39,True,False,DE,US,2020-01-15,2020-01-15,2021-12-04T23:31:27,
8623,93.93,62.33,29,4,False,False,BR,BR,2023-06-28,2023-06-28,2022-01-03T01:14:51,2022-01-03T01:14:51
8624,82.4,,8,69,False,,AU,AU,2021-02-28,2021-02-28,2023-09-18T00:15:31,2023-09-18T00:15:31
8625,95.21,72.66,57,80,True,False,JP,AU,2022-09-16,2022-09-16,2021-03-22T10:52:29,2021-03-22T10:52:29
8626,20.88,2.66,83,,False,True,FR,,2023-10-04,2023-10-04,2021-12-30T13:09:23,2021-12-30T13:09:23
8627,64.96,3.55,51,109,True,,AU,US,2020-01-30,2020-01-30,2024-02-07T21:36:58,2024-02-07T21:36:58
8628,18.24,29.81,54,14,False,False,US,DE,2020-04-13,2020-04-13,2021-10-31T16:59:29,2021-10-31T16:59:29
8629,57.06,76.22,85,107,True,,CA,,2023-09-04,2023-09-04,2020-01-26T02:15:52,2020-01-26T02:15:52
8630,51.47,72.64,44,3,True,True,US,DE,2024-10-04,2024-10-04,2020-01-01T13:06:23,
8631,45.64,49.27,33,64,True,False,CA,CA,2022-07-08,2022-07-08,2024-02-16T06:41:06,2024-02-16T06:41:06
8632,0.96,49.32,45,44,True,False,FR,FR,2024-05-01,2024-05-01,2021-10-02T16:40:37,2021-10-02T16:40:37
8633,97.96,47.55,66,104,False,,BR,AU,2020-07-30,2020-07-30,2021-11-03T00:22:55,2021-11-03T00:22:55
8634,19.21,75.25,50,109,True,False,BR,US,2022-01-08,2022-01-08,2022-07-27T04:47:48,2022-07-27T04:47:48
8635,73.13,23.85,48,,True,True,BR,,2020-01-19,2020-01-19,2023-03-02T12:14:39,2023-03-02T12:14:39
8636,14.16,,94,47,True,False,BR,CA,2021-11-24,2021-11-24,2021-04-13T09:12:17,2021-04-13T09:12:17
8637,59.71,57.09,96,58,False,False,US,UK,2024-09-02,2024-09-02,2023-12-16T12:16:07,2023-12-16T12:16:07
8638,5.05,45.59,80,116,True,True,JP,CA,2021-07-17,2021-07-17,2020-08-08T14:10:39,2020-08-08T14:10:39
8639,60.67,38.24,117,27,False,False,CA,DE,2021-09-30,2021-09-30,2022-06-10T20:50:01,2022-06-10T20:50:01
8640,11.54,65.9,112,54,False,False,JP,DE,2021-12-08,2021-12-08,2021-02-08T00:30:39,2021-02-08T00:30:39
8641,40.05,36.56,104,18,False,False,CA,US,2021-01-07,2021-01-07,2022-05-11T05:38:25,2022-05-11T05:38:25
8642,61.54,24.22,107,46,False,True,BR,AU,2020-10-13,2020-10-13,2021-12-08T04:01:34,2021-12-08T04:01:34
8643,38.26,37.72,31,56,False,True,FR,CA,2022-09-20,2022-09-20,2022-03-20T13:18:45,2022-03-20T13:18:45
8644,62.86,29.37,118,17,False,,UK,AU,2023-09-06,2023-09-06,2022-03-30T04:59:29,
8645,6.52,35.88,65,69,False,False,CA,US,2021-11-22,2021-11-22,2022-01-09T19:55:05,2022-01-09T19:55:05
8646,5.24,93.03,115,35,False,True,FR,AU,2022-06-20,2022-06-20,2022-02-26T04:30:34,2022-02-26T04:30:34
8647,67.82,76.82,17,20,True,False,FR,US,2023-03-21,2023-03-21,2020-08-09T02:24:53,2020-08-09T02:24:53
8648,85.99,15.78,30,84,True,,US,JP,2022-09-22,2022-09-22,2020-10-20T20:26:51,2020-10-20T20:26:51
8649,20.4,94.97,109,66,False,True,DE,BR,2020-01-05,2020-01-05,2024-10-25T18:05:44,2024-10-25T18:05:44
8650,39.11,53.98,47,103,False,True,AU,US,2022-09-16,2022-09-16,2021-03-16T21:37:16,2021-03-16T21:37:16
8651,91.92,54.26,90,,True,True,BR,AU,2023-12-20,2023-12-20,2023-07-09T10:37:08,2023-07-09T10:37:08
8652,46.94,50.38,28,65,True,True,FR,CA,2024-03-04,2024-03-04,2020-12-05T14:39:43,2020-12-05T14:39:43
8653,71.74,57.72,99,37,False,False,BR,UK,2023-03-19,2023-03-19,2021-04-26T07:29:39,2021-04-26T07:29:39
8654,8.24,66.5,73,,True,False,DE,CA,2023-03-03,2023-03-03,2023-01-31T16:20:13,2023-01-31T16:20:13
8655,83.24,77.21,75,41,False,True,AU,JP,2024-12-11,2024-12-11,2021-02-02T16:51:26,2021-02-02T16:51:26
8656,16.68,99.01,116,106,False,False,BR,BR,2023-11-13,2023-11-13,2022-03-08T16:17:57,2022-03-08T16:17:57
8657,29.15,78.81,31,77,True,True,CA,,2021-07-14,2021-07-14,2020-06-03T07:25:54,2020-06-03T07:25:54
8658,30.29,60.76,108,24,False,True,US,,2020-08-23,2020-08-23,2022-12-16T01:03:10,2022-12-16T01:03:10
8659,90.79,31.97,13,,False,False,DE,DE,2024-10-07,,2023-11-30T06:04:10,2023-11-30T06:04:10
8660,14.48,24.69,1,39,True,False,UK,BR,2024-12-07,2024-12-07,2024-05-03T05:53:15,2024-05-03T05:53:15
8661,13.8,96.48,58,58,False,False,FR,,2021-03-11,2021-03-11,2020-02-02T14:18:16,2020-02-02T14:18:16
8662,15.59,18.01,62,57,True,,CA,UK,2021-12-18,2021-12-18,2020-11-18T16:28:47,2020-11-18T16:28:47
8663,51.57,40.74,64,65,False,,DE,US,2023-09-03,2023-09-03,2021-05-09T21:25:49,2021-05-09T21:25:49
8664,36.69,42.53,28,36,True,True,CA,DE,2021-06-23,,2023-06-26T17:19:35,2023-06-26T17:19:35
8665,86.76,75.6,35,28,True,,FR,JP,2020-11-02,2020-11-02,2023-01-03T11:52:47,2023-01-03T11:52:47
8666,32.77,48.7,1,11,True,False,BR,,2020-05-09,2020-05-09,2024-05-03T06:25:59,2024-05-03T06:25:59
8667,94.53,84.17,70,96,False,False,CA,UK,2024-07-09,2024-07-09,2022-04-05T02:45:21,2022-04-05T02:45:21
8668,38.56,75.29,115,95,True,False,US,JP,2022-07-01,,2022-12-30T09:58:18,2022-12-30T09:58:18
8669,16.16,2.72,32,28,True,False,AU,CA,2024-04-25,2024-04-25,2021-11-05T20:45:11,2021-11-05T20:45:11
8670,85.58,33.22,44,21,True,True,US,UK,2022-06-14,2022-06-14,2024-10-01T10:49:00,2024-10-01T10:49:00
8671,15.48,67.05,67,42,True,True,BR,BR,2022-07-28,2022-07-28,2024-11-02T13:16:12,2024-11-02T13:16:12
8672,6.87,,51,57,True,True,UK,JP,2020-09-28,2020-09-28,2023-01-11T19:45:03,2023-01-11T19:45:03
8673,56.49,55.24,82,39,False,True,US,DE,2023-03-06,2023-03-06,2022-10-15T11:14:06,2022-10-15T11:14:06
8674,53.33,71.09,5,61,True,False,FR,CA,2021-05-01,2021-05-01,2024-05-23T12:39:07,
8675,50.07,99.39,6,98,False,True,CA,CA,2022-06-20,2022-06-20,2024-12-14T15:19:24,2024-12-14T15:19:24
8676,99.34,40.22,28,6,False,False,AU,BR,2022-12-04,2022-12-04,2022-03-20T02:57:20,2022-03-20T02:57:20
8677,35.29,88.61,50,13,False,,FR,DE,2022-01-07,2022-01-07,2024-01-03T22:24:35,2024-01-03T22:24:35
8678,52.01,48.5,57,32,True,True,JP,AU,2020-10-31,2020-10-31,2021-07-31T01:40:35,2021-07-31T01:40:35
8679,18.2,21.78,98,1,True,False,US,AU,2024-03-05,,2022-02-22T00:35:36,
8680,33.69,42.89,53,58,True,,FR,,2021-10-05,2021-10-05,2023-11-17T20:23:06,
8681,86.07,92.82,75,62,False,True,CA,US,2023-09-09,2023-09-09,2020-06-13T22:55:14,2020-06-13T22:55:14
8682,6.71,24.07,11,9,False,True,AU,AU,2021-06-15,2021-06-15,2022-06-29T10:08:40,2022-06-29T10:08:40
8683,4.44,88.42,54,58,False,False,FR,JP,2022-08-01,2022-08-01,2024-11-23T07:51:36,2024-11-23T07:51:36
8684,5.29,24.1,100,11,False,False,US,DE,2023-11-23,2023-11-23,2023-04-16T03:31:53,2023-04-16T03:31:53
8685,25.35,58.32,28,21,True,True,JP,JP,2020-02-01,,2024-04-23T22:01:32,
8686,22.1,75.92,19,98,False,True,FR,BR,2022-12-22,2022-12-22,2020-08-13T12:07:04,2020-08-13T12:07:04
8687,48.55,27.88,49,,False,False,FR,FR,2023-03-04,2023-03-04,2022-12-16T12:29:08,2022-12-16T12:29:08
8688,69.37,31.69,61,64,True,True,CA,UK,2020-08-28,2020-08-28,2023-12-17T11:40:20,2023-12-17T11:40:20
8689,48.46,30.53,17,53,True,True,FR,UK,2021-05-27,,2020-05-12T07:00:24,2020-05-12T07:00:24
8690,96.99,1.56,50,44,False,False,UK,UK,2024-09-25,2024-09-25,2020-07-03T13:11:16,2020-07-03T13:11:16
8691,51.32,24.23,25,33,False,True,AU,BR,2020-02-07,2020-02-07,2023-03-03T20:12:44,2023-03-03T20:12:44
8692,40.67,,98,93,False,True,CA,BR,2020-02-14,2020-02-14,2022-07-22T10:55:10,2022-07-22T10:55:10
8693,78.22,69.14,71,5,True,True,UK,UK,2020-04-08,2020-04-08,2022-03-19T21:28:17,2022-03-19T21:28:17
8694,27.87,36.92,49,,False,True,DE,US,2023-04-06,2023-04-06,2021-02-07T02:25:22,2021-02-07T02:25:22
8695,93.86,76.76,83,22,True,False,DE,US,2024-10-12,2024-10-12,2022-10-27T22:59:44,2022-10-27T22:59:44
8696,80.0,58.09,83,84,False,True,FR,UK,2024-11-20,2024-11-20,2021-08-18T06:58:32,2021-08-18T06:58:32
8697,25.01,36.16,51,81,False,,JP,DE,2020-06-28,2020-06-28,2021-04-26T12:30:33,2021-04-26T12:30:33
8698,47.8,89.76,116,,True,True,DE,UK,2023-09-27,,2024-10-02T17:30:12,2024-10-02T17:30:12
8699,76.71,57.89,53,111,True,True,JP,CA,2020-03-30,2020-03-30,2021-07-05T07:59:55,
8700,19.83,5.74,1,31,True,False,US,FR,2020-06-02,,2024-07-19T12:19:38,2024-07-19T12:19:38
8701,93.97,26.45,11,8,True,True,FR,JP,2021-01-07,2021-01-07,2021-02-06T00:13:40,2021-02-06T00:13:40
8702,64.58,57.16,105,86,True,,CA,DE,2022-06-27,2022-06-27,2022-10-16T07:17:43,2022-10-16T07:17:43
8703,81.13,7.66,9,87,False,False,AU,,2021-12-06,2021-12-06,2022-11-04T23:59:43,2022-11-04T23:59:43
8704,31.2,99.54,14,73,True,,CA,JP,2020-05-29,2020-05-29,2020-08-06T23:11:27,2020-08-06T23:11:27
8705,68.83,79.61,82,73,False,False,DE,US,2022-08-06,2022-08-06,2022-07-24T03:04:36,2022-07-24T03:04:36
8706,96.96,73.72,51,48,False,False,US,AU,2022-10-18,2022-10-18,2020-11-07T11:45:29,
8707,82.64,44.02,35,50,True,False,JP,US,2021-06-13,2021-06-13,2020-08-31T14:11:01,2020-08-31T14:11:01
8708,45.19,12.49,113,78,True,True,FR,FR,2023-08-04,2023-08-04,2023-12-15T15:58:40,2023-12-15T15:58:40
8709,1.88,17.12,1,25,False,False,FR,,2023-07-18,2023-07-18,2020-05-07T21:41:36,2020-05-07T21:41:36
8710,20.43,99.02,93,35,True,True,CA,US,2022-03-13,2022-03-13,2020-02-03T15:39:36,2020-02-03T15:39:36
8711,60.85,93.67,71,78,False,True,CA,US,2020-07-16,2020-07-16,2023-12-27T00:58:20,
8712,46.23,,20,38,True,False,CA,,2020-12-20,2020-12-20,2020-10-04T10:38:50,
8713,81.4,8.64,102,95,True,False,US,US,2022-08-10,2022-08-10,2022-09-04T02:26:19,2022-09-04T02:26:19
8714,61.59,,72,95,True,True,US,AU,2022-05-28,,2020-09-27T16:25:46,2020-09-27T16:25:46
8715,24.84,45.73,119,77,True,True,BR,CA,2021-11-10,2021-11-10,2021-07-14T01:58:20,2021-07-14T01:58:20
8716,4.03,9.88,43,112,False,False,JP,AU,2024-02-12,2024-02-12,2024-09-10T22:29:43,2024-09-10T22:29:43
8717,56.22,99.55,38,,False,True,DE,US,2020-02-20,2020-02-20,2020-12-31T11:15:55,2020-12-31T11:15:55
8718,23.79,42.5,4,68,False,True,AU,DE,2020-09-06,2020-09-06,2024-05-14T22:26:32,2024-05-14T22:26:32
8719,38.55,45.19,72,38,False,True,US,BR,2024-06-22,2024-06-22,2022-09-24T15:13:31,2022-09-24T15:13:31
8720,52.79,45.47,102,,True,False,CA,FR,2020-07-01,2020-07-01,2023-05-25T10:35:38,2023-05-25T10:35:38
8721,29.96,71.36,51,38,True,False,CA,,2024-01-18,2024-01-18,2022-12-25T07:40:09,2022-12-25T07:40:09
8722,42.62,13.86,11,109,True,True,FR,AU,2022-06-06,2022-06-06,2023-02-10T01:12:18,2023-02-10T01:12:18
8723,61.03,58.04,62,1,True,False,CA,CA,2021-11-20,2021-11-20,2020-11-03T09:26:40,2020-11-03T09:26:40
8724,36.94,84.86,0,74,False,,AU,FR,2021-06-25,2021-06-25,2024-11-13T12:29:49,2024-11-13T12:29:49
8725,10.87,98.64,89,5,True,False,BR,FR,2024-07-16,2024-07-16,2021-11-16T10:14:46,2021-11-16T10:14:46
8726,37.03,25.93,23,,False,False,UK,FR,2020-04-16,2020-04-16,2024-02-06T00:48:29,2024-02-06T00:48:29
8727,95.48,51.19,98,39,True,True,JP,US,2024-01-18,2024-01-18,2020-06-02T14:24:51,2020-06-02T14:24:51
8728,59.77,34.37,35,69,True,False,JP,DE,2021-12-19,2021-12-19,2022-12-31T22:29:18,2022-12-31T22:29:18
8729,46.13,47.63,1,3,True,,UK,CA,2023-02-19,2023-02-19,2020-03-30T14:33:42,2020-03-30T14:33:42
8730,61.79,99.68,109,35,False,True,FR,AU,2022-10-08,,2022-04-26T08:37:01,2022-04-26T08:37:01
8731,18.43,68.82,34,13,True,False,AU,DE,2022-05-15,2022-05-15,2024-12-08T13:28:06,2024-12-08T13:28:06
8732,91.98,93.13,75,57,True,False,AU,FR,2023-10-04,2023-10-04,2021-12-17T06:42:23,2021-12-17T06:42:23
8733,81.25,46.81,41,22,False,,UK,CA,2022-08-29,2022-08-29,2023-05-03T16:14:09,2023-05-03T16:14:09
8734,16.84,69.77,76,56,True,False,FR,,2023-08-14,,2021-06-01T12:32:23,2021-06-01T12:32:23
8735,48.38,15.55,15,,True,True,CA,DE,2022-02-03,2022-02-03,2024-02-05T04:34:50,2024-02-05T04:34:50
8736,30.54,93.98,31,16,True,False,US,JP,2022-06-14,2022-06-14,2021-03-20T15:33:00,2021-03-20T15:33:00
8737,62.42,,73,119,True,True,BR,UK,2023-07-21,2023-07-21,2024-10-15T14:05:55,2024-10-15T14:05:55
8738,9.09,,116,42,False,True,UK,AU,2023-10-11,2023-10-11,2022-10-04T09:47:44,2022-10-04T09:47:44
8739,57.26,52.25,22,74,True,True,UK,FR,2020-08-31,2020-08-31,2024-12-28T01:38:49,
8740,10.77,33.82,5,,False,True,US,FR,2022-09-20,2022-09-20,2020-06-15T17:24:55,2020-06-15T17:24:55
8741,32.54,17.71,27,104,True,True,FR,CA,2021-01-10,,2020-11-04T13:09:39,
8742,75.32,15.23,47,31,True,True,UK,FR,2020-04-13,2020-04-13,2022-06-20T04:01:44,2022-06-20T04:01:44
8743,54.05,53.08,117,58,True,True,US,AU,2021-08-31,2021-08-31,2023-11-15T16:27:31,2023-11-15T16:27:31
8744,89.66,67.22,104,93,True,True,AU,BR,2023-07-17,2023-07-17,2020-01-20T04:20:01,2020-01-20T04:20:01
8745,20.69,52.3,99,25,False,True,AU,CA,2023-08-20,2023-08-20,2024-01-03T06:38:01,2024-01-03T06:38:01
8746,68.51,29.27,72,46,True,False,JP,US,2024-03-03,2024-03-03,2022-12-16T21:22:16,2022-12-16T21:22:16
8747,60.48,16.63,50,,True,True,UK,US,2024-04-17,2024-04-17,2023-06-22T04:44:39,2023-06-22T04:44:39
8748,82.39,21.61,111,12,True,True,AU,AU,2024-02-10,2024-02-10,2021-06-18T09:09:27,2021-06-18T09:09:27
8749,7.78,18.98,92,3,False,False,CA,BR,2023-12-30,,2023-07-03T01:05:50,2023-07-03T01:05:50
8750,98.45,68.74,2,41,True,False,CA,DE,2020-01-04,2020-01-04,2024-02-06T23:20:29,2024-02-06T23:20:29
8751,49.75,74.35,105,46,False,True,US,,2024-11-21,2024-11-21,2022-03-31T21:38:23,2022-03-31T21:38:23
8752,34.83,64.42,80,3,False,,UK,CA,2020-05-13,2020-05-13,2024-04-28T19:30:09,2024-04-28T19:30:09
8753,0.62,36.45,117,78,True,True,AU,AU,2021-09-29,,2020-09-22T01:59:19,2020-09-22T01:59:19
8754,4.82,10.83,66,,True,False,UK,FR,2024-03-02,2024-03-02,2024-03-26T20:57:38,2024-03-26T20:57:38
8755,29.62,99.88,22,62,True,True,BR,JP,2022-07-17,2022-07-17,2021-12-01T18:01:30,2021-12-01T18:01:30
8756,31.56,33.11,71,19,False,False,US,AU,2022-04-18,2022-04-18,2021-12-27T00:12:01,2021-12-27T00:12:01
8757,95.62,31.9,114,25,True,False,CA,CA,2020-02-07,2020-02-07,2022-02-23T05:30:58,2022-02-23T05:30:58
8758,56.49,14.41,62,59,True,True,BR,BR,2022-07-03,2022-07-03,2020-03-13T00:33:57,2020-03-13T00:33:57
8759,65.56,15.94,42,18,False,True,JP,JP,2022-10-31,,2023-01-04T00:26:48,2023-01-04T00:26:48
8760,98.27,48.48,119,35,True,False,DE,DE,2021-01-02,2021-01-02,2020-04-01T04:39:39,2020-04-01T04:39:39
8761,38.75,32.36,36,31,True,True,FR,CA,2022-09-18,2022-09-18,2024-05-11T20:34:41,2024-05-11T20:34:41
8762,17.6,71.39,48,107,False,False,UK,BR,2023-08-05,2023-08-05,2023-09-12T17:04:09,2023-09-12T17:04:09
8763,55.94,60.34,20,37,False,True,US,CA,2022-12-11,2022-12-11,2024-02-24T03:14:11,2024-02-24T03:14:11
8764,80.59,44.42,63,27,True,False,FR,US,2022-03-05,2022-03-05,2020-08-04T11:54:48,2020-08-04T11:54:48
8765,30.18,17.54,111,13,True,True,FR,JP,2020-11-21,2020-11-21,2023-03-15T15:31:31,2023-03-15T15:31:31
8766,18.43,74.75,101,61,True,False,AU,,2023-09-11,2023-09-11,2021-08-21T18:30:37,2021-08-21T18:30:37
8767,35.33,96.8,11,71,False,False,DE,AU,2021-07-28,2021-07-28,2021-09-06T11:36:50,2021-09-06T11:36:50
8768,96.8,67.52,20,85,True,False,US,JP,2022-05-09,2022-05-09,2021-11-24T15:42:22,2021-11-24T15:42:22
8769,70.59,,114,88,False,True,FR,DE,2024-05-14,2024-05-14,2024-01-16T10:54:56,2024-01-16T10:54:56
8770,6.67,80.93,30,119,False,True,UK,CA,2020-05-14,2020-05-14,2021-01-19T21:35:48,2021-01-19T21:35:48
8771,65.95,30.65,103,65,True,True,US,AU,2022-10-24,2022-10-24,2024-01-08T11:04:46,2024-01-08T11:04:46
8772,98.81,96.26,36,116,True,False,FR,AU,2022-09-05,2022-09-05,2022-10-22T17:17:27,2022-10-22T17:17:27
8773,70.97,85.92,10,62,True,,BR,JP,2020-09-08,2020-09-08,2022-01-05T10:35:26,2022-01-05T10:35:26
8774,18.24,77.44,11,119,True,True,BR,DE,2021-05-29,2021-05-29,2021-01-04T04:38:30,2021-01-04T04:38:30
8775,12.62,88.32,47,53,True,False,BR,,2020-03-08,2020-03-08,2024-02-03T10:08:32,2024-02-03T10:08:32
8776,67.77,80.69,4,28,False,True,FR,BR,2022-07-20,2022-07-20,2022-04-09T08:19:58,
8777,83.28,95.44,95,18,False,True,CA,DE,2022-02-11,2022-02-11,2022-02-15T18:06:03,2022-02-15T18:06:03
8778,35.15,,40,45,True,False,BR,DE,2022-08-09,2022-08-09,2020-03-19T16:15:49,2020-03-19T16:15:49
8779,96.66,66.47,12,,True,,JP,DE,2020-06-29,2020-06-29,2020-10-24T18:29:25,2020-10-24T18:29:25
8780,0.49,16.78,91,28,True,False,US,JP,2021-01-12,2021-01-12,2021-12-12T05:36:51,
8781,34.25,13.76,53,,False,False,US,US,2020-05-08,2020-05-08,2024-05-21T06:20:09,2024-05-21T06:20:09
8782,7.67,87.39,7,,False,,US,FR,2021-05-05,2021-05-05,2021-09-16T22:39:53,2021-09-16T22:39:53
8783,47.09,24.86,50,11,False,False,DE,US,2021-09-24,2021-09-24,2023-07-26T23:25:07,2023-07-26T23:25:07
8784,78.75,86.8,14,88,True,,JP,BR,2021-08-21,2021-08-21,2023-12-12T21:29:23,2023-12-12T21:29:23
8785,17.36,58.32,64,67,False,False,BR,AU,2023-01-31,2023-01-31,2020-03-26T01:08:13,
8786,28.32,28.81,97,41,True,True,UK,,2023-03-09,2023-03-09,2022-02-06T08:23:04,2022-02-06T08:23:04
8787,79.83,37.59,3,30,False,True,US,UK,2021-08-08,2021-08-08,2020-04-28T05:46:34,2020-04-28T05:46:34
8788,78.47,23.05,37,,True,True,AU,JP,2021-06-29,2021-06-29,2023-11-05T08:44:13,2023-11-05T08:44:13
8789,10.05,43.73,119,34,False,False,DE,JP,2021-10-17,2021-10-17,2020-12-24T12:36:31,2020-12-24T12:36:31
8790,92.7,9.75,41,116,False,False,BR,BR,2024-10-09,2024-10-09,2022-09-04T11:15:45,2022-09-04T11:15:45
8791,92.14,79.64,32,13,False,True,CA,JP,2024-02-04,2024-02-04,2023-10-25T08:46:34,2023-10-25T08:46:34
8792,59.35,24.13,104,7,True,False,CA,,2024-04-22,2024-04-22,2024-08-24T09:24:55,2024-08-24T09:24:55
8793,53.05,6.31,32,60,True,True,DE,AU,2022-10-03,2022-10-03,2023-10-24T23:58:38,2023-10-24T23:58:38
8794,20.48,83.42,53,25,False,True,CA,,2022-07-27,2022-07-27,2024-04-27T20:22:22,2024-04-27T20:22:22
8795,28.71,55.5,13,114,False,True,BR,BR,2022-05-02,2022-05-02,2022-02-09T03:31:43,
8796,57.0,70.49,95,77,True,False,DE,UK,2020-09-13,2020-09-13,2021-12-04T15:16:46,2021-12-04T15:16:46
8797,69.42,60.07,106,,True,False,US,JP,2020-09-02,2020-09-02,2020-08-14T02:32:02,2020-08-14T02:32:02
8798,41.46,11.56,92,76,False,True,CA,US,2024-09-14,2024-09-14,2024-01-15T10:29:06,
8799,95.03,98.71,91,18,False,False,CA,AU,2020-06-16,2020-06-16,2024-05-07T01:28:51,2024-05-07T01:28:51
8800,72.87,33.08,73,111,True,False,DE,BR,2024-11-30,2024-11-30,2024-04-30T14:24:17,2024-04-30T14:24:17
8801,42.09,54.58,110,,True,True,AU,,2021-05-25,2021-05-25,2022-07-24T15:17:02,2022-07-24T15:17:02
8802,74.79,55.87,11,51,True,True,CA,FR,2020-08-28,2020-08-28,2022-07-31T22:48:17,
8803,61.16,58.52,12,75,False,True,US,DE,2022-09-28,2022-09-28,2020-05-16T03:47:32,2020-05-16T03:47:32
8804,72.19,58.47,76,12,False,,JP,,2021-12-10,2021-12-10,2022-05-03T00:43:55,2022-05-03T00:43:55
8805,27.15,,74,78,True,False,US,UK,2021-04-01,2021-04-01,2020-01-23T17:38:13,2020-01-23T17:38:13
8806,97.93,48.41,28,74,True,False,DE,DE,2020-07-23,2020-07-23,2022-12-12T16:24:46,2022-12-12T16:24:46
8807,62.63,53.08,33,73,True,True,BR,DE,2024-06-14,2024-06-14,2020-07-01T00:25:44,
8808,33.85,46.85,2,50,True,True,FR,UK,2024-07-18,2024-07-18,2021-12-06T17:43:47,2021-12-06T17:43:47
8809,40.12,17.9,99,21,True,False,CA,BR,2021-12-31,2021-12-31,2022-05-17T05:32:30,2022-05-17T05:32:30
8810,29.08,37.76,69,,False,,AU,,2021-06-01,2021-06-01,2020-04-20T02:50:58,2020-04-20T02:50:58
8811,82.98,43.1,60,9,True,True,UK,CA,2023-12-01,,2020-05-03T08:15:59,2020-05-03T08:15:59
8812,3.83,46.65,40,62,False,True,CA,CA,2023-09-23,2023-09-23,2022-09-23T08:30:14,
8813,12.17,34.67,82,119,True,,FR,JP,2024-04-10,2024-04-10,2022-09-10T15:49:21,2022-09-10T15:49:21
8814,71.42,38.09,51,28,False,True,BR,CA,2024-01-05,2024-01-05,2023-06-25T06:19:51,2023-06-25T06:19:51
8815,23.89,64.81,82,52,True,True,JP,JP,2023-03-11,2023-03-11,2023-12-29T16:13:54,2023-12-29T16:13:54
8816,65.83,81.86,30,87,True,True,FR,AU,2022-12-31,2022-12-31,2023-10-28T11:56:19,2023-10-28T11:56:19
8817,95.54,3.84,105,49,False,False,US,DE,2023-01-02,2023-01-02,2024-02-16T05:25:47,2024-02-16T05:25:47
8818,16.64,30.48,79,43,False,False,UK,CA,2021-02-09,2021-02-09,2022-04-23T12:18:33,2022-04-23T12:18:33
8819,64.31,78.75,23,,True,True,JP,CA,2024-02-16,,2022-05-19T07:27:16,2022-05-19T07:27:16
8820,44.08,,32,84,True,True,US,,2022-05-16,2022-05-16,2022-12-01T01:24:44,2022-12-01T01:24:44
8821,70.86,6.55,110,53,True,True,FR,CA,2023-03-14,2023-03-14,2022-06-03T02:34:42,2022-06-03T02:34:42
8822,52.75,56.98,48,94,True,False,CA,AU,2023-09-22,2023-09-22,2021-11-11T06:53:41,2021-11-11T06:53:41
8823,14.0,16.24,23,29,False,True,AU,US,2023-06-05,2023-06-05,2021-02-06T20:18:49,2021-02-06T20:18:49
8824,94.12,2.51,35,71,False,True,UK,US,2021-02-06,2021-02-06,2021-11-03T00:28:30,2021-11-03T00:28:30
8825,47.06,95.77,65,87,True,True,DE,BR,2020-09-06,2020-09-06,2021-07-26T13:21:54,2021-07-26T13:21:54
8826,72.6,18.47,68,,True,False,UK,CA,2020-01-18,2020-01-18,2022-08-31T07:01:53,2022-08-31T07:01:53
8827,84.93,36.87,2,78,True,True,CA,UK,2021-01-31,,2024-02-12T21:51:19,2024-02-12T21:51:19
8828,49.14,68.93,64,10,False,True,FR,BR,2024-11-22,2024-11-22,2023-02-06T03:23:02,2023-02-06T03:23:02
8829,64.92,45.78,74,45,True,True,JP,BR,2022-08-02,2022-08-02,2021-07-27T07:50:17,2021-07-27T07:50:17
8830,16.17,31.86,6,63,True,True,UK,BR,2021-09-10,2021-09-10,2020-09-12T18:33:10,2020-09-12T18:33:10
8831,64.53,12.58,20,77,False,False,US,UK,2024-12-27,2024-12-27,2020-01-21T18:10:55,2020-01-21T18:10:55
8832,86.15,88.24,45,65,True,True,US,DE,2023-09-11,2023-09-11,2024-08-18T10:19:07,2024-08-18T10:19:07
8833,40.53,28.89,50,72,True,True,JP,BR,2021-04-29,2021-04-29,2023-06-24T09:17:27,2023-06-24T09:17:27
8834,16.02,2.7,80,,True,True,DE,JP,2021-09-20,,2020-08-25T18:17:56,2020-08-25T18:17:56
8835,53.48,59.72,99,24,True,,JP,CA,2022-09-15,2022-09-15,2020-08-11T07:12:48,2020-08-11T07:12:48
8836,29.84,8.48,51,,False,False,US,DE,2023-09-06,2023-09-06,2024-11-03T17:37:17,
8837,80.37,50.23,30,81,False,,DE,FR,2020-12-10,,2023-03-19T00:00:34,2023-03-19T00:00:34
8838,46.77,86.14,66,3,True,True,FR,DE,2021-09-07,2021-09-07,2020-05-04T22:20:01,2020-05-04T22:20:01
8839,54.51,5.13,14,108,False,False,UK,JP,2023-07-24,2023-07-24,2024-03-31T20:18:25,2024-03-31T20:18:25
8840,74.15,11.49,88,,True,,DE,US,2022-07-15,2022-07-15,2021-11-03T08:38:40,
8841,67.04,8.58,27,,False,,US,FR,2022-11-20,2022-11-20,2024-10-15T16:01:50,2024-10-15T16:01:50
8842,66.15,78.56,52,47,False,True,CA,US,2024-04-26,2024-04-26,2022-05-11T13:12:34,2022-05-11T13:12:34
8843,78.83,49.23,45,4,False,True,BR,FR,2023-05-08,2023-05-08,2021-05-30T23:10:05,2021-05-30T23:10:05
8844,69.0,0.63,15,76,True,True,JP,CA,2021-09-13,2021-09-13,2024-07-14T20:56:33,2024-07-14T20:56:33
8845,94.12,,34,53,False,False,BR,JP,2023-03-31,2023-03-31,2023-04-04T10:40:36,2023-04-04T10:40:36
8846,33.22,88.35,12,61,False,False,CA,CA,2021-03-28,2021-03-28,2020-03-22T10:18:10,2020-03-22T10:18:10
8847,99.52,87.62,14,25,False,True,AU,DE,2022-05-26,2022-05-26,2022-07-04T12:21:51,
8848,3.78,51.87,36,115,True,True,UK,US,2022-08-18,2022-08-18,2020-04-14T03:13:28,2020-04-14T03:13:28
8849,93.67,,87,40,False,False,DE,DE,2021-01-11,2021-01-11,2023-09-22T05:38:52,2023-09-22T05:38:52
8850,97.65,43.47,37,84,False,True,CA,,2021-10-30,2021-10-30,2020-03-18T11:29:42,2020-03-18T11:29:42
8851,85.41,84.15,99,68,False,False,UK,CA,2023-07-07,2023-07-07,2020-12-24T06:17:44,2020-12-24T06:17:44
8852,22.39,51.73,96,81,False,True,CA,BR,2020-01-02,2020-01-02,2024-01-18T08:23:23,2024-01-18T08:23:23
8853,69.66,99.93,44,116,True,True,CA,JP,2020-01-13,2020-01-13,2021-12-07T14:37:32,2021-12-07T14:37:32
8854,8.03,63.84,11,15,True,True,FR,BR,2024-07-05,2024-07-05,2024-06-13T20:37:32,2024-06-13T20:37:32
8855,82.66,14.22,62,30,True,True,JP,FR,2024-03-21,2024-03-21,2020-02-29T23:07:53,2020-02-29T23:07:53
8856,39.18,,52,7,False,False,FR,AU,2024-12-16,2024-12-16,2020-06-25T23:45:58,2020-06-25T23:45:58
8857,22.52,19.8,98,4,True,False,DE,,2023-05-21,,2022-11-14T11:56:11,2022-11-14T11:56:11
8858,66.72,98.89,86,106,False,False,AU,DE,2022-01-30,2022-01-30,2021-03-14T15:46:43,2021-03-14T15:46:43
8859,17.55,7.67,9,,False,False,CA,CA,2023-08-08,2023-08-08,2021-12-26T12:27:14,2021-12-26T12:27:14
8860,88.79,10.18,60,44,True,True,JP,UK,2020-09-30,2020-09-30,2020-04-20T06:34:44,2020-04-20T06:34:44
8861,34.9,92.85,60,,True,False,UK,DE,2021-11-20,,2023-07-21T22:12:37,2023-07-21T22:12:37
8862,99.06,91.57,36,114,False,True,US,CA,2024-04-12,2024-04-12,2023-08-31T16:49:03,2023-08-31T16:49:03
8863,0.97,65.75,47,43,True,True,BR,DE,2024-08-14,2024-08-14,2020-01-18T08:06:25,2020-01-18T08:06:25
8864,63.7,14.12,14,10,False,,FR,FR,2024-12-11,2024-12-11,2022-09-28T11:08:58,2022-09-28T11:08:58
8865,83.56,77.67,90,20,False,,DE,AU,2022-06-15,2022-06-15,2020-08-25T21:20:20,2020-08-25T21:20:20
8866,8.19,,0,79,False,True,CA,FR,2020-01-31,2020-01-31,2023-03-05T05:58:17,2023-03-05T05:58:17
8867,17.0,77.8,83,,True,False,DE,CA,2022-02-06,2022-02-06,2022-01-12T21:04:22,2022-01-12T21:04:22
8868,90.68,1.21,61,88,True,False,DE,JP,2021-07-09,2021-07-09,2024-07-10T09:55:59,2024-07-10T09:55:59
8869,52.9,0.32,69,62,False,False,DE,CA,2022-10-30,2022-10-30,2023-05-07T08:21:52,2023-05-07T08:21:52
8870,40.02,21.8,63,5,False,True,US,CA,2022-01-08,2022-01-08,2022-10-01T04:57:43,2022-10-01T04:57:43
8871,44.52,31.17,15,50,False,False,CA,AU,2022-01-11,2022-01-11,2023-12-31T11:27:36,2023-12-31T11:27:36
8872,52.14,58.36,11,92,True,True,JP,BR,2020-07-10,2020-07-10,2022-01-08T19:17:42,
8873,42.98,49.0,48,86,True,,CA,CA,2023-12-18,2023-12-18,2024-04-04T03:35:44,2024-04-04T03:35:44
8874,5.26,7.42,106,46,True,True,FR,DE,2020-06-24,2020-06-24,2024-12-17T05:53:14,2024-12-17T05:53:14
8875,74.68,40.95,116,89,True,False,US,BR,2024-11-23,2024-11-23,2021-01-03T13:40:41,2021-01-03T13:40:41
8876,67.49,45.35,114,21,True,True,JP,CA,2021-05-19,2021-05-19,2024-08-26T14:26:04,2024-08-26T14:26:04
8877,52.78,14.69,9,15,True,True,JP,DE,2024-01-07,2024-01-07,2022-11-04T00:29:33,2022-11-04T00:29:33
8878,3.99,1.38,99,110,False,,UK,CA,2024-02-09,2024-02-09,2024-08-16T05:58:04,2024-08-16T05:58:04
8879,92.4,31.09,82,92,False,False,DE,US,2021-01-14,2021-01-14,2021-02-16T22:21:25,
8880,20.98,44.02,41,19,True,False,DE,US,2021-05-11,2021-05-11,2022-07-01T16:02:47,2022-07-01T16:02:47
8881,45.47,33.19,98,116,False,False,DE,JP,2023-01-16,2023-01-16,2021-07-07T17:48:39,
8882,30.32,35.84,19,116,False,False,DE,US,2023-08-31,2023-08-31,2020-05-21T07:48:40,2020-05-21T07:48:40
8883,56.93,47.68,28,21,False,True,JP,,2022-11-26,,2020-04-09T18:23:23,2020-04-09T18:23:23
8884,84.38,16.81,1,58,False,False,CA,AU,2022-04-23,2022-04-23,2020-03-20T18:16:25,2020-03-20T18:16:25
8885,30.74,71.0,90,,False,,DE,AU,2021-01-31,2021-01-31,2021-04-25T08:07:51,2021-04-25T08:07:51
8886,90.34,43.09,30,115,False,True,BR,CA,2021-10-31,2021-10-31,2023-05-19T08:31:06,2023-05-19T08:31:06
8887,66.84,,19,3,True,True,FR,JP,2021-12-18,2021-12-18,2022-02-09T07:03:43,2022-02-09T07:03:43
8888,52.61,14.68,118,26,False,True,UK,FR,2021-11-07,2021-11-07,2023-10-02T21:21:41,2023-10-02T21:21:41
8889,72.82,50.53,25,36,False,False,US,DE,2024-08-20,2024-08-20,2020-07-18T16:50:13,
8890,35.86,,16,61,False,True,DE,AU,2023-09-28,2023-09-28,2020-07-26T07:51:41,2020-07-26T07:51:41
8891,46.75,71.32,69,5,False,False,CA,CA,2023-11-04,2023-11-04,2024-04-18T05:53:30,
8892,61.76,69.78,6,74,True,True,JP,DE,2023-06-09,2023-06-09,2022-02-25T15:08:03,
8893,51.75,5.89,23,31,False,False,AU,JP,2020-12-13,2020-12-13,2022-10-20T02:55:09,
8894,45.8,38.86,97,99,False,True,FR,DE,2023-08-09,2023-08-09,2022-05-16T00:19:52,2022-05-16T00:19:52
8895,33.25,5.09,67,,True,False,BR,BR,2024-05-01,2024-05-01,2020-09-11T19:38:27,2020-09-11T19:38:27
8896,49.16,30.38,50,29,True,False,FR,US,2020-01-07,2020-01-07,2023-03-17T06:12:28,2023-03-17T06:12:28
8897,76.9,,108,36,True,False,DE,DE,2022-01-07,2022-01-07,2022-05-20T19:49:09,2022-05-20T19:49:09
8898,9.32,69.82,89,15,True,,FR,FR,2020-03-29,2020-03-29,2023-12-10T13:10:11,2023-12-10T13:10:11
8899,42.68,22.24,107,70,True,True,AU,FR,2024-06-17,2024-06-17,2021-06-27T06:33:39,2021-06-27T06:33:39
8900,6.22,5.69,84,42,True,False,AU,US,2021-12-02,2021-12-02,2020-09-29T22:25:29,2020-09-29T22:25:29
8901,92.61,18.06,4,117,True,True,BR,UK,2024-07-19,2024-07-19,2024-12-12T09:07:13,2024-12-12T09:07:13
8902,65.09,,14,74,False,False,DE,BR,2023-09-19,2023-09-19,2022-05-08T10:15:25,2022-05-08T10:15:25
8903,99.61,80.68,11,102,True,False,JP,UK,2024-03-22,2024-03-22,2023-01-02T13:38:34,2023-01-02T13:38:34
8904,91.99,18.43,115,39,True,True,BR,CA,2024-02-10,2024-02-10,2023-01-20T14:08:47,2023-01-20T14:08:47
8905,71.65,50.08,75,103,False,False,CA,JP,2020-09-29,,2024-03-23T10:38:32,2024-03-23T10:38:32
8906,53.78,12.39,99,106,True,,BR,JP,2021-06-30,2021-06-30,2022-10-20T14:05:30,2022-10-20T14:05:30
8907,15.98,94.17,60,101,True,False,JP,UK,2022-04-06,2022-04-06,2021-10-10T00:31:25,2021-10-10T00:31:25
8908,4.28,58.29,18,87,True,True,UK,CA,2024-04-04,2024-04-04,2024-07-05T21:24:27,2024-07-05T21:24:27
8909,34.15,52.05,46,65,False,True,DE,JP,2020-12-09,2020-12-09,2023-12-15T20:57:14,2023-12-15T20:57:14
8910,49.15,42.63,7,118,True,True,AU,UK,2023-07-18,,2022-01-11T06:33:54,2022-01-11T06:33:54
8911,40.3,83.18,52,1,False,False,JP,CA,2023-12-11,2023-12-11,2020-04-10T18:54:42,2020-04-10T18:54:42
8912,3.23,57.42,32,26,True,False,BR,BR,2022-03-31,,2024-11-04T10:25:51,2024-11-04T10:25:51
8913,37.05,69.99,21,,False,False,CA,FR,2021-06-22,2021-06-22,2021-01-27T19:16:04,2021-01-27T19:16:04
8914,47.82,97.52,94,52,True,False,AU,DE,2023-03-12,2023-03-12,2021-05-25T19:41:01,2021-05-25T19:41:01
8915,83.65,90.08,112,,True,,CA,,2023-01-24,2023-01-24,2020-04-16T00:04:10,2020-04-16T00:04:10
8916,61.28,78.57,72,87,False,False,CA,UK,2024-09-26,2024-09-26,2022-10-31T00:31:09,2022-10-31T00:31:09
8917,40.36,28.76,100,90,False,False,CA,DE,2023-07-22,2023-07-22,2020-11-13T21:35:12,2020-11-13T21:35:12
8918,78.86,87.83,107,67,True,True,DE,BR,2024-12-16,2024-12-16,2021-07-06T21:19:25,2021-07-06T21:19:25
8919,90.72,70.85,54,30,True,True,FR,FR,2021-07-15,2021-07-15,2020-10-07T08:31:45,2020-10-07T08:31:45
8920,67.39,80.05,1,,False,True,CA,DE,2024-02-10,2024-02-10,2022-08-03T00:53:55,2022-08-03T00:53:55
8921,11.65,48.35,86,30,False,True,UK,DE,2020-02-20,2020-02-20,2022-10-08T17:51:33,2022-10-08T17:51:33
8922,45.8,3.74,7,111,True,False,FR,UK,2021-04-08,2021-04-08,2020-02-03T05:20:37,2020-02-03T05:20:37
8923,11.85,33.85,18,91,True,False,JP,,2022-09-18,2022-09-18,2023-06-26T05:22:35,2023-06-26T05:22:35
8924,38.4,86.63,36,60,True,True,FR,DE,2020-12-09,2020-12-09,2024-10-12T21:56:01,2024-10-12T21:56:01
8925,76.93,68.01,13,107,True,False,AU,US,2023-07-01,2023-07-01,2020-01-06T00:38:59,2020-01-06T00:38:59
8926,15.39,67.04,51,36,True,True,UK,BR,2021-01-12,2021-01-12,2021-09-09T09:37:49,2021-09-09T09:37:49
8927,25.15,14.18,94,,True,True,UK,UK,2022-12-06,2022-12-06,2024-07-27T14:53:12,2024-07-27T14:53:12
8928,12.32,97.46,89,53,False,True,BR,FR,2021-10-11,2021-10-11,2021-07-13T11:26:27,2021-07-13T11:26:27
8929,98.65,94.69,1,56,False,True,AU,CA,2020-04-18,2020-04-18,2022-04-08T11:28:11,2022-04-08T11:28:11
8930,80.98,20.7,104,71,True,True,DE,DE,2020-06-10,2020-06-10,2020-10-16T04:46:17,2020-10-16T04:46:17
8931,86.32,56.62,16,,True,True,US,,2021-08-26,2021-08-26,2024-10-02T22:51:18,2024-10-02T22:51:18
8932,91.8,3.98,6,108,True,True,CA,BR,2022-04-27,,2020-05-06T20:56:24,2020-05-06T20:56:24
8933,66.27,23.76,65,65,False,True,FR,DE,2022-07-27,2022-07-27,2022-04-23T22:29:00,2022-04-23T22:29:00
8934,35.18,81.45,46,79,False,False,UK,US,2023-02-26,2023-02-26,2024-09-19T20:32:14,2024-09-19T20:32:14
8935,52.39,48.09,92,102,False,True,CA,FR,2020-07-23,,2024-01-08T19:37:00,2024-01-08T19:37:00
8936,81.28,51.11,84,50,False,False,BR,FR,2020-10-26,2020-10-26,2021-04-09T22:20:47,2021-04-09T22:20:47
8937,78.63,14.64,82,40,False,True,BR,US,2020-05-29,2020-05-29,2020-08-20T23:58:54,2020-08-20T23:58:54
8938,8.97,47.97,68,64,True,True,BR,CA,2022-04-06,2022-04-06,2020-06-01T10:51:21,
8939,47.31,36.55,41,48,False,,JP,BR,2020-10-14,2020-10-14,2023-07-19T21:40:59,2023-07-19T21:40:59
8940,49.66,80.98,33,48,False,True,US,UK,2021-08-01,2021-08-01,2023-06-05T04:26:41,2023-06-05T04:26:41
8941,1.3,27.63,109,83,True,True,CA,JP,2023-05-13,,2023-05-04T11:12:01,2023-05-04T11:12:01
8942,64.29,4.98,57,31,False,True,CA,FR,2021-06-10,2021-06-10,2022-08-09T07:49:08,2022-08-09T07:49:08
8943,46.4,23.76,13,48,True,True,US,CA,2023-01-09,2023-01-09,2024-04-12T18:17:35,2024-04-12T18:17:35
8944,75.86,74.51,13,60,False,True,CA,AU,2023-01-11,2023-01-11,2022-01-10T14:01:30,2022-01-10T14:01:30
8945,1.53,17.75,27,87,False,False,BR,BR,2020-08-25,,2024-06-27T11:09:52,2024-06-27T11:09:52
8946,76.53,36.77,85,,True,False,FR,UK,2020-12-19,2020-12-19,2023-11-19T04:03:01,2023-11-19T04:03:01
8947,14.36,6.08,57,32,True,,JP,FR,2024-08-04,2024-08-04,2020-01-21T13:02:35,2020-01-21T13:02:35
8948,3.99,27.14,81,18,False,False,BR,DE,2022-04-27,2022-04-27,2020-11-11T02:52:28,2020-11-11T02:52:28
8949,45.68,95.64,78,,False,,UK,BR,2024-08-17,2024-08-17,2022-08-31T10:18:07,
8950,98.96,93.68,115,69,True,False,AU,DE,2022-06-15,2022-06-15,2022-02-04T00:52:27,2022-02-04T00:52:27
8951,11.7,90.99,49,95,True,,JP,BR,2021-01-13,2021-01-13,2024-08-30T06:59:55,2024-08-30T06:59:55
8952,58.57,13.52,40,33,True,False,US,UK,2022-08-31,2022-08-31,2024-01-14T03:30:12,2024-01-14T03:30:12
8953,44.3,81.55,85,14,True,False,US,JP,2022-07-17,,2023-04-05T08:02:59,2023-04-05T08:02:59
8954,33.33,86.86,14,115,True,False,JP,UK,2020-11-30,2020-11-30,2024-04-26T17:32:10,2024-04-26T17:32:10
8955,53.27,55.0,15,85,True,False,CA,JP,2022-10-29,2022-10-29,2024-06-02T21:10:58,2024-06-02T21:10:58
8956,20.75,,63,17,False,False,UK,CA,2022-07-15,2022-07-15,2021-06-11T07:01:56,2021-06-11T07:01:56
8957,43.41,53.89,61,54,False,False,FR,CA,2021-07-27,2021-07-27,2023-12-22T00:16:30,
8958,62.28,44.54,23,38,False,True,BR,BR,2020-01-19,,2023-12-26T06:32:44,2023-12-26T06:32:44
8959,84.85,,7,110,False,False,FR,US,2021-03-29,2021-03-29,2020-06-11T16:36:38,2020-06-11T16:36:38
8960,37.09,79.65,67,114,True,False,FR,US,2022-01-25,2022-01-25,2020-05-02T20:32:47,2020-05-02T20:32:47
8961,77.41,46.44,4,27,True,False,DE,FR,2024-05-05,2024-05-05,2020-11-23T19:53:47,2020-11-23T19:53:47
8962,23.99,77.48,89,71,False,False,AU,CA,2023-10-23,,2022-03-24T15:40:22,
8963,75.86,92.83,108,108,True,True,AU,AU,2023-08-29,2023-08-29,2021-01-09T09:50:34,
8964,55.4,98.95,27,113,True,False,FR,UK,2023-04-06,2023-04-06,2021-12-14T01:12:20,2021-12-14T01:12:20
8965,23.65,,71,70,False,False,BR,,2024-07-18,2024-07-18,2023-08-15T10:38:46,2023-08-15T10:38:46
8966,20.96,61.54,69,37,False,False,AU,DE,2020-08-07,2020-08-07,2022-01-02T15:53:54,2022-01-02T15:53:54
8967,35.17,19.84,21,117,False,False,US,DE,2024-11-22,2024-11-22,2022-10-19T07:27:46,2022-10-19T07:27:46
8968,35.58,49.85,116,97,True,True,JP,CA,2024-04-25,,2022-04-17T09:56:42,
8969,56.24,22.4,0,63,True,False,US,US,2023-04-19,2023-04-19,2023-08-12T01:01:17,2023-08-12T01:01:17
8970,88.16,53.82,51,27,False,True,US,DE,2022-05-27,2022-05-27,2023-12-04T09:21:26,2023-12-04T09:21:26
8971,60.43,52.88,83,83,True,False,US,US,2022-09-14,2022-09-14,2022-03-24T19:16:55,2022-03-24T19:16:55
8972,9.97,8.03,88,35,False,True,DE,BR,2023-12-28,2023-12-28,2024-09-17T18:57:32,2024-09-17T18:57:32
8973,33.81,33.14,46,113,False,False,US,AU,2022-02-22,2022-02-22,2024-07-23T20:03:22,2024-07-23T20:03:22
8974,50.27,28.37,75,63,False,True,BR,FR,2021-05-22,2021-05-22,2022-04-18T00:59:51,2022-04-18T00:59:51
8975,38.43,37.19,43,103,False,,US,US,2021-01-07,2021-01-07,2022-01-18T10:27:11,2022-01-18T10:27:11
8976,9.21,76.7,76,31,False,True,CA,BR,2021-02-05,2021-02-05,2020-08-03T00:17:08,2020-08-03T00:17:08
8977,3.05,25.68,115,76,True,True,US,DE,2021-07-08,2021-07-08,2021-11-27T21:05:24,2021-11-27T21:05:24
8978,45.06,59.34,114,,True,False,DE,UK,2021-09-30,2021-09-30,2020-10-03T07:06:37,2020-10-03T07:06:37
8979,51.04,27.95,17,16,False,True,CA,JP,2022-08-18,2022-08-18,2023-02-18T13:00:53,2023-02-18T13:00:53
8980,37.33,,62,62,True,True,US,BR,2020-12-21,2020-12-21,2023-07-10T05:46:38,
8981,22.71,47.81,8,102,True,True,BR,FR,2023-03-19,2023-03-19,2023-12-20T11:33:04,2023-12-20T11:33:04
8982,0.5,17.33,63,66,True,,AU,UK,2023-01-28,2023-01-28,2022-10-25T09:38:10,2022-10-25T09:38:10
8983,30.27,57.92,100,91,True,True,CA,JP,2024-02-17,2024-02-17,2023-02-24T15:25:56,2023-02-24T15:25:56
8984,42.6,87.01,76,,False,True,AU,UK,2022-10-30,2022-10-30,2021-09-07T09:08:20,2021-09-07T09:08:20
8985,99.52,95.51,76,117,False,False,US,UK,2024-12-25,2024-12-25,2023-06-04T12:41:50,2023-06-04T12:41:50
8986,93.57,13.54,97,117,False,True,CA,CA,2021-02-07,2021-02-07,2024-04-25T13:30:43,
8987,53.73,,117,54,True,True,UK,AU,2024-06-04,2024-06-04,2024-01-13T06:22:29,2024-01-13T06:22:29
8988,52.58,19.27,118,51,False,False,AU,JP,2021-08-18,2021-08-18,2021-12-25T00:32:24,2021-12-25T00:32:24
8989,94.6,10.04,57,59,True,True,BR,BR,2024-06-03,2024-06-03,2020-08-24T01:25:34,2020-08-24T01:25:34
8990,81.91,32.95,59,83,True,,FR,US,2021-12-10,2021-12-10,2024-01-24T11:42:35,2024-01-24T11:42:35
8991,32.9,75.42,39,41,False,False,FR,AU,2020-03-22,2020-03-22,2020-02-18T11:04:08,
8992,59.75,52.34,113,111,False,True,AU,CA,2023-12-14,2023-12-14,2023-04-17T16:56:45,2023-04-17T16:56:45
8993,18.42,39.57,5,118,False,False,AU,,2020-07-15,2020-07-15,2022-02-18T22:18:46,
8994,70.16,41.21,59,65,True,True,US,FR,2020-10-22,2020-10-22,2021-05-23T00:25:40,2021-05-23T00:25:40
8995,57.86,95.46,106,73,False,True,AU,,2023-08-22,2023-08-22,2023-06-02T18:54:17,2023-06-02T18:54:17
8996,80.89,82.73,10,8,False,True,UK,CA,2023-07-08,2023-07-08,2022-03-06T02:45:51,2022-03-06T02:45:51
8997,34.34,18.64,38,111,True,False,CA,DE,2023-12-20,2023-12-20,2022-07-04T11:02:43,2022-07-04T11:02:43
8998,52.62,50.21,86,72,True,True,FR,AU,2023-11-06,2023-11-06,2020-06-18T14:53:52,2020-06-18T14:53:52
8999,81.94,83.9,18,38,True,False,AU,DE,2022-02-07,,2023-01-31T10:29:49,2023-01-31T10:29:49
9000,82.26,47.97,97,0,False,False,JP,US,2023-10-25,2023-10-25,2023-06-24T13:52:33,2023-06-24T13:52:33
9001,51.42,87.91,21,92,False,,AU,JP,2022-06-01,2022-06-01,2022-06-12T21:07:18,2022-06-12T21:07:18
9002,24.81,46.66,92,91,True,False,FR,AU,2020-06-30,2020-06-30,2020-11-04T01:12:29,2020-11-04T01:12:29
9003,13.75,67.7,47,,True,False,FR,UK,2023-01-07,2023-01-07,2022-02-07T11:47:57,2022-02-07T11:47:57
9004,91.03,18.49,118,35,True,True,DE,,2022-01-22,2022-01-22,2023-11-13T21:45:47,2023-11-13T21:45:47
9005,16.76,66.98,0,,False,True,US,AU,2021-10-26,2021-10-26,2021-09-27T20:03:57,2021-09-27T20:03:57
9006,43.44,19.08,114,7,False,False,JP,US,2020-11-24,2020-11-24,2022-05-12T23:09:36,2022-05-12T23:09:36
9007,74.0,7.92,90,61,True,False,JP,DE,2022-04-05,2022-04-05,2023-04-30T19:52:24,2023-04-30T19:52:24
9008,40.89,,106,95,False,True,BR,FR,2021-07-28,2021-07-28,2022-08-11T23:53:32,2022-08-11T23:53:32
9009,4.54,24.23,33,1,True,True,JP,DE,2020-03-15,2020-03-15,2022-06-23T17:18:59,2022-06-23T17:18:59
9010,29.28,10.69,7,11,False,True,JP,US,2024-12-03,2024-12-03,2023-04-30T00:20:35,2023-04-30T00:20:35
9011,76.16,,6,100,False,,JP,CA,2021-03-17,2021-03-17,2022-08-22T19:20:39,2022-08-22T19:20:39
9012,81.28,76.08,8,98,False,False,FR,DE,2020-11-29,2020-11-29,2021-09-04T13:59:14,2021-09-04T13:59:14
9013,28.93,85.38,84,26,True,,AU,,2024-03-10,2024-03-10,2022-06-03T00:49:52,2022-06-03T00:49:52
9014,54.07,72.81,77,27,True,True,CA,FR,2021-05-06,2021-05-06,2021-10-13T20:09:36,2021-10-13T20:09:36
9015,34.97,73.11,60,105,False,True,JP,CA,2020-03-21,2020-03-21,2020-12-09T21:50:29,2020-12-09T21:50:29
9016,21.98,,62,106,True,,UK,JP,2023-12-11,2023-12-11,2024-11-17T18:01:05,2024-11-17T18:01:05
9017,98.08,83.5,81,18,True,False,UK,,2024-01-12,2024-01-12,2020-05-02T22:18:57,2020-05-02T22:18:57
9018,86.97,4.79,73,53,False,True,AU,,2024-01-11,2024-01-11,2023-06-02T08:58:21,
9019,55.83,12.96,15,34,False,False,BR,CA,2024-04-10,2024-04-10,2020-05-27T17:57:49,2020-05-27T17:57:49
9020,87.8,22.13,119,71,False,True,AU,BR,2024-01-29,2024-01-29,2022-05-16T14:54:33,2022-05-16T14:54:33
9021,43.4,91.35,96,40,True,False,FR,CA,2022-09-21,2022-09-21,2022-06-09T18:17:11,2022-06-09T18:17:11
9022,85.18,59.28,97,24,False,,AU,CA,2022-09-01,2022-09-01,2022-02-18T02:45:39,2022-02-18T02:45:39
9023,28.72,94.4,77,,False,False,US,FR,2024-02-29,2024-02-29,2023-12-16T05:28:03,
9024,9.39,,55,110,False,True,US,CA,2023-07-05,2023-07-05,2020-11-10T15:31:54,2020-11-10T15:31:54
9025,84.9,92.86,90,35,True,False,CA,CA,2021-04-11,2021-04-11,2023-11-22T05:22:17,2023-11-22T05:22:17
9026,30.41,31.2,44,9,True,,CA,BR,2024-11-10,2024-11-10,2021-05-11T02:59:38,2021-05-11T02:59:38
9027,10.96,26.81,40,95,True,False,US,DE,2021-08-03,2021-08-03,2023-02-16T09:03:51,2023-02-16T09:03:51
9028,80.69,43.75,93,41,True,True,JP,,2020-06-19,2020-06-19,2020-06-05T14:54:44,2020-06-05T14:54:44
9029,79.07,,35,,False,False,CA,,2021-10-08,2021-10-08,2022-08-10T03:10:32,2022-08-10T03:10:32
9030,38.56,88.12,108,116,False,True,AU,,2021-10-31,2021-10-31,2024-08-06T20:13:32,2024-08-06T20:13:32
9031,86.79,38.87,115,20,True,True,CA,,2022-11-29,2022-11-29,2021-01-30T17:40:50,2021-01-30T17:40:50
9032,5.3,18.77,74,109,True,False,UK,UK,2024-05-22,2024-05-22,2024-12-06T01:11:08,2024-12-06T01:11:08
9033,25.63,40.17,24,113,True,False,BR,JP,2023-06-19,2023-06-19,2023-06-21T07:47:40,2023-06-21T07:47:40
9034,81.75,38.78,64,111,False,True,JP,DE,2023-10-25,2023-10-25,2020-10-05T15:16:31,2020-10-05T15:16:31
9035,89.4,,20,31,False,True,JP,CA,2020-07-13,2020-07-13,2024-03-20T06:21:06,2024-03-20T06:21:06
9036,74.26,2.15,103,,False,False,BR,DE,2020-03-10,2020-03-10,2024-08-10T17:15:36,2024-08-10T17:15:36
9037,78.52,51.09,5,90,True,True,DE,US,2024-05-02,2024-05-02,2020-03-09T02:55:30,2020-03-09T02:55:30
9038,4.41,75.15,97,30,False,False,FR,JP,2020-01-03,2020-01-03,2022-09-05T02:19:59,2022-09-05T02:19:59
9039,60.03,10.08,58,40,False,False,UK,UK,2020-03-26,,2020-02-21T04:14:41,2020-02-21T04:14:41
9040,70.28,23.42,30,98,False,False,BR,BR,2024-05-24,2024-05-24,2023-07-05T23:48:04,2023-07-05T23:48:04
9041,60.73,40.98,48,85,False,False,BR,UK,2020-03-22,,2023-06-04T17:53:43,2023-06-04T17:53:43
9042,25.69,,13,20,True,True,CA,BR,2022-05-22,2022-05-22,2023-07-30T20:47:03,2023-07-30T20:47:03
9043,78.05,71.25,4,66,False,True,BR,AU,2022-09-02,2022-09-02,2024-09-16T01:04:46,2024-09-16T01:04:46
9044,15.66,8.66,14,21,False,True,AU,AU,2022-04-14,2022-04-14,2024-08-28T22:59:22,2024-08-28T22:59:22
9045,61.04,99.69,91,93,True,True,CA,JP,2022-07-15,2022-07-15,2020-01-08T07:40:01,2020-01-08T07:40:01
9046,18.69,88.63,13,,True,True,BR,JP,2022-02-06,2022-02-06,2021-04-05T13:55:43,2021-04-05T13:55:43
9047,88.96,15.75,35,108,True,True,AU,CA,2022-06-02,2022-06-02,2023-10-11T22:49:19,2023-10-11T22:49:19
9048,52.79,27.38,75,64,False,True,US,,2024-07-30,2024-07-30,2024-12-05T19:33:33,2024-12-05T19:33:33
9049,12.89,33.57,3,,True,False,FR,,2021-10-23,2021-10-23,2022-02-06T17:19:27,2022-02-06T17:19:27
9050,47.76,76.28,112,,False,True,FR,JP,2022-12-08,2022-12-08,2023-10-15T06:27:09,2023-10-15T06:27:09
9051,16.31,77.32,12,46,False,True,DE,AU,2021-01-04,2021-01-04,2024-05-31T19:03:31,2024-05-31T19:03:31
9052,39.63,93.59,50,54,True,False,US,UK,2021-04-25,2021-04-25,2024-11-15T18:32:51,
9053,80.14,20.61,105,83,False,False,US,DE,2023-01-31,2023-01-31,2022-08-23T10:36:43,2022-08-23T10:36:43
9054,11.5,17.53,71,27,True,True,US,UK,2023-03-02,2023-03-02,2020-09-05T09:52:27,2020-09-05T09:52:27
9055,69.74,49.32,104,81,True,True,BR,FR,2023-05-27,2023-05-27,2023-01-29T03:02:40,2023-01-29T03:02:40
9056,97.62,47.88,3,81,True,True,AU,UK,2021-07-22,2021-07-22,2022-01-18T20:14:10,2022-01-18T20:14:10
9057,29.58,91.81,45,98,True,False,JP,CA,2023-10-23,2023-10-23,2021-03-17T12:49:11,2021-03-17T12:49:11
9058,6.82,42.41,23,,True,False,CA,CA,2020-07-05,2020-07-05,2022-10-06T13:43:48,2022-10-06T13:43:48
9059,58.08,43.83,66,,True,False,CA,JP,2022-11-06,2022-11-06,2020-05-21T01:12:22,
9060,21.82,76.86,84,50,False,False,AU,UK,2024-01-28,2024-01-28,2024-01-05T15:00:20,2024-01-05T15:00:20
9061,19.65,5.5,104,89,False,True,FR,JP,2021-03-27,2021-03-27,2021-07-16T14:32:26,2021-07-16T14:32:26
9062,60.7,50.7,8,1,False,False,CA,DE,2024-08-20,2024-08-20,2020-01-31T07:11:14,2020-01-31T07:11:14
9063,25.4,61.78,98,29,True,False,UK,JP,2020-11-21,2020-11-21,2022-10-10T09:20:21,2022-10-10T09:20:21
9064,50.51,31.59,59,,False,False,CA,CA,2020-04-28,,2020-08-31T06:03:49,2020-08-31T06:03:49
9065,24.03,80.07,50,33,True,True,AU,CA,2023-11-12,2023-11-12,2021-10-30T18:16:36,2021-10-30T18:16:36
9066,40.51,32.46,96,,False,,DE,,2022-09-16,2022-09-16,2021-12-15T23:02:12,2021-12-15T23:02:12
9067,28.92,48.34,38,,False,False,JP,UK,2024-06-09,2024-06-09,2023-08-27T05:22:05,2023-08-27T05:22:05
9068,14.03,40.36,7,115,False,True,CA,US,2020-03-24,2020-03-24,2021-12-23T19:13:50,2021-12-23T19:13:50
9069,10.66,89.86,103,33,False,False,DE,BR,2022-08-05,2022-08-05,2022-08-26T11:31:03,2022-08-26T11:31:03
9070,44.81,44.12,74,60,False,False,FR,DE,2021-11-11,2021-11-11,2023-05-18T10:25:52,2023-05-18T10:25:52
9071,99.01,24.9,5,113,True,False,JP,AU,2022-05-07,2022-05-07,2024-09-10T10:18:14,2024-09-10T10:18:14
9072,79.43,98.17,33,52,True,False,UK,UK,2022-10-12,2022-10-12,2020-10-31T20:13:19,2020-10-31T20:13:19
9073,81.67,81.76,45,45,True,False,FR,JP,2020-04-28,2020-04-28,2024-08-19T11:15:18,2024-08-19T11:15:18
9074,6.06,,22,99,False,False,DE,,2020-03-12,2020-03-12,2022-08-29T15:11:52,2022-08-29T15:11:52
9075,42.53,21.94,86,107,True,True,AU,,2020-11-13,2020-11-13,2022-05-16T04:02:25,2022-05-16T04:02:25
9076,16.71,91.08,23,,False,True,DE,UK,2023-06-17,2023-06-17,2022-12-12T03:15:57,2022-12-12T03:15:57
9077,39.33,51.88,41,66,True,True,UK,JP,2020-03-26,2020-03-26,2021-05-17T05:00:00,2021-05-17T05:00:00
9078,84.43,51.7,16,33,False,True,US,FR,2021-12-18,2021-12-18,2022-05-08T01:36:31,2022-05-08T01:36:31
9079,93.14,52.03,25,68,True,True,BR,US,2024-09-19,2024-09-19,2020-02-29T11:18:02,2020-02-29T11:18:02
9080,69.09,90.65,108,119,False,True,CA,UK,2022-03-02,2022-03-02,2024-08-01T18:09:41,2024-08-01T18:09:41
9081,48.98,77.71,10,109,False,True,JP,AU,2022-08-02,2022-08-02,2024-03-02T11:08:12,2024-03-02T11:08:12
9082,72.18,22.57,48,88,False,True,US,UK,2021-10-20,2021-10-20,2024-05-16T21:41:24,2024-05-16T21:41:24
9083,11.63,36.5,93,57,True,True,FR,DE,2023-04-03,2023-04-03,2022-02-24T13:41:24,2022-02-24T13:41:24
9084,50.34,77.89,106,,True,False,FR,BR,2022-05-02,2022-05-02,2021-06-15T11:02:33,2021-06-15T11:02:33
9085,31.55,31.37,48,6,True,False,JP,,2022-04-30,2022-04-30,2023-07-20T07:50:34,2023-07-20T07:50:34
9086,16.78,74.57,86,77,True,False,UK,US,2021-03-13,2021-03-13,2022-11-12T22:51:42,2022-11-12T22:51:42
9087,21.69,11.74,58,19,True,True,BR,FR,2021-07-09,2021-07-09,2022-11-25T10:54:42,2022-11-25T10:54:42
9088,31.43,42.03,82,85,False,,DE,UK,2021-02-12,2021-02-12,2022-02-18T21:24:47,2022-02-18T21:24:47
9089,51.96,75.12,49,94,True,True,UK,UK,2020-07-10,2020-07-10,2021-06-10T09:31:29,2021-06-10T09:31:29
9090,22.56,70.31,47,70,True,True,UK,JP,2024-03-10,2024-03-10,2022-07-16T03:59:08,2022-07-16T03:59:08
9091,24.11,3.02,6,48,False,True,JP,JP,2023-08-02,2023-08-02,2021-08-19T12:36:39,2021-08-19T12:36:39
9092,67.23,52.6,95,84,False,False,US,,2023-08-15,2023-08-15,2021-11-09T01:59:29,2021-11-09T01:59:29
9093,89.6,7.59,37,7,False,True,BR,BR,2021-10-11,2021-10-11,2024-04-03T03:50:15,2024-04-03T03:50:15
9094,41.25,75.91,103,36,False,True,UK,CA,2022-06-06,,2024-06-30T03:28:22,2024-06-30T03:28:22
9095,67.16,70.84,26,73,False,True,BR,,2021-03-07,2021-03-07,2022-12-06T19:22:47,2022-12-06T19:22:47
9096,25.36,35.66,54,41,True,False,DE,FR,2024-10-29,2024-10-29,2021-01-28T14:05:24,2021-01-28T14:05:24
9097,1.88,39.1,83,39,True,True,CA,CA,2022-06-13,2022-06-13,2023-11-21T02:15:29,2023-11-21T02:15:29
9098,69.63,30.1,21,76,False,,UK,DE,2020-08-29,2020-08-29,2022-04-14T20:54:09,
9099,81.8,1.22,47,62,False,,CA,US,2020-05-01,2020-05-01,2023-11-30T06:48:53,
9100,17.66,90.77,34,117,False,True,UK,DE,2024-05-26,2024-05-26,2024-01-23T21:30:39,2024-01-23T21:30:39
9101,43.94,83.96,107,39,False,True,FR,UK,2020-10-28,2020-10-28,2024-01-14T18:13:56,2024-01-14T18:13:56
9102,82.71,9.81,51,57,True,,CA,DE,2020-06-06,2020-06-06,2020-06-24T19:24:13,
9103,18.06,37.83,57,76,False,,FR,FR,2023-11-27,2023-11-27,2022-02-13T11:50:08,2022-02-13T11:50:08
9104,1.89,80.19,56,57,False,True,AU,BR,2021-09-25,2021-09-25,2021-04-04T23:14:18,2021-04-04T23:14:18
9105,1.32,,47,20,False,False,FR,BR,2020-01-27,2020-01-27,2021-06-23T11:11:50,2021-06-23T11:11:50
9106,70.34,94.74,117,31,True,False,US,US,2024-10-12,2024-10-12,2022-07-01T23:30:58,2022-07-01T23:30:58
9107,31.58,82.6,1,4,True,True,JP,,2024-03-28,2024-03-28,2020-10-12T22:02:58,2020-10-12T22:02:58
9108,41.49,20.9,93,94,True,False,FR,CA,2021-10-29,2021-10-29,2020-05-21T07:13:20,2020-05-21T07:13:20
9109,90.82,95.18,91,112,True,True,BR,UK,2020-08-23,2020-08-23,2024-09-17T11:48:55,2024-09-17T11:48:55
9110,10.96,43.06,9,21,False,False,UK,FR,2020-02-02,2020-02-02,2024-04-14T03:14:07,2024-04-14T03:14:07
9111,95.48,,50,38,False,False,FR,JP,2021-05-03,2021-05-03,2022-12-26T07:09:34,2022-12-26T07:09:34
9112,10.12,57.87,110,118,False,False,DE,BR,2024-08-26,2024-08-26,2022-04-23T15:33:52,2022-04-23T15:33:52
9113,60.36,0.62,109,38,True,True,JP,UK,2021-05-23,2021-05-23,2020-04-06T11:04:32,2020-04-06T11:04:32
9114,98.79,80.2,61,85,False,True,US,AU,2020-11-08,2020-11-08,2021-03-28T19:21:35,2021-03-28T19:21:35
9115,49.79,14.25,78,97,True,False,US,CA,2024-02-22,2024-02-22,2022-12-20T11:42:27,2022-12-20T11:42:27
9116,0.58,70.32,95,64,False,,CA,CA,2020-01-06,2020-01-06,2022-05-16T08:33:33,2022-05-16T08:33:33
9117,16.92,85.11,9,99,False,False,FR,DE,2021-10-28,2021-10-28,2020-03-03T12:17:19,2020-03-03T12:17:19
9118,93.57,38.0,35,106,False,True,DE,AU,2022-02-15,2022-02-15,2021-05-08T08:32:32,2021-05-08T08:32:32
9119,52.5,59.38,59,112,True,True,CA,FR,2020-09-14,2020-09-14,2022-05-05T00:54:37,2022-05-05T00:54:37
9120,4.18,86.1,77,68,False,False,BR,DE,2023-10-16,2023-10-16,2020-06-23T07:53:45,2020-06-23T07:53:45
9121,75.97,,38,29,False,True,US,US,2021-10-12,2021-10-12,2023-07-10T15:20:30,2023-07-10T15:20:30
9122,12.75,24.19,119,18,False,False,UK,DE,2021-07-16,2021-07-16,2024-08-15T03:34:35,2024-08-15T03:34:35
9123,71.48,11.63,14,90,True,False,DE,,2023-01-21,2023-01-21,2024-11-16T00:51:30,2024-11-16T00:51:30
9124,82.19,,109,27,True,True,JP,US,2020-09-19,2020-09-19,2022-05-02T11:24:38,2022-05-02T11:24:38
9125,76.33,30.22,87,31,True,True,UK,CA,2021-05-11,,2020-02-18T20:10:32,2020-02-18T20:10:32
9126,69.3,78.57,92,25,True,True,FR,CA,2020-12-31,,2021-12-19T10:49:11,
9127,80.79,4.77,54,92,True,True,US,BR,2023-09-06,2023-09-06,2022-12-07T01:48:49,2022-12-07T01:48:49
9128,9.9,62.92,34,13,False,False,DE,,2023-05-07,2023-05-07,2024-04-28T22:43:02,2024-04-28T22:43:02
9129,7.95,28.3,100,,True,True,CA,FR,2021-06-02,2021-06-02,2022-04-09T17:36:37,2022-04-09T17:36:37
9130,46.96,97.48,106,49,True,True,FR,CA,2021-02-20,2021-02-20,2023-05-11T14:11:02,
9131,12.5,31.59,116,26,False,True,AU,UK,2020-04-10,2020-04-10,2020-03-05T01:36:36,2020-03-05T01:36:36
9132,90.28,84.66,114,87,True,False,DE,AU,2021-11-09,2021-11-09,2022-05-25T20:24:49,2022-05-25T20:24:49
9133,77.95,,1,74,False,False,CA,AU,2021-05-30,2021-05-30,2022-08-15T06:11:30,2022-08-15T06:11:30
9134,79.19,18.54,30,,True,True,UK,AU,2020-06-25,2020-06-25,2020-07-06T13:36:42,2020-07-06T13:36:42
9135,27.56,5.11,57,14,True,True,JP,AU,2023-09-20,2023-09-20,2024-06-20T12:39:02,2024-06-20T12:39:02
9136,51.0,,31,107,False,True,AU,FR,2021-07-06,2021-07-06,2022-12-13T16:11:59,2022-12-13T16:11:59
9137,16.37,95.35,85,6,False,True,JP,AU,2023-04-30,2023-04-30,2024-01-17T17:37:41,2024-01-17T17:37:41
9138,84.85,6.56,41,14,True,True,CA,FR,2024-05-15,2024-05-15,2020-08-24T10:03:05,2020-08-24T10:03:05
9139,16.15,91.01,63,23,True,True,JP,FR,2020-05-03,2020-05-03,2023-01-01T05:06:40,2023-01-01T05:06:40
9140,90.95,6.95,60,31,False,False,UK,BR,2023-09-03,2023-09-03,2021-06-21T20:40:00,2021-06-21T20:40:00
9141,2.47,,98,117,False,True,US,CA,2023-03-14,2023-03-14,2020-06-18T16:43:14,2020-06-18T16:43:14
9142,29.33,81.28,100,11,True,False,BR,FR,2022-01-15,,2022-12-14T02:21:44,2022-12-14T02:21:44
9143,32.38,88.18,28,70,True,False,CA,DE,2020-12-17,2020-12-17,2024-04-23T16:06:25,2024-04-23T16:06:25
9144,18.85,62.6,61,63,False,,DE,CA,2020-06-25,2020-06-25,2020-06-29T13:57:30,2020-06-29T13:57:30
9145,78.76,17.4,28,4,True,False,AU,JP,2022-07-28,,2021-10-26T18:04:30,2021-10-26T18:04:30
9146,91.03,14.35,43,99,True,True,DE,UK,2020-12-14,2020-12-14,2024-07-18T07:42:51,2024-07-18T07:42:51
9147,93.39,,12,116,False,False,AU,,2020-05-28,2020-05-28,2024-08-15T14:16:05,2024-08-15T14:16:05
9148,56.66,7.33,118,9,False,False,CA,,2024-01-04,2024-01-04,2024-02-22T04:58:17,2024-02-22T04:58:17
9149,92.44,69.85,111,61,False,False,AU,CA,2020-08-17,2020-08-17,2021-08-01T23:02:29,2021-08-01T23:02:29
9150,8.35,78.97,35,37,True,True,UK,UK,2020-12-07,2020-12-07,2020-06-03T21:51:02,2020-06-03T21:51:02
9151,50.61,50.42,22,17,True,False,AU,US,2021-07-31,2021-07-31,2024-08-28T03:42:47,2024-08-28T03:42:47
9152,50.88,30.2,91,109,False,True,AU,CA,2023-02-28,2023-02-28,2021-08-23T23:29:52,2021-08-23T23:29:52
9153,51.56,20.63,47,46,False,True,JP,DE,2021-09-24,2021-09-24,2024-09-11T15:42:27,2024-09-11T15:42:27
9154,63.23,89.97,103,107,False,False,AU,US,2024-01-21,2024-01-21,2024-10-08T05:37:57,2024-10-08T05:37:57
9155,76.78,56.84,74,26,True,,CA,UK,2020-11-24,2020-11-24,2023-02-21T16:26:07,2023-02-21T16:26:07
9156,86.54,65.81,75,94,True,,JP,AU,2022-01-09,2022-01-09,2020-06-06T11:38:59,2020-06-06T11:38:59
9157,7.93,62.58,44,3,False,True,FR,,2024-01-03,2024-01-03,2021-06-21T05:18:34,
9158,49.85,24.17,24,45,False,True,US,US,2020-08-30,2020-08-30,2023-09-15T09:21:48,
9159,50.96,63.31,87,63,True,False,JP,BR,2021-01-19,2021-01-19,2024-01-14T11:25:50,2024-01-14T11:25:50
9160,92.97,,82,32,False,False,US,AU,2020-06-30,2020-06-30,2021-06-19T10:55:07,2021-06-19T10:55:07
9161,44.58,,53,51,False,False,US,US,2022-12-29,2022-12-29,2020-04-26T09:00:59,2020-04-26T09:00:59
9162,86.18,95.92,79,118,False,False,US,JP,2024-07-16,2024-07-16,2021-01-20T09:00:52,2021-01-20T09:00:52
9163,45.34,10.5,20,99,True,False,US,AU,2024-07-24,2024-07-24,2021-09-23T20:12:05,2021-09-23T20:12:05
9164,90.17,77.47,63,17,False,False,BR,DE,2022-01-16,2022-01-16,2020-07-17T16:45:47,2020-07-17T16:45:47
9165,25.9,69.43,70,93,False,False,JP,AU,2021-11-24,2021-11-24,2024-09-27T07:03:40,2024-09-27T07:03:40
9166,27.22,57.42,91,33,False,True,JP,US,2022-05-22,,2021-04-13T06:43:53,2021-04-13T06:43:53
9167,99.13,96.81,39,19,True,True,BR,FR,2020-12-12,2020-12-12,2020-09-17T09:20:16,2020-09-17T09:20:16
9168,13.73,34.16,32,63,False,,DE,FR,2022-06-21,2022-06-21,2023-02-02T20:48:56,2023-02-02T20:48:56
9169,83.96,80.41,63,112,True,True,US,DE,2021-09-30,2021-09-30,2020-02-24T00:06:34,2020-02-24T00:06:34
9170,1.89,69.54,90,92,False,True,US,JP,2022-09-17,2022-09-17,2022-11-15T16:05:33,2022-11-15T16:05:33
9171,71.13,42.02,5,94,True,False,FR,FR,2023-05-06,2023-05-06,2020-12-14T22:39:30,2020-12-14T22:39:30
9172,55.84,27.06,96,62,False,True,CA,DE,2021-02-17,2021-02-17,2021-05-12T19:07:26,2021-05-12T19:07:26
9173,21.53,61.31,71,101,False,False,AU,BR,2024-08-17,2024-08-17,2023-05-14T08:17:46,
9174,99.23,1.67,12,105,False,True,AU,DE,2022-12-05,2022-12-05,2020-07-12T12:06:02,2020-07-12T12:06:02
9175,73.11,43.16,73,91,True,True,BR,,2022-12-09,,2020-11-17T15:27:37,2020-11-17T15:27:37
9176,23.31,63.18,47,37,True,False,CA,JP,2022-11-09,2022-11-09,2021-02-08T01:06:26,2021-02-08T01:06:26
9177,95.01,99.55,46,119,True,False,UK,BR,2020-12-16,2020-12-16,2024-09-09T01:22:44,2024-09-09T01:22:44
9178,72.86,,90,83,True,,UK,JP,2023-08-28,2023-08-28,2023-01-24T13:23:26,2023-01-24T13:23:26
9179,55.93,52.09,113,12,False,False,US,FR,2023-12-10,2023-12-10,2024-09-08T09:30:59,2024-09-08T09:30:59
9180,79.0,53.13,25,7,True,True,DE,JP,2023-11-14,,2023-05-07T17:34:54,2023-05-07T17:34:54
9181,65.85,90.67,55,6,False,True,JP,FR,2024-08-24,2024-08-24,2022-08-22T17:57:33,2022-08-22T17:57:33
9182,87.84,98.22,30,,False,False,UK,BR,2021-06-19,2021-06-19,2022-04-27T07:08:09,2022-04-27T07:08:09
9183,6.18,41.95,0,117,True,,UK,UK,2022-07-12,2022-07-12,2021-08-26T09:40:24,2021-08-26T09:40:24
9184,36.52,11.2,104,68,True,False,US,FR,2021-08-03,2021-08-03,2024-09-11T20:08:12,2024-09-11T20:08:12
9185,56.67,40.2,9,35,True,True,AU,AU,2020-03-09,2020-03-09,2022-04-07T13:47:02,2022-04-07T13:47:02
9186,30.8,23.19,62,74,False,False,CA,,2024-02-10,2024-02-10,2020-03-06T23:14:43,2020-03-06T23:14:43
9187,3.96,44.83,48,,False,False,UK,DE,2020-07-17,,2023-12-02T13:57:59,
9188,66.4,37.07,60,28,True,False,US,DE,2024-01-01,2024-01-01,2021-03-30T18:16:27,2021-03-30T18:16:27
9189,41.94,22.27,112,,True,False,CA,FR,2021-09-29,2021-09-29,2023-08-26T19:15:39,2023-08-26T19:15:39
9190,98.36,41.01,119,17,False,False,JP,BR,2023-03-29,2023-03-29,2023-02-28T06:09:17,2023-02-28T06:09:17
9191,78.2,91.95,88,45,True,False,AU,US,2023-03-24,2023-03-24,2021-01-24T21:15:26,2021-01-24T21:15:26
9192,16.79,37.23,80,19,False,True,BR,US,2021-10-07,2021-10-07,2024-12-25T11:33:12,2024-12-25T11:33:12
9193,19.8,48.91,101,86,True,True,CA,UK,2023-02-09,2023-02-09,2023-02-04T08:37:46,2023-02-04T08:37:46
9194,44.14,47.67,45,59,True,False,FR,BR,2022-10-21,2022-10-21,2024-03-17T02:57:34,2024-03-17T02:57:34
9195,47.58,59.19,32,74,True,True,US,JP,2021-12-29,2021-12-29,2020-01-31T12:41:56,2020-01-31T12:41:56
9196,65.69,20.94,103,28,False,False,AU,US,2022-02-01,2022-02-01,2021-12-16T10:02:38,2021-12-16T10:02:38
9197,54.71,23.66,50,31,False,True,JP,FR,2023-04-11,2023-04-11,2023-04-25T08:19:59,2023-04-25T08:19:59
9198,51.81,97.01,82,100,True,True,AU,FR,2021-09-10,2021-09-10,2022-07-13T22:06:01,2022-07-13T22:06:01
9199,7.95,,102,12,True,,JP,BR,2023-09-17,2023-09-17,2022-06-14T02:08:26,
9200,87.14,3.16,21,10,False,True,US,US,2024-08-30,2024-08-30,2022-05-15T23:14:52,2022-05-15T23:14:52
9201,78.36,98.45,82,67,True,False,DE,CA,2023-01-18,2023-01-18,2021-10-16T15:54:47,2021-10-16T15:54:47
9202,59.16,92.76,63,25,True,True,AU,UK,2022-12-23,2022-12-23,2021-11-23T01:16:51,2021-11-23T01:16:51
9203,62.63,27.79,37,77,True,False,BR,CA,2023-01-01,2023-01-01,2021-08-23T02:55:28,2021-08-23T02:55:28
9204,11.87,,22,35,True,,AU,FR,2020-01-05,2020-01-05,2023-08-04T11:14:29,2023-08-04T11:14:29
9205,85.34,54.41,48,27,False,True,JP,,2023-08-22,2023-08-22,2021-12-17T06:11:32,2021-12-17T06:11:32
9206,59.48,7.24,102,25,False,True,DE,AU,2021-11-14,2021-11-14,2021-11-16T10:53:07,2021-11-16T10:53:07
9207,49.94,37.04,10,0,False,True,AU,JP,2020-10-24,2020-10-24,2021-06-13T08:35:32,2021-06-13T08:35:32
9208,26.74,37.83,4,56,True,True,JP,AU,2021-03-11,2021-03-11,2023-03-19T16:38:49,2023-03-19T16:38:49
9209,16.09,14.94,90,114,False,False,AU,JP,2023-11-09,2023-11-09,2024-06-16T18:13:04,2024-06-16T18:13:04
9210,65.39,40.09,71,,True,True,US,DE,2021-09-14,2021-09-14,2021-07-26T12:17:52,2021-07-26T12:17:52
9211,33.69,61.8,71,57,True,True,FR,CA,2022-04-19,2022-04-19,2022-04-30T06:52:57,2022-04-30T06:52:57
9212,63.65,81.23,108,38,False,False,AU,FR,2021-11-01,2021-11-01,2023-04-20T18:30:50,2023-04-20T18:30:50
9213,12.12,83.53,118,113,True,True,CA,,2020-05-16,2020-05-16,2024-06-03T03:16:33,2024-06-03T03:16:33
9214,45.22,80.74,51,34,True,False,JP,AU,2023-04-05,,2023-01-14T08:07:02,2023-01-14T08:07:02
9215,2.17,11.6,4,33,False,,FR,US,2023-03-18,2023-03-18,2023-12-12T01:34:24,2023-12-12T01:34:24
9216,91.07,,39,108,False,True,BR,FR,2021-04-20,2021-04-20,2020-03-04T03:03:02,
9217,2.18,73.68,73,,True,False,AU,UK,2021-10-10,2021-10-10,2021-02-20T10:56:24,2021-02-20T10:56:24
9218,21.75,98.97,55,31,True,True,CA,FR,2021-05-04,2021-05-04,2024-03-29T10:44:51,2024-03-29T10:44:51
9219,59.26,,111,84,True,True,AU,BR,2023-03-24,,2023-02-08T08:11:13,2023-02-08T08:11:13
9220,81.27,15.17,10,82,False,False,DE,BR,2022-09-09,2022-09-09,2023-08-30T08:52:52,2023-08-30T08:52:52
9221,38.69,,47,57,False,False,AU,BR,2022-12-12,2022-12-12,2022-04-11T04:11:53,2022-04-11T04:11:53
9222,65.72,73.42,64,59,False,False,FR,AU,2021-10-15,2021-10-15,2020-09-26T08:15:59,2020-09-26T08:15:59
9223,42.02,59.69,62,,False,False,FR,CA,2021-02-07,2021-02-07,2023-12-31T06:54:59,2023-12-31T06:54:59
9224,15.0,93.79,4,2,True,True,FR,UK,2023-10-06,2023-10-06,2021-05-02T17:07:40,2021-05-02T17:07:40
9225,10.41,10.99,113,38,True,True,AU,FR,2020-04-03,2020-04-03,2023-03-17T03:06:07,2023-03-17T03:06:07
9226,80.48,88.55,110,,False,False,FR,DE,2020-03-21,2020-03-21,2024-09-06T12:33:41,2024-09-06T12:33:41
9227,31.72,87.66,117,68,True,,JP,CA,2022-06-23,2022-06-23,2021-06-18T11:39:15,
9228,94.59,81.0,14,83,True,True,AU,UK,2024-07-29,2024-07-29,2024-12-28T00:23:38,2024-12-28T00:23:38
9229,26.69,,41,35,False,False,DE,UK,2021-10-13,2021-10-13,2020-11-29T03:58:29,2020-11-29T03:58:29
9230,38.31,75.32,71,64,True,True,AU,US,2023-11-20,2023-11-20,2021-02-21T01:41:06,2021-02-21T01:41:06
9231,72.25,8.92,41,17,False,True,BR,UK,2021-12-05,2021-12-05,2023-06-02T07:16:04,
9232,23.06,82.34,2,,False,True,CA,US,2022-08-21,2022-08-21,2023-02-19T23:14:17,2023-02-19T23:14:17
9233,79.54,2.64,112,65,False,False,US,FR,2024-03-18,2024-03-18,2024-07-09T01:31:28,2024-07-09T01:31:28
9234,35.55,16.23,102,113,True,False,BR,BR,2023-09-21,2023-09-21,2024-11-15T22:53:40,2024-11-15T22:53:40
9235,95.92,13.54,18,30,True,False,FR,BR,2023-04-16,2023-04-16,2022-01-13T19:55:13,2022-01-13T19:55:13
9236,46.06,35.19,58,79,False,True,UK,JP,2023-03-15,2023-03-15,2022-06-27T13:36:52,2022-06-27T13:36:52
9237,73.09,84.51,110,51,False,True,US,BR,2024-03-19,2024-03-19,2024-10-01T13:56:05,2024-10-01T13:56:05
9238,97.66,,77,112,False,False,US,DE,2020-07-22,2020-07-22,2021-03-07T21:35:41,2021-03-07T21:35:41
9239,84.75,10.87,41,35,False,False,UK,FR,2020-07-14,2020-07-14,2024-09-13T16:14:41,2024-09-13T16:14:41
9240,79.63,0.83,71,5,True,True,BR,CA,2022-10-21,2022-10-21,2021-05-13T12:23:50,2021-05-13T12:23:50
9241,87.6,57.52,42,76,False,True,JP,US,2020-06-25,2020-06-25,2023-12-26T00:42:23,2023-12-26T00:42:23
9242,25.78,86.49,95,5,True,False,CA,AU,2024-04-09,2024-04-09,2022-12-16T22:38:16,2022-12-16T22:38:16
9243,23.24,42.06,31,119,False,False,UK,CA,2021-06-17,,2024-06-18T21:42:18,2024-06-18T21:42:18
9244,26.86,30.36,75,106,True,True,AU,CA,2024-09-04,2024-09-04,2020-03-15T22:41:54,2020-03-15T22:41:54
9245,72.06,,79,55,True,False,FR,FR,2022-05-02,2022-05-02,2021-09-12T15:50:22,2021-09-12T15:50:22
9246,63.48,95.94,53,116,True,False,UK,FR,2023-02-05,2023-02-05,2023-04-30T09:21:16,2023-04-30T09:21:16
9247,1.42,5.82,14,,False,True,JP,US,2023-04-07,2023-04-07,2023-10-11T12:42:03,2023-10-11T12:42:03
9248,57.51,45.01,99,31,False,True,UK,BR,2022-04-15,2022-04-15,2020-05-18T03:11:10,2020-05-18T03:11:10
9249,1.55,,8,8,True,False,DE,DE,2022-06-05,2022-06-05,2021-02-28T07:38:05,2021-02-28T07:38:05
9250,20.96,82.69,55,103,True,True,JP,US,2021-01-01,2021-01-01,2023-05-20T18:09:34,2023-05-20T18:09:34
9251,2.43,51.6,110,,True,True,AU,CA,2023-09-14,,2022-11-17T06:03:04,2022-11-17T06:03:04
9252,66.93,7.12,68,36,True,False,JP,US,2020-09-09,2020-09-09,2024-08-01T06:43:24,2024-08-01T06:43:24
9253,48.73,33.19,115,33,True,False,BR,US,2022-10-11,2022-10-11,2020-09-17T03:07:56,2020-09-17T03:07:56
9254,42.78,66.16,37,89,False,True,CA,JP,2023-07-31,2023-07-31,2023-06-23T23:26:57,2023-06-23T23:26:57
9255,78.04,7.28,0,77,False,False,US,BR,2024-07-20,,2021-10-02T20:16:30,2021-10-02T20:16:30
9256,83.51,36.22,5,23,False,True,UK,JP,2023-03-24,2023-03-24,2021-08-31T10:43:27,
9257,27.56,25.31,92,65,False,,CA,JP,2021-02-22,2021-02-22,2024-10-21T09:51:50,2024-10-21T09:51:50
9258,30.55,41.1,116,32,True,True,BR,DE,2023-10-20,2023-10-20,2022-07-26T11:32:58,2022-07-26T11:32:58
9259,87.77,,68,54,False,True,US,UK,2023-05-14,2023-05-14,2021-06-09T01:09:48,2021-06-09T01:09:48
9260,27.08,76.0,105,102,False,True,BR,UK,2023-05-13,2023-05-13,2023-03-10T20:36:20,2023-03-10T20:36:20
9261,41.4,41.89,11,73,True,True,AU,AU,2023-10-17,2023-10-17,2020-11-17T02:13:25,2020-11-17T02:13:25
9262,91.95,94.35,2,63,True,True,US,CA,2023-02-22,2023-02-22,2023-07-03T04:08:55,2023-07-03T04:08:55
9263,74.41,81.91,62,70,False,False,US,AU,2024-10-12,2024-10-12,2023-02-25T15:11:23,2023-02-25T15:11:23
9264,94.14,21.06,93,,True,,DE,DE,2023-03-12,2023-03-12,2020-01-15T23:42:02,2020-01-15T23:42:02
9265,81.84,46.51,74,59,True,False,BR,UK,2020-08-31,2020-08-31,2021-06-02T01:39:15,2021-06-02T01:39:15
9266,37.44,51.45,61,70,False,True,FR,JP,2020-11-25,,2022-09-29T22:30:02,2022-09-29T22:30:02
9267,38.12,99.29,80,101,True,False,BR,DE,2020-01-24,2020-01-24,2022-01-19T06:49:41,2022-01-19T06:49:41
9268,37.41,29.52,117,43,True,True,UK,AU,2021-08-25,2021-08-25,2022-12-13T05:05:08,2022-12-13T05:05:08
9269,2.7,12.54,30,41,True,False,AU,UK,2020-07-08,2020-07-08,2022-03-20T23:25:06,2022-03-20T23:25:06
9270,7.66,96.66,44,103,False,False,UK,JP,2021-05-26,2021-05-26,2022-01-11T15:53:29,2022-01-11T15:53:29
9271,97.03,54.74,14,50,True,True,US,FR,2024-01-15,,2020-07-20T09:09:34,2020-07-20T09:09:34
9272,21.21,73.71,9,73,False,False,DE,,2021-07-23,2021-07-23,2020-09-11T03:30:30,2020-09-11T03:30:30
9273,31.11,29.41,103,73,True,False,UK,BR,2022-11-22,2022-11-22,2024-06-25T11:04:09,2024-06-25T11:04:09
9274,71.16,17.43,86,101,True,False,DE,,2023-09-19,2023-09-19,2022-07-25T06:01:13,2022-07-25T06:01:13
9275,71.43,46.21,49,9,False,True,DE,AU,2024-11-16,2024-11-16,2023-11-19T23:41:29,2023-11-19T23:41:29
9276,36.29,18.83,45,,True,False,CA,UK,2024-12-29,2024-12-29,2020-01-03T23:07:37,2020-01-03T23:07:37
9277,10.42,48.42,93,43,True,True,CA,CA,2021-03-26,2021-03-26,2022-04-21T17:17:20,2022-04-21T17:17:20
9278,91.4,8.43,7,10,False,True,CA,,2020-12-03,2020-12-03,2022-04-05T19:30:02,2022-04-05T19:30:02
9279,76.47,98.87,36,50,False,False,FR,AU,2024-12-11,2024-12-11,2021-09-23T18:55:07,
9280,49.76,7.57,83,1,True,True,DE,CA,2022-04-03,2022-04-03,2023-06-16T05:23:29,2023-06-16T05:23:29
9281,84.33,29.52,10,19,True,True,JP,CA,2023-04-05,2023-04-05,2023-03-31T22:52:56,2023-03-31T22:52:56
9282,21.63,92.47,65,75,False,False,JP,CA,2024-05-09,2024-05-09,2020-03-23T06:19:32,2020-03-23T06:19:32
9283,19.08,36.21,90,4,False,False,CA,AU,2024-06-04,2024-06-04,2021-02-15T06:08:42,2021-02-15T06:08:42
9284,84.29,78.27,6,80,False,False,FR,CA,2021-09-17,2021-09-17,2024-01-27T21:57:42,2024-01-27T21:57:42
9285,72.37,91.76,106,,True,True,US,JP,2022-04-13,2022-04-13,2024-05-04T22:33:19,2024-05-04T22:33:19
9286,18.29,50.41,34,1,False,True,BR,BR,2020-06-08,2020-06-08,2023-12-04T10:33:35,2023-12-04T10:33:35
9287,68.14,18.97,77,94,True,False,US,,2022-04-09,2022-04-09,2022-07-17T23:41:42,2022-07-17T23:41:42
9288,45.78,18.06,106,14,False,False,JP,CA,2023-06-09,2023-06-09,2024-01-23T19:44:51,2024-01-23T19:44:51
9289,1.67,38.68,114,,True,True,AU,FR,2022-08-25,2022-08-25,2021-01-27T19:24:45,2021-01-27T19:24:45
9290,11.77,32.1,8,39,True,True,BR,UK,2024-12-28,2024-12-28,2020-10-09T10:53:21,
9291,91.57,11.49,47,28,True,,UK,AU,2023-08-09,2023-08-09,2024-06-26T21:42:02,2024-06-26T21:42:02
9292,50.76,26.08,19,55,False,True,US,US,2020-08-06,2020-08-06,2023-01-12T06:13:46,2023-01-12T06:13:46
9293,6.42,,84,104,True,True,UK,DE,2023-12-28,2023-12-28,2020-04-08T22:27:24,2020-04-08T22:27:24
9294,74.34,38.0,67,63,True,True,FR,JP,2021-03-18,2021-03-18,2020-01-27T02:56:49,2020-01-27T02:56:49
9295,83.01,,84,20,False,False,FR,BR,2022-11-02,2022-11-02,2023-07-09T22:04:56,2023-07-09T22:04:56
9296,48.98,48.14,57,103,True,False,JP,UK,2021-03-02,2021-03-02,2020-04-08T15:49:42,2020-04-08T15:49:42
9297,14.71,35.51,18,90,False,True,UK,CA,2023-05-28,,2022-05-07T15:40:16,2022-05-07T15:40:16
9298,92.47,78.69,51,117,False,True,UK,UK,2022-10-20,2022-10-20,2024-07-10T00:19:35,2024-07-10T00:19:35
9299,89.48,20.8,56,0,False,False,UK,FR,2023-04-01,2023-04-01,2022-03-15T23:40:47,2022-03-15T23:40:47
9300,30.75,25.85,119,41,False,False,UK,UK,2024-11-11,2024-11-11,2021-07-02T22:59:12,2021-07-02T22:59:12
9301,88.7,,27,113,True,True,BR,JP,2020-11-11,2020-11-11,2022-03-07T21:18:39,
9302,34.16,57.97,82,52,True,,AU,FR,2021-01-25,2021-01-25,2023-08-05T09:30:03,
9303,98.9,,28,80,False,True,CA,AU,2023-02-18,2023-02-18,2022-10-18T21:40:48,2022-10-18T21:40:48
9304,24.48,60.9,103,70,False,True,FR,BR,2023-12-27,2023-12-27,2024-08-06T04:33:15,2024-08-06T04:33:15
9305,23.37,63.69,99,44,False,False,FR,BR,2023-01-18,2023-01-18,2024-11-14T16:06:20,2024-11-14T16:06:20
9306,43.14,,28,27,True,True,UK,CA,2024-05-01,2024-05-01,2020-12-09T07:38:19,
9307,98.14,94.59,110,39,False,False,US,AU,2020-02-11,2020-02-11,2024-02-26T03:42:10,2024-02-26T03:42:10
9308,64.1,68.92,82,39,False,False,FR,UK,2022-12-28,2022-12-28,2022-06-05T17:07:10,2022-06-05T17:07:10
9309,70.98,55.52,72,9,False,True,US,FR,2022-09-27,2022-09-27,2024-03-16T09:33:43,2024-03-16T09:33:43
9310,11.18,18.57,67,42,False,True,BR,BR,2022-11-27,2022-11-27,2022-12-23T11:13:43,2022-12-23T11:13:43
9311,30.55,78.54,83,115,False,True,CA,BR,2021-02-24,2021-02-24,2024-02-02T22:33:19,2024-02-02T22:33:19
9312,46.82,81.99,85,83,True,True,BR,DE,2021-02-11,2021-02-11,2023-05-27T09:47:44,2023-05-27T09:47:44
9313,9.25,70.96,108,,True,True,FR,UK,2020-04-23,,2024-05-10T18:24:57,2024-05-10T18:24:57
9314,56.4,72.8,7,12,True,True,BR,AU,2021-09-15,,2020-09-30T07:12:30,2020-09-30T07:12:30
9315,66.98,59.2,92,113,True,True,CA,JP,2021-06-21,2021-06-21,2023-02-22T00:19:08,2023-02-22T00:19:08
9316,51.3,34.61,114,80,True,False,JP,BR,2022-01-13,2022-01-13,2022-03-23T12:27:08,2022-03-23T12:27:08
9317,27.43,50.61,76,69,True,,US,BR,2023-03-22,2023-03-22,2023-05-11T14:44:01,2023-05-11T14:44:01
9318,17.29,61.86,17,28,False,True,DE,,2020-04-08,,2021-08-08T02:54:54,2021-08-08T02:54:54
9319,14.34,60.78,115,70,False,True,UK,FR,2020-04-23,2020-04-23,2022-12-18T01:53:23,2022-12-18T01:53:23
9320,41.99,79.47,73,,True,False,US,DE,2024-10-29,2024-10-29,2023-02-10T04:44:43,2023-02-10T04:44:43
9321,74.39,2.27,77,17,True,False,BR,DE,2020-12-24,2020-12-24,2020-12-28T15:44:16,2020-12-28T15:44:16
9322,77.66,12.02,25,116,False,True,FR,,2024-02-17,2024-02-17,2023-01-22T22:40:55,2023-01-22T22:40:55
9323,75.03,44.87,9,61,True,True,US,UK,2021-05-24,2021-05-24,2020-09-29T06:15:38,
9324,73.6,89.37,80,83,False,True,AU,FR,2024-06-03,2024-06-03,2022-12-06T03:11:15,2022-12-06T03:11:15
9325,2.62,42.82,48,95,False,False,DE,US,2023-02-26,2023-02-26,2020-12-29T18:16:43,2020-12-29T18:16:43
9326,7.61,76.6,52,106,False,True,DE,,2021-04-30,2021-04-30,2020-07-12T03:24:53,2020-07-12T03:24:53
9327,19.71,19.76,34,56,True,True,FR,CA,2022-03-09,,2021-08-31T15:05:04,2021-08-31T15:05:04
9328,69.01,96.26,106,113,True,True,JP,JP,2023-08-05,,2023-04-13T17:41:11,2023-04-13T17:41:11
9329,34.3,72.67,8,18,True,True,DE,JP,2024-02-09,2024-02-09,2020-01-22T10:53:26,2020-01-22T10:53:26
9330,99.47,,36,82,False,False,CA,JP,2023-10-26,2023-10-26,2020-03-06T12:25:54,2020-03-06T12:25:54
9331,27.49,46.67,64,19,True,False,BR,US,2022-07-17,,2024-07-18T08:21:56,2024-07-18T08:21:56
9332,52.35,55.45,96,,False,False,FR,,2023-04-16,2023-04-16,2020-05-19T17:51:00,2020-05-19T17:51:00
9333,85.23,90.93,11,,False,,BR,UK,2021-03-04,2021-03-04,2020-05-27T09:23:05,2020-05-27T09:23:05
9334,63.59,15.48,92,38,False,True,FR,UK,2021-10-01,2021-10-01,2024-11-29T15:40:08,2024-11-29T15:40:08
9335,40.34,46.79,95,56,False,True,US,FR,2023-06-30,2023-06-30,2024-01-31T15:34:20,2024-01-31T15:34:20
9336,82.92,84.38,37,60,False,True,FR,FR,2023-08-19,2023-08-19,2021-03-22T12:21:49,2021-03-22T12:21:49
9337,15.66,81.23,96,62,False,False,US,CA,2023-03-22,2023-03-22,2020-04-08T10:14:26,
9338,23.2,4.88,13,49,True,True,AU,UK,2022-09-08,2022-09-08,2023-12-07T07:20:33,2023-12-07T07:20:33
9339,21.41,73.4,104,96,False,True,UK,CA,2020-03-02,2020-03-02,2024-01-17T09:37:01,2024-01-17T09:37:01
9340,81.34,97.31,62,119,True,True,AU,US,2024-12-04,2024-12-04,2020-06-04T04:27:49,
9341,45.51,62.78,94,56,True,True,CA,US,2020-03-04,,2022-04-18T04:32:47,2022-04-18T04:32:47
9342,90.88,57.35,35,47,True,False,CA,,2022-09-16,2022-09-16,2020-05-07T23:48:29,2020-05-07T23:48:29
9343,16.46,99.88,53,42,False,True,UK,FR,2020-01-10,2020-01-10,2020-11-06T12:22:38,2020-11-06T12:22:38
9344,86.24,,96,,True,False,CA,BR,2022-03-14,2022-03-14,2022-10-29T19:31:55,2022-10-29T19:31:55
9345,55.39,88.72,119,,True,False,CA,FR,2021-07-14,2021-07-14,2024-09-11T17:52:48,2024-09-11T17:52:48
9346,16.37,63.87,44,6,False,False,UK,DE,2021-11-01,,2024-04-11T15:29:11,2024-04-11T15:29:11
9347,14.34,,27,86,True,False,US,DE,2024-03-02,2024-03-02,2021-05-25T07:03:04,2021-05-25T07:03:04
9348,5.13,70.82,17,,False,True,UK,,2022-09-24,2022-09-24,2022-02-03T00:15:25,2022-02-03T00:15:25
9349,7.44,55.06,114,119,False,False,JP,JP,2020-08-01,2020-08-01,2022-06-22T22:04:08,
9350,36.38,31.72,79,13,False,False,DE,FR,2022-12-21,2022-12-21,2023-02-10T20:53:41,2023-02-10T20:53:41
9351,91.59,46.6,17,6,False,True,BR,FR,2020-06-06,2020-06-06,2020-01-15T09:12:32,2020-01-15T09:12:32
9352,65.59,78.99,75,81,False,True,US,JP,2023-08-16,2023-08-16,2020-11-29T18:24:37,2020-11-29T18:24:37
9353,39.71,48.29,49,58,True,False,CA,CA,2021-09-04,2021-09-04,2022-06-23T16:16:44,2022-06-23T16:16:44
9354,88.5,,55,11,False,False,AU,JP,2021-10-07,2021-10-07,2023-02-01T10:35:55,2023-02-01T10:35:55
9355,71.16,47.8,47,,True,False,US,DE,2021-02-05,2021-02-05,2023-04-27T05:21:06,2023-04-27T05:21:06
9356,9.79,64.85,55,29,True,False,US,JP,2022-11-22,2022-11-22,2024-05-01T08:51:06,
9357,71.69,2.51,83,37,True,True,JP,AU,2024-03-23,,2020-06-10T17:34:39,2020-06-10T17:34:39
9358,77.21,45.33,95,22,True,,BR,CA,2023-12-10,2023-12-10,2024-10-12T20:59:53,
9359,18.66,18.14,53,53,False,False,AU,US,2023-01-14,,2021-01-29T13:06:12,2021-01-29T13:06:12
9360,94.61,86.17,82,92,True,True,US,,2021-10-04,2021-10-04,2023-09-14T15:34:06,2023-09-14T15:34:06
9361,56.55,,100,91,True,True,AU,FR,2023-10-23,2023-10-23,2024-06-08T00:42:40,2024-06-08T00:42:40
9362,61.05,8.17,107,109,True,False,CA,US,2023-08-04,2023-08-04,2023-01-26T19:39:17,2023-01-26T19:39:17
9363,77.98,4.85,2,23,False,False,DE,JP,2021-05-05,2021-05-05,2022-05-25T18:38:43,2022-05-25T18:38:43
9364,8.08,87.63,35,83,False,,BR,UK,2024-05-18,2024-05-18,2024-04-03T16:24:25,2024-04-03T16:24:25
9365,50.9,41.93,51,88,True,True,FR,US,2020-08-26,2020-08-26,2021-12-10T19:54:44,2021-12-10T19:54:44
9366,10.26,78.13,69,53,True,True,UK,JP,2022-03-04,2022-03-04,2021-05-23T06:32:36,2021-05-23T06:32:36
9367,92.38,78.06,71,22,False,False,DE,FR,2024-11-16,2024-11-16,2022-07-28T13:40:47,2022-07-28T13:40:47
9368,98.54,35.69,87,3,True,False,UK,CA,2023-05-12,2023-05-12,2023-01-24T08:22:16,2023-01-24T08:22:16
9369,16.34,26.6,3,110,True,True,CA,DE,2024-05-13,2024-05-13,2020-08-13T10:16:43,2020-08-13T10:16:43
9370,31.38,98.79,49,57,True,,CA,AU,2022-05-05,2022-05-05,2022-01-26T05:03:01,2022-01-26T05:03:01
9371,57.37,29.72,96,,True,False,CA,CA,2021-08-15,2021-08-15,2024-08-11T21:17:42,2024-08-11T21:17:42
9372,40.87,63.76,102,100,True,True,JP,AU,2022-07-16,2022-07-16,2021-01-01T01:38:03,2021-01-01T01:38:03
9373,48.67,52.43,38,3,False,True,CA,JP,2020-03-26,,2024-03-14T05:34:12,
9374,50.73,42.78,72,14,True,False,JP,BR,2022-03-15,2022-03-15,2020-10-22T23:59:14,2020-10-22T23:59:14
9375,39.25,57.85,43,19,True,False,FR,CA,2020-01-29,2020-01-29,2023-05-18T00:20:37,2023-05-18T00:20:37
9376,66.99,83.0,47,6,True,True,BR,JP,2024-05-25,2024-05-25,2022-08-12T10:05:41,2022-08-12T10:05:41
9377,35.2,84.29,64,44,False,True,US,BR,2024-06-10,2024-06-10,2020-09-26T22:55:45,2020-09-26T22:55:45
9378,48.38,,4,40,True,False,US,,2022-10-21,2022-10-21,2020-09-05T16:57:39,2020-09-05T16:57:39
9379,51.93,9.35,52,40,True,,BR,UK,2023-10-20,,2023-06-13T02:15:20,2023-06-13T02:15:20
9380,78.37,5.12,5,84,False,False,CA,US,2021-09-09,2021-09-09,2024-10-20T08:04:49,2024-10-20T08:04:49
9381,35.88,0.32,11,26,True,False,AU,US,2022-01-27,,2024-09-25T04:10:16,2024-09-25T04:10:16
9382,54.06,76.73,22,,True,False,CA,UK,2024-07-12,2024-07-12,2021-05-06T06:22:08,2021-05-06T06:22:08
9383,42.89,76.83,8,86,False,True,JP,AU,2023-09-29,2023-09-29,2020-09-16T23:43:54,2020-09-16T23:43:54
9384,43.58,60.24,87,24,True,True,BR,DE,2024-10-18,,2020-12-02T03:22:04,2020-12-02T03:22:04
9385,24.26,,28,81,True,False,FR,BR,2020-07-07,2020-07-07,2022-04-27T07:55:48,2022-04-27T07:55:48
9386,82.33,,48,119,False,False,UK,DE,2023-09-13,2023-09-13,2021-10-09T21:46:20,2021-10-09T21:46:20
9387,18.64,3.43,20,73,False,False,FR,AU,2024-01-10,2024-01-10,2023-04-22T11:28:03,2023-04-22T11:28:03
9388,85.25,69.99,109,32,True,True,DE,US,2021-08-26,2021-08-26,2024-11-11T09:57:46,2024-11-11T09:57:46
9389,48.42,26.23,39,20,True,False,AU,UK,2021-10-08,2021-10-08,2020-04-28T00:11:57,2020-04-28T00:11:57
9390,14.16,4.0,91,112,True,False,AU,CA,2024-07-03,2024-07-03,2022-04-10T18:46:16,2022-04-10T18:46:16
9391,27.63,31.52,80,101,True,,JP,BR,2021-10-17,2021-10-17,2023-09-14T04:32:48,2023-09-14T04:32:48
9392,47.02,77.23,2,,False,False,CA,UK,2021-02-13,2021-02-13,2021-08-26T08:51:35,2021-08-26T08:51:35
9393,70.13,70.93,115,11,False,True,AU,US,2020-11-18,2020-11-18,2023-06-17T05:31:33,2023-06-17T05:31:33
9394,48.51,66.25,102,69,True,True,CA,US,2021-08-23,2021-08-23,2020-03-18T21:28:47,2020-03-18T21:28:47
9395,76.73,83.02,112,,False,False,DE,US,2023-07-14,2023-07-14,2023-12-14T15:53:05,2023-12-14T15:53:05
9396,70.67,62.02,83,36,False,True,FR,DE,2024-01-25,,2020-04-30T16:22:44,2020-04-30T16:22:44
9397,38.99,61.38,9,,False,False,DE,JP,2022-12-02,,2021-12-09T02:38:45,2021-12-09T02:38:45
9398,37.92,47.85,60,63,True,False,BR,BR,2023-02-06,2023-02-06,2023-09-29T05:49:15,
9399,63.32,68.75,71,12,True,True,FR,CA,2024-12-03,2024-12-03,2022-09-04T22:09:39,2022-09-04T22:09:39
9400,3.23,10.89,73,114,False,True,BR,JP,2024-01-20,2024-01-20,2023-08-21T04:38:10,
9401,25.31,,48,87,False,True,UK,US,2021-06-14,2021-06-14,2020-09-13T11:55:09,2020-09-13T11:55:09
9402,69.58,81.28,50,20,False,False,US,,2022-04-04,2022-04-04,2023-10-06T05:40:08,2023-10-06T05:40:08
9403,54.57,16.45,21,70,False,False,UK,US,2023-02-06,,2020-05-02T02:18:56,2020-05-02T02:18:56
9404,54.53,48.25,55,,True,True,DE,FR,2020-10-04,2020-10-04,2023-06-04T00:49:57,2023-06-04T00:49:57
9405,39.01,11.86,9,108,False,True,AU,JP,2024-12-21,2024-12-21,2023-08-09T14:06:27,2023-08-09T14:06:27
9406,20.39,26.42,60,76,False,True,AU,AU,2024-02-10,2024-02-10,2020-10-10T22:08:05,2020-10-10T22:08:05
9407,31.02,46.89,8,105,False,True,JP,DE,2024-02-16,2024-02-16,2023-03-22T18:09:07,2023-03-22T18:09:07
9408,1.28,66.81,25,51,True,False,AU,BR,2020-04-12,2020-04-12,2021-07-29T10:18:41,2021-07-29T10:18:41
9409,4.41,25.38,71,118,True,True,BR,UK,2022-03-13,2022-03-13,2024-07-15T18:20:50,2024-07-15T18:20:50
9410,56.43,6.75,115,58,False,True,JP,CA,2021-10-12,2021-10-12,2020-09-30T15:31:57,2020-09-30T15:31:57
9411,43.14,85.1,40,53,True,False,US,US,2020-03-16,2020-03-16,2022-02-04T11:36:01,2022-02-04T11:36:01
9412,63.72,44.02,98,106,True,False,AU,UK,2024-02-20,,2023-08-26T08:21:26,2023-08-26T08:21:26
9413,23.77,46.92,26,81,False,True,US,AU,2021-03-29,2021-03-29,2023-12-19T22:57:31,2023-12-19T22:57:31
9414,47.82,56.09,59,103,False,True,CA,DE,2022-12-26,,2022-02-15T20:24:20,
9415,73.82,50.3,105,93,True,False,DE,AU,2023-03-05,2023-03-05,2024-11-26T08:48:24,2024-11-26T08:48:24
9416,79.95,42.43,75,75,True,False,BR,BR,2022-05-28,,2024-12-03T11:34:47,2024-12-03T11:34:47
9417,25.16,97.34,110,,False,True,DE,UK,2023-03-14,2023-03-14,2022-10-26T05:37:29,2022-10-26T05:37:29
9418,80.73,96.1,88,5,True,True,US,US,2020-05-21,2020-05-21,2022-01-18T23:49:35,
9419,84.15,94.99,27,40,False,False,AU,DE,2021-10-08,,2024-01-22T14:46:00,2024-01-22T14:46:00
9420,31.7,,63,94,False,,US,BR,2023-02-15,,2022-04-15T04:35:29,2022-04-15T04:35:29
9421,6.0,17.9,78,72,True,False,AU,US,2022-12-27,2022-12-27,2022-08-14T20:40:33,2022-08-14T20:40:33
9422,90.29,,26,36,True,False,US,UK,2022-02-23,2022-02-23,2024-11-06T02:25:35,2024-11-06T02:25:35
9423,93.26,,80,87,False,False,UK,JP,2020-04-19,2020-04-19,2021-06-06T16:46:34,2021-06-06T16:46:34
9424,65.94,95.99,117,89,True,False,DE,FR,2022-08-27,2022-08-27,2021-10-22T06:09:58,2021-10-22T06:09:58
9425,57.05,0.11,50,95,True,,BR,US,2024-03-02,2024-03-02,2024-09-09T17:31:15,2024-09-09T17:31:15
9426,57.94,75.39,5,,False,False,JP,CA,2021-07-22,2021-07-22,2022-08-30T06:46:07,2022-08-30T06:46:07
9427,40.45,12.93,110,,False,False,BR,JP,2023-02-21,2023-02-21,2020-08-05T03:55:19,
9428,38.75,85.17,49,23,True,True,BR,,2021-12-18,2021-12-18,2021-09-29T14:20:27,2021-09-29T14:20:27
9429,99.17,17.11,79,68,True,False,BR,AU,2024-08-07,2024-08-07,2024-03-08T20:51:17,2024-03-08T20:51:17
9430,52.0,41.75,10,31,True,True,US,,2020-09-22,2020-09-22,2024-02-24T03:04:57,2024-02-24T03:04:57
9431,48.2,6.54,41,93,False,True,UK,JP,2024-02-16,2024-02-16,2024-08-18T10:57:42,2024-08-18T10:57:42
9432,69.83,45.64,29,98,True,True,US,US,2022-10-04,2022-10-04,2022-04-07T18:19:06,2022-04-07T18:19:06
9433,60.92,81.51,67,95,True,False,FR,,2024-05-25,2024-05-25,2023-03-19T04:56:17,
9434,98.73,5.25,10,,True,True,US,CA,2020-01-14,,2021-04-07T00:29:39,2021-04-07T00:29:39
9435,24.31,75.82,22,47,True,,CA,JP,2022-02-18,2022-02-18,2024-03-23T02:42:15,2024-03-23T02:42:15
9436,81.07,71.16,63,107,True,True,FR,,2021-08-14,2021-08-14,2023-06-25T06:52:11,2023-06-25T06:52:11
9437,42.68,82.29,35,116,True,False,JP,US,2024-12-27,2024-12-27,2024-05-08T18:27:23,2024-05-08T18:27:23
9438,50.01,54.24,1,,False,False,US,BR,2022-06-09,2022-06-09,2022-10-07T11:49:11,2022-10-07T11:49:11
9439,44.6,64.1,43,77,False,False,FR,UK,2023-02-04,2023-02-04,2024-05-28T07:04:43,2024-05-28T07:04:43
9440,59.42,77.47,39,97,True,False,DE,AU,2021-02-21,2021-02-21,2022-07-29T16:16:51,2022-07-29T16:16:51
9441,21.78,92.98,44,,True,True,UK,,2023-11-06,,2024-04-06T17:44:04,2024-04-06T17:44:04
9442,67.63,75.62,5,69,False,True,JP,,2022-03-19,2022-03-19,2021-04-09T20:47:57,2021-04-09T20:47:57
9443,49.13,,94,59,False,True,FR,JP,2024-07-22,2024-07-22,2023-12-05T11:40:57,2023-12-05T11:40:57
9444,23.55,90.25,1,20,False,True,CA,UK,2024-04-30,2024-04-30,2020-02-05T02:23:59,2020-02-05T02:23:59
9445,23.03,45.85,19,84,False,False,AU,,2021-09-09,2021-09-09,2021-08-07T19:22:09,2021-08-07T19:22:09
9446,91.28,22.33,44,17,True,,JP,US,2023-08-09,2023-08-09,2021-12-09T13:39:02,2021-12-09T13:39:02
9447,33.53,41.72,98,35,True,True,UK,DE,2022-04-09,2022-04-09,2022-11-03T03:40:43,2022-11-03T03:40:43
9448,10.16,28.06,90,69,False,True,UK,UK,2022-07-17,2022-07-17,2021-08-15T22:03:51,
9449,19.19,14.96,60,,False,True,US,UK,2021-05-20,2021-05-20,2024-06-14T19:37:11,2024-06-14T19:37:11
9450,62.04,97.55,33,53,True,False,UK,UK,2021-05-28,2021-05-28,2024-06-17T17:07:42,2024-06-17T17:07:42
9451,20.68,89.51,50,105,True,True,US,UK,2024-11-09,2024-11-09,2024-10-21T19:48:50,2024-10-21T19:48:50
9452,75.51,27.98,14,,True,False,JP,UK,2023-05-31,2023-05-31,2023-09-18T16:34:51,2023-09-18T16:34:51
9453,43.47,52.47,34,33,False,True,AU,BR,2020-07-24,2020-07-24,2021-01-22T03:44:37,2021-01-22T03:44:37
9454,85.91,27.07,110,9,True,False,JP,FR,2024-10-16,2024-10-16,2024-07-12T13:08:56,
9455,35.81,58.18,22,81,True,,CA,AU,2024-03-14,2024-03-14,2024-03-30T08:13:06,2024-03-30T08:13:06
9456,4.23,,90,,True,True,BR,CA,2021-04-30,2021-04-30,2023-03-08T01:50:33,2023-03-08T01:50:33
9457,16.22,4.94,76,16,False,,DE,AU,2020-09-09,2020-09-09,2021-05-14T16:32:22,2021-05-14T16:32:22
9458,55.43,21.72,29,67,False,False,CA,AU,2023-01-11,2023-01-11,2024-02-15T19:23:32,2024-02-15T19:23:32
9459,44.53,51.27,82,83,True,False,BR,AU,2020-08-04,2020-08-04,2021-11-01T01:20:58,2021-11-01T01:20:58
9460,77.83,45.13,78,68,False,True,JP,BR,2020-01-03,2020-01-03,2023-09-02T19:36:30,2023-09-02T19:36:30
9461,31.75,98.79,91,117,False,False,BR,JP,2022-12-02,2022-12-02,2020-09-07T15:42:42,2020-09-07T15:42:42
9462,73.99,92.57,80,103,True,False,AU,UK,2021-05-14,2021-05-14,2022-07-29T23:21:44,2022-07-29T23:21:44
9463,64.65,85.46,1,,True,False,UK,US,2022-09-07,2022-09-07,2021-09-07T01:04:51,2021-09-07T01:04:51
9464,91.97,,15,11,False,False,FR,FR,2021-02-27,2021-02-27,2024-05-18T09:17:26,2024-05-18T09:17:26
9465,25.98,74.72,45,,True,,US,UK,2020-11-18,2020-11-18,2023-08-10T21:17:00,2023-08-10T21:17:00
9466,9.1,66.61,94,49,True,True,AU,CA,2020-03-18,,2022-11-16T15:11:59,2022-11-16T15:11:59
9467,80.11,,4,,True,,CA,AU,2022-05-02,2022-05-02,2024-11-28T15:08:46,2024-11-28T15:08:46
9468,19.57,31.14,58,85,False,False,BR,UK,2021-09-20,2021-09-20,2021-10-12T19:56:11,2021-10-12T19:56:11
9469,54.42,40.21,29,117,False,False,DE,US,2021-06-28,2021-06-28,2020-02-17T08:42:01,2020-02-17T08:42:01
9470,65.65,,89,84,True,False,US,,2021-10-20,2021-10-20,2022-04-02T09:21:56,2022-04-02T09:21:56
9471,77.28,53.8,46,109,True,True,JP,UK,2024-12-03,2024-12-03,2022-04-06T04:51:48,2022-04-06T04:51:48
9472,85.54,97.66,117,42,False,False,CA,FR,2021-04-20,2021-04-20,2024-07-30T15:34:09,2024-07-30T15:34:09
9473,22.75,22.45,116,72,True,True,CA,AU,2022-07-03,2022-07-03,2020-10-09T18:20:20,2020-10-09T18:20:20
9474,76.97,70.59,55,87,True,,US,JP,2023-11-20,2023-11-20,2021-07-12T15:33:04,2021-07-12T15:33:04
9475,11.44,21.73,19,34,False,,US,CA,2022-08-10,2022-08-10,2023-04-06T03:10:56,2023-04-06T03:10:56
9476,64.43,95.88,81,112,True,False,US,UK,2021-05-28,2021-05-28,2024-05-31T01:31:54,
9477,50.97,,106,,False,,BR,DE,2021-05-03,2021-05-03,2020-08-07T10:51:25,2020-08-07T10:51:25
9478,49.35,,91,19,True,,JP,,2022-05-29,2022-05-29,2022-05-17T19:33:46,2022-05-17T19:33:46
9479,52.79,78.87,62,115,True,True,JP,CA,2022-05-27,2022-05-27,2024-07-07T11:12:52,2024-07-07T11:12:52
9480,32.78,78.95,59,10,False,False,CA,JP,2024-06-09,2024-06-09,2024-09-16T14:13:45,2024-09-16T14:13:45
9481,42.18,41.27,84,,True,True,DE,JP,2023-01-18,2023-01-18,2024-11-22T19:57:16,2024-11-22T19:57:16
9482,97.59,63.2,43,3,True,True,AU,DE,2024-07-10,2024-07-10,2023-06-14T15:50:31,2023-06-14T15:50:31
9483,33.65,79.67,113,76,True,False,BR,BR,2022-01-04,2022-01-04,2020-07-31T06:42:02,2020-07-31T06:42:02
9484,3.19,64.33,10,,False,False,US,UK,2020-03-12,2020-03-12,2020-09-23T19:31:49,2020-09-23T19:31:49
9485,37.75,11.6,30,32,False,,UK,US,2021-06-10,,2020-07-13T07:24:00,2020-07-13T07:24:00
9486,75.25,86.91,56,27,False,,BR,FR,2022-05-24,2022-05-24,2021-08-29T06:52:32,2021-08-29T06:52:32
9487,72.78,34.13,118,77,False,False,JP,,2022-04-01,2022-04-01,2024-10-11T10:51:23,2024-10-11T10:51:23
9488,25.0,98.44,15,117,True,True,DE,UK,2023-07-29,,2024-08-17T03:29:24,2024-08-17T03:29:24
9489,28.24,32.09,59,99,False,False,FR,DE,2023-11-08,2023-11-08,2023-12-13T05:53:09,2023-12-13T05:53:09
9490,36.89,97.65,81,62,True,True,JP,BR,2023-10-01,2023-10-01,2021-06-07T17:15:47,2021-06-07T17:15:47
9491,5.01,11.07,61,75,True,True,BR,CA,2021-08-16,,2020-10-14T01:49:37,2020-10-14T01:49:37
9492,56.85,75.48,41,90,False,True,AU,BR,2024-03-31,2024-03-31,2022-10-06T21:07:40,2022-10-06T21:07:40
9493,50.67,36.77,55,26,True,False,CA,FR,2020-12-08,2020-12-08,2020-02-06T18:44:26,2020-02-06T18:44:26
9494,20.35,19.48,111,106,True,False,US,AU,2023-04-15,2023-04-15,2022-04-06T19:10:40,2022-04-06T19:10:40
9495,36.14,26.31,54,31,True,True,US,,2022-02-06,2022-02-06,2021-12-22T08:09:24,2021-12-22T08:09:24
9496,34.56,40.85,9,105,True,False,AU,DE,2022-11-27,2022-11-27,2024-05-26T01:16:37,2024-05-26T01:16:37
9497,27.82,24.88,116,,True,False,FR,UK,2022-10-11,2022-10-11,2020-05-31T03:03:40,2020-05-31T03:03:40
9498,48.29,33.29,110,92,False,False,DE,US,2024-09-10,2024-09-10,2022-03-02T12:45:22,2022-03-02T12:45:22
9499,83.53,15.17,28,64,False,True,DE,DE,2022-09-23,2022-09-23,2021-08-20T07:16:55,2021-08-20T07:16:55
9500,90.22,,90,83,True,True,US,FR,2022-01-16,2022-01-16,2022-04-20T04:01:24,2022-04-20T04:01:24
9501,4.66,65.73,30,41,True,True,DE,,2020-04-25,2020-04-25,2021-07-16T21:22:30,2021-07-16T21:22:30
9502,53.03,49.94,53,35,False,False,US,CA,2024-09-24,,2020-01-15T12:14:48,2020-01-15T12:14:48
9503,41.84,33.3,15,,False,,FR,UK,2021-07-17,2021-07-17,2020-08-26T08:59:07,2020-08-26T08:59:07
9504,60.49,32.34,36,59,True,True,US,UK,2024-01-31,2024-01-31,2021-04-25T19:28:49,
9505,69.78,17.94,56,88,True,True,CA,FR,2022-09-11,2022-09-11,2024-02-16T11:18:46,2024-02-16T11:18:46
9506,27.94,31.71,116,89,True,False,FR,FR,2024-01-20,,2024-04-23T09:34:20,2024-04-23T09:34:20
9507,72.04,42.39,105,13,False,False,US,,2020-04-10,2020-04-10,2020-10-06T10:04:55,2020-10-06T10:04:55
9508,39.47,74.34,11,51,False,,FR,AU,2022-11-25,2022-11-25,2024-02-29T09:14:39,2024-02-29T09:14:39
9509,56.56,81.08,102,63,False,False,DE,US,2022-04-22,2022-04-22,2022-09-16T06:23:57,
9510,17.93,83.91,18,12,False,True,UK,CA,2021-10-03,2021-10-03,2023-09-09T07:52:45,2023-09-09T07:52:45
9511,38.25,,2,90,False,,CA,CA,2020-05-10,2020-05-10,2020-06-21T11:59:31,
9512,80.3,91.44,61,57,False,True,JP,FR,2020-02-04,2020-02-04,2023-04-09T19:33:48,2023-04-09T19:33:48
9513,37.37,26.41,89,58,True,True,AU,UK,2023-07-16,2023-07-16,2023-06-25T10:27:18,
9514,43.16,71.07,82,,True,True,AU,BR,2023-07-26,2023-07-26,2023-04-08T09:21:39,2023-04-08T09:21:39
9515,80.33,40.31,71,11,False,True,UK,UK,2020-07-18,2020-07-18,2022-03-20T10:47:39,2022-03-20T10:47:39
9516,96.06,72.56,1,46,True,True,BR,UK,2022-09-01,2022-09-01,2020-04-26T13:25:06,2020-04-26T13:25:06
9517,90.01,93.89,17,11,True,False,CA,AU,2022-01-30,2022-01-30,2020-10-12T07:16:03,2020-10-12T07:16:03
9518,84.65,11.03,44,15,True,True,FR,JP,2021-05-16,2021-05-16,2020-08-13T00:23:01,2020-08-13T00:23:01
9519,9.83,32.48,62,79,True,False,CA,US,2024-11-04,2024-11-04,2020-04-20T01:04:19,2020-04-20T01:04:19
9520,69.94,46.09,63,112,True,True,AU,FR,2023-08-23,2023-08-23,2020-02-09T12:31:17,2020-02-09T12:31:17
9521,78.85,35.5,22,47,False,True,JP,JP,2022-06-30,2022-06-30,2022-09-04T14:12:59,2022-09-04T14:12:59
9522,64.21,67.54,41,18,False,False,CA,,2020-01-08,2020-01-08,2024-07-22T11:24:20,2024-07-22T11:24:20
9523,85.37,59.42,64,8,False,True,CA,,2020-09-25,2020-09-25,2020-12-15T07:06:16,2020-12-15T07:06:16
9524,24.76,80.47,119,117,True,True,CA,US,2020-01-05,2020-01-05,2022-11-14T06:38:52,2022-11-14T06:38:52
9525,5.41,17.22,47,16,True,,JP,BR,2023-09-26,2023-09-26,2023-03-20T11:13:05,2023-03-20T11:13:05
9526,41.06,28.09,91,95,False,False,UK,BR,2023-09-25,2023-09-25,2022-07-28T23:52:02,2022-07-28T23:52:02
9527,58.61,92.15,33,86,False,True,DE,BR,2021-11-09,2021-11-09,2023-03-19T12:07:42,2023-03-19T12:07:42
9528,92.24,93.51,9,16,False,False,CA,JP,2020-01-06,2020-01-06,2021-03-08T02:29:33,2021-03-08T02:29:33
9529,90.4,23.24,114,18,False,False,FR,AU,2021-08-15,2021-08-15,2023-08-02T09:31:09,2023-08-02T09:31:09
9530,72.08,,57,76,True,False,US,DE,2021-07-30,2021-07-30,2022-06-14T07:25:53,2022-06-14T07:25:53
9531,69.94,52.34,53,,False,True,BR,UK,2024-06-20,2024-06-20,2021-10-15T23:46:38,2021-10-15T23:46:38
9532,23.41,,9,119,False,True,UK,JP,2021-09-06,2021-09-06,2024-02-27T16:48:48,2024-02-27T16:48:48
9533,71.65,12.18,20,,False,,UK,BR,2024-08-17,2024-08-17,2022-03-15T22:02:55,2022-03-15T22:02:55
9534,84.56,61.17,87,112,False,False,US,FR,2021-06-10,2021-06-10,2020-11-10T14:24:56,2020-11-10T14:24:56
9535,38.68,73.54,31,8,True,True,JP,,2024-09-11,2024-09-11,2022-03-08T09:08:50,2022-03-08T09:08:50
9536,82.34,78.28,70,25,False,,FR,AU,2024-05-31,2024-05-31,2023-07-24T19:07:36,2023-07-24T19:07:36
9537,4.82,22.33,0,115,False,True,DE,DE,2020-05-19,2020-05-19,2022-11-21T06:02:29,
9538,48.59,82.45,94,53,False,,CA,CA,2023-07-02,2023-07-02,2023-11-04T20:09:11,2023-11-04T20:09:11
9539,94.27,94.07,34,79,True,False,UK,BR,2024-01-16,2024-01-16,2023-05-04T11:20:12,2023-05-04T11:20:12
9540,68.83,,117,115,True,False,BR,US,2024-05-28,2024-05-28,2022-12-30T15:59:20,2022-12-30T15:59:20
9541,71.39,66.74,114,7,False,False,US,UK,2022-11-20,2022-11-20,2021-05-24T15:25:10,2021-05-24T15:25:10
9542,67.58,16.66,98,41,True,False,JP,,2024-12-05,2024-12-05,2024-05-26T10:47:05,2024-05-26T10:47:05
9543,66.77,31.05,90,84,False,True,BR,DE,2021-07-15,2021-07-15,2023-11-17T07:00:37,2023-11-17T07:00:37
9544,43.78,49.31,71,116,True,True,CA,,2024-10-23,,2024-09-13T12:24:17,2024-09-13T12:24:17
9545,75.12,51.66,94,83,False,False,BR,US,2020-01-17,2020-01-17,2024-10-29T12:47:22,2024-10-29T12:47:22
9546,66.24,28.17,31,13,True,,JP,,2022-09-16,,2020-01-22T07:03:52,2020-01-22T07:03:52
9547,71.16,6.83,111,87,False,False,AU,US,2023-12-25,2023-12-25,2020-05-27T00:36:38,2020-05-27T00:36:38
9548,77.8,8.78,73,119,False,True,BR,,2023-04-22,2023-04-22,2022-04-17T13:41:07,2022-04-17T13:41:07
9549,23.17,14.07,59,21,True,True,JP,BR,2024-11-03,2024-11-03,2020-07-13T00:08:15,2020-07-13T00:08:15
9550,92.03,4.06,2,,True,True,CA,AU,2024-06-26,2024-06-26,2022-04-27T22:50:28,2022-04-27T22:50:28
9551,89.03,20.62,105,41,True,True,JP,BR,2022-12-16,2022-12-16,2020-05-30T05:45:01,2020-05-30T05:45:01
9552,75.12,23.75,107,19,False,False,US,BR,2021-05-01,2021-05-01,2021-03-06T13:24:25,2021-03-06T13:24:25
9553,80.21,80.15,69,65,False,False,BR,CA,2021-12-04,2021-12-04,2022-11-08T12:51:20,2022-11-08T12:51:20
9554,5.63,61.14,101,109,True,True,JP,AU,2024-09-17,2024-09-17,2022-02-22T09:27:46,2022-02-22T09:27:46
9555,78.69,7.61,45,45,False,False,UK,CA,2021-10-24,2021-10-24,2021-06-26T13:50:12,2021-06-26T13:50:12
9556,22.47,,62,95,False,False,FR,BR,2024-01-03,2024-01-03,2024-04-18T20:50:24,2024-04-18T20:50:24
9557,12.08,55.71,23,59,False,True,JP,JP,2023-06-20,2023-06-20,2020-06-24T02:47:20,2020-06-24T02:47:20
9558,7.43,98.62,53,54,False,True,UK,JP,2023-02-02,2023-02-02,2021-03-30T01:58:17,2021-03-30T01:58:17
9559,14.94,87.46,88,66,True,False,UK,US,2021-08-12,2021-08-12,2021-07-20T10:22:49,2021-07-20T10:22:49
9560,53.21,90.67,108,80,False,False,US,US,2020-08-06,,2024-03-11T14:52:54,2024-03-11T14:52:54
9561,8.15,9.07,95,73,True,True,FR,CA,2020-03-21,,2024-05-01T02:58:38,2024-05-01T02:58:38
9562,41.95,57.13,42,67,True,False,US,DE,2022-08-08,2022-08-08,2023-01-29T18:23:32,2023-01-29T18:23:32
9563,80.68,70.73,100,36,False,True,UK,JP,2020-10-20,2020-10-20,2024-08-20T02:03:39,2024-08-20T02:03:39
9564,80.73,48.35,35,52,False,True,CA,DE,2020-07-30,2020-07-30,2024-01-10T00:27:41,2024-01-10T00:27:41
9565,52.35,59.03,75,16,True,True,JP,DE,2024-06-18,2024-06-18,2024-11-03T13:38:54,2024-11-03T13:38:54
9566,93.99,69.2,119,119,True,False,UK,US,2023-05-18,2023-05-18,2023-08-21T06:17:47,2023-08-21T06:17:47
9567,41.18,19.43,46,8,False,True,JP,FR,2023-02-22,2023-02-22,2022-03-25T01:54:18,2022-03-25T01:54:18
9568,29.46,30.57,65,12,False,True,JP,FR,2020-03-22,2020-03-22,2022-11-07T07:28:17,2022-11-07T07:28:17
9569,9.65,64.86,44,12,False,,DE,AU,2023-02-03,2023-02-03,2023-12-16T10:29:53,2023-12-16T10:29:53
9570,47.49,15.81,70,49,False,True,BR,FR,2022-11-07,2022-11-07,2021-04-04T01:55:43,2021-04-04T01:55:43
9571,15.54,73.4,97,94,True,True,AU,JP,2022-06-03,2022-06-03,2021-06-18T20:48:08,2021-06-18T20:48:08
9572,24.58,91.88,25,54,True,True,CA,JP,2021-04-20,,2020-11-03T04:24:14,2020-11-03T04:24:14
9573,29.61,2.65,106,,True,True,AU,DE,2022-12-29,2022-12-29,2022-06-16T23:37:13,2022-06-16T23:37:13
9574,61.74,53.0,75,52,True,False,DE,US,2024-11-29,2024-11-29,2021-12-06T18:26:53,2021-12-06T18:26:53
9575,57.97,51.26,45,38,True,True,US,,2022-10-13,2022-10-13,2020-03-14T01:32:30,2020-03-14T01:32:30
9576,11.49,26.83,111,80,False,,FR,CA,2020-10-18,2020-10-18,2020-07-03T06:33:56,2020-07-03T06:33:56
9577,52.54,79.89,12,117,True,True,BR,FR,2024-05-19,2024-05-19,2020-09-22T06:44:05,2020-09-22T06:44:05
9578,36.63,92.14,25,90,False,False,UK,BR,2023-07-09,2023-07-09,2023-05-13T06:41:32,2023-05-13T06:41:32
9579,3.34,65.69,76,96,False,True,CA,FR,2022-03-13,2022-03-13,2024-10-24T20:19:50,2024-10-24T20:19:50
9580,88.56,,103,,False,False,BR,UK,2022-07-14,2022-07-14,2023-04-05T07:35:26,
9581,54.58,88.81,63,22,False,False,FR,US,2020-10-13,2020-10-13,2022-10-11T01:15:56,2022-10-11T01:15:56
9582,21.55,11.71,106,,True,False,UK,BR,2021-10-07,2021-10-07,2022-06-03T09:31:21,2022-06-03T09:31:21
9583,67.16,44.88,47,70,False,True,DE,UK,2024-12-15,2024-12-15,2024-03-23T19:23:45,2024-03-23T19:23:45
9584,89.12,86.98,118,46,True,False,JP,FR,2021-01-31,2021-01-31,2023-05-16T06:33:38,2023-05-16T06:33:38
9585,38.7,43.98,98,37,False,False,UK,BR,2024-08-30,2024-08-30,2022-01-28T07:46:55,2022-01-28T07:46:55
9586,2.29,73.92,79,110,False,False,JP,FR,2021-12-17,2021-12-17,2021-05-13T02:52:50,2021-05-13T02:52:50
9587,71.8,93.3,23,21,True,,BR,UK,2022-11-18,,2023-02-17T23:21:21,
9588,26.23,27.82,3,32,True,False,AU,AU,2020-07-17,2020-07-17,2020-06-27T14:18:44,2020-06-27T14:18:44
9589,95.61,16.46,42,79,False,False,JP,BR,2020-08-19,2020-08-19,2021-11-24T03:35:06,2021-11-24T03:35:06
9590,87.38,44.7,5,87,True,True,BR,UK,2022-11-09,2022-11-09,2024-03-23T07:51:20,2024-03-23T07:51:20
9591,61.13,17.1,18,34,True,True,AU,DE,2020-02-27,2020-02-27,2024-04-05T05:49:03,2024-04-05T05:49:03
9592,95.17,80.16,79,54,True,False,AU,CA,2020-10-02,2020-10-02,2021-11-22T19:06:19,2021-11-22T19:06:19
9593,50.07,80.61,70,75,True,False,DE,JP,2022-03-25,2022-03-25,2024-10-28T17:02:22,2024-10-28T17:02:22
9594,61.99,73.19,53,117,False,False,BR,US,2020-03-13,2020-03-13,2023-02-20T10:17:49,2023-02-20T10:17:49
9595,23.66,96.69,113,100,False,True,DE,UK,2022-11-14,2022-11-14,2021-03-07T23:56:43,2021-03-07T23:56:43
9596,72.25,,88,109,True,True,CA,BR,2021-12-26,2021-12-26,2021-05-20T16:17:53,
9597,3.96,75.51,60,96,True,True,JP,,2024-06-05,2024-06-05,2021-09-13T03:59:58,2021-09-13T03:59:58
9598,59.81,77.63,85,20,False,False,US,,2024-09-07,2024-09-07,2020-04-12T14:43:16,2020-04-12T14:43:16
9599,19.09,85.16,106,1,False,,BR,FR,2020-07-05,2020-07-05,2022-08-22T10:37:49,2022-08-22T10:37:49
9600,32.08,33.56,25,22,True,True,BR,AU,2021-12-17,,2024-09-25T02:43:28,2024-09-25T02:43:28
9601,67.83,46.97,12,70,True,True,US,US,2022-01-27,2022-01-27,2021-10-24T23:45:55,2021-10-24T23:45:55
9602,80.32,0.89,92,57,True,,AU,JP,2023-12-10,2023-12-10,2024-05-27T21:48:08,
9603,92.67,45.98,65,65,False,,FR,DE,2023-05-03,2023-05-03,2021-07-30T07:57:08,2021-07-30T07:57:08
9604,3.47,,3,119,True,,JP,,2024-01-13,2024-01-13,2021-03-03T03:07:13,2021-03-03T03:07:13
9605,13.6,68.35,33,98,False,True,DE,AU,2022-01-09,2022-01-09,2023-12-29T18:34:45,2023-12-29T18:34:45
9606,83.01,66.7,29,90,False,True,UK,BR,2023-04-30,2023-04-30,2023-08-20T19:39:39,2023-08-20T19:39:39
9607,67.24,82.93,26,,True,False,US,,2024-07-25,2024-07-25,2022-05-01T01:39:13,2022-05-01T01:39:13
9608,19.03,73.04,69,41,True,False,FR,UK,2022-04-12,2022-04-12,2023-06-30T08:12:59,2023-06-30T08:12:59
9609,73.23,69.39,48,30,False,True,BR,JP,2021-11-13,2021-11-13,2023-04-01T10:31:30,2023-04-01T10:31:30
9610,54.31,92.37,13,32,True,,AU,BR,2023-03-02,,2023-04-28T22:10:01,2023-04-28T22:10:01
9611,81.69,25.09,95,11,True,False,AU,US,2023-04-23,2023-04-23,2024-03-26T09:19:13,2024-03-26T09:19:13
9612,47.14,11.39,30,103,True,,AU,BR,2022-02-13,2022-02-13,2024-01-03T23:57:46,2024-01-03T23:57:46
9613,72.56,,94,12,False,True,FR,BR,2022-12-27,2022-12-27,2022-09-18T18:30:50,2022-09-18T18:30:50
9614,2.29,8.31,6,65,False,False,JP,FR,2022-06-30,2022-06-30,2020-02-14T09:00:06,2020-02-14T09:00:06
9615,14.48,78.79,78,,False,True,AU,US,2022-02-06,2022-02-06,2021-03-12T11:47:54,2021-03-12T11:47:54
9616,26.4,41.74,33,29,False,True,US,UK,2024-05-04,2024-05-04,2021-12-15T02:05:29,2021-12-15T02:05:29
9617,71.98,60.69,24,102,True,True,AU,FR,2024-05-11,2024-05-11,2024-08-15T03:02:51,
9618,45.52,74.38,57,79,False,True,DE,US,2022-05-06,2022-05-06,2023-11-14T01:06:11,2023-11-14T01:06:11
9619,82.04,84.59,45,18,False,True,CA,BR,2024-09-30,,2020-01-07T17:50:45,2020-01-07T17:50:45
9620,77.2,48.72,108,22,False,,DE,UK,2024-06-04,,2023-08-22T01:04:52,2023-08-22T01:04:52
9621,60.17,10.94,40,77,True,True,JP,CA,2024-03-22,2024-03-22,2021-02-02T07:05:06,2021-02-02T07:05:06
9622,42.76,32.46,59,117,False,True,FR,CA,2022-05-03,2022-05-03,2024-03-27T13:39:22,
9623,38.66,26.56,94,20,False,True,JP,US,2023-07-11,2023-07-11,2022-12-16T17:24:33,2022-12-16T17:24:33
9624,92.35,81.94,25,,False,False,US,BR,2022-08-16,,2022-04-12T10:09:54,2022-04-12T10:09:54
9625,45.01,56.48,83,109,False,True,US,FR,2020-08-28,2020-08-28,2023-01-08T03:00:04,2023-01-08T03:00:04
9626,15.16,,38,106,True,False,JP,AU,2022-08-28,2022-08-28,2023-04-21T22:41:07,2023-04-21T22:41:07
9627,84.86,71.36,112,11,False,False,FR,JP,2021-03-10,2021-03-10,2022-03-18T08:43:08,2022-03-18T08:43:08
9628,46.23,25.58,23,70,False,False,UK,UK,2021-03-15,2021-03-15,2020-03-21T18:50:23,
9629,45.73,24.27,52,97,True,False,DE,CA,2023-09-07,2023-09-07,2021-07-26T02:59:39,2021-07-26T02:59:39
9630,63.82,78.61,33,116,True,False,JP,FR,2023-01-10,2023-01-10,2021-08-16T04:22:03,2021-08-16T04:22:03
9631,8.74,46.18,114,61,False,True,DE,FR,2022-05-29,2022-05-29,2022-07-27T06:35:49,2022-07-27T06:35:49
9632,55.19,73.82,65,100,True,False,FR,BR,2023-09-08,2023-09-08,2020-11-14T21:52:49,2020-11-14T21:52:49
9633,23.67,5.46,107,45,False,True,CA,FR,2024-08-08,2024-08-08,2024-01-14T00:41:20,2024-01-14T00:41:20
9634,8.81,15.3,86,1,False,False,CA,UK,2021-03-03,2021-03-03,2023-04-10T21:17:16,
9635,2.98,99.87,27,13,False,True,US,US,2021-06-15,2021-06-15,2022-01-12T23:21:57,2022-01-12T23:21:57
9636,62.36,20.91,39,50,False,False,DE,,2023-05-06,2023-05-06,2021-02-09T01:05:24,2021-02-09T01:05:24
9637,78.94,,100,48,True,False,BR,FR,2021-05-08,2021-05-08,2022-02-20T11:25:54,2022-02-20T11:25:54
9638,79.65,94.08,58,57,False,False,AU,US,2024-04-05,2024-04-05,2024-02-14T04:59:45,2024-02-14T04:59:45
9639,66.19,20.49,32,96,True,False,CA,CA,2024-06-15,2024-06-15,2024-04-23T09:19:10,2024-04-23T09:19:10
9640,46.03,67.7,80,34,False,False,FR,,2024-02-06,2024-02-06,2023-11-15T21:12:53,2023-11-15T21:12:53
9641,82.53,77.87,12,46,True,False,FR,FR,2021-02-12,2021-02-12,2021-04-04T18:34:29,2021-04-04T18:34:29
9642,93.62,11.69,83,,True,False,BR,,2023-11-02,2023-11-02,2024-12-24T23:08:31,2024-12-24T23:08:31
9643,34.95,4.21,50,,True,True,FR,US,2022-12-31,2022-12-31,2020-03-25T08:30:05,2020-03-25T08:30:05
9644,99.33,58.04,40,0,True,True,BR,JP,2022-03-24,2022-03-24,2024-02-03T22:35:23,2024-02-03T22:35:23
9645,13.2,38.1,56,34,True,True,JP,JP,2021-04-17,2021-04-17,2023-08-02T13:15:50,2023-08-02T13:15:50
9646,37.81,,61,56,False,True,BR,CA,2020-05-06,2020-05-06,2023-07-23T16:14:31,2023-07-23T16:14:31
9647,9.99,99.26,49,26,False,True,DE,AU,2022-08-31,2022-08-31,2023-01-26T23:30:47,2023-01-26T23:30:47
9648,95.72,40.15,75,117,False,False,US,JP,2020-07-12,2020-07-12,2023-03-13T01:49:54,2023-03-13T01:49:54
9649,23.46,56.94,41,84,False,True,BR,JP,2020-05-18,2020-05-18,2020-01-27T03:06:18,2020-01-27T03:06:18
9650,11.92,,60,28,False,,DE,JP,2024-01-24,2024-01-24,2024-07-05T10:30:37,2024-07-05T10:30:37
9651,28.27,55.14,72,19,False,True,US,US,2020-07-02,2020-07-02,2021-06-10T22:59:06,2021-06-10T22:59:06
9652,35.92,,16,,True,False,UK,BR,2020-12-31,2020-12-31,2024-07-02T17:08:03,2024-07-02T17:08:03
9653,27.47,95.62,77,102,False,True,UK,,2023-05-19,,2022-09-15T08:22:40,2022-09-15T08:22:40
9654,3.01,66.63,2,115,True,False,AU,JP,2022-10-11,2022-10-11,2022-04-13T05:48:14,2022-04-13T05:48:14
9655,92.11,,87,22,True,True,UK,US,2021-10-10,2021-10-10,2023-04-13T01:42:07,2023-04-13T01:42:07
9656,5.43,51.36,44,59,True,False,FR,DE,2020-06-14,2020-06-14,2021-08-03T20:09:55,2021-08-03T20:09:55
9657,38.41,50.47,111,84,False,False,UK,AU,2020-02-06,2020-02-06,2021-05-28T05:42:40,2021-05-28T05:42:40
9658,18.91,65.95,57,6,True,False,US,UK,2021-04-16,2021-04-16,2020-12-08T06:34:47,2020-12-08T06:34:47
9659,22.23,46.41,101,90,True,True,FR,BR,2022-06-14,2022-06-14,2021-01-07T14:17:04,2021-01-07T14:17:04
9660,72.55,72.27,35,0,False,False,US,FR,2023-02-03,2023-02-03,2021-09-06T15:59:17,2021-09-06T15:59:17
9661,59.49,79.0,49,34,True,False,JP,,2020-08-26,2020-08-26,2022-02-09T22:19:47,2022-02-09T22:19:47
9662,49.14,,22,15,False,False,AU,,2022-07-11,2022-07-11,2023-01-26T20:42:43,2023-01-26T20:42:43
9663,61.96,14.1,8,49,False,False,CA,US,2023-01-19,2023-01-19,2021-05-23T16:21:35,2021-05-23T16:21:35
9664,2.12,,62,35,True,False,CA,JP,2021-08-03,2021-08-03,2024-10-08T18:56:32,2024-10-08T18:56:32
9665,17.93,88.81,78,,True,,UK,BR,2021-08-03,2021-08-03,2021-06-01T04:30:55,2021-06-01T04:30:55
9666,89.77,75.78,2,38,True,,US,DE,2023-07-18,2023-07-18,2022-01-14T20:27:50,
9667,92.85,98.86,59,116,True,,AU,JP,2022-08-30,2022-08-30,2020-12-28T08:50:20,2020-12-28T08:50:20
9668,45.78,33.7,7,,False,True,AU,DE,2022-10-14,2022-10-14,2024-02-13T17:42:00,2024-02-13T17:42:00
9669,8.36,27.61,35,6,False,True,AU,CA,2024-02-26,2024-02-26,2021-01-08T16:52:30,2021-01-08T16:52:30
9670,34.36,92.99,83,85,False,True,BR,FR,2020-10-07,2020-10-07,2024-04-22T01:11:23,2024-04-22T01:11:23
9671,57.48,66.75,50,,False,,FR,FR,2023-08-23,2023-08-23,2022-05-27T12:21:34,2022-05-27T12:21:34
9672,72.92,43.92,8,54,False,True,US,DE,2020-01-13,2020-01-13,2024-05-02T07:07:48,2024-05-02T07:07:48
9673,7.67,59.37,6,76,False,True,FR,JP,2023-11-09,2023-11-09,2022-07-15T02:28:13,2022-07-15T02:28:13
9674,16.84,84.76,90,58,False,False,US,FR,2024-12-28,2024-12-28,2021-10-08T21:53:05,2021-10-08T21:53:05
9675,43.19,42.37,32,76,True,True,JP,BR,2022-01-17,2022-01-17,2020-08-30T06:02:17,2020-08-30T06:02:17
9676,69.36,50.31,106,,False,False,BR,,2023-03-23,2023-03-23,2020-08-14T19:19:21,2020-08-14T19:19:21
9677,20.35,1.78,25,19,True,True,US,UK,2022-01-08,2022-01-08,2021-01-23T07:20:27,2021-01-23T07:20:27
9678,17.69,,63,67,False,False,US,JP,2023-05-28,2023-05-28,2022-12-13T13:12:35,2022-12-13T13:12:35
9679,65.06,71.28,107,117,True,True,DE,FR,2021-12-28,2021-12-28,2022-05-05T23:25:00,2022-05-05T23:25:00
9680,56.92,66.51,104,116,True,True,CA,AU,2022-09-21,2022-09-21,2023-11-09T23:58:37,2023-11-09T23:58:37
9681,37.11,82.94,37,42,False,False,JP,,2022-02-24,2022-02-24,2022-10-03T19:15:09,2022-10-03T19:15:09
9682,10.08,3.38,89,6,False,True,US,AU,2024-04-29,,2020-09-17T22:38:45,2020-09-17T22:38:45
9683,12.41,61.12,55,93,True,True,DE,DE,2022-05-01,2022-05-01,2022-09-11T04:34:05,2022-09-11T04:34:05
9684,41.41,10.05,48,101,True,False,UK,UK,2020-07-12,2020-07-12,2022-12-02T18:30:28,
9685,34.46,,35,118,False,False,FR,UK,2022-05-09,2022-05-09,2022-10-16T10:10:17,2022-10-16T10:10:17
9686,65.01,62.65,67,28,True,True,FR,BR,2023-06-18,2023-06-18,2023-03-17T12:50:34,2023-03-17T12:50:34
9687,53.23,42.02,73,,False,False,BR,UK,2021-08-01,2021-08-01,2022-06-05T01:39:58,2022-06-05T01:39:58
9688,27.11,92.05,88,94,False,False,US,US,2024-08-23,2024-08-23,2023-05-17T03:32:23,2023-05-17T03:32:23
9689,68.1,8.84,5,32,False,True,CA,UK,2022-11-13,2022-11-13,2022-09-13T16:13:59,2022-09-13T16:13:59
9690,89.17,31.04,21,64,True,True,JP,CA,2020-12-20,2020-12-20,2022-12-28T09:18:57,2022-12-28T09:18:57
9691,1.04,92.21,28,26,False,False,JP,JP,2024-08-17,2024-08-17,2021-03-20T15:14:30,2021-03-20T15:14:30
9692,65.33,53.84,55,112,True,False,JP,US,2020-03-15,,2024-02-15T09:12:36,2024-02-15T09:12:36
9693,52.82,92.95,47,,False,False,FR,UK,2024-07-05,2024-07-05,2023-09-29T16:09:32,2023-09-29T16:09:32
9694,8.77,47.05,34,108,False,True,AU,DE,2020-09-29,2020-09-29,2024-05-16T07:04:45,2024-05-16T07:04:45
9695,58.74,,20,19,True,False,JP,FR,2021-10-11,2021-10-11,2023-10-13T06:18:03,2023-10-13T06:18:03
9696,7.89,85.99,25,67,False,True,DE,UK,2021-08-19,2021-08-19,2021-11-21T13:50:27,2021-11-21T13:50:27
9697,18.15,,53,35,True,,FR,AU,2023-12-11,2023-12-11,2022-09-30T18:09:34,2022-09-30T18:09:34
9698,5.36,,105,79,True,True,FR,UK,2020-09-10,2020-09-10,2020-10-24T21:24:00,2020-10-24T21:24:00
9699,92.47,24.87,113,36,False,True,AU,JP,2020-11-17,2020-11-17,2020-04-07T18:50:59,2020-04-07T18:50:59
9700,40.24,29.81,52,,True,False,FR,,2022-12-19,2022-12-19,2024-02-28T02:17:42,2024-02-28T02:17:42
9701,45.97,94.63,36,12,True,False,FR,AU,2024-02-27,2024-02-27,2022-05-27T03:54:47,2022-05-27T03:54:47
9702,47.92,36.74,16,16,False,True,CA,,2021-12-31,2021-12-31,2023-08-22T01:52:30,2023-08-22T01:52:30
9703,8.83,79.77,73,46,True,,BR,JP,2020-04-25,2020-04-25,2021-07-25T23:32:23,2021-07-25T23:32:23
9704,41.53,39.27,35,15,True,True,JP,US,2023-06-21,2023-06-21,2023-09-05T03:17:02,2023-09-05T03:17:02
9705,21.76,,54,54,True,False,CA,DE,2020-10-27,2020-10-27,2021-03-07T00:50:20,2021-03-07T00:50:20
9706,62.35,12.31,112,6,False,True,BR,US,2022-04-30,2022-04-30,2024-08-04T00:42:24,2024-08-04T00:42:24
9707,96.61,2.41,10,54,False,True,DE,FR,2023-10-04,2023-10-04,2021-11-04T14:21:49,2021-11-04T14:21:49
9708,51.95,27.43,96,6,True,True,CA,JP,2020-11-19,2020-11-19,2022-12-13T22:46:43,2022-12-13T22:46:43
9709,11.2,16.29,65,18,False,False,US,UK,2023-11-17,2023-11-17,2020-02-29T18:54:29,2020-02-29T18:54:29
9710,83.84,78.63,75,24,True,,CA,US,2023-07-13,2023-07-13,2023-01-21T07:46:51,2023-01-21T07:46:51
9711,92.82,89.91,22,16,True,False,AU,CA,2020-11-24,2020-11-24,2023-07-31T21:16:19,2023-07-31T21:16:19
9712,57.56,,115,,False,True,BR,UK,2024-03-17,2024-03-17,2023-06-09T01:10:37,
9713,77.88,24.55,17,102,True,True,BR,UK,2022-03-02,2022-03-02,2020-04-03T00:23:43,2020-04-03T00:23:43
9714,81.51,9.18,117,51,True,False,CA,AU,2024-02-13,2024-02-13,2024-11-19T04:22:24,2024-11-19T04:22:24
9715,38.74,99.97,79,22,True,True,FR,DE,2022-11-12,2022-11-12,2023-04-02T08:58:04,2023-04-02T08:58:04
9716,39.2,54.67,10,26,False,,UK,FR,2020-05-10,2020-05-10,2021-09-22T15:37:55,2021-09-22T15:37:55
9717,84.7,16.31,26,100,False,True,BR,DE,2020-08-05,2020-08-05,2022-06-25T17:54:05,2022-06-25T17:54:05
9718,73.34,77.87,117,29,True,True,FR,US,2020-12-19,2020-12-19,2023-12-27T21:31:05,2023-12-27T21:31:05
9719,45.2,99.9,105,,True,,BR,US,2022-06-09,2022-06-09,2022-10-06T22:42:25,2022-10-06T22:42:25
9720,16.51,69.38,100,29,False,True,US,,2022-09-28,2022-09-28,2020-03-29T07:45:51,2020-03-29T07:45:51
9721,10.74,88.43,62,82,True,True,JP,US,2020-06-12,2020-06-12,2023-12-16T22:48:06,2023-12-16T22:48:06
9722,70.1,60.99,36,59,False,False,FR,,2023-11-01,,2023-09-20T08:34:47,2023-09-20T08:34:47
9723,40.56,27.22,32,19,True,True,DE,AU,2022-05-29,,2022-02-04T16:14:01,2022-02-04T16:14:01
9724,39.13,59.65,86,51,True,False,UK,AU,2020-05-07,2020-05-07,2022-09-28T03:27:33,2022-09-28T03:27:33
9725,19.48,78.89,27,78,True,True,FR,US,2021-04-26,2021-04-26,2024-06-28T18:51:57,2024-06-28T18:51:57
9726,23.94,25.18,48,98,True,False,UK,DE,2024-06-05,,2024-05-19T14:23:38,2024-05-19T14:23:38
9727,0.28,61.65,93,89,True,True,UK,UK,2021-03-12,2021-03-12,2021-04-05T03:25:27,2021-04-05T03:25:27
9728,60.09,77.92,83,58,False,False,BR,US,2023-11-03,2023-11-03,2024-12-21T04:19:46,2024-12-21T04:19:46
9729,78.73,,99,94,False,True,BR,US,2021-07-23,,2023-05-06T13:09:35,2023-05-06T13:09:35
9730,5.05,,105,119,False,True,DE,BR,2022-12-13,2022-12-13,2024-08-28T09:03:47,2024-08-28T09:03:47
9731,34.29,33.32,76,90,True,True,US,FR,2020-10-29,2020-10-29,2023-10-17T21:59:19,2023-10-17T21:59:19
9732,85.42,65.5,56,17,True,False,UK,US,2022-01-18,2022-01-18,2024-12-23T19:11:58,
9733,77.7,37.08,18,106,True,True,UK,JP,2024-07-18,2024-07-18,2022-01-05T14:19:25,2022-01-05T14:19:25
9734,31.67,15.84,55,,True,False,AU,,2021-12-26,2021-12-26,2022-04-03T22:20:40,2022-04-03T22:20:40
9735,99.84,93.67,19,86,True,True,AU,BR,2024-08-20,2024-08-20,2023-03-07T18:38:08,2023-03-07T18:38:08
9736,2.55,94.22,80,106,True,True,AU,UK,2023-06-14,2023-06-14,2024-04-19T15:52:02,2024-04-19T15:52:02
9737,51.18,30.5,11,6,True,False,JP,AU,2021-04-04,2021-04-04,2022-01-05T16:52:23,
9738,89.57,80.51,24,51,True,True,CA,BR,2024-11-04,2024-11-04,2021-06-14T21:34:45,2021-06-14T21:34:45
9739,15.89,72.67,43,91,False,,AU,FR,2023-06-21,2023-06-21,2023-05-24T07:04:20,2023-05-24T07:04:20
9740,59.27,67.71,101,103,True,False,DE,US,2020-02-25,2020-02-25,2023-10-15T16:02:08,2023-10-15T16:02:08
9741,98.65,24.94,6,24,True,True,DE,FR,2023-03-05,2023-03-05,2024-09-15T02:25:19,2024-09-15T02:25:19
9742,77.7,,114,79,True,False,DE,DE,2024-08-30,2024-08-30,2023-06-01T20:45:19,
9743,22.38,11.16,52,,True,False,UK,CA,2024-03-05,2024-03-05,2024-07-11T00:13:09,2024-07-11T00:13:09
9744,98.78,89.05,28,72,True,False,UK,DE,2023-10-05,2023-10-05,2020-05-22T11:58:43,2020-05-22T11:58:43
9745,85.34,,75,92,False,True,JP,US,2022-02-15,2022-02-15,2020-11-02T08:56:11,2020-11-02T08:56:11
9746,8.71,55.13,98,79,True,True,AU,CA,2022-09-15,2022-09-15,2024-03-28T05:31:16,2024-03-28T05:31:16
9747,22.88,,28,19,False,False,FR,FR,2020-07-13,2020-07-13,2021-01-17T09:16:12,2021-01-17T09:16:12
9748,57.74,,109,23,False,,UK,JP,2023-11-24,2023-11-24,2024-07-29T21:40:32,2024-07-29T21:40:32
9749,35.77,21.11,22,76,False,False,AU,,2021-02-19,2021-02-19,2021-09-11T06:45:47,2021-09-11T06:45:47
9750,13.35,29.53,49,34,True,False,JP,,2024-04-30,2024-04-30,2020-01-16T22:16:54,
9751,83.96,40.78,44,61,True,,AU,CA,2022-11-12,,2020-05-01T12:47:41,2020-05-01T12:47:41
9752,93.46,15.19,40,67,False,True,JP,FR,2023-04-20,2023-04-20,2024-12-11T00:20:53,2024-12-11T00:20:53
9753,59.74,77.46,93,54,True,False,UK,US,2021-06-21,2021-06-21,2022-03-31T12:44:47,2022-03-31T12:44:47
9754,89.41,64.8,114,106,False,True,BR,FR,2021-08-11,2021-08-11,2020-12-31T23:27:08,2020-12-31T23:27:08
9755,41.74,2.19,37,70,False,False,JP,JP,2023-01-07,2023-01-07,2020-02-13T16:29:01,2020-02-13T16:29:01
9756,35.16,62.06,54,64,False,,AU,FR,2022-03-09,2022-03-09,2020-04-13T00:09:29,2020-04-13T00:09:29
9757,79.29,,28,70,True,False,US,US,2021-12-31,2021-12-31,2023-03-15T18:09:02,2023-03-15T18:09:02
9758,15.51,44.56,41,2,True,False,US,,2022-10-03,2022-10-03,2023-12-15T03:11:06,2023-12-15T03:11:06
9759,31.52,82.21,7,0,False,,FR,BR,2022-05-17,2022-05-17,2023-10-16T15:03:47,2023-10-16T15:03:47
9760,19.29,74.86,113,5,False,True,FR,BR,2020-12-24,2020-12-24,2024-10-20T02:18:48,2024-10-20T02:18:48
9761,71.01,4.67,61,67,False,True,BR,CA,2024-10-09,2024-10-09,2023-12-30T17:19:19,2023-12-30T17:19:19
9762,67.84,31.27,43,74,False,True,US,UK,2024-04-11,2024-04-11,2020-11-12T10:55:19,2020-11-12T10:55:19
9763,84.57,72.31,115,91,False,False,CA,DE,2023-08-31,,2023-04-09T05:57:12,2023-04-09T05:57:12
9764,9.52,83.03,24,,False,False,BR,CA,2021-12-29,2021-12-29,2021-09-30T17:45:59,2021-09-30T17:45:59
9765,81.56,65.3,29,64,True,True,US,,2024-07-23,2024-07-23,2022-07-16T15:17:30,2022-07-16T15:17:30
9766,48.22,8.9,21,67,False,True,JP,BR,2021-04-03,2021-04-03,2020-06-03T04:13:49,2020-06-03T04:13:49
9767,82.4,21.49,0,6,False,False,US,AU,2023-01-07,2023-01-07,2024-01-09T08:48:54,2024-01-09T08:48:54
9768,60.58,36.84,104,12,True,False,US,,2023-04-16,2023-04-16,2020-09-23T13:59:34,2020-09-23T13:59:34
9769,82.29,42.75,48,59,True,False,DE,,2021-04-23,2021-04-23,2023-02-19T16:12:31,2023-02-19T16:12:31
9770,88.35,82.18,30,,True,True,BR,FR,2021-01-05,2021-01-05,2022-10-22T06:28:04,2022-10-22T06:28:04
9771,98.59,52.97,3,79,True,False,CA,JP,2021-10-09,2021-10-09,2024-10-18T07:17:40,2024-10-18T07:17:40
9772,61.0,12.1,87,6,True,False,UK,UK,2022-11-27,,2024-03-23T01:49:19,2024-03-23T01:49:19
9773,83.76,70.11,95,24,False,False,FR,UK,2022-07-15,2022-07-15,2022-08-22T03:56:43,2022-08-22T03:56:43
9774,12.98,,11,30,False,,FR,DE,2020-05-29,2020-05-29,2021-08-20T06:02:50,2021-08-20T06:02:50
9775,28.35,1.56,25,103,False,True,FR,DE,2020-08-20,2020-08-20,2020-03-15T03:23:22,2020-03-15T03:23:22
9776,90.01,72.58,20,1,False,True,DE,DE,2022-04-07,2022-04-07,2023-12-27T12:39:41,2023-12-27T12:39:41
9777,96.35,38.96,96,6,True,True,CA,AU,2021-01-12,2021-01-12,2021-03-14T10:14:26,2021-03-14T10:14:26
9778,20.27,53.72,117,34,True,True,JP,BR,2021-06-14,2021-06-14,2022-10-29T11:35:00,2022-10-29T11:35:00
9779,85.07,51.74,26,112,False,True,FR,JP,2024-05-02,2024-05-02,2020-03-04T16:11:02,2020-03-04T16:11:02
9780,22.11,5.99,57,33,False,False,CA,UK,2024-12-20,2024-12-20,2024-03-15T05:28:54,2024-03-15T05:28:54
9781,95.22,21.44,52,1,False,False,US,AU,2022-11-21,2022-11-21,2024-05-26T12:07:06,2024-05-26T12:07:06
9782,46.36,20.66,72,,False,True,UK,AU,2023-07-11,2023-07-11,2020-03-24T20:36:41,2020-03-24T20:36:41
9783,54.11,25.13,116,69,False,False,DE,UK,2023-03-12,2023-03-12,2021-04-07T06:29:55,2021-04-07T06:29:55
9784,4.71,79.62,33,31,False,,JP,BR,2024-02-26,2024-02-26,2023-08-31T05:43:41,
9785,88.13,38.74,80,82,False,,US,DE,2022-10-18,2022-10-18,2022-04-24T19:28:36,2022-04-24T19:28:36
9786,32.99,71.38,54,28,True,True,AU,FR,2022-04-25,2022-04-25,2023-07-02T06:45:24,2023-07-02T06:45:24
9787,96.69,82.67,22,50,True,False,US,FR,2020-08-08,,2021-11-07T18:41:53,2021-11-07T18:41:53
9788,39.52,78.59,81,29,True,False,DE,AU,2024-04-28,,2021-07-20T04:33:07,2021-07-20T04:33:07
9789,90.78,72.43,103,48,True,True,BR,US,2022-08-22,2022-08-22,2022-03-19T19:04:51,2022-03-19T19:04:51
9790,33.38,2.41,57,21,True,False,UK,CA,2023-09-02,2023-09-02,2020-04-27T12:43:21,2020-04-27T12:43:21
9791,39.64,31.24,32,56,False,False,UK,BR,2021-04-27,,2022-10-02T12:28:46,2022-10-02T12:28:46
9792,35.07,,106,109,True,True,UK,DE,2020-10-23,2020-10-23,2024-08-09T00:53:28,2024-08-09T00:53:28
9793,71.34,39.06,47,96,False,True,CA,UK,2021-03-23,2021-03-23,2020-02-16T16:05:03,2020-02-16T16:05:03
9794,98.53,37.99,38,6,True,True,FR,JP,2022-11-22,2022-11-22,2024-05-05T01:36:25,2024-05-05T01:36:25
9795,16.26,50.43,72,6,False,True,JP,CA,2024-11-10,2024-11-10,2022-12-17T04:03:54,2022-12-17T04:03:54
9796,36.56,31.73,23,15,False,,JP,US,2024-10-30,2024-10-30,2020-08-22T05:46:47,2020-08-22T05:46:47
9797,26.64,90.41,94,27,False,,JP,BR,2022-10-03,2022-10-03,2020-06-16T20:33:01,2020-06-16T20:33:01
9798,52.44,93.48,55,13,True,True,CA,CA,2022-01-06,2022-01-06,2022-06-21T20:32:48,
9799,69.59,89.62,57,90,False,True,DE,UK,2022-02-22,2022-02-22,2023-04-03T15:05:55,2023-04-03T15:05:55
9800,42.83,71.56,65,40,True,True,AU,DE,2020-11-27,2020-11-27,2023-02-05T13:42:24,
9801,86.22,59.5,111,8,False,True,JP,DE,2023-08-05,2023-08-05,2023-04-16T12:34:04,2023-04-16T12:34:04
9802,10.82,13.24,70,1,True,False,BR,JP,2024-08-01,2024-08-01,2022-10-03T01:14:28,2022-10-03T01:14:28
9803,53.36,79.36,37,101,True,False,FR,CA,2023-05-10,2023-05-10,2024-05-16T21:15:57,2024-05-16T21:15:57
9804,34.03,25.65,14,22,True,True,CA,,2023-08-15,2023-08-15,2023-11-07T10:41:45,
9805,59.39,0.63,26,46,True,True,BR,,2021-09-24,2021-09-24,2023-07-10T01:05:55,2023-07-10T01:05:55
9806,95.12,30.29,80,17,True,True,US,JP,2023-05-05,2023-05-05,2024-02-11T13:38:39,2024-02-11T13:38:39
9807,33.09,41.59,17,110,True,True,AU,AU,2024-12-01,2024-12-01,2022-10-24T00:06:24,2022-10-24T00:06:24
9808,6.71,8.18,108,87,False,,FR,,2021-04-01,2021-04-01,2020-11-03T12:15:49,2020-11-03T12:15:49
9809,26.27,93.44,22,69,False,True,US,AU,2020-08-17,2020-08-17,2023-09-21T08:32:47,2023-09-21T08:32:47
9810,18.76,3.54,63,105,True,False,US,US,2022-08-09,2022-08-09,2022-07-25T10:59:08,2022-07-25T10:59:08
9811,44.27,5.15,18,4,False,True,BR,,2020-03-04,2020-03-04,2020-09-11T04:37:43,2020-09-11T04:37:43
9812,77.01,20.75,45,115,True,True,JP,CA,2021-02-27,2021-02-27,2021-10-16T15:25:42,2021-10-16T15:25:42
9813,41.85,5.52,97,76,False,True,CA,FR,2020-01-26,2020-01-26,2023-03-06T12:15:01,2023-03-06T12:15:01
9814,77.58,59.35,56,54,True,False,UK,JP,2022-01-02,2022-01-02,2022-02-27T19:45:02,
9815,30.92,15.37,78,39,True,,FR,BR,2020-01-22,2020-01-22,2024-10-01T16:32:36,2024-10-01T16:32:36
9816,80.54,67.75,75,37,False,True,AU,,2020-06-26,2020-06-26,2023-10-06T20:25:29,2023-10-06T20:25:29
9817,37.04,18.89,31,32,True,True,UK,US,2023-04-09,2023-04-09,2024-08-04T18:57:10,2024-08-04T18:57:10
9818,52.32,12.83,2,38,True,True,CA,UK,2023-02-01,2023-02-01,2022-08-17T09:39:05,2022-08-17T09:39:05
9819,92.59,34.73,101,118,True,True,FR,,2020-05-11,2020-05-11,2021-11-25T12:32:17,2021-11-25T12:32:17
9820,79.56,46.46,14,67,True,False,BR,AU,2022-08-20,2022-08-20,2023-04-24T22:23:40,2023-04-24T22:23:40
9821,33.05,93.52,3,107,False,False,AU,FR,2022-06-30,2022-06-30,2020-05-05T22:56:32,2020-05-05T22:56:32
9822,6.54,63.97,2,,True,True,CA,AU,2023-09-28,,2020-08-23T11:36:00,2020-08-23T11:36:00
9823,96.35,91.43,55,111,True,False,AU,DE,2023-04-18,2023-04-18,2023-04-10T17:36:23,
9824,70.51,18.66,109,34,True,True,AU,CA,2021-03-13,,2024-09-09T14:30:01,2024-09-09T14:30:01
9825,80.68,95.61,6,88,False,False,FR,FR,2021-08-25,2021-08-25,2024-11-05T09:07:27,2024-11-05T09:07:27
9826,42.88,27.03,14,100,False,False,FR,UK,2023-05-15,2023-05-15,2020-10-14T15:17:19,2020-10-14T15:17:19
9827,23.37,58.71,115,80,True,True,CA,JP,2022-10-14,2022-10-14,2021-08-31T04:00:00,2021-08-31T04:00:00
9828,17.77,33.46,94,38,True,True,BR,JP,2021-06-03,2021-06-03,2020-02-19T23:51:15,2020-02-19T23:51:15
9829,25.86,27.55,111,3,True,True,BR,,2024-01-10,2024-01-10,2021-06-02T21:11:31,2021-06-02T21:11:31
9830,67.31,16.35,21,39,True,True,UK,CA,2021-12-27,,2022-03-18T07:03:39,2022-03-18T07:03:39
9831,25.45,,19,87,True,False,JP,JP,2021-02-15,2021-02-15,2024-12-26T00:08:20,2024-12-26T00:08:20
9832,45.33,84.4,58,89,True,False,UK,CA,2021-08-16,2021-08-16,2022-11-15T00:43:07,2022-11-15T00:43:07
9833,66.63,38.08,113,59,True,,US,JP,2023-10-02,2023-10-02,2022-07-29T11:09:19,
9834,34.86,56.15,59,35,True,True,UK,FR,2023-10-15,2023-10-15,2020-11-01T11:36:39,2020-11-01T11:36:39
9835,60.7,95.66,116,24,True,False,DE,US,2022-04-03,,2020-09-21T03:12:58,
9836,27.15,47.82,82,,False,,BR,BR,2021-09-07,2021-09-07,2022-07-16T02:08:14,2022-07-16T02:08:14
9837,67.64,,114,113,False,,US,US,2024-06-06,2024-06-06,2021-05-23T19:30:49,2021-05-23T19:30:49
9838,13.71,73.92,94,71,True,False,BR,US,2021-01-30,2021-01-30,2021-02-06T02:50:50,2021-02-06T02:50:50
9839,19.25,91.31,77,116,False,False,FR,FR,2022-07-19,2022-07-19,2020-04-24T09:08:04,
9840,65.68,14.55,63,111,True,False,JP,US,2020-11-30,,2023-10-25T18:47:59,2023-10-25T18:47:59
9841,94.37,36.96,7,119,True,False,UK,JP,2020-01-02,2020-01-02,2021-10-20T05:08:58,2021-10-20T05:08:58
9842,75.58,23.85,22,67,False,True,JP,FR,2020-11-21,2020-11-21,2023-03-23T03:50:39,2023-03-23T03:50:39
9843,6.95,39.25,61,29,False,True,JP,FR,2020-06-05,,2022-07-22T10:17:00,2022-07-22T10:17:00
9844,49.34,41.52,93,19,False,True,CA,DE,2022-07-25,2022-07-25,2023-04-21T11:17:59,2023-04-21T11:17:59
9845,37.24,64.72,45,92,True,,DE,CA,2020-02-06,2020-02-06,2021-04-18T17:53:20,2021-04-18T17:53:20
9846,0.83,93.42,88,117,True,True,US,FR,2021-08-01,2021-08-01,2023-01-09T19:05:39,2023-01-09T19:05:39
9847,71.99,70.16,52,51,True,True,UK,CA,2022-07-09,2022-07-09,2020-06-04T19:40:17,2020-06-04T19:40:17
9848,55.76,97.44,114,101,True,False,UK,BR,2021-04-14,2021-04-14,2020-09-11T04:27:50,2020-09-11T04:27:50
9849,1.46,6.82,75,40,True,False,UK,US,2020-12-23,2020-12-23,2022-11-04T02:37:05,2022-11-04T02:37:05
9850,84.16,54.81,84,52,False,True,AU,DE,2020-10-19,2020-10-19,2024-05-20T21:28:24,2024-05-20T21:28:24
9851,41.03,76.77,95,37,False,,JP,FR,2023-10-07,2023-10-07,2020-03-08T14:34:56,2020-03-08T14:34:56
9852,75.64,26.98,104,86,False,,DE,AU,2020-09-24,2020-09-24,2023-01-26T04:37:44,2023-01-26T04:37:44
9853,87.23,69.91,83,1,True,False,JP,,2021-06-18,2021-06-18,2022-08-28T11:14:03,2022-08-28T11:14:03
9854,15.53,74.98,80,16,False,True,AU,JP,2022-02-16,,2021-05-30T08:50:09,
9855,10.28,,54,82,False,False,DE,AU,2021-02-20,,2024-09-09T02:50:23,2024-09-09T02:50:23
9856,71.05,57.46,0,70,False,False,UK,US,2022-11-28,2022-11-28,2020-09-28T02:48:05,2020-09-28T02:48:05
9857,1.17,95.36,17,35,True,,BR,,2024-10-17,2024-10-17,2021-12-19T06:58:40,2021-12-19T06:58:40
9858,63.84,95.76,22,70,True,False,US,UK,2024-08-09,2024-08-09,2021-05-24T21:03:17,2021-05-24T21:03:17
9859,78.59,95.69,50,70,True,True,FR,BR,2022-12-04,2022-12-04,2022-06-17T20:24:19,2022-06-17T20:24:19
9860,23.42,96.5,6,,False,,JP,BR,2020-06-22,,2024-02-12T01:40:08,2024-02-12T01:40:08
9861,95.03,83.92,25,100,True,False,US,CA,2024-11-23,2024-11-23,2020-03-19T06:19:16,2020-03-19T06:19:16
9862,34.45,83.94,90,33,False,True,CA,JP,2024-09-20,2024-09-20,2020-08-29T15:27:21,2020-08-29T15:27:21
9863,72.38,,99,94,True,False,DE,AU,2023-07-09,2023-07-09,2020-03-22T09:28:25,2020-03-22T09:28:25
9864,73.86,92.4,102,48,False,True,CA,,2024-09-28,2024-09-28,2023-06-21T09:52:39,2023-06-21T09:52:39
9865,0.02,33.31,89,95,True,True,UK,JP,2021-02-16,2021-02-16,2022-02-21T01:04:27,2022-02-21T01:04:27
9866,6.27,73.87,53,25,False,False,CA,,2022-03-14,2022-03-14,2023-12-26T02:44:27,
9867,77.72,6.39,60,68,False,False,JP,CA,2024-08-27,2024-08-27,2023-03-29T05:20:21,2023-03-29T05:20:21
9868,11.69,66.84,14,52,False,False,FR,US,2021-05-02,2021-05-02,2023-02-13T05:58:24,2023-02-13T05:58:24
9869,36.82,31.27,81,3,True,False,BR,,2024-05-05,2024-05-05,2021-08-28T03:39:13,2021-08-28T03:39:13
9870,71.78,98.28,52,48,True,False,AU,DE,2022-05-17,2022-05-17,2024-03-27T10:21:20,2024-03-27T10:21:20
9871,42.54,89.33,26,20,True,False,JP,JP,2022-07-12,2022-07-12,2022-10-27T00:08:10,2022-10-27T00:08:10
9872,65.66,10.31,48,28,True,True,FR,AU,2022-06-22,2022-06-22,2021-07-25T05:03:29,2021-07-25T05:03:29
9873,24.02,82.57,25,117,False,False,DE,UK,2023-01-01,2023-01-01,2024-03-15T12:44:27,2024-03-15T12:44:27
9874,65.34,88.95,88,52,False,False,JP,BR,2021-03-11,2021-03-11,2021-08-06T19:48:36,2021-08-06T19:48:36
9875,22.92,2.59,108,97,False,True,JP,BR,2024-07-04,2024-07-04,2023-02-05T09:51:46,2023-02-05T09:51:46
9876,16.52,17.23,91,57,True,,US,JP,2022-11-20,2022-11-20,2020-03-08T23:37:28,2020-03-08T23:37:28
9877,84.48,17.95,114,18,True,True,US,CA,2022-12-17,2022-12-17,2023-10-08T10:44:53,2023-10-08T10:44:53
9878,81.8,11.18,60,25,False,False,CA,AU,2020-07-26,2020-07-26,2024-04-07T06:06:24,
9879,7.14,,113,46,False,True,UK,UK,2022-12-10,2022-12-10,2021-02-07T20:28:24,2021-02-07T20:28:24
9880,28.81,62.26,12,92,True,True,BR,US,2022-03-10,2022-03-10,2020-12-29T06:30:16,2020-12-29T06:30:16
9881,96.36,85.54,116,41,True,True,UK,UK,2024-09-22,2024-09-22,2020-11-08T19:49:08,2020-11-08T19:49:08
9882,73.44,83.26,3,68,False,True,US,DE,2024-03-19,2024-03-19,2024-08-08T04:32:39,2024-08-08T04:32:39
9883,85.27,63.53,72,118,False,False,UK,US,2020-07-18,,2020-07-08T08:52:10,
9884,69.56,39.57,118,,False,False,BR,AU,2023-07-09,2023-07-09,2024-03-29T01:42:28,
9885,13.95,86.74,70,64,False,True,DE,,2024-05-03,2024-05-03,2020-08-26T07:39:37,2020-08-26T07:39:37
9886,57.14,67.92,79,112,False,True,UK,CA,2022-03-04,2022-03-04,2024-03-12T21:48:09,2024-03-12T21:48:09
9887,95.13,83.76,74,30,False,True,UK,UK,2023-04-26,2023-04-26,2020-11-02T02:46:39,2020-11-02T02:46:39
9888,5.22,33.81,117,103,False,False,US,CA,2024-05-29,2024-05-29,2023-12-03T19:16:09,2023-12-03T19:16:09
9889,47.24,37.26,103,23,True,True,AU,FR,2021-12-20,2021-12-20,2022-06-04T12:20:26,2022-06-04T12:20:26
9890,65.4,,33,33,False,False,DE,AU,2021-10-08,,2024-10-26T09:38:04,2024-10-26T09:38:04
9891,18.58,85.78,101,14,True,True,DE,JP,2024-07-27,2024-07-27,2024-01-10T18:56:28,2024-01-10T18:56:28
9892,99.67,19.39,88,27,False,False,US,DE,2021-07-29,2021-07-29,2024-09-12T03:28:35,2024-09-12T03:28:35
9893,61.11,3.07,9,38,False,True,BR,UK,2020-03-12,2020-03-12,2020-03-25T09:58:52,2020-03-25T09:58:52
9894,69.32,45.9,71,45,True,True,US,FR,2023-02-26,2023-02-26,2021-11-09T11:03:41,2021-11-09T11:03:41
9895,89.3,82.77,18,34,True,False,BR,JP,2024-03-29,2024-03-29,2020-06-20T02:46:32,2020-06-20T02:46:32
9896,96.23,6.01,59,,False,False,UK,FR,2023-03-04,2023-03-04,2020-11-30T14:55:22,2020-11-30T14:55:22
9897,55.29,38.39,46,112,True,False,UK,,2020-03-17,,2021-12-19T18:07:33,2021-12-19T18:07:33
9898,18.14,4.54,113,29,True,True,BR,FR,2023-08-24,2023-08-24,2020-03-29T10:42:31,2020-03-29T10:42:31
9899,83.86,76.54,77,21,False,True,CA,US,2020-01-26,2020-01-26,2020-06-13T04:36:46,2020-06-13T04:36:46
9900,63.85,58.4,90,0,True,False,FR,DE,2020-07-17,2020-07-17,2020-04-18T10:49:03,2020-04-18T10:49:03
9901,65.96,21.96,112,,True,False,JP,BR,2023-12-09,2023-12-09,2022-10-02T16:08:11,2022-10-02T16:08:11
9902,21.06,4.64,92,111,True,,BR,US,2022-07-03,2022-07-03,2022-05-24T20:36:57,2022-05-24T20:36:57
9903,32.3,67.4,117,,True,False,FR,,2021-03-12,2021-03-12,2024-12-05T10:36:27,2024-12-05T10:36:27
9904,87.43,63.25,88,21,True,True,CA,UK,2023-09-28,2023-09-28,2023-08-06T14:08:46,2023-08-06T14:08:46
9905,38.54,95.56,117,,True,True,BR,US,2020-06-17,2020-06-17,2022-01-05T22:20:21,2022-01-05T22:20:21
9906,8.59,93.18,10,56,True,False,CA,CA,2020-05-04,2020-05-04,2023-04-10T20:31:09,2023-04-10T20:31:09
9907,55.51,85.11,88,63,True,True,AU,CA,2024-04-18,2024-04-18,2021-12-03T04:27:55,2021-12-03T04:27:55
9908,20.09,14.57,88,69,False,False,US,CA,2022-05-19,2022-05-19,2021-01-10T00:34:05,2021-01-10T00:34:05
9909,57.25,69.44,90,46,False,False,AU,UK,2021-12-04,2021-12-04,2024-01-18T23:17:21,2024-01-18T23:17:21
9910,82.41,12.51,27,3,False,False,DE,FR,2022-01-06,2022-01-06,2020-09-09T21:42:54,
9911,31.6,98.57,91,,True,,DE,BR,2021-06-09,2021-06-09,2024-11-26T10:41:20,2024-11-26T10:41:20
9912,30.38,62.09,117,80,False,True,AU,US,2022-07-09,,2020-01-22T05:03:17,2020-01-22T05:03:17
9913,22.03,46.37,67,,False,False,CA,JP,2024-07-21,2024-07-21,2023-09-30T13:27:22,2023-09-30T13:27:22
9914,2.37,14.72,106,116,False,True,AU,DE,2020-11-19,2020-11-19,2021-07-01T16:38:49,2021-07-01T16:38:49
9915,70.95,49.94,55,42,False,True,FR,,2021-10-13,2021-10-13,2024-04-02T16:20:25,2024-04-02T16:20:25
9916,61.5,49.17,13,89,False,True,BR,US,2022-03-19,2022-03-19,2023-09-04T14:01:57,2023-09-04T14:01:57
9917,23.39,52.79,56,89,False,True,AU,CA,2021-02-06,2021-02-06,2020-11-30T16:53:57,2020-11-30T16:53:57
9918,71.96,34.17,10,,True,True,US,AU,2022-10-25,2022-10-25,2021-12-02T20:41:46,2021-12-02T20:41:46
9919,42.54,19.81,15,53,True,False,UK,,2024-10-28,2024-10-28,2020-10-12T02:06:39,2020-10-12T02:06:39
9920,21.72,26.39,95,0,False,True,DE,CA,2021-10-11,,2023-03-04T10:47:16,2023-03-04T10:47:16
9921,33.81,41.18,50,80,True,True,DE,DE,2022-11-07,2022-11-07,2022-06-30T18:51:17,2022-06-30T18:51:17
9922,66.89,46.69,11,26,True,False,UK,UK,2021-10-17,2021-10-17,2024-04-21T06:10:01,2024-04-21T06:10:01
9923,66.69,96.25,23,8,False,False,BR,AU,2022-10-03,2022-10-03,2021-02-20T17:19:50,2021-02-20T17:19:50
9924,92.71,6.15,29,114,False,True,US,BR,2020-12-12,2020-12-12,2020-03-01T04:27:20,2020-03-01T04:27:20
9925,0.81,38.7,48,85,False,False,BR,FR,2021-12-29,,2020-04-23T09:55:46,
9926,34.37,99.95,62,30,True,False,JP,BR,2023-12-27,2023-12-27,2020-12-29T10:36:28,2020-12-29T10:36:28
9927,33.17,83.16,60,82,True,True,FR,CA,2022-12-07,2022-12-07,2020-04-18T06:09:44,2020-04-18T06:09:44
9928,62.83,20.76,55,7,True,True,BR,FR,2022-09-27,2022-09-27,2022-05-29T23:59:41,
9929,73.47,45.58,96,41,True,False,CA,US,2021-12-20,2021-12-20,2020-03-24T13:22:49,
9930,85.31,,0,91,False,True,BR,CA,2021-07-09,2021-07-09,2024-10-03T14:12:44,2024-10-03T14:12:44
9931,71.5,18.68,49,115,False,False,UK,UK,2024-08-20,2024-08-20,2024-12-02T07:29:56,2024-12-02T07:29:56
9932,16.14,48.68,34,89,True,True,JP,US,2020-06-07,2020-06-07,2020-04-21T10:46:40,2020-04-21T10:46:40
9933,68.65,58.87,90,45,True,False,BR,US,2024-04-01,,2023-02-15T15:16:52,2023-02-15T15:16:52
9934,97.57,8.63,9,80,False,False,BR,CA,2020-09-24,2020-09-24,2021-10-21T00:03:32,2021-10-21T00:03:32
9935,81.32,34.33,25,110,True,True,US,FR,2023-08-10,2023-08-10,2024-05-13T11:55:00,2024-05-13T11:55:00
9936,41.25,78.11,20,71,False,False,BR,US,2022-05-05,2022-05-05,2024-03-24T02:30:27,
9937,93.59,25.88,88,5,False,False,UK,AU,2022-06-19,,2022-11-23T05:57:33,2022-11-23T05:57:33
9938,2.09,,66,79,True,,JP,JP,2023-01-14,2023-01-14,2024-09-17T02:45:48,2024-09-17T02:45:48
9939,61.26,62.97,81,71,False,True,US,US,2023-11-21,2023-11-21,2022-11-16T11:42:03,2022-11-16T11:42:03
9940,83.75,12.1,36,7,False,False,BR,UK,2024-10-04,2024-10-04,2020-10-20T07:13:45,2020-10-20T07:13:45
9941,91.96,64.71,81,5,False,,BR,BR,2020-01-06,2020-01-06,2021-11-05T07:56:34,2021-11-05T07:56:34
9942,94.23,1.88,113,,True,False,US,FR,2023-04-21,2023-04-21,2024-03-03T05:59:11,2024-03-03T05:59:11
9943,87.79,10.5,106,68,False,False,UK,DE,2022-09-17,2022-09-17,2023-04-20T00:50:45,2023-04-20T00:50:45
9944,86.63,28.49,11,,True,True,US,CA,2022-01-22,2022-01-22,2024-03-23T11:28:54,2024-03-23T11:28:54
9945,54.37,66.52,28,20,False,,JP,FR,2021-09-04,2021-09-04,2024-12-05T11:00:53,2024-12-05T11:00:53
9946,40.35,35.43,5,,False,False,US,FR,2022-07-02,2022-07-02,2020-07-13T00:53:47,2020-07-13T00:53:47
9947,66.47,97.66,30,112,False,False,BR,BR,2021-09-15,2021-09-15,2024-12-27T11:29:56,2024-12-27T11:29:56
9948,91.09,81.26,113,78,False,False,US,DE,2024-09-02,2024-09-02,2020-04-21T12:10:36,2020-04-21T12:10:36
9949,59.88,7.93,81,76,False,True,BR,CA,2020-05-11,2020-05-11,2023-05-23T17:54:03,2023-05-23T17:54:03
9950,75.51,31.88,2,99,False,False,US,JP,2022-11-30,2022-11-30,2024-09-26T01:28:02,2024-09-26T01:28:02
9951,14.22,15.95,40,43,True,True,CA,,2021-10-08,2021-10-08,2021-05-19T15:53:00,2021-05-19T15:53:00
9952,16.73,24.71,105,7,False,False,BR,,2024-03-17,2024-03-17,2020-07-22T21:55:27,2020-07-22T21:55:27
9953,93.18,54.75,17,,False,False,UK,FR,2023-11-21,2023-11-21,2022-02-15T15:32:48,2022-02-15T15:32:48
9954,90.53,26.13,24,108,True,False,DE,FR,2022-05-16,,2022-10-16T09:35:30,2022-10-16T09:35:30
9955,51.07,29.64,20,105,True,False,CA,DE,2020-08-31,,2020-06-14T22:16:00,2020-06-14T22:16:00
9956,20.16,,15,112,False,True,US,US,2023-04-13,,2020-08-09T07:39:30,2020-08-09T07:39:30
9957,53.98,68.89,14,81,False,True,BR,UK,2022-11-05,2022-11-05,2024-09-01T14:15:04,2024-09-01T14:15:04
9958,43.58,37.64,96,34,False,True,DE,US,2022-05-26,2022-05-26,2023-01-07T17:22:17,2023-01-07T17:22:17
9959,43.52,60.9,47,109,True,False,CA,DE,2020-12-24,2020-12-24,2021-09-28T05:26:40,2021-09-28T05:26:40
9960,44.2,15.63,65,,False,False,UK,JP,2022-03-22,2022-03-22,2021-10-30T04:01:07,2021-10-30T04:01:07
9961,48.45,35.03,24,81,False,False,UK,US,2023-04-24,,2024-01-16T11:55:33,2024-01-16T11:55:33
9962,23.36,13.16,98,112,True,,CA,FR,2020-09-27,2020-09-27,2023-01-08T06:19:32,2023-01-08T06:19:32
9963,5.53,17.06,50,68,False,True,US,FR,2021-05-03,2021-05-03,2023-04-16T23:16:42,2023-04-16T23:16:42
9964,63.38,46.09,39,67,True,,JP,BR,2022-09-23,2022-09-23,2022-02-03T00:52:26,2022-02-03T00:52:26
9965,41.1,87.9,46,61,True,False,AU,UK,2024-03-12,2024-03-12,2024-10-08T16:30:20,2024-10-08T16:30:20
9966,19.31,19.89,66,70,False,True,AU,,2020-09-01,2020-09-01,2023-09-08T07:59:27,2023-09-08T07:59:27
9967,48.39,42.95,23,105,False,True,AU,BR,2023-06-18,2023-06-18,2022-11-26T03:00:19,2022-11-26T03:00:19
9968,33.0,17.0,109,,True,True,UK,CA,2020-07-12,2020-07-12,2023-05-14T23:26:04,2023-05-14T23:26:04
9969,32.1,,4,75,False,True,JP,FR,2020-09-30,2020-09-30,2020-12-18T06:32:46,2020-12-18T06:32:46
9970,43.4,1.26,37,15,False,True,US,US,2024-06-24,2024-06-24,2024-11-27T01:01:28,2024-11-27T01:01:28
9971,76.77,89.61,47,91,False,,DE,US,2024-05-30,2024-05-30,2020-09-17T15:30:32,2020-09-17T15:30:32
9972,37.23,,93,75,False,False,US,AU,2023-02-28,2023-02-28,2022-12-07T18:16:24,2022-12-07T18:16:24
9973,74.61,71.45,1,10,False,True,CA,DE,2024-10-21,2024-10-21,2024-08-12T20:30:01,2024-08-12T20:30:01
9974,49.34,51.7,73,25,True,True,DE,US,2024-01-16,2024-01-16,2020-11-07T23:37:18,2020-11-07T23:37:18
9975,26.21,21.57,99,101,False,False,CA,JP,2024-07-22,2024-07-22,2020-04-17T06:55:53,2020-04-17T06:55:53
9976,86.35,25.05,42,,True,False,CA,CA,2021-05-24,2021-05-24,2021-11-07T23:10:23,2021-11-07T23:10:23
9977,82.4,8.85,39,7,True,,US,CA,2023-01-23,2023-01-23,2023-08-04T00:52:09,2023-08-04T00:52:09
9978,49.39,99.8,60,87,False,False,BR,JP,2024-03-09,2024-03-09,2022-08-01T16:36:07,2022-08-01T16:36:07
9979,26.97,13.01,68,57,True,True,DE,JP,2024-04-27,2024-04-27,2020-11-12T17:11:45,
9980,47.55,85.14,54,107,True,True,BR,AU,2021-01-10,2021-01-10,2022-11-24T11:51:52,2022-11-24T11:51:52
9981,27.05,78.91,60,76,False,,DE,DE,2021-04-25,2021-04-25,2021-09-28T01:13:46,2021-09-28T01:13:46
9982,6.8,56.01,70,56,True,False,BR,CA,2024-06-19,2024-06-19,2020-09-18T13:02:59,2020-09-18T13:02:59
9983,49.52,31.63,44,76,True,True,BR,AU,2021-11-28,2021-11-28,2024-03-24T01:49:21,2024-03-24T01:49:21
9984,6.77,59.08,85,45,True,False,AU,JP,2023-11-29,2023-11-29,2023-06-29T08:26:24,2023-06-29T08:26:24
9985,43.34,95.55,4,83,True,True,CA,CA,2021-11-11,2021-11-11,2022-08-25T22:08:41,
9986,42.46,4.53,27,93,False,False,JP,CA,2020-03-07,2020-03-07,2020-05-22T21:17:38,
9987,30.35,16.88,64,20,True,False,JP,UK,2022-03-13,2022-03-13,2020-12-30T16:23:21,2020-12-30T16:23:21
9988,37.49,,69,63,True,False,BR,US,2022-10-13,2022-10-13,2023-04-20T20:39:36,2023-04-20T20:39:36
9989,93.98,74.54,2,17,True,False,US,UK,2021-05-02,2021-05-02,2023-03-07T08:26:03,2023-03-07T08:26:03
9990,83.05,4.48,118,82,False,False,UK,UK,2024-10-20,,2021-07-12T23:59:30,2021-07-12T23:59:30
9991,40.77,2.07,16,74,False,False,JP,FR,2021-12-04,2021-12-04,2022-07-20T06:20:15,
9992,51.32,94.6,27,77,False,False,CA,DE,2021-08-15,2021-08-15,2024-05-04T17:29:59,2024-05-04T17:29:59
9993,64.17,65.62,100,28,True,False,JP,FR,2023-12-28,2023-12-28,2022-04-18T02:42:10,2022-04-18T02:42:10
9994,17.35,79.8,57,74,False,False,US,AU,2022-03-14,2022-03-14,2024-01-08T06:24:17,2024-01-08T06:24:17
9995,23.02,,81,109,False,False,US,CA,2020-05-23,2020-05-23,2021-12-14T10:40:35,2021-12-14T10:40:35
9996,39.1,46.74,73,,True,True,US,BR,2020-02-03,2020-02-03,2023-11-22T04:42:25,2023-11-22T04:42:25
9997,33.13,44.32,90,15,True,False,BR,BR,2020-07-18,2020-07-18,2021-11-20T20:57:14,2021-11-20T20:57:14
9998,94.81,55.1,104,10,True,True,UK,UK,2020-12-20,2020-12-20,2021-11-21T12:08:55,2021-11-21T12:08:55
9999,54.32,25.87,12,28,True,True,FR,CA,2023-09-18,2023-09-18,2023-08-30T10:32:24,2023-08-30T10:32:24
10000,29.97,50.98,26,95,True,True,DE,AU,2022-09-05,2022-09-05,2023-02-20T14:34:32,2023-02-20T14:34:32
