user_id,score,score_with_nulls,age,age_with_nulls,is_active,is_active_with_nulls,country,country_with_nulls
1,77.4,77.4,20,20,False,False,JP,JP
2,43.89,43.89,70,70,False,False,FR,FR
3,85.86,85.86,33,33,True,True,UK,UK
4,69.74,69.74,69,69,False,False,JP,JP
5,9.42,9.42,59,59,False,False,JP,JP
6,97.56,97.56,32,32,False,False,US,US
7,76.11,76.11,52,52,True,True,US,US
8,78.61,78.61,20,20,True,True,UK,UK
9,12.81,12.81,69,69,True,True,FR,FR
10,45.04,45.04,40,40,False,False,DE,DE
11,37.08,37.08,45,45,True,True,DE,DE
12,92.68,92.68,29,29,False,False,DE,DE
13,64.39,64.39,44,44,True,True,DE,
14,82.28,82.28,46,46,False,False,FR,FR
15,44.34,44.34,34,34,False,False,US,US
16,22.72,22.72,89,89,True,True,DE,DE
17,55.46,55.46,38,38,True,True,UK,
18,6.38,6.38,31,31,False,False,FR,
19,82.76,82.76,58,58,False,False,US,US
20,63.17,63.17,41,41,False,False,US,US
21,75.81,75.81,51,51,True,True,DE,DE
22,35.45,35.45,70,70,False,False,DE,
23,97.07,97.07,23,23,False,False,DE,DE
24,89.31,89.31,55,55,False,False,JP,JP
25,77.84,77.84,19,19,False,False,FR,FR
26,19.46,19.46,21,21,True,True,UK,UK
27,46.67,46.67,24,24,False,False,FR,FR
28,4.38,4.38,29,29,True,True,DE,DE
29,15.43,15.43,43,43,True,True,UK,UK
30,68.3,68.3,86,86,False,False,US,US
31,74.48,74.48,84,84,True,True,US,US
32,96.75,,25,25,True,True,UK,
33,32.58,32.58,90,90,True,True,JP,JP
34,37.05,37.05,64,64,False,False,DE,DE
35,46.96,46.96,58,58,False,False,DE,DE
36,18.95,18.95,75,75,True,,UK,UK
37,12.99,12.99,53,53,False,False,UK,UK
38,47.57,47.57,37,37,False,False,FR,FR
39,22.69,22.69,56,56,True,True,US,
40,66.98,,70,70,False,False,FR,FR
41,43.72,43.72,67,67,True,True,JP,JP
42,83.27,83.27,30,30,True,True,JP,JP
43,70.03,70.03,86,86,False,False,UK,UK
44,31.24,31.24,38,38,True,True,JP,JP
45,83.23,83.23,77,77,True,True,UK,UK
46,80.48,80.48,40,40,True,True,UK,UK
47,38.75,38.75,22,22,False,False,UK,UK
48,28.83,28.83,90,90,True,True,US,US
49,68.25,68.25,60,60,True,True,UK,UK
50,13.98,13.98,33,33,True,True,JP,JP
51,19.99,19.99,18,18,False,False,FR,FR
52,0.74,0.74,27,27,True,True,UK,UK
53,78.69,78.69,30,30,False,False,UK,UK
54,66.49,,85,85,False,False,UK,UK
55,70.52,,30,30,True,True,US,
56,78.07,78.07,29,29,False,False,US,US
57,45.89,45.89,79,79,False,False,JP,JP
58,56.87,56.87,82,82,True,True,FR,FR
59,13.98,,33,33,False,False,FR,FR
60,11.45,11.45,65,65,True,True,UK,UK
61,66.84,66.84,57,57,False,False,JP,JP
62,47.11,47.11,60,60,True,True,US,US
63,56.52,56.52,40,40,True,True,JP,JP
64,76.5,76.5,72,72,False,False,DE,
65,63.47,63.47,82,82,True,True,UK,UK
66,55.36,55.36,70,70,False,False,FR,FR
67,55.92,55.92,83,83,True,,DE,DE
68,30.4,30.4,26,26,False,False,UK,UK
69,3.08,3.08,65,65,True,True,FR,FR
70,43.67,43.67,90,90,True,True,FR,FR
71,21.46,21.46,57,57,False,False,FR,FR
72,40.85,40.85,86,86,False,False,DE,DE
73,85.34,85.34,43,43,True,True,UK,UK
74,23.39,23.39,83,83,True,True,DE,DE
75,5.83,5.83,86,86,True,,JP,JP
76,28.14,28.14,63,63,False,False,UK,UK
77,29.36,29.36,69,69,True,True,JP,JP
78,66.19,66.19,56,56,False,False,US,US
79,55.7,55.7,41,41,True,True,US,
80,78.39,78.39,57,57,True,True,UK,UK
81,66.43,66.43,88,88,True,True,US,US
82,40.64,,19,19,False,False,JP,JP
83,81.4,81.4,32,32,False,False,UK,UK
84,16.7,16.7,54,54,True,True,US,US
85,2.27,2.27,42,42,False,False,FR,FR
86,9.0,9.0,63,63,False,False,JP,JP
87,72.24,72.24,44,44,False,False,JP,
88,46.19,46.19,66,66,True,True,US,US
89,16.13,16.13,25,25,False,False,FR,FR
90,50.1,50.1,42,42,True,True,UK,
91,15.23,15.23,68,68,False,,JP,JP
92,69.63,,52,52,True,True,FR,FR
93,44.62,44.62,70,70,False,False,FR,FR
94,38.1,38.1,64,64,False,False,JP,JP
95,30.15,30.15,41,41,True,True,JP,JP
96,63.03,63.03,49,49,False,False,US,US
97,36.18,36.18,88,88,False,False,FR,FR
98,8.76,8.76,88,88,True,True,US,US
99,11.8,11.8,20,20,True,True,JP,JP
100,96.19,96.19,69,69,True,True,FR,FR
101,90.86,90.86,53,53,False,False,US,US
102,69.97,69.97,18,18,True,True,UK,UK
103,26.59,26.59,64,64,False,False,JP,JP
104,96.92,96.92,19,19,True,True,FR,FR
105,77.88,77.88,41,41,True,True,UK,UK
106,71.69,71.69,68,68,True,True,JP,JP
107,44.94,44.94,77,77,True,True,FR,FR
108,27.22,27.22,48,48,True,True,US,US
109,9.64,9.64,77,77,False,False,UK,UK
110,90.26,90.26,79,79,True,True,JP,JP
111,45.58,45.58,50,50,True,True,UK,UK
112,20.24,20.24,30,30,True,True,US,US
113,30.6,30.6,66,66,False,False,FR,FR
114,57.92,57.92,19,19,True,True,JP,JP
115,17.68,17.68,83,83,False,False,DE,DE
116,85.66,85.66,46,46,True,True,JP,JP
117,75.85,75.85,73,73,True,True,US,US
118,71.95,71.95,71,71,True,,FR,FR
119,43.21,43.21,52,52,True,True,FR,FR
120,62.73,62.73,88,88,False,False,JP,JP
121,58.41,58.41,76,76,False,False,DE,DE
122,64.98,64.98,82,82,False,False,JP,JP
123,8.44,8.44,24,24,True,True,US,US
124,41.58,41.58,53,53,True,True,US,US
125,4.16,4.16,87,87,True,True,FR,FR
126,49.4,49.4,77,77,True,True,US,US
127,32.99,32.99,51,51,True,True,JP,JP
128,14.45,14.45,23,23,False,False,US,US
129,10.34,10.34,38,38,True,True,FR,FR
130,58.76,58.76,59,59,True,True,DE,DE
131,17.06,17.06,64,64,False,False,FR,FR
132,92.51,92.51,85,85,True,True,FR,FR
133,58.11,58.11,24,24,True,True,DE,DE
134,34.69,34.69,46,46,True,True,DE,DE
135,59.09,59.09,37,37,True,True,DE,DE
136,2.28,2.28,88,88,True,True,FR,FR
137,95.86,95.86,30,30,False,False,FR,FR
138,48.23,48.23,34,34,False,False,DE,DE
139,78.27,78.27,39,39,True,True,UK,UK
140,8.27,8.27,25,25,False,False,US,
141,48.67,48.67,64,64,True,True,FR,FR
142,49.07,49.07,56,56,False,False,UK,
143,93.78,93.78,58,58,True,True,DE,DE
144,57.17,57.17,84,84,True,True,JP,JP
145,47.35,47.35,49,49,True,True,FR,FR
146,26.7,26.7,40,40,False,False,UK,UK
147,33.16,33.16,45,,True,True,DE,DE
148,52.07,52.07,76,76,True,True,UK,UK
149,43.89,43.89,56,56,False,False,FR,FR
150,2.16,2.16,30,30,True,True,US,US
151,82.63,82.63,68,68,False,False,JP,JP
152,89.62,89.62,72,,True,True,JP,JP
153,14.02,14.02,36,36,False,False,UK,UK
154,55.4,55.4,58,58,True,True,UK,UK
155,10.86,10.86,59,59,True,True,DE,DE
156,67.22,67.22,30,30,True,True,FR,FR
157,28.12,28.12,18,18,True,True,FR,FR
158,65.94,65.94,70,,True,True,US,US
159,72.7,,62,62,True,True,FR,FR
160,76.86,76.86,70,70,False,False,US,US
161,10.77,10.77,45,45,True,True,UK,UK
162,91.6,91.6,55,55,False,False,FR,FR
163,23.02,23.02,89,89,True,True,JP,
164,3.74,3.74,34,34,True,True,FR,FR
165,55.49,55.49,65,65,True,True,US,US
166,37.09,37.09,27,27,False,False,FR,FR
167,82.98,82.98,22,22,False,False,US,
168,80.83,80.83,87,87,True,,UK,UK
169,31.71,31.71,27,,True,True,US,US
170,95.29,95.29,65,65,False,False,JP,JP
171,29.09,29.09,55,55,False,False,UK,
172,51.51,51.51,77,77,True,True,DE,DE
173,25.6,25.6,57,57,True,True,FR,FR
174,93.6,93.6,68,68,False,False,JP,JP
175,16.46,,83,83,False,False,JP,JP
176,4.49,4.49,78,78,True,True,US,US
177,43.51,43.51,70,70,False,False,UK,UK
178,99.24,,29,29,False,False,DE,DE
179,89.17,89.17,30,30,False,False,FR,FR
180,74.86,74.86,54,54,True,True,UK,UK
181,89.08,89.08,66,66,False,False,UK,UK
182,89.34,89.34,66,66,False,False,FR,FR
183,51.89,,75,75,False,False,DE,DE
184,31.59,31.59,25,25,True,True,FR,FR
185,77.2,77.2,30,30,True,True,UK,UK
186,66.17,66.17,28,28,False,False,DE,DE
187,37.37,37.37,57,57,True,True,US,US
188,9.45,9.45,64,64,True,True,US,US
189,74.68,74.68,26,26,True,True,US,US
190,26.25,26.25,81,81,True,True,US,US
191,93.68,93.68,40,40,False,False,UK,
192,24.1,,66,66,True,True,US,US
193,12.28,12.28,72,72,True,True,US,US
194,83.11,83.11,20,20,True,,JP,JP
195,15.33,15.33,81,81,True,,JP,JP
196,17.93,17.93,88,88,True,True,UK,UK
197,59.94,59.94,87,87,True,True,JP,JP
198,87.46,87.46,28,28,True,True,US,US
199,19.64,19.64,46,46,False,False,US,US
200,31.03,31.03,34,34,False,False,UK,UK
201,77.74,77.74,50,50,False,False,UK,
202,97.18,97.18,89,89,True,True,US,US
203,50.07,50.07,73,73,False,False,JP,JP
204,14.39,14.39,74,74,False,False,JP,JP
205,1.39,1.39,48,,False,False,UK,UK
206,22.97,22.97,86,86,True,True,UK,UK
207,13.18,13.18,85,85,True,True,FR,FR
208,67.77,67.77,76,,False,False,JP,JP
209,12.18,12.18,77,77,True,True,UK,UK
210,50.63,50.63,65,65,False,False,FR,
211,69.43,69.43,24,24,False,False,US,US
212,58.11,58.11,38,38,True,True,DE,DE
213,19.98,19.98,74,74,False,False,JP,JP
214,80.41,80.41,41,41,False,False,DE,DE
215,71.54,71.54,30,30,True,True,FR,FR
216,73.9,,87,,False,False,FR,FR
217,13.11,13.11,53,53,True,True,FR,FR
218,12.38,12.38,80,80,False,False,FR,FR
219,92.76,92.76,38,38,True,True,JP,JP
220,39.76,39.76,44,,True,True,US,US
221,30.09,30.09,43,43,True,,JP,JP
222,48.86,48.86,45,45,False,False,JP,JP
223,66.29,66.29,49,49,True,True,JP,JP
224,95.56,95.56,39,39,False,False,UK,UK
225,28.64,28.64,77,,True,True,DE,DE
226,92.48,92.48,41,41,True,True,UK,UK
227,2.49,2.49,50,50,True,True,JP,
228,55.52,55.52,80,80,True,True,DE,DE
229,63.4,63.4,49,49,True,True,UK,UK
230,10.59,,18,18,False,False,FR,FR
231,14.03,14.03,18,18,True,True,US,US
232,41.91,41.91,49,49,True,True,UK,UK
233,96.62,96.62,65,65,False,False,UK,
234,59.6,59.6,86,,False,False,UK,UK
235,93.3,93.3,27,27,True,True,DE,DE
236,80.44,80.44,57,,True,True,US,US
237,46.74,46.74,39,39,True,True,JP,JP
238,78.48,78.48,50,50,False,False,DE,DE
239,1.78,1.78,50,50,False,False,UK,UK
240,10.91,10.91,40,40,False,False,US,US
241,82.94,82.94,19,19,False,False,JP,JP
242,79.68,79.68,23,23,False,False,JP,
243,23.26,23.26,56,56,False,False,DE,DE
244,53.08,53.08,34,34,True,True,UK,UK
245,60.6,60.6,41,41,False,False,DE,DE
246,86.77,86.77,24,24,False,False,JP,JP
247,60.31,60.31,21,21,False,False,UK,UK
248,41.26,41.26,27,27,True,True,FR,FR
249,37.42,37.42,45,45,True,True,JP,JP
250,42.59,42.59,29,29,False,False,FR,FR
251,65.19,65.19,34,34,True,True,JP,JP
252,86.75,86.75,40,40,True,True,JP,JP
253,45.39,45.39,39,39,False,False,US,US
254,24.78,24.78,18,18,True,True,UK,UK
255,23.67,23.67,26,26,True,True,US,US
256,74.6,74.6,87,87,False,False,DE,DE
257,81.66,,66,66,True,True,DE,DE
258,10.53,,27,27,False,False,US,US
259,6.66,6.66,38,38,False,,DE,DE
260,59.44,59.44,45,,False,False,US,US
261,14.62,14.62,84,84,False,False,DE,DE
262,82.47,82.47,82,82,True,True,UK,UK
263,31.03,31.03,74,74,True,True,JP,JP
264,14.39,14.39,25,25,False,False,FR,FR
265,92.1,92.1,53,53,False,False,FR,FR
266,16.55,16.55,53,53,True,True,JP,JP
267,28.47,28.47,64,64,True,True,US,US
268,15.36,15.36,79,79,True,True,UK,UK
269,11.55,11.55,41,41,True,True,FR,FR
270,2.11,2.11,58,58,True,True,FR,FR
271,5.54,5.54,37,,False,False,US,US
272,17.46,17.46,33,33,True,True,UK,UK
273,5.34,5.34,40,40,True,True,UK,UK
274,59.11,59.11,71,71,False,False,US,US
275,68.07,68.07,49,49,True,True,FR,FR
276,39.36,39.36,67,67,False,False,US,US
277,31.8,31.8,68,68,False,False,JP,JP
278,50.45,50.45,44,44,True,True,DE,DE
279,87.5,87.5,87,87,False,False,FR,FR
280,85.11,85.11,21,21,False,False,DE,DE
281,4.35,4.35,83,83,True,True,JP,JP
282,18.15,18.15,18,18,True,True,UK,UK
283,23.67,23.67,45,45,True,True,DE,DE
284,24.94,24.94,78,78,True,True,US,US
285,57.12,57.12,67,67,True,True,JP,JP
286,41.63,41.63,41,41,False,False,DE,DE
287,4.93,4.93,82,82,False,False,US,US
288,37.36,37.36,28,28,False,False,JP,JP
289,52.38,,66,66,False,False,JP,JP
290,10.17,10.17,55,55,False,False,US,US
291,83.35,83.35,33,33,False,False,JP,JP
292,5.2,5.2,85,85,False,False,FR,FR
293,92.48,92.48,73,73,False,False,UK,UK
294,9.91,9.91,18,18,True,True,FR,FR
295,84.36,84.36,24,24,False,False,FR,FR
296,90.27,90.27,22,22,True,True,DE,DE
297,97.96,97.96,48,48,False,False,FR,FR
298,80.2,,48,48,False,False,US,US
299,77.95,77.95,70,70,False,False,JP,JP
300,64.25,64.25,67,67,True,True,JP,JP
301,77.9,77.9,19,19,True,True,UK,UK
302,13.46,13.46,52,52,False,False,DE,DE
303,53.61,53.61,75,75,False,False,UK,UK
304,51.42,,83,83,True,True,UK,UK
305,85.76,85.76,39,,False,False,UK,
306,46.28,46.28,21,21,True,True,JP,JP
307,38.51,38.51,29,29,True,True,FR,FR
308,63.96,63.96,42,42,False,False,JP,JP
309,26.65,26.65,50,50,True,True,FR,FR
310,13.98,13.98,43,43,True,True,FR,FR
311,47.79,47.79,24,24,True,True,US,US
312,41.69,41.69,42,42,True,True,JP,JP
313,23.26,23.26,39,39,False,False,FR,FR
314,36.75,,53,53,False,False,US,US
315,36.64,36.64,23,23,True,True,US,US
316,32.75,32.75,75,75,False,False,FR,FR
317,37.95,37.95,48,48,False,False,UK,UK
318,68.57,68.57,41,41,True,True,UK,UK
319,29.69,29.69,84,84,False,False,UK,UK
320,94.89,94.89,72,72,False,False,JP,JP
321,91.63,91.63,27,27,True,True,UK,UK
322,48.09,48.09,28,28,False,False,UK,UK
323,32.84,32.84,18,18,True,True,UK,UK
324,53.54,53.54,58,58,False,False,US,US
325,84.86,84.86,43,43,False,False,US,US
326,65.26,65.26,45,45,True,True,DE,DE
327,80.44,80.44,55,55,False,False,US,US
328,53.27,53.27,57,57,False,False,FR,FR
329,63.29,63.29,18,18,False,False,DE,DE
330,28.82,28.82,25,25,True,True,DE,DE
331,73.49,73.49,75,75,False,False,UK,UK
332,20.24,20.24,87,87,False,False,FR,FR
333,69.48,69.48,79,79,False,False,DE,DE
334,86.07,86.07,84,84,False,False,US,US
335,13.21,13.21,51,51,False,False,DE,DE
336,61.44,61.44,78,78,True,True,US,US
337,9.51,9.51,82,82,False,False,DE,DE
338,72.57,72.57,83,83,False,False,DE,DE
339,8.45,8.45,28,28,False,False,DE,DE
340,93.59,93.59,28,28,True,,UK,UK
341,13.74,13.74,47,47,False,False,DE,DE
342,95.89,95.89,54,54,False,False,FR,FR
343,80.09,,87,87,True,True,JP,JP
344,59.37,59.37,41,41,True,True,JP,JP
345,78.26,78.26,78,78,True,True,US,US
346,79.51,79.51,82,82,False,False,FR,FR
347,94.6,94.6,88,88,False,False,US,US
348,25.34,25.34,31,31,True,True,DE,DE
349,59.01,59.01,35,35,True,True,FR,FR
350,9.5,9.5,34,34,False,,DE,DE
351,61.62,61.62,71,71,True,True,JP,JP
352,17.13,17.13,68,68,True,True,JP,JP
353,56.5,56.5,47,47,True,True,JP,
354,57.24,57.24,24,24,False,False,FR,FR
355,46.6,46.6,56,56,True,True,FR,FR
356,52.26,52.26,71,71,False,False,JP,JP
357,76.39,76.39,52,52,False,False,UK,UK
358,79.92,79.92,37,37,True,True,UK,UK
359,49.22,49.22,61,61,False,False,UK,UK
360,59.96,59.96,66,66,False,False,FR,FR
361,93.12,93.12,61,61,False,False,UK,UK
362,11.97,11.97,81,81,False,False,US,US
363,11.71,11.71,40,40,False,False,FR,FR
364,8.77,8.77,62,62,True,True,FR,FR
365,65.79,65.79,80,80,True,True,DE,DE
366,41.86,41.86,33,33,True,,JP,JP
367,77.43,77.43,38,38,True,True,FR,FR
368,67.12,67.12,21,21,True,True,JP,JP
369,33.36,33.36,45,45,False,,UK,UK
370,89.84,89.84,21,21,True,True,US,US
371,76.25,76.25,72,72,True,True,UK,UK
372,27.05,,24,24,False,False,JP,
373,36.42,36.42,68,68,False,False,JP,JP
374,31.44,31.44,60,60,False,False,US,US
375,15.76,15.76,90,,True,True,JP,JP
376,14.78,14.78,43,43,True,True,DE,DE
377,93.61,93.61,43,43,True,True,JP,JP
378,43.79,43.79,35,35,False,False,FR,FR
379,38.33,38.33,57,57,True,True,US,
380,72.97,72.97,34,,False,False,DE,DE
381,55.3,55.3,26,26,False,False,US,US
382,93.61,93.61,87,87,False,False,UK,UK
383,78.03,78.03,67,67,False,False,FR,FR
384,47.94,47.94,26,26,False,False,FR,FR
385,37.64,37.64,63,63,True,True,FR,FR
386,98.66,98.66,40,40,False,False,FR,FR
387,71.78,71.78,31,31,True,True,US,US
388,95.12,95.12,52,52,False,,DE,
389,11.85,11.85,75,75,True,True,DE,DE
390,85.05,85.05,18,18,True,True,DE,DE
391,63.71,63.71,43,43,True,True,UK,UK
392,12.19,12.19,85,85,True,True,FR,FR
393,58.83,58.83,46,46,True,True,FR,FR
394,68.61,68.61,25,25,True,True,DE,DE
395,1.23,1.23,49,49,False,False,US,US
396,45.43,45.43,67,67,False,False,US,US
397,82.54,82.54,90,90,False,False,UK,UK
398,29.54,29.54,63,63,False,False,DE,DE
399,45.85,45.85,21,21,False,False,JP,
400,44.23,44.23,77,77,True,True,FR,FR
401,30.19,30.19,74,74,False,False,DE,DE
402,91.84,91.84,65,65,False,False,UK,UK
403,78.13,78.13,83,83,True,True,US,US
404,11.06,11.06,74,74,False,False,US,US
405,99.7,99.7,34,34,True,True,US,US
406,87.92,87.92,48,48,True,True,JP,JP
407,28.39,28.39,55,55,True,True,US,US
408,83.69,83.69,53,53,True,True,JP,JP
409,10.64,10.64,64,64,False,False,DE,DE
410,99.91,99.91,69,69,False,False,FR,FR
411,66.57,66.57,25,25,True,,JP,JP
412,65.01,65.01,59,,True,True,FR,FR
413,9.04,9.04,20,20,False,False,US,US
414,89.7,89.7,55,55,True,True,JP,JP
415,2.9,2.9,48,,False,False,US,US
416,24.08,24.08,33,33,True,True,DE,DE
417,14.3,14.3,90,,True,True,FR,FR
418,77.68,77.68,36,36,False,False,UK,UK
419,19.82,19.82,22,22,True,True,FR,FR
420,91.06,91.06,44,44,True,True,FR,FR
421,65.63,65.63,73,73,False,False,JP,JP
422,3.62,3.62,18,18,True,True,JP,JP
423,0.54,0.54,53,53,False,False,UK,UK
424,5.17,5.17,48,,False,False,FR,FR
425,60.59,60.59,81,81,True,,JP,JP
426,80.15,80.15,18,18,True,True,US,US
427,23.86,23.86,19,19,False,False,FR,FR
428,84.94,84.94,59,59,True,True,JP,JP
429,5.72,,31,31,False,,US,US
430,80.1,80.1,69,69,False,False,FR,FR
431,92.78,92.78,38,38,False,False,US,US
432,77.21,77.21,59,59,False,False,DE,DE
433,69.81,69.81,20,20,True,True,JP,JP
434,83.8,83.8,68,68,False,False,JP,JP
435,4.02,4.02,55,55,False,False,FR,FR
436,20.18,20.18,18,18,True,True,FR,FR
437,12.49,12.49,37,37,True,True,UK,UK
438,50.45,50.45,22,22,False,,JP,JP
439,74.52,74.52,21,21,True,True,FR,FR
440,63.0,63.0,68,68,True,True,JP,JP
441,85.11,,49,49,True,True,FR,FR
442,15.52,15.52,76,76,False,False,US,US
443,73.46,73.46,36,36,False,False,DE,
444,19.3,19.3,70,70,True,True,FR,FR
445,27.08,27.08,62,62,True,True,FR,FR
446,70.99,70.99,66,,True,True,UK,UK
447,98.02,98.02,78,78,True,True,US,US
448,61.15,61.15,69,69,True,True,JP,JP
449,5.45,5.45,72,72,False,False,JP,JP
450,61.63,61.63,71,71,True,True,JP,JP
451,4.24,4.24,50,50,False,False,FR,FR
452,88.41,,70,70,False,False,JP,JP
453,70.96,70.96,79,79,True,True,DE,DE
454,17.31,17.31,71,71,False,False,FR,FR
455,9.17,,62,62,True,True,DE,DE
456,18.35,18.35,23,23,True,True,FR,FR
457,98.0,98.0,49,49,True,True,US,US
458,45.86,45.86,22,22,False,False,UK,UK
459,78.41,78.41,25,25,False,False,UK,UK
460,63.64,63.64,44,44,True,True,DE,DE
461,57.24,57.24,51,51,False,False,JP,JP
462,14.51,14.51,56,56,True,True,US,US
463,94.6,94.6,83,83,True,True,FR,FR
464,30.13,30.13,73,73,True,True,JP,JP
465,57.8,,48,48,False,False,FR,
466,69.98,69.98,42,42,False,False,FR,FR
467,64.92,64.92,70,70,False,False,US,US
468,94.06,94.06,38,38,True,True,FR,FR
469,14.84,14.84,82,82,True,True,UK,UK
470,50.84,50.84,75,75,False,False,UK,UK
471,40.4,40.4,67,67,False,False,JP,JP
472,47.42,47.42,36,36,True,True,FR,FR
473,11.92,11.92,63,63,True,True,JP,JP
474,13.41,13.41,77,77,True,True,DE,DE
475,27.81,27.81,23,23,False,False,UK,UK
476,30.47,30.47,30,30,True,True,JP,JP
477,42.79,42.79,55,,False,False,FR,
478,61.1,61.1,44,44,True,True,JP,JP
479,63.46,63.46,69,69,False,False,US,US
480,41.18,41.18,47,47,False,False,DE,DE
481,40.88,40.88,90,90,True,True,JP,JP
482,21.76,,39,39,True,True,JP,JP
483,58.83,58.83,44,44,True,True,FR,FR
484,31.7,,18,18,True,True,US,US
485,3.61,,36,36,False,False,DE,DE
486,41.84,41.84,35,35,False,False,US,US
487,47.41,47.41,73,73,False,False,JP,JP
488,22.56,,42,42,True,True,FR,FR
489,57.25,57.25,32,32,False,False,US,US
490,56.58,56.58,40,40,True,True,FR,FR
491,70.2,70.2,59,59,False,False,FR,FR
492,64.79,64.79,75,75,True,True,US,US
493,65.24,65.24,89,89,False,False,US,US
494,31.62,31.62,21,21,True,True,UK,UK
495,78.74,,79,79,True,True,US,
496,54.91,,46,46,False,False,DE,DE
497,43.14,43.14,77,77,False,False,JP,
498,62.6,62.6,20,20,True,True,US,US
499,36.07,36.07,63,63,True,True,FR,FR
500,51.27,51.27,85,85,False,False,DE,DE
501,73.67,73.67,20,20,False,False,JP,JP
502,88.64,88.64,75,75,True,True,DE,DE
503,92.11,92.11,26,26,True,True,FR,FR
504,50.36,50.36,89,89,False,False,JP,JP
505,52.03,52.03,72,72,True,True,US,US
506,79.99,79.99,84,84,True,True,UK,UK
507,31.45,31.45,83,83,True,True,UK,UK
508,83.74,83.74,41,41,False,,US,US
509,49.41,49.41,48,48,True,True,FR,FR
510,11.59,11.59,68,68,False,False,US,US
511,7.21,7.21,30,30,False,False,UK,UK
512,84.2,84.2,40,,False,,US,US
513,5.56,5.56,25,25,False,False,FR,FR
514,28.06,28.06,82,82,True,True,FR,FR
515,33.41,33.41,36,36,False,False,DE,DE
516,17.3,17.3,47,47,False,False,DE,DE
517,31.39,31.39,51,51,False,False,DE,DE
518,74.27,74.27,45,,False,False,US,US
519,1.47,1.47,74,74,True,True,UK,UK
520,82.72,82.72,84,,False,False,JP,JP
521,85.65,85.65,59,59,False,False,US,US
522,37.23,37.23,79,79,False,False,FR,FR
523,15.36,15.36,26,26,False,False,US,US
524,60.08,60.08,88,88,True,True,US,US
525,11.97,,26,26,False,,UK,UK
526,36.49,36.49,22,22,False,,UK,UK
527,95.84,95.84,19,19,True,True,UK,UK
528,99.55,99.55,35,35,False,False,JP,JP
529,77.21,77.21,79,79,False,False,JP,JP
530,31.1,31.1,39,39,False,False,FR,FR
531,68.77,68.77,75,75,False,False,US,US
532,70.54,70.54,48,48,False,False,JP,JP
533,38.78,,25,25,False,False,JP,JP
534,64.09,64.09,52,52,False,False,US,US
535,1.07,1.07,34,34,False,False,UK,UK
536,20.91,20.91,39,39,False,False,FR,FR
537,52.51,52.51,55,55,True,True,US,US
538,16.38,16.38,75,75,False,False,US,US
539,16.59,16.59,60,60,False,False,FR,FR
540,83.63,83.63,34,34,False,False,UK,UK
541,98.91,98.91,70,70,True,True,DE,DE
542,55.6,55.6,68,68,False,False,FR,FR
543,83.91,83.91,35,35,False,,DE,DE
544,99.03,99.03,80,80,True,True,FR,FR
545,14.16,14.16,79,79,False,False,US,US
546,44.82,44.82,62,62,False,False,US,US
547,39.26,39.26,39,39,False,False,UK,UK
548,8.0,8.0,43,43,True,True,UK,UK
549,75.53,75.53,50,50,True,True,UK,UK
550,43.38,43.38,31,31,True,True,FR,FR
551,46.93,,40,40,True,True,US,US
552,15.07,15.07,27,27,True,True,US,US
553,18.09,18.09,29,29,False,False,UK,UK
554,90.71,90.71,72,72,False,False,UK,UK
555,4.46,4.46,27,27,False,False,US,
556,23.29,23.29,52,52,True,,US,US
557,29.21,29.21,49,49,True,,DE,DE
558,49.02,49.02,21,21,True,True,US,US
559,58.64,58.64,78,78,True,True,US,US
560,49.33,49.33,89,89,True,True,JP,JP
561,8.41,8.41,64,64,True,True,US,US
562,24.37,24.37,67,67,True,True,US,US
563,84.36,84.36,34,34,True,True,US,US
564,63.76,63.76,79,79,False,False,DE,DE
565,64.91,64.91,75,75,True,True,FR,FR
566,67.02,67.02,49,49,True,True,FR,FR
567,76.29,,69,69,False,False,FR,FR
568,5.81,5.81,87,87,True,True,US,US
569,36.66,36.66,62,62,False,False,UK,UK
570,53.95,53.95,32,32,False,False,FR,FR
571,33.85,33.85,42,42,True,True,FR,FR
572,84.45,84.45,31,31,False,False,UK,UK
573,48.26,48.26,42,42,False,False,JP,JP
574,76.86,76.86,82,82,True,True,JP,JP
575,85.2,85.2,31,31,False,False,FR,FR
576,50.48,50.48,83,83,False,False,FR,FR
577,90.96,90.96,38,38,True,True,JP,JP
578,58.71,58.71,54,54,True,True,FR,FR
579,85.03,85.03,56,56,False,False,DE,DE
580,34.06,34.06,27,27,False,,UK,UK
581,49.88,49.88,31,31,True,True,UK,UK
582,53.14,53.14,40,40,True,True,JP,JP
583,10.5,10.5,22,22,True,True,UK,UK
584,39.86,39.86,73,73,False,False,FR,FR
585,91.73,91.73,57,57,True,True,DE,DE
586,63.08,63.08,79,79,True,True,UK,UK
587,17.75,,81,,False,,DE,DE
588,33.89,33.89,43,43,True,True,US,US
589,19.16,19.16,77,77,False,False,FR,FR
590,2.48,2.48,22,22,True,True,US,US
591,92.75,92.75,49,49,True,True,US,US
592,44.82,44.82,66,66,False,False,UK,UK
593,30.75,30.75,52,52,True,True,DE,DE
594,59.85,59.85,71,71,False,False,UK,UK
595,0.73,0.73,80,80,True,True,JP,JP
596,27.8,27.8,48,,False,False,JP,JP
597,70.3,70.3,38,38,True,,UK,UK
598,63.38,63.38,60,60,False,False,JP,JP
599,98.18,98.18,81,81,False,False,US,US
600,62.04,62.04,90,90,True,True,US,US
601,47.75,47.75,77,77,False,False,UK,UK
602,76.14,,35,35,False,False,JP,JP
603,90.33,90.33,32,32,True,True,DE,DE
604,72.07,72.07,59,59,False,False,FR,FR
605,96.32,96.32,47,47,True,True,FR,FR
606,78.2,78.2,62,62,True,True,DE,DE
607,86.68,86.68,85,85,True,True,JP,JP
608,11.41,11.41,58,58,False,False,JP,JP
609,73.24,73.24,43,,False,False,DE,DE
610,44.01,44.01,81,81,False,False,FR,FR
611,55.31,55.31,50,50,True,True,FR,FR
612,65.41,65.41,62,62,True,True,DE,DE
613,96.98,96.98,27,27,True,True,US,US
614,98.46,98.46,55,55,False,False,UK,UK
615,28.82,28.82,49,49,False,False,JP,JP
616,73.38,73.38,26,26,True,True,UK,UK
617,75.0,75.0,33,33,True,True,FR,FR
618,34.65,34.65,69,69,True,True,JP,
619,12.39,12.39,31,31,False,False,FR,FR
620,4.09,4.09,27,27,False,False,UK,UK
621,77.73,,22,22,False,False,JP,JP
622,48.97,48.97,19,19,True,True,US,US
623,98.55,98.55,49,49,True,True,FR,FR
624,46.5,46.5,53,53,True,True,UK,UK
625,97.79,97.79,63,63,True,True,FR,FR
626,41.16,,59,59,False,False,DE,
627,79.37,79.37,57,57,False,False,DE,DE
628,8.48,8.48,90,90,True,True,UK,UK
629,55.55,,36,36,False,False,DE,DE
630,80.21,80.21,69,69,False,False,JP,JP
631,92.47,92.47,23,23,True,True,JP,JP
632,82.26,82.26,79,79,True,True,DE,
633,3.7,3.7,44,44,False,False,JP,JP
634,37.27,37.27,43,43,True,True,JP,JP
635,4.87,4.87,27,27,False,False,FR,FR
636,10.93,10.93,55,55,False,False,DE,DE
637,67.53,67.53,47,47,True,True,US,US
638,71.33,71.33,89,89,False,False,DE,DE
639,77.37,,30,30,False,False,UK,UK
640,86.55,86.55,48,,False,False,US,US
641,73.94,73.94,83,83,True,True,JP,JP
642,80.09,80.09,76,76,True,True,UK,UK
643,4.9,4.9,73,73,False,False,FR,FR
644,23.45,23.45,56,56,True,True,JP,JP
645,62.19,62.19,81,81,False,False,DE,
646,85.81,85.81,34,34,False,False,FR,FR
647,0.45,0.45,77,77,False,False,FR,FR
648,51.46,51.46,60,60,False,False,DE,DE
649,67.73,67.73,43,43,True,True,JP,JP
650,2.96,2.96,33,33,True,True,JP,JP
651,40.14,40.14,56,56,True,True,UK,UK
652,89.56,89.56,18,,False,,JP,JP
653,67.16,67.16,70,70,True,True,US,US
654,23.77,23.77,35,35,False,False,US,US
655,85.28,85.28,46,46,True,True,DE,DE
656,34.8,34.8,32,32,False,False,FR,FR
657,85.33,,51,51,False,False,DE,DE
658,29.89,29.89,45,45,True,True,FR,FR
659,59.03,59.03,31,31,True,True,UK,UK
660,39.69,39.69,82,82,False,False,JP,JP
661,27.48,27.48,73,73,False,,JP,JP
662,88.66,88.66,46,46,True,True,US,US
663,18.76,18.76,22,22,False,False,DE,DE
664,8.48,8.48,79,79,True,True,UK,UK
665,34.19,34.19,68,68,False,False,FR,FR
666,71.76,71.76,58,58,False,False,DE,DE
667,80.74,80.74,62,62,False,False,UK,UK
668,99.87,99.87,18,18,True,True,UK,UK
669,29.64,29.64,52,52,False,False,UK,UK
670,40.79,40.79,31,,False,False,US,US
671,13.68,13.68,65,65,True,True,US,
672,57.49,57.49,85,85,False,False,FR,FR
673,99.76,99.76,56,56,False,False,JP,JP
674,70.09,70.09,62,62,True,True,DE,DE
675,59.52,59.52,66,66,True,True,JP,JP
676,39.24,39.24,85,85,False,False,US,US
677,91.53,91.53,20,20,False,False,JP,JP
678,49.69,49.69,40,40,True,True,DE,DE
679,13.44,13.44,37,37,True,True,FR,FR
680,36.54,36.54,70,70,True,True,US,US
681,6.72,6.72,50,50,False,False,FR,FR
682,20.2,,74,74,False,False,UK,UK
683,1.77,1.77,52,52,False,False,JP,JP
684,45.33,45.33,89,89,True,True,FR,FR
685,63.45,63.45,73,73,True,True,JP,JP
686,34.33,34.33,19,19,True,True,JP,JP
687,42.04,42.04,90,90,True,True,FR,FR
688,95.92,95.92,87,87,False,False,UK,UK
689,75.2,75.2,21,21,True,True,UK,UK
690,54.09,54.09,46,46,True,True,JP,JP
691,28.45,28.45,88,88,True,True,FR,FR
692,89.7,89.7,79,79,True,True,JP,JP
693,23.51,23.51,52,52,False,False,FR,FR
694,32.53,32.53,57,57,False,False,FR,FR
695,90.91,90.91,20,20,False,False,US,US
696,52.95,52.95,59,59,False,False,JP,JP
697,74.23,74.23,66,66,False,False,UK,UK
698,59.07,59.07,44,44,False,False,UK,UK
699,65.34,65.34,40,40,True,True,US,US
700,29.94,29.94,78,78,False,False,US,US
701,24.14,24.14,50,50,False,False,UK,UK
702,32.25,32.25,37,37,False,False,JP,JP
703,15.54,15.54,45,45,True,True,JP,JP
704,87.43,87.43,53,,True,True,DE,DE
705,28.32,28.32,36,36,True,True,UK,UK
706,56.15,56.15,58,,True,True,UK,UK
707,79.2,,80,80,False,False,JP,JP
708,78.38,,72,72,True,True,US,US
709,43.84,43.84,34,,False,False,US,US
710,47.63,47.63,52,52,False,False,US,US
711,99.47,99.47,57,57,True,True,JP,JP
712,67.46,67.46,67,,False,False,US,US
713,81.46,81.46,73,73,True,True,JP,JP
714,90.26,90.26,53,53,False,False,US,US
715,78.76,78.76,40,40,True,True,DE,DE
716,18.52,18.52,66,66,False,False,JP,JP
717,56.22,56.22,27,27,True,True,US,US
718,10.19,10.19,67,67,True,True,UK,UK
719,65.29,,83,83,True,True,FR,FR
720,95.53,95.53,69,69,False,False,JP,JP
721,51.27,51.27,49,,True,True,JP,JP
722,43.3,43.3,78,78,True,True,US,US
723,3.58,3.58,56,56,True,True,FR,FR
724,95.98,95.98,57,57,False,False,UK,UK
725,10.3,10.3,80,80,True,True,DE,DE
726,4.11,4.11,32,32,True,True,JP,JP
727,24.61,24.61,74,74,False,False,JP,JP
728,6.55,6.55,67,67,True,True,US,US
729,45.51,45.51,56,56,False,False,DE,DE
730,51.61,51.61,23,23,True,True,UK,UK
731,31.26,31.26,73,,False,,FR,FR
732,5.1,5.1,33,33,True,True,JP,JP
733,11.16,11.16,83,83,True,True,UK,UK
734,38.45,38.45,75,75,True,True,US,US
735,6.05,6.05,44,44,True,True,US,US
736,69.82,69.82,49,49,True,True,US,US
737,20.7,20.7,19,19,True,True,UK,UK
738,30.21,30.21,54,54,False,False,JP,JP
739,39.41,39.41,22,22,True,True,UK,UK
740,41.66,,90,90,False,False,DE,DE
741,0.17,0.17,64,64,False,False,FR,FR
742,11.21,11.21,35,35,True,True,FR,FR
743,86.28,86.28,76,76,False,False,UK,UK
744,0.12,0.12,19,19,False,False,US,US
745,50.82,50.82,58,58,True,True,US,US
746,48.95,48.95,26,26,True,True,UK,UK
747,33.31,33.31,21,21,True,True,US,US
748,43.13,43.13,35,35,False,False,DE,DE
749,78.06,78.06,39,39,True,True,FR,FR
750,84.12,84.12,70,70,True,,FR,
751,26.03,,83,83,False,False,JP,JP
752,32.25,32.25,74,74,False,False,UK,UK
753,24.25,24.25,72,72,True,True,FR,FR
754,47.99,47.99,59,59,True,True,JP,JP
755,68.33,68.33,45,45,True,True,US,US
756,22.83,22.83,36,36,False,False,FR,FR
757,33.07,33.07,87,87,False,False,US,US
758,93.04,93.04,56,56,False,False,DE,DE
759,4.86,,59,59,True,True,JP,JP
760,46.08,46.08,19,19,True,True,DE,DE
761,71.16,71.16,51,51,True,True,DE,DE
762,15.05,,67,67,False,,FR,FR
763,4.74,4.74,54,54,False,False,DE,DE
764,13.82,13.82,62,62,False,False,FR,FR
765,91.88,91.88,77,77,False,False,JP,JP
766,0.93,0.93,19,19,True,True,US,US
767,18.83,18.83,84,84,False,False,DE,DE
768,3.13,3.13,77,77,True,True,JP,JP
769,11.06,11.06,48,48,True,True,UK,UK
770,62.01,62.01,73,73,False,False,DE,DE
771,24.16,24.16,22,22,True,True,FR,FR
772,56.92,56.92,40,40,True,,JP,JP
773,59.02,59.02,25,25,False,,UK,UK
774,84.94,84.94,64,64,False,False,JP,
775,0.47,0.47,80,80,False,False,FR,FR
776,85.34,85.34,61,61,False,False,US,US
777,61.91,61.91,69,69,True,True,JP,JP
778,16.27,16.27,28,28,True,True,UK,
779,77.29,77.29,86,86,False,False,UK,UK
780,85.55,85.55,32,32,False,False,DE,DE
781,25.43,25.43,56,56,True,True,DE,DE
782,91.88,,67,67,False,False,DE,DE
783,45.45,45.45,80,80,False,False,US,US
784,60.34,60.34,86,86,False,False,JP,JP
785,98.46,98.46,61,61,False,False,UK,UK
786,36.15,36.15,60,60,True,True,US,
787,81.32,81.32,48,48,True,True,DE,DE
788,31.84,,59,59,True,True,FR,FR
789,79.92,79.92,67,67,False,False,US,US
790,60.07,60.07,65,65,False,False,JP,
791,21.64,21.64,61,61,False,False,FR,FR
792,41.4,41.4,50,50,True,True,JP,
793,31.76,31.76,32,32,False,False,FR,FR
794,7.81,7.81,21,21,True,True,US,US
795,2.98,2.98,48,48,False,False,UK,UK
796,34.65,34.65,46,46,False,False,JP,JP
797,1.9,1.9,62,62,True,True,DE,DE
798,16.55,16.55,83,83,True,True,US,US
799,72.52,72.52,69,69,True,True,US,
800,70.81,70.81,76,76,False,False,DE,DE
801,73.86,73.86,60,60,True,True,DE,
802,31.72,31.72,85,85,False,False,UK,
803,89.0,89.0,86,86,False,False,US,US
804,59.38,59.38,29,29,False,False,FR,
805,12.6,12.6,64,64,False,False,DE,DE
806,14.37,14.37,54,54,False,False,US,US
807,69.31,69.31,88,88,True,True,US,US
808,17.29,17.29,60,60,True,True,UK,
809,50.73,50.73,19,19,False,False,DE,DE
810,99.18,99.18,33,,True,True,UK,UK
811,0.4,,27,27,True,True,US,US
812,1.66,,32,32,True,True,JP,JP
813,99.31,99.31,24,24,True,True,FR,FR
814,58.46,58.46,75,75,False,False,DE,DE
815,12.69,12.69,54,54,True,True,UK,UK
816,89.73,89.73,67,67,False,False,FR,FR
817,88.04,88.04,90,90,False,False,JP,JP
818,53.62,53.62,65,65,False,False,FR,FR
819,62.18,62.18,52,52,False,False,UK,UK
820,27.32,27.32,37,37,False,False,UK,UK
821,5.05,5.05,73,73,False,False,JP,JP
822,59.46,59.46,54,54,True,True,US,US
823,29.48,29.48,73,73,True,True,UK,UK
824,66.36,66.36,19,19,True,True,US,US
825,83.62,83.62,29,29,False,False,FR,FR
826,1.82,1.82,27,27,True,True,DE,DE
827,59.57,59.57,67,67,False,False,US,US
828,23.13,23.13,55,55,True,True,JP,JP
829,87.39,87.39,41,41,False,False,DE,DE
830,25.37,25.37,40,40,False,False,UK,UK
831,61.08,61.08,62,62,False,False,JP,JP
832,55.35,55.35,88,88,False,False,FR,FR
833,39.62,39.62,90,90,True,True,US,US
834,67.76,67.76,52,52,False,False,JP,
835,72.58,72.58,66,66,True,True,US,US
836,56.69,56.69,24,24,True,True,JP,JP
837,75.84,75.84,87,87,False,False,UK,UK
838,98.34,98.34,19,19,False,,UK,UK
839,41.93,41.93,42,42,False,False,US,US
840,51.46,51.46,70,,False,False,JP,JP
841,1.25,1.25,88,88,True,True,DE,
842,79.6,79.6,30,30,True,True,FR,FR
843,52.02,52.02,66,66,False,False,JP,JP
844,40.8,40.8,31,31,False,False,DE,DE
845,9.41,9.41,21,21,True,True,UK,UK
846,88.97,88.97,48,48,True,True,FR,FR
847,39.5,39.5,60,60,False,False,DE,
848,68.26,68.26,37,37,False,False,UK,UK
849,14.94,14.94,89,89,False,False,JP,JP
850,96.15,96.15,63,63,True,True,JP,JP
851,17.84,17.84,49,49,True,True,UK,UK
852,19.95,19.95,53,53,False,False,FR,FR
853,85.9,85.9,51,51,False,False,JP,JP
854,91.26,91.26,26,26,True,True,FR,FR
855,21.21,21.21,62,62,False,False,US,US
856,46.98,,75,75,True,True,JP,JP
857,73.35,73.35,48,48,False,False,US,US
858,87.84,,49,49,False,False,FR,FR
859,37.91,37.91,84,,False,False,DE,DE
860,51.7,51.7,62,62,True,True,US,US
861,74.17,74.17,39,39,False,False,FR,FR
862,73.11,73.11,18,18,True,True,UK,UK
863,78.3,78.3,78,78,True,True,JP,JP
864,56.99,56.99,63,63,True,True,JP,JP
865,10.46,10.46,63,63,True,True,DE,DE
866,90.4,90.4,38,38,True,True,FR,FR
867,86.56,86.56,31,31,True,True,US,US
868,79.81,79.81,54,54,True,True,JP,JP
869,9.99,9.99,73,73,True,True,FR,FR
870,20.44,20.44,39,39,False,False,UK,UK
871,74.36,74.36,56,56,False,False,US,US
872,2.31,2.31,90,90,False,False,DE,DE
873,97.92,97.92,34,34,False,False,JP,JP
874,37.71,37.71,34,34,False,False,JP,JP
875,71.93,71.93,35,35,False,False,US,US
876,88.76,88.76,84,84,True,True,FR,
877,39.46,39.46,56,,False,False,US,US
878,31.91,31.91,85,85,True,True,UK,UK
879,60.87,60.87,87,87,True,True,DE,DE
880,58.1,58.1,48,48,True,True,US,US
881,40.91,40.91,22,22,True,True,US,US
882,60.18,60.18,40,40,False,False,JP,JP
883,93.54,,57,57,True,True,FR,FR
884,46.76,46.76,45,45,True,True,FR,FR
885,19.67,19.67,18,18,False,False,DE,DE
886,37.72,37.72,90,90,True,True,DE,DE
887,39.41,39.41,40,40,False,False,US,US
888,13.11,13.11,63,63,False,False,DE,DE
889,16.29,16.29,87,87,False,False,FR,FR
890,68.46,68.46,57,57,True,True,UK,UK
891,33.95,33.95,68,68,True,True,DE,DE
892,95.49,95.49,20,20,False,,DE,DE
893,24.36,24.36,68,68,False,False,JP,JP
894,9.89,9.89,79,79,True,True,US,US
895,75.35,75.35,85,85,True,True,US,US
896,88.1,88.1,24,24,False,False,UK,UK
897,27.81,27.81,34,34,False,False,US,US
898,20.21,20.21,21,21,True,True,JP,JP
899,18.58,18.58,85,85,False,False,UK,UK
900,52.2,52.2,38,38,False,False,UK,UK
901,46.84,46.84,56,56,False,False,UK,UK
902,25.94,25.94,52,52,False,False,JP,JP
903,4.52,4.52,68,68,True,True,FR,FR
904,48.15,48.15,83,83,True,True,DE,DE
905,95.93,95.93,41,41,False,False,FR,
906,65.25,65.25,75,75,True,True,US,US
907,49.55,49.55,39,39,False,False,FR,FR
908,11.07,11.07,32,32,False,False,UK,UK
909,25.24,25.24,25,25,True,True,UK,UK
910,29.48,29.48,45,45,False,False,US,US
911,76.48,76.48,58,58,True,True,US,US
912,87.67,87.67,74,74,True,True,FR,FR
913,90.16,90.16,79,79,True,True,JP,JP
914,98.46,98.46,56,56,True,True,JP,JP
915,98.24,98.24,47,47,False,False,UK,UK
916,95.3,95.3,30,30,False,False,FR,FR
917,7.18,7.18,84,84,True,True,US,US
918,13.78,13.78,46,46,False,False,FR,FR
919,30.45,30.45,73,,True,True,DE,DE
920,55.29,55.29,63,63,False,False,JP,JP
921,9.7,9.7,85,85,False,False,US,US
922,84.58,84.58,89,89,True,True,FR,FR
923,61.68,61.68,69,69,False,False,DE,DE
924,54.24,54.24,66,66,True,True,DE,DE
925,16.53,16.53,28,28,True,True,DE,DE
926,25.33,,19,19,True,True,FR,FR
927,16.03,16.03,57,,False,False,DE,
928,85.19,85.19,69,69,False,False,DE,DE
929,58.42,58.42,72,72,False,False,DE,DE
930,73.51,73.51,36,36,True,True,US,US
931,29.6,29.6,54,54,False,False,FR,FR
932,37.13,37.13,80,80,False,False,FR,
933,40.49,40.49,24,24,True,True,DE,
934,76.0,76.0,46,46,True,True,FR,FR
935,77.24,77.24,86,86,False,False,UK,UK
936,20.68,20.68,32,32,False,False,UK,UK
937,94.15,94.15,41,41,False,False,JP,JP
938,12.07,12.07,52,52,False,False,JP,JP
939,89.61,89.61,68,68,False,False,JP,JP
940,10.04,10.04,36,36,False,False,US,US
941,26.45,26.45,75,75,True,True,DE,DE
942,84.65,84.65,35,35,False,False,FR,FR
943,17.95,17.95,44,44,True,True,US,US
944,41.36,41.36,59,59,False,False,JP,JP
945,44.99,44.99,18,18,True,True,FR,FR
946,24.53,24.53,74,74,True,True,UK,UK
947,71.02,71.02,66,,True,True,DE,DE
948,85.13,85.13,78,78,True,True,JP,JP
949,87.46,87.46,38,38,False,False,JP,JP
950,33.93,33.93,47,47,True,True,JP,JP
951,53.09,53.09,83,83,False,False,JP,JP
952,24.84,24.84,22,22,True,True,FR,FR
953,24.48,24.48,53,53,False,False,JP,JP
954,16.13,16.13,53,53,False,False,JP,JP
955,94.0,94.0,50,50,True,True,US,US
956,88.8,88.8,49,49,True,True,FR,FR
957,77.74,77.74,72,72,False,False,UK,UK
958,51.77,51.77,32,32,False,False,DE,DE
959,49.06,49.06,83,83,True,True,US,US
960,52.97,52.97,83,83,False,False,FR,FR
961,53.66,53.66,31,31,False,False,JP,JP
962,43.46,43.46,89,89,False,False,DE,DE
963,13.18,13.18,37,,False,False,FR,FR
964,12.57,12.57,21,21,False,False,UK,UK
965,95.22,95.22,47,,False,False,FR,
966,48.2,48.2,76,76,True,True,US,US
967,95.32,95.32,79,79,True,True,JP,JP
968,16.36,16.36,65,65,False,False,UK,UK
969,55.44,55.44,77,77,False,False,DE,DE
970,20.77,20.77,37,37,False,False,JP,JP
971,25.32,25.32,82,82,True,True,US,US
972,3.01,3.01,64,64,True,True,JP,JP
973,11.9,11.9,27,27,False,False,FR,FR
974,91.68,91.68,27,27,False,False,JP,JP
975,32.15,32.15,37,37,False,False,DE,DE
976,60.81,60.81,23,23,True,True,UK,
977,46.5,46.5,38,38,False,False,DE,DE
978,40.05,40.05,90,90,False,False,DE,DE
979,53.19,53.19,35,35,False,False,JP,JP
980,18.72,18.72,64,64,True,True,DE,DE
981,98.86,98.86,89,89,False,False,DE,DE
982,81.83,81.83,36,36,True,True,US,US
983,74.16,74.16,68,68,True,True,UK,UK
984,46.88,46.88,50,50,False,False,DE,DE
985,15.29,15.29,38,38,False,False,UK,UK
986,92.07,92.07,87,87,True,True,UK,UK
987,34.14,34.14,65,65,True,True,US,US
988,5.01,5.01,50,50,False,False,JP,JP
989,34.24,34.24,77,77,False,False,JP,JP
990,79.45,79.45,83,83,False,False,UK,UK
991,62.27,62.27,75,,True,True,US,US
992,75.08,75.08,81,81,True,True,JP,JP
993,79.36,79.36,41,41,False,False,JP,JP
994,21.2,21.2,43,43,True,True,JP,JP
995,92.38,92.38,34,34,False,False,DE,DE
996,43.8,,68,68,False,False,FR,FR
997,63.9,63.9,76,76,False,False,FR,FR
998,0.23,0.23,66,66,False,False,UK,UK
999,99.34,99.34,61,61,True,True,DE,DE
1000,28.09,28.09,74,74,False,,UK,UK
1001,6.21,6.21,31,31,True,True,FR,FR
1002,45.83,45.83,44,44,True,True,JP,JP
1003,12.9,12.9,69,69,False,False,US,US
1004,15.23,15.23,21,21,True,True,US,US
1005,63.23,63.23,84,84,False,False,UK,UK
1006,39.29,39.29,30,30,False,False,US,US
1007,92.19,92.19,75,75,False,False,US,US
1008,31.92,31.92,63,63,True,True,JP,JP
1009,72.62,72.62,79,79,True,True,DE,DE
1010,46.11,46.11,74,74,False,False,FR,FR
1011,66.0,66.0,55,55,True,True,DE,DE
1012,59.97,59.97,73,73,True,True,FR,FR
1013,47.28,47.28,43,43,False,False,FR,FR
1014,95.01,95.01,60,60,True,True,US,US
1015,34.27,34.27,84,84,True,True,US,US
1016,17.72,17.72,24,24,True,True,DE,DE
1017,67.81,67.81,43,43,False,False,UK,UK
1018,84.6,84.6,19,19,False,False,JP,JP
1019,4.03,4.03,57,57,True,True,UK,UK
1020,44.96,44.96,75,75,False,False,UK,
1021,89.25,89.25,20,20,True,True,DE,DE
1022,74.96,74.96,58,58,False,,US,US
1023,99.18,,48,48,True,True,JP,JP
1024,53.14,53.14,75,75,True,True,US,US
1025,66.0,66.0,34,34,True,True,JP,JP
1026,30.25,30.25,29,29,True,True,FR,FR
1027,94.75,94.75,24,24,True,True,JP,JP
1028,36.63,36.63,47,47,False,False,UK,UK
1029,73.85,73.85,53,53,True,True,JP,JP
1030,40.31,,85,85,False,False,JP,JP
1031,56.18,56.18,52,52,False,False,DE,DE
1032,71.98,71.98,30,30,False,False,UK,UK
1033,50.89,50.89,69,69,False,False,US,US
1034,90.71,90.71,22,22,True,True,US,US
1035,41.93,41.93,43,43,False,False,DE,DE
1036,64.71,,65,65,True,True,JP,JP
1037,34.24,34.24,36,36,False,False,DE,DE
1038,40.82,40.82,61,61,False,False,JP,JP
1039,44.01,44.01,51,51,True,True,FR,
1040,12.58,12.58,87,87,True,True,FR,FR
1041,9.17,9.17,38,38,True,True,FR,FR
1042,66.75,66.75,84,84,False,False,JP,JP
1043,65.55,65.55,63,63,True,True,JP,JP
1044,66.29,66.29,72,72,True,True,US,US
1045,1.98,1.98,30,30,True,True,DE,DE
1046,32.65,32.65,19,19,False,False,DE,DE
1047,19.78,19.78,71,71,False,False,JP,JP
1048,77.82,77.82,53,53,False,False,UK,UK
1049,86.06,86.06,40,40,False,,JP,JP
1050,24.67,24.67,83,83,True,True,DE,DE
1051,66.78,66.78,41,41,True,True,JP,JP
1052,12.94,12.94,49,49,True,True,FR,FR
1053,27.52,27.52,70,70,False,False,UK,UK
1054,13.87,13.87,88,88,False,False,JP,JP
1055,28.35,28.35,83,83,False,False,US,US
1056,67.47,,65,65,True,,US,US
1057,91.03,91.03,26,26,False,False,DE,DE
1058,20.25,20.25,25,25,True,True,UK,UK
1059,54.21,54.21,68,68,False,False,US,US
1060,70.14,70.14,55,55,False,False,JP,JP
1061,95.29,95.29,27,27,False,False,US,US
1062,61.01,61.01,68,68,True,True,DE,DE
1063,25.51,25.51,86,86,False,False,UK,UK
1064,62.55,62.55,22,22,True,True,UK,UK
1065,32.05,32.05,78,78,False,False,UK,UK
1066,97.61,97.61,43,43,False,False,UK,UK
1067,39.97,39.97,47,47,True,,FR,
1068,68.54,68.54,70,,True,True,UK,UK
1069,2.32,2.32,36,36,True,True,FR,FR
1070,40.01,40.01,29,29,True,True,DE,DE
1071,87.51,87.51,88,88,False,False,FR,FR
1072,61.02,61.02,43,43,False,False,DE,DE
1073,44.39,,30,30,True,True,UK,UK
1074,93.59,93.59,68,68,True,True,DE,DE
1075,85.4,85.4,33,33,True,True,FR,
1076,32.22,32.22,74,74,False,False,DE,DE
1077,54.45,54.45,23,23,False,False,JP,
1078,48.98,48.98,55,55,True,True,DE,DE
1079,63.22,63.22,47,47,True,True,UK,UK
1080,33.41,33.41,87,87,True,,US,US
1081,24.42,24.42,56,56,True,True,UK,UK
1082,91.27,91.27,85,85,False,False,US,US
1083,92.39,92.39,36,36,False,False,US,US
1084,84.33,84.33,52,52,True,True,UK,UK
1085,97.82,97.82,77,77,True,True,UK,UK
1086,74.5,74.5,29,29,False,False,JP,JP
1087,76.47,76.47,85,85,False,False,FR,FR
1088,76.26,76.26,74,74,True,True,FR,FR
1089,48.06,48.06,67,67,True,True,DE,DE
1090,45.65,45.65,35,35,True,True,US,US
1091,24.02,24.02,77,77,True,True,JP,
1092,64.48,64.48,79,,False,False,DE,DE
1093,28.93,28.93,39,39,False,,DE,DE
1094,25.78,25.78,60,60,True,True,FR,FR
1095,58.6,58.6,22,22,True,True,US,US
1096,41.0,41.0,46,46,False,,DE,DE
1097,21.89,21.89,28,28,True,True,FR,FR
1098,81.61,81.61,58,58,True,True,FR,FR
1099,86.06,86.06,58,58,True,True,DE,DE
1100,16.77,16.77,56,56,True,True,JP,JP
1101,0.75,,67,67,True,True,JP,JP
1102,33.61,33.61,85,85,True,True,US,US
1103,79.75,79.75,32,32,True,True,US,US
1104,83.92,83.92,33,33,False,,DE,DE
1105,13.83,13.83,33,33,False,False,JP,JP
1106,77.43,77.43,85,85,True,True,DE,DE
1107,11.57,11.57,24,24,True,True,UK,
1108,39.01,39.01,20,20,True,True,DE,DE
1109,99.86,99.86,29,29,True,True,JP,JP
1110,19.26,19.26,74,74,True,True,US,US
1111,15.4,15.4,60,60,False,False,DE,
1112,42.28,42.28,85,85,True,True,FR,FR
1113,61.97,61.97,32,32,True,True,UK,UK
1114,93.29,93.29,46,46,True,True,US,US
1115,98.08,98.08,58,58,False,False,FR,FR
1116,6.96,6.96,23,23,False,False,FR,FR
1117,13.8,13.8,85,85,False,,FR,FR
1118,79.07,79.07,76,,False,False,FR,FR
1119,27.06,27.06,28,28,True,True,FR,FR
1120,88.48,88.48,79,79,True,True,UK,UK
1121,66.35,66.35,50,50,True,True,US,US
1122,11.18,11.18,42,42,False,False,JP,JP
1123,83.25,83.25,87,87,False,False,UK,UK
1124,17.64,17.64,55,55,True,True,JP,JP
1125,42.35,42.35,34,34,False,,DE,DE
1126,55.22,55.22,77,77,True,True,DE,DE
1127,50.08,50.08,70,,False,False,US,US
1128,68.62,68.62,32,32,True,True,JP,JP
1129,65.27,,67,67,True,True,DE,DE
1130,99.2,99.2,63,63,True,True,JP,JP
1131,99.94,99.94,38,38,True,True,FR,FR
1132,51.65,51.65,49,49,True,True,US,US
1133,9.52,9.52,79,79,True,True,JP,JP
1134,72.78,72.78,30,30,True,True,DE,DE
1135,97.67,97.67,70,70,True,True,US,US
1136,31.83,31.83,78,78,True,True,DE,DE
1137,46.12,46.12,86,86,True,True,FR,FR
1138,42.48,42.48,41,41,False,False,FR,FR
1139,5.14,5.14,37,37,False,False,UK,UK
1140,67.23,67.23,86,86,False,False,JP,JP
1141,35.33,35.33,51,51,True,True,UK,UK
1142,78.75,,59,59,False,False,DE,DE
1143,83.21,83.21,55,55,True,True,JP,JP
1144,82.12,82.12,55,55,True,True,US,
1145,41.67,,63,63,True,True,DE,DE
1146,32.15,32.15,48,48,False,False,DE,DE
1147,74.88,74.88,46,46,True,True,FR,FR
1148,80.14,80.14,47,47,True,True,FR,FR
1149,49.13,49.13,65,65,True,True,FR,FR
1150,89.3,89.3,77,77,True,True,UK,UK
1151,14.39,14.39,58,58,False,False,DE,DE
1152,87.91,87.91,67,67,False,False,US,
1153,9.61,9.61,48,48,True,True,JP,JP
1154,15.35,15.35,74,74,True,True,UK,UK
1155,53.38,53.38,46,46,False,False,DE,DE
1156,6.75,6.75,48,48,False,False,FR,FR
1157,5.28,5.28,22,22,False,False,FR,FR
1158,0.05,0.05,37,37,True,True,US,US
1159,43.63,,71,71,False,False,FR,FR
1160,77.46,77.46,24,24,False,False,UK,UK
1161,3.48,3.48,34,34,True,True,DE,DE
1162,65.23,65.23,74,74,False,False,US,US
1163,82.31,82.31,81,81,False,False,FR,FR
1164,16.8,16.8,48,48,False,False,DE,DE
1165,14.69,14.69,47,47,False,False,US,US
1166,86.08,86.08,55,55,True,True,US,US
1167,82.31,82.31,74,74,False,False,FR,
1168,53.89,53.89,52,52,False,False,US,US
1169,81.92,81.92,30,,False,False,DE,DE
1170,9.28,9.28,49,,True,True,FR,FR
1171,39.45,39.45,36,36,False,False,JP,JP
1172,73.78,73.78,67,67,True,True,US,
1173,25.75,25.75,28,28,True,True,UK,UK
1174,75.23,75.23,62,62,False,False,US,US
1175,50.42,50.42,27,27,True,True,JP,JP
1176,75.03,75.03,88,88,False,,DE,DE
1177,46.47,46.47,64,64,True,True,JP,JP
1178,36.79,36.79,28,28,False,False,US,US
1179,21.92,21.92,87,,True,True,FR,FR
1180,20.84,20.84,59,59,True,True,US,US
1181,75.15,75.15,62,62,False,False,US,US
1182,11.89,11.89,22,22,True,True,DE,DE
1183,8.6,8.6,31,31,True,True,UK,UK
1184,17.63,17.63,76,76,False,False,UK,UK
1185,17.53,17.53,52,52,True,True,US,US
1186,82.31,82.31,62,62,True,True,DE,DE
1187,39.85,39.85,90,90,False,False,UK,UK
1188,99.04,99.04,49,49,False,False,JP,JP
1189,13.72,13.72,45,45,True,True,FR,FR
1190,65.35,65.35,76,76,True,,DE,DE
1191,44.87,44.87,22,22,True,True,FR,FR
1192,39.29,39.29,51,51,False,False,DE,
1193,87.51,87.51,80,80,True,True,DE,DE
1194,97.56,97.56,34,34,False,False,JP,JP
1195,87.29,87.29,40,40,True,True,DE,
1196,19.23,19.23,52,52,False,False,DE,DE
1197,22.08,22.08,23,23,False,False,DE,DE
1198,65.61,65.61,23,23,True,True,FR,FR
1199,28.91,28.91,36,36,True,True,FR,FR
1200,73.47,73.47,83,83,True,True,DE,DE
1201,56.64,56.64,34,34,False,False,US,US
1202,55.09,55.09,71,71,False,False,FR,FR
1203,82.85,82.85,49,49,True,True,DE,DE
1204,71.05,71.05,73,73,False,False,JP,JP
1205,2.66,2.66,42,42,True,,JP,JP
1206,4.95,4.95,81,81,True,True,US,
1207,60.16,60.16,45,45,True,True,JP,JP
1208,48.62,48.62,75,75,False,False,JP,JP
1209,26.02,26.02,78,78,True,True,JP,JP
1210,41.87,41.87,49,49,True,True,DE,DE
1211,75.79,75.79,66,66,True,True,UK,UK
1212,82.66,82.66,26,26,False,False,FR,FR
1213,56.12,56.12,54,54,True,,JP,JP
1214,38.54,38.54,45,45,False,False,DE,DE
1215,27.07,27.07,87,87,True,True,JP,JP
1216,52.19,52.19,86,86,True,True,UK,UK
1217,31.47,31.47,75,75,True,True,JP,JP
1218,56.41,56.41,87,87,False,False,US,US
1219,67.67,67.67,89,89,False,False,JP,JP
1220,6.61,6.61,74,74,True,True,JP,
1221,0.11,0.11,61,61,True,True,FR,FR
1222,21.23,21.23,32,32,False,False,FR,FR
1223,89.45,89.45,77,77,True,True,DE,DE
1224,64.63,64.63,32,32,False,False,JP,JP
1225,17.2,17.2,31,31,False,False,US,US
1226,89.03,89.03,82,82,True,True,UK,UK
1227,47.0,47.0,26,26,True,True,US,US
1228,47.61,47.61,28,28,False,False,UK,UK
1229,93.55,93.55,55,55,True,True,DE,DE
1230,5.95,5.95,60,60,True,True,UK,UK
1231,21.52,21.52,21,21,False,False,DE,DE
1232,58.58,,45,45,True,True,UK,UK
1233,19.55,19.55,34,34,True,True,UK,UK
1234,67.95,67.95,40,40,True,True,DE,DE
1235,21.41,21.41,31,31,True,True,UK,UK
1236,9.92,9.92,67,67,False,False,JP,JP
1237,20.7,20.7,52,52,False,False,JP,JP
1238,42.27,42.27,88,88,False,False,JP,JP
1239,17.61,17.61,18,18,True,True,US,US
1240,13.47,13.47,74,74,False,False,DE,DE
1241,86.03,86.03,84,84,False,False,FR,FR
1242,32.04,32.04,53,53,True,True,UK,UK
1243,36.08,36.08,69,69,False,False,UK,UK
1244,5.53,5.53,50,50,False,False,FR,FR
1245,35.74,35.74,61,61,False,False,US,US
1246,26.48,26.48,84,84,False,False,FR,FR
1247,61.05,61.05,56,56,True,True,DE,DE
1248,20.54,20.54,60,60,True,True,FR,FR
1249,88.84,88.84,90,90,False,False,FR,FR
1250,92.97,92.97,54,54,False,False,DE,DE
1251,9.98,9.98,30,30,True,True,DE,DE
1252,10.74,10.74,67,67,True,True,US,US
1253,11.53,11.53,68,68,True,True,JP,JP
1254,61.96,61.96,35,,False,False,US,US
1255,12.2,12.2,71,71,True,True,JP,JP
1256,85.24,85.24,22,22,True,True,JP,
1257,75.43,75.43,41,41,True,True,FR,FR
1258,81.98,,80,80,True,True,FR,FR
1259,52.61,52.61,63,63,False,False,US,US
1260,99.67,99.67,62,62,False,False,JP,JP
1261,4.42,4.42,63,63,True,True,DE,DE
1262,40.13,40.13,30,30,True,True,UK,UK
1263,32.39,32.39,88,88,True,True,FR,FR
1264,94.86,94.86,39,39,True,True,DE,DE
1265,57.69,57.69,75,75,False,False,UK,UK
1266,80.62,80.62,90,90,False,False,UK,UK
1267,17.03,17.03,35,35,False,False,US,US
1268,97.86,97.86,64,64,True,True,JP,JP
1269,49.86,49.86,21,21,True,True,FR,FR
1270,49.37,49.37,64,64,True,,UK,UK
1271,97.09,97.09,50,50,True,True,FR,FR
1272,38.07,38.07,23,23,True,True,FR,FR
1273,39.75,39.75,67,67,False,False,US,US
1274,58.48,58.48,88,88,True,True,US,US
1275,12.81,12.81,24,24,False,False,UK,UK
1276,32.11,32.11,83,83,False,False,US,US
1277,19.32,19.32,79,79,False,False,JP,JP
1278,10.33,10.33,57,57,False,False,US,US
1279,86.61,86.61,83,83,False,False,JP,JP
1280,58.93,58.93,40,40,False,False,DE,DE
1281,35.87,35.87,70,70,False,False,US,US
1282,40.87,,68,68,False,False,JP,JP
1283,43.15,43.15,60,60,False,False,US,US
1284,63.31,63.31,78,78,False,False,JP,JP
1285,92.68,92.68,81,81,False,False,US,US
1286,93.28,93.28,75,75,False,False,FR,FR
1287,39.15,39.15,60,60,False,False,UK,UK
1288,32.93,32.93,89,89,False,False,DE,DE
1289,45.1,45.1,58,58,False,False,JP,JP
1290,56.79,56.79,64,64,True,True,FR,FR
1291,46.18,46.18,31,,False,False,UK,UK
1292,65.88,65.88,41,41,False,False,US,US
1293,55.44,55.44,84,84,True,True,UK,UK
1294,32.07,32.07,54,54,True,True,JP,JP
1295,34.57,34.57,55,55,False,False,DE,DE
1296,37.86,37.86,77,77,True,True,FR,FR
1297,9.46,9.46,41,41,False,False,DE,DE
1298,16.61,16.61,37,37,True,True,DE,DE
1299,72.31,72.31,18,18,True,True,US,US
1300,38.91,,34,34,False,False,US,US
1301,21.45,21.45,55,55,True,True,FR,FR
1302,56.27,,70,70,True,True,UK,UK
1303,75.55,,42,42,False,False,UK,
1304,25.74,25.74,50,50,True,True,UK,UK
1305,82.68,82.68,34,34,True,True,FR,FR
1306,92.75,92.75,77,77,True,True,JP,JP
1307,59.74,59.74,56,56,True,True,FR,FR
1308,66.89,66.89,28,28,False,False,FR,FR
1309,5.26,5.26,62,62,True,True,JP,JP
1310,94.55,94.55,42,42,False,False,DE,DE
1311,39.25,39.25,81,81,False,False,US,
1312,92.39,92.39,37,37,True,True,DE,DE
1313,57.9,57.9,81,81,True,True,JP,JP
1314,0.46,,68,68,False,False,FR,FR
1315,3.85,3.85,27,27,False,False,UK,UK
1316,68.04,68.04,73,73,True,True,UK,UK
1317,56.27,56.27,70,70,True,True,JP,JP
1318,2.65,2.65,51,51,True,True,US,US
1319,74.35,74.35,29,29,True,True,JP,JP
1320,85.21,85.21,52,52,True,True,FR,FR
1321,49.64,49.64,62,62,False,False,JP,
1322,46.58,46.58,27,27,True,True,UK,UK
1323,0.55,0.55,42,42,False,False,FR,
1324,78.66,78.66,69,69,True,True,UK,UK
1325,33.07,33.07,58,58,False,False,US,US
1326,87.88,87.88,90,90,True,True,DE,DE
1327,37.31,37.31,33,33,False,False,JP,JP
1328,56.51,56.51,74,,True,True,UK,UK
1329,27.03,27.03,49,49,False,False,US,US
1330,16.06,16.06,34,34,False,False,JP,JP
1331,77.49,77.49,87,87,False,False,JP,
1332,49.66,49.66,63,63,True,True,JP,JP
1333,53.65,53.65,57,57,False,False,JP,JP
1334,96.54,96.54,39,,True,True,JP,JP
1335,96.36,96.36,82,82,True,True,JP,JP
1336,85.56,85.56,20,20,True,True,JP,JP
1337,18.76,18.76,26,26,False,False,FR,FR
1338,59.43,59.43,31,31,False,False,UK,UK
1339,87.81,87.81,65,65,True,True,DE,DE
1340,37.45,37.45,25,25,False,False,UK,UK
1341,10.11,10.11,76,76,False,False,DE,DE
1342,81.1,81.1,32,32,True,True,FR,FR
1343,48.18,48.18,67,67,True,True,UK,UK
1344,56.44,56.44,76,76,False,,US,US
1345,98.21,98.21,82,82,True,True,FR,FR
1346,60.72,60.72,39,39,True,True,JP,JP
1347,42.5,42.5,23,,False,False,JP,JP
1348,37.0,37.0,73,73,True,True,US,US
1349,41.76,41.76,50,50,False,False,DE,DE
1350,11.84,11.84,87,87,False,False,DE,DE
1351,79.48,79.48,31,31,False,False,DE,DE
1352,83.77,83.77,59,59,False,False,FR,FR
1353,28.44,28.44,26,26,True,True,DE,DE
1354,30.38,30.38,53,53,True,True,JP,JP
1355,87.43,87.43,18,,False,False,JP,JP
1356,2.4,2.4,72,72,False,,FR,
1357,52.05,52.05,62,62,False,,DE,DE
1358,46.37,46.37,25,25,True,True,DE,DE
1359,69.01,69.01,54,54,True,True,JP,JP
1360,16.34,16.34,49,49,True,True,UK,UK
1361,66.83,66.83,67,67,False,False,JP,JP
1362,37.67,37.67,54,54,True,True,DE,DE
1363,61.87,61.87,51,51,False,False,US,US
1364,4.01,4.01,78,78,False,False,FR,FR
1365,46.17,46.17,55,55,True,True,UK,UK
1366,52.23,52.23,77,77,False,False,DE,
1367,21.43,21.43,82,82,False,False,JP,JP
1368,13.96,13.96,79,79,True,True,FR,FR
1369,18.85,,87,87,False,False,FR,FR
1370,34.41,34.41,68,68,False,False,US,US
1371,9.68,9.68,59,59,True,True,JP,JP
1372,94.73,,56,56,False,False,UK,UK
1373,40.5,40.5,32,32,True,True,US,US
1374,80.9,80.9,78,78,True,True,JP,JP
1375,97.44,97.44,68,68,True,True,US,US
1376,8.07,8.07,81,81,False,False,UK,UK
1377,65.17,65.17,69,69,True,True,US,US
1378,87.14,87.14,53,53,False,False,FR,FR
1379,63.42,63.42,39,39,False,False,JP,JP
1380,42.9,42.9,89,89,True,True,DE,DE
1381,43.11,43.11,71,71,True,True,JP,JP
1382,3.59,3.59,81,81,False,False,JP,JP
1383,53.46,53.46,60,60,True,True,JP,JP
1384,99.35,99.35,55,55,False,False,US,US
1385,95.87,95.87,20,20,True,True,UK,UK
1386,4.04,4.04,23,23,False,False,UK,UK
1387,70.58,70.58,69,69,False,False,FR,FR
1388,30.18,30.18,34,34,True,True,JP,JP
1389,90.3,90.3,23,23,True,,UK,UK
1390,4.51,4.51,74,74,True,True,FR,FR
1391,93.59,93.59,63,63,True,True,US,US
1392,83.75,83.75,26,26,True,True,DE,DE
1393,11.75,11.75,54,54,True,True,FR,FR
1394,5.98,5.98,52,52,True,True,UK,UK
1395,83.47,83.47,18,,True,True,US,US
1396,15.58,15.58,62,62,False,False,DE,DE
1397,53.49,53.49,46,46,False,False,FR,FR
1398,91.57,91.57,82,82,True,True,JP,JP
1399,56.74,56.74,26,26,False,False,FR,FR
1400,39.72,39.72,79,79,False,False,FR,FR
1401,44.5,44.5,18,18,False,False,DE,DE
1402,6.31,6.31,73,73,True,True,JP,
1403,96.88,96.88,75,,False,False,JP,JP
1404,31.07,31.07,47,47,True,True,JP,JP
1405,18.94,18.94,38,38,True,True,JP,JP
1406,28.6,28.6,28,,False,False,DE,
1407,96.44,96.44,42,42,False,False,JP,
1408,9.43,9.43,66,66,True,True,FR,FR
1409,86.73,86.73,70,70,True,True,FR,FR
1410,70.78,70.78,31,31,True,True,FR,FR
1411,83.0,83.0,18,18,True,True,US,US
1412,97.59,97.59,58,58,False,False,JP,JP
1413,84.22,84.22,60,60,False,False,UK,UK
1414,94.34,94.34,89,89,True,,FR,FR
1415,12.69,12.69,73,73,False,False,JP,JP
1416,79.58,79.58,58,58,True,True,US,US
1417,54.57,54.57,61,61,True,True,UK,UK
1418,54.35,54.35,65,65,False,False,JP,JP
1419,89.89,89.89,50,50,False,False,UK,UK
1420,97.18,,67,67,False,False,FR,FR
1421,70.48,70.48,32,32,True,True,DE,DE
1422,48.29,48.29,78,78,True,True,JP,JP
1423,45.64,45.64,80,80,False,False,DE,DE
1424,38.63,38.63,49,49,False,False,DE,DE
1425,36.16,36.16,51,51,True,True,US,US
1426,39.15,39.15,54,54,False,False,DE,
1427,8.98,8.98,77,77,True,True,DE,DE
1428,7.74,7.74,30,30,True,True,FR,FR
1429,77.99,77.99,42,42,True,True,FR,FR
1430,44.61,44.61,62,62,True,True,FR,FR
1431,93.07,93.07,68,68,True,True,DE,DE
1432,61.22,61.22,39,39,False,False,US,US
1433,3.52,3.52,26,26,False,False,UK,UK
1434,15.75,15.75,55,55,False,False,DE,DE
1435,20.58,20.58,64,64,False,False,JP,
1436,97.57,97.57,73,,True,True,FR,FR
1437,21.87,,18,18,False,False,JP,JP
1438,51.58,51.58,19,19,False,False,JP,JP
1439,93.62,93.62,46,46,True,True,US,US
1440,97.72,97.72,59,59,True,True,US,US
1441,23.64,23.64,18,18,False,False,DE,DE
1442,4.91,4.91,30,30,True,True,UK,UK
1443,15.36,15.36,48,48,False,,JP,JP
1444,6.33,6.33,38,38,False,False,DE,DE
1445,19.51,19.51,69,69,False,False,US,US
1446,56.86,56.86,20,20,True,True,UK,UK
1447,91.24,91.24,82,82,True,True,UK,
1448,53.72,53.72,30,30,True,True,US,US
1449,62.6,62.6,50,50,False,False,UK,UK
1450,20.19,20.19,90,90,True,True,DE,DE
1451,80.06,80.06,66,66,False,False,JP,JP
1452,61.78,61.78,90,90,False,False,FR,FR
1453,86.41,86.41,19,19,True,True,US,US
1454,94.88,,70,70,False,False,DE,DE
1455,34.79,34.79,23,23,True,True,FR,
1456,9.06,9.06,62,62,True,True,UK,UK
1457,22.59,22.59,41,41,False,False,DE,DE
1458,43.78,43.78,74,74,True,True,JP,JP
1459,94.57,94.57,27,27,False,False,US,US
1460,37.83,37.83,83,83,True,,DE,DE
1461,77.08,77.08,53,53,False,False,FR,FR
1462,54.05,54.05,55,55,False,False,FR,FR
1463,18.28,18.28,59,59,False,False,JP,JP
1464,32.07,32.07,20,20,True,True,UK,UK
1465,65.32,65.32,40,40,False,False,DE,DE
1466,67.29,67.29,69,69,False,False,JP,JP
1467,43.48,43.48,88,88,True,True,JP,JP
1468,22.86,22.86,89,89,True,True,JP,JP
1469,72.19,,57,57,True,True,FR,
1470,16.89,16.89,36,36,True,True,UK,UK
1471,93.67,93.67,52,52,True,True,UK,UK
1472,18.79,18.79,51,51,True,True,FR,FR
1473,10.73,10.73,46,46,True,True,UK,UK
1474,49.76,49.76,44,44,False,False,FR,FR
1475,51.95,51.95,81,81,True,True,DE,DE
1476,50.82,50.82,46,,True,True,DE,DE
1477,43.67,43.67,20,20,True,True,UK,UK
1478,99.48,99.48,70,70,False,False,FR,FR
1479,48.63,48.63,66,66,False,False,DE,DE
1480,47.79,47.79,45,45,False,False,UK,UK
1481,42.18,42.18,63,63,True,True,UK,UK
1482,6.68,6.68,86,86,True,True,DE,DE
1483,59.3,59.3,85,85,True,True,FR,FR
1484,22.8,22.8,75,,True,True,JP,JP
1485,63.76,63.76,60,60,True,True,UK,UK
1486,5.08,,20,20,True,True,US,US
1487,98.14,98.14,55,55,True,True,JP,JP
1488,46.9,46.9,77,77,True,True,US,US
1489,89.68,89.68,79,79,True,True,JP,JP
1490,47.56,47.56,74,74,False,False,US,US
1491,6.03,,90,90,True,True,UK,UK
1492,82.22,82.22,55,55,False,False,JP,JP
1493,64.82,64.82,26,26,False,False,US,US
1494,78.18,78.18,54,54,True,True,US,US
1495,42.82,42.82,41,41,False,,FR,FR
1496,63.79,63.79,78,78,True,True,US,US
1497,85.62,85.62,74,74,False,False,US,US
1498,63.11,63.11,49,49,True,True,FR,FR
1499,34.77,34.77,46,46,False,False,JP,JP
1500,66.25,66.25,29,29,False,False,FR,FR
1501,67.19,67.19,21,21,False,False,JP,JP
1502,96.06,96.06,40,40,False,False,DE,DE
1503,37.09,37.09,35,35,False,False,FR,FR
1504,42.51,,37,37,True,,JP,JP
1505,81.21,81.21,90,90,False,False,DE,
1506,50.58,50.58,67,67,False,False,US,US
1507,73.66,73.66,58,,False,False,UK,UK
1508,45.97,45.97,31,31,True,True,FR,FR
1509,21.55,21.55,79,79,True,True,JP,JP
1510,74.52,74.52,65,65,False,False,FR,FR
1511,13.12,13.12,55,55,True,True,DE,DE
1512,19.86,19.86,52,52,False,False,UK,UK
1513,62.68,62.68,58,58,True,True,FR,FR
1514,74.73,74.73,79,79,False,False,JP,JP
1515,89.47,89.47,70,70,True,True,UK,UK
1516,27.26,27.26,53,53,False,False,DE,DE
1517,11.07,11.07,66,66,False,False,DE,DE
1518,95.6,95.6,85,85,True,True,UK,UK
1519,15.44,15.44,41,,True,True,DE,DE
1520,19.77,19.77,83,83,False,False,US,US
1521,29.13,29.13,62,62,False,False,DE,DE
1522,52.94,52.94,31,31,False,False,US,US
1523,88.28,88.28,88,88,False,False,DE,DE
1524,76.05,76.05,68,68,True,True,JP,JP
1525,70.82,,46,46,True,True,US,US
1526,17.52,17.52,33,33,False,False,UK,UK
1527,35.77,35.77,84,84,False,False,FR,FR
1528,47.84,47.84,78,78,True,True,JP,JP
1529,14.74,14.74,21,21,True,True,JP,JP
1530,27.34,27.34,64,,False,False,US,
1531,30.83,30.83,26,26,True,True,UK,UK
1532,12.73,12.73,39,39,False,False,JP,
1533,55.02,55.02,59,59,False,False,DE,DE
1534,70.5,70.5,36,36,False,False,JP,JP
1535,6.99,6.99,55,55,False,False,US,US
1536,48.11,,49,49,True,True,US,US
1537,78.22,78.22,60,60,True,True,UK,UK
1538,74.8,74.8,76,76,False,False,US,US
1539,81.51,81.51,29,29,False,False,JP,JP
1540,44.82,44.82,76,76,True,True,JP,JP
1541,82.06,82.06,34,34,True,True,UK,UK
1542,24.08,24.08,20,20,True,True,US,US
1543,36.08,36.08,50,50,True,True,US,US
1544,17.64,17.64,40,40,False,False,UK,UK
1545,46.75,46.75,31,31,True,True,FR,FR
1546,39.21,39.21,48,48,True,True,JP,JP
1547,24.09,24.09,81,81,True,True,DE,DE
1548,75.18,75.18,60,60,False,False,JP,JP
1549,31.38,31.38,71,71,False,False,JP,JP
1550,27.28,27.28,28,28,False,False,FR,FR
1551,13.09,13.09,23,23,False,False,US,US
1552,43.88,43.88,42,42,True,True,JP,JP
1553,30.3,30.3,74,,False,False,JP,JP
1554,36.93,36.93,82,82,False,False,DE,DE
1555,23.6,23.6,25,25,False,False,DE,DE
1556,76.32,76.32,52,52,True,True,FR,FR
1557,93.0,93.0,46,46,False,False,DE,DE
1558,49.79,49.79,72,72,True,True,UK,UK
1559,64.3,64.3,33,33,False,False,FR,FR
1560,86.72,86.72,53,53,False,False,FR,FR
1561,99.88,99.88,80,80,True,True,US,US
1562,61.35,61.35,51,51,False,False,FR,FR
1563,88.98,88.98,75,75,False,,US,
1564,90.86,90.86,63,63,True,True,DE,DE
1565,79.15,79.15,61,,False,,US,US
1566,46.09,46.09,36,36,False,False,JP,JP
1567,8.12,8.12,90,90,True,True,FR,FR
1568,1.58,1.58,36,36,False,False,DE,DE
1569,47.72,47.72,85,85,False,False,DE,DE
1570,49.43,49.43,90,90,False,False,FR,
1571,40.74,40.74,55,55,True,True,US,US
1572,56.82,56.82,81,81,False,False,DE,DE
1573,55.22,,70,70,False,False,FR,
1574,83.66,83.66,71,71,True,True,UK,UK
1575,10.87,10.87,23,23,False,False,DE,DE
1576,22.52,22.52,28,28,False,False,UK,UK
1577,79.3,79.3,23,23,True,True,US,US
1578,84.78,84.78,20,20,False,False,JP,JP
1579,99.48,99.48,79,79,False,False,DE,DE
1580,87.29,87.29,30,30,True,True,UK,UK
1581,88.99,88.99,18,18,False,False,UK,UK
1582,31.43,31.43,86,86,True,True,FR,FR
1583,40.17,40.17,38,38,False,False,US,US
1584,26.81,,77,77,True,True,DE,DE
1585,60.63,60.63,88,88,True,,UK,UK
1586,93.88,93.88,56,56,True,True,JP,JP
1587,34.46,34.46,85,85,False,,FR,FR
1588,55.7,55.7,88,88,False,False,FR,FR
1589,29.63,29.63,28,28,True,True,US,US
1590,16.98,16.98,28,28,False,False,US,US
1591,19.52,19.52,45,45,True,True,DE,DE
1592,5.79,5.79,58,58,True,,UK,UK
1593,94.93,94.93,75,75,False,False,FR,FR
1594,40.29,40.29,31,31,False,False,FR,FR
1595,83.41,83.41,32,32,False,False,UK,UK
1596,68.13,68.13,40,40,True,True,US,US
1597,19.19,19.19,37,37,False,False,UK,UK
1598,17.55,17.55,86,86,False,False,DE,DE
1599,81.2,81.2,46,46,False,False,UK,UK
1600,26.47,26.47,81,81,True,,UK,UK
1601,91.33,91.33,22,22,True,True,UK,UK
1602,14.01,14.01,25,25,True,True,US,US
1603,67.77,67.77,76,76,True,True,FR,FR
1604,81.45,,36,36,True,True,JP,JP
1605,23.53,,24,24,False,,JP,JP
1606,27.62,27.62,61,61,False,False,JP,JP
1607,96.45,96.45,28,28,True,True,FR,FR
1608,26.46,26.46,22,22,True,True,FR,FR
1609,43.0,43.0,47,47,True,True,US,US
1610,43.25,43.25,58,58,True,True,UK,UK
1611,25.3,25.3,56,56,True,True,FR,FR
1612,77.58,77.58,60,60,True,True,JP,JP
1613,77.18,77.18,19,19,True,True,JP,
1614,37.83,37.83,39,39,True,True,FR,FR
1615,83.51,83.51,43,43,False,False,US,US
1616,21.31,21.31,39,39,False,False,JP,JP
1617,0.43,0.43,58,58,False,False,UK,UK
1618,57.12,57.12,34,34,False,False,US,US
1619,99.41,99.41,64,64,False,False,FR,FR
1620,3.86,3.86,86,86,False,False,US,US
1621,20.8,20.8,66,66,True,True,UK,UK
1622,51.89,51.89,46,46,True,True,FR,FR
1623,80.99,80.99,49,49,False,False,JP,JP
1624,8.9,8.9,60,60,True,True,JP,JP
1625,39.52,39.52,70,70,True,True,US,US
1626,74.71,74.71,40,,False,False,US,US
1627,37.15,37.15,20,20,True,True,JP,JP
1628,18.88,18.88,69,69,True,True,UK,UK
1629,19.55,19.55,66,66,True,True,US,US
1630,41.0,41.0,25,25,False,False,DE,DE
1631,47.94,47.94,63,63,False,False,FR,FR
1632,86.18,86.18,23,23,True,True,JP,JP
1633,64.23,64.23,64,64,False,False,DE,DE
1634,69.04,69.04,72,72,False,False,FR,FR
1635,98.3,98.3,19,19,False,False,DE,DE
1636,41.18,41.18,71,,False,False,JP,JP
1637,40.34,40.34,26,26,True,True,DE,DE
1638,92.33,92.33,37,37,False,,FR,FR
1639,24.59,24.59,69,69,True,True,JP,JP
1640,72.98,72.98,43,43,True,True,JP,JP
1641,75.46,75.46,89,89,False,False,DE,DE
1642,9.78,9.78,87,87,True,True,DE,DE
1643,46.82,46.82,90,90,True,True,DE,DE
1644,20.06,20.06,25,25,False,False,US,US
1645,18.54,18.54,30,30,False,False,UK,UK
1646,46.38,46.38,31,31,True,True,FR,FR
1647,28.94,28.94,60,,False,False,US,US
1648,79.61,79.61,49,49,True,True,FR,FR
1649,90.76,90.76,72,72,True,True,DE,DE
1650,80.27,80.27,38,38,False,False,DE,DE
1651,26.6,26.6,32,32,False,False,JP,JP
1652,27.41,27.41,65,65,True,,UK,UK
1653,25.47,25.47,63,63,True,True,FR,FR
1654,13.5,13.5,68,68,False,False,FR,FR
1655,94.38,94.38,40,40,True,True,JP,JP
1656,40.2,40.2,56,56,True,True,JP,JP
1657,22.47,22.47,85,85,False,False,DE,DE
1658,84.67,84.67,62,62,True,True,UK,UK
1659,39.92,39.92,86,86,True,True,FR,FR
1660,3.51,3.51,49,49,False,False,JP,JP
1661,16.19,16.19,21,,True,True,UK,UK
1662,63.93,63.93,73,73,True,True,UK,UK
1663,78.29,78.29,51,51,False,False,DE,DE
1664,21.09,21.09,21,21,False,False,US,US
1665,91.74,91.74,28,28,True,True,UK,UK
1666,85.1,85.1,40,40,True,,US,US
1667,84.84,84.84,31,31,True,True,FR,FR
1668,22.77,22.77,67,67,True,True,DE,DE
1669,5.05,5.05,62,62,False,False,FR,FR
1670,86.74,86.74,42,42,False,False,US,US
1671,30.58,30.58,24,24,True,True,DE,DE
1672,61.89,61.89,23,23,True,True,FR,FR
1673,76.0,76.0,87,87,False,False,FR,
1674,12.83,12.83,43,43,False,False,FR,FR
1675,78.08,78.08,25,25,False,False,US,US
1676,93.85,93.85,69,69,True,True,DE,DE
1677,72.84,72.84,81,81,True,True,DE,
1678,44.12,44.12,26,26,True,True,JP,JP
1679,87.67,87.67,86,86,False,False,FR,FR
1680,52.75,52.75,70,70,True,True,JP,JP
1681,74.48,74.48,36,36,True,True,US,US
1682,82.05,82.05,74,74,True,True,DE,DE
1683,74.94,74.94,48,48,True,True,FR,FR
1684,28.79,28.79,64,64,True,True,US,US
1685,11.78,11.78,27,27,False,False,FR,FR
1686,23.83,23.83,35,35,False,False,UK,UK
1687,50.29,50.29,74,74,False,False,US,US
1688,50.53,50.53,76,76,False,False,FR,FR
1689,58.26,58.26,18,18,True,True,DE,DE
1690,39.51,39.51,33,33,True,True,DE,DE
1691,78.69,78.69,62,62,False,False,UK,UK
1692,91.32,91.32,84,84,False,False,FR,FR
1693,24.67,24.67,67,67,True,True,FR,FR
1694,73.65,73.65,69,69,False,False,FR,FR
1695,67.8,67.8,46,46,False,False,FR,FR
1696,52.31,52.31,21,21,False,False,FR,FR
1697,18.85,18.85,73,73,False,False,US,US
1698,79.52,79.52,76,76,True,True,US,
1699,96.06,96.06,50,50,False,False,JP,JP
1700,72.18,72.18,54,54,True,True,UK,
1701,91.79,91.79,35,35,True,True,DE,DE
1702,98.42,98.42,51,51,False,False,UK,UK
1703,35.21,35.21,35,35,True,True,JP,JP
1704,63.82,63.82,48,48,False,False,JP,JP
1705,47.39,47.39,27,27,False,,DE,DE
1706,98.66,98.66,62,62,True,True,FR,FR
1707,9.38,9.38,36,36,True,True,DE,DE
1708,41.24,41.24,70,70,False,False,FR,FR
1709,87.55,87.55,55,55,True,True,JP,JP
1710,28.41,28.41,83,83,True,True,FR,FR
1711,78.78,78.78,34,,False,False,US,US
1712,38.28,38.28,37,37,True,True,DE,DE
1713,98.0,98.0,35,35,True,True,JP,JP
1714,88.35,88.35,64,64,True,True,US,US
1715,30.13,30.13,25,25,False,False,UK,UK
1716,77.02,77.02,68,68,False,False,UK,UK
1717,33.69,33.69,77,77,False,False,FR,FR
1718,60.64,,67,67,True,True,US,US
1719,65.85,65.85,27,27,False,False,FR,FR
1720,82.96,82.96,53,53,True,True,US,US
1721,2.45,2.45,56,56,False,False,JP,JP
1722,22.02,,46,46,False,False,UK,
1723,71.19,71.19,52,52,False,False,DE,DE
1724,56.35,56.35,73,73,True,True,FR,FR
1725,49.56,49.56,78,78,False,False,UK,UK
1726,5.52,5.52,39,39,False,False,US,US
1727,34.83,34.83,42,42,True,True,JP,JP
1728,86.51,86.51,33,33,True,True,US,US
1729,3.09,3.09,47,47,True,True,DE,DE
1730,39.64,39.64,57,57,True,True,US,US
1731,94.51,94.51,70,70,False,False,FR,FR
1732,5.09,5.09,37,37,False,False,UK,UK
1733,74.97,74.97,33,33,False,False,JP,
1734,25.76,25.76,20,20,False,False,UK,UK
1735,86.66,86.66,24,24,True,True,FR,FR
1736,74.61,74.61,21,21,False,False,US,US
1737,88.57,88.57,33,33,True,True,US,US
1738,21.59,21.59,68,68,False,False,UK,UK
1739,53.13,53.13,74,74,False,False,JP,
1740,77.93,77.93,89,89,True,,JP,JP
1741,24.57,24.57,57,57,False,False,FR,FR
1742,23.07,23.07,51,,False,False,UK,UK
1743,2.72,,83,83,False,False,UK,UK
1744,95.85,95.85,28,28,True,True,UK,UK
1745,71.0,71.0,64,64,True,True,UK,UK
1746,63.56,63.56,77,77,False,False,DE,DE
1747,74.4,74.4,54,54,True,True,FR,FR
1748,53.16,53.16,37,37,True,True,UK,UK
1749,47.61,47.61,63,63,True,True,US,US
1750,44.95,44.95,90,90,True,True,DE,DE
1751,64.04,64.04,35,35,True,,UK,UK
1752,20.15,20.15,59,59,True,True,DE,DE
1753,88.81,88.81,21,21,False,False,FR,FR
1754,81.18,81.18,34,34,True,True,JP,
1755,34.96,34.96,73,73,True,True,DE,DE
1756,57.86,57.86,54,54,True,True,JP,JP
1757,14.1,14.1,32,,True,True,UK,UK
1758,97.23,97.23,42,42,True,True,FR,FR
1759,90.29,90.29,26,26,True,True,JP,JP
1760,92.19,92.19,74,74,True,True,UK,UK
1761,33.22,33.22,86,86,False,False,FR,FR
1762,16.91,16.91,25,25,False,False,DE,DE
1763,21.18,21.18,35,35,True,True,JP,JP
1764,9.0,9.0,80,80,False,False,UK,UK
1765,12.01,12.01,82,82,True,True,JP,JP
1766,7.13,7.13,74,74,False,False,FR,FR
1767,98.98,98.98,70,70,False,False,FR,FR
1768,7.41,7.41,80,80,True,True,US,US
1769,13.25,13.25,45,45,True,True,US,US
1770,82.73,82.73,83,83,True,True,FR,FR
1771,58.02,58.02,82,82,False,False,DE,DE
1772,77.44,77.44,34,34,True,True,UK,UK
1773,63.09,63.09,23,23,False,False,JP,JP
1774,88.22,88.22,56,56,True,True,DE,DE
1775,63.85,63.85,73,73,False,False,DE,DE
1776,52.21,52.21,80,80,False,False,UK,UK
1777,71.27,71.27,28,28,True,True,JP,JP
1778,44.74,44.74,45,45,True,True,UK,UK
1779,34.61,34.61,74,74,True,True,UK,UK
1780,46.77,46.77,22,22,False,,FR,FR
1781,16.97,16.97,70,70,True,True,US,US
1782,79.66,79.66,39,39,False,False,DE,DE
1783,26.07,26.07,19,19,True,True,DE,DE
1784,15.35,15.35,35,35,True,True,UK,UK
1785,24.64,24.64,72,72,True,True,FR,FR
1786,84.21,84.21,81,81,False,False,US,US
1787,33.02,,23,23,True,True,JP,JP
1788,68.6,68.6,51,51,True,True,JP,JP
1789,85.64,85.64,32,32,False,False,US,US
1790,7.77,7.77,67,67,True,True,DE,DE
1791,76.5,76.5,74,74,False,False,US,US
1792,30.77,30.77,88,88,True,True,FR,FR
1793,21.66,21.66,43,43,False,False,UK,UK
1794,68.89,68.89,39,39,False,False,DE,DE
1795,90.98,90.98,40,40,False,False,JP,JP
1796,29.5,29.5,73,73,False,False,FR,FR
1797,56.88,56.88,50,50,False,False,JP,JP
1798,28.98,,19,19,False,False,FR,FR
1799,55.43,55.43,87,87,False,False,DE,DE
1800,62.19,62.19,25,25,False,False,US,US
1801,61.03,61.03,85,85,False,False,US,US
1802,62.35,62.35,29,,False,False,DE,DE
1803,13.51,,57,57,True,True,DE,DE
1804,69.35,69.35,40,40,False,False,DE,DE
1805,67.48,67.48,68,68,True,True,JP,JP
1806,68.26,,47,47,True,True,US,US
1807,7.41,7.41,44,44,False,False,FR,FR
1808,44.68,44.68,52,52,True,True,FR,FR
1809,40.9,40.9,88,88,True,True,FR,FR
1810,8.67,8.67,35,35,True,True,UK,UK
1811,22.24,22.24,34,34,False,False,DE,DE
1812,44.1,44.1,22,22,False,False,US,US
1813,74.29,,71,71,True,True,US,US
1814,23.71,,67,67,True,True,JP,JP
1815,82.97,82.97,62,62,False,False,FR,FR
1816,54.58,54.58,19,19,False,False,JP,JP
1817,76.04,76.04,75,75,False,False,FR,FR
1818,47.26,47.26,77,77,False,False,UK,UK
1819,49.92,49.92,86,86,False,False,JP,JP
1820,61.97,61.97,85,85,False,False,FR,FR
1821,92.8,92.8,37,37,True,,US,US
1822,49.18,49.18,69,69,True,True,US,US
1823,52.87,52.87,47,47,True,True,FR,FR
1824,60.2,60.2,61,61,True,True,FR,FR
1825,73.75,73.75,42,42,True,True,US,US
1826,7.19,7.19,65,65,False,False,DE,DE
1827,51.57,51.57,87,87,True,True,JP,JP
1828,48.16,48.16,65,65,True,True,FR,FR
1829,92.17,92.17,85,85,False,False,JP,JP
1830,49.35,49.35,86,86,True,True,UK,UK
1831,46.83,46.83,26,26,False,,US,US
1832,96.22,96.22,88,88,False,False,UK,UK
1833,45.06,,77,77,False,False,FR,FR
1834,18.09,,49,49,True,True,JP,JP
1835,21.69,21.69,61,61,False,False,FR,FR
1836,9.52,9.52,63,63,False,False,US,US
1837,0.06,0.06,75,75,True,True,DE,DE
1838,43.19,43.19,76,76,False,False,US,US
1839,76.92,76.92,25,25,False,False,FR,FR
1840,73.35,73.35,18,,True,True,DE,DE
1841,3.21,3.21,35,35,False,False,DE,DE
1842,57.0,57.0,56,56,False,False,DE,DE
1843,15.43,15.43,79,79,False,False,FR,FR
1844,94.11,94.11,65,65,True,,US,US
1845,16.74,16.74,27,27,True,True,JP,JP
1846,62.66,62.66,70,,False,False,DE,DE
1847,32.62,32.62,52,52,False,False,DE,DE
1848,64.16,64.16,44,,True,True,UK,UK
1849,41.23,41.23,74,74,True,True,US,US
1850,75.96,75.96,39,39,True,True,FR,FR
1851,23.07,23.07,63,63,False,,UK,UK
1852,90.58,90.58,31,31,True,True,JP,JP
1853,50.02,50.02,45,45,False,False,FR,FR
1854,75.61,75.61,58,58,True,True,DE,DE
1855,84.97,84.97,63,63,True,True,US,US
1856,99.88,99.88,85,85,True,True,DE,DE
1857,22.39,22.39,39,39,False,False,JP,JP
1858,28.69,28.69,83,83,False,False,DE,DE
1859,25.04,25.04,77,,False,False,FR,FR
1860,26.29,26.29,44,44,False,False,US,US
1861,58.24,58.24,28,28,False,False,DE,DE
1862,99.35,99.35,36,36,True,True,FR,FR
1863,99.03,99.03,66,66,True,True,DE,DE
1864,52.68,52.68,75,75,False,False,JP,JP
1865,63.9,63.9,62,62,False,False,DE,DE
1866,86.0,86.0,70,70,False,False,JP,JP
1867,93.29,93.29,25,25,True,True,FR,FR
1868,20.39,20.39,54,54,True,True,JP,
1869,52.85,52.85,81,81,False,False,DE,DE
1870,83.28,83.28,46,46,False,False,DE,DE
1871,30.32,30.32,83,83,True,True,UK,UK
1872,43.98,43.98,27,27,False,False,FR,FR
1873,98.56,98.56,89,89,False,False,JP,JP
1874,98.5,98.5,75,75,True,,US,US
1875,90.61,90.61,63,63,False,False,JP,JP
1876,79.84,79.84,63,63,True,True,JP,JP
1877,26.91,26.91,86,86,True,,FR,FR
1878,32.09,32.09,45,45,True,True,DE,DE
1879,54.73,54.73,30,30,False,False,JP,JP
1880,56.08,,85,85,False,False,UK,UK
1881,50.55,50.55,25,,True,True,FR,FR
1882,63.67,63.67,66,66,False,False,JP,
1883,40.83,40.83,37,37,True,True,JP,JP
1884,74.92,74.92,85,,True,True,DE,DE
1885,33.35,33.35,89,89,False,False,UK,UK
1886,33.07,33.07,52,52,False,False,JP,JP
1887,12.72,12.72,56,56,True,True,FR,FR
1888,18.87,18.87,51,51,True,True,FR,FR
1889,85.05,85.05,49,49,True,True,FR,FR
1890,44.63,44.63,86,86,False,False,JP,JP
1891,22.79,22.79,38,38,False,False,DE,
1892,75.93,75.93,88,88,False,,DE,DE
1893,55.4,55.4,65,65,True,True,JP,JP
1894,2.12,2.12,88,88,False,False,DE,DE
1895,31.64,31.64,62,62,True,True,UK,UK
1896,17.7,17.7,77,77,False,False,FR,FR
1897,65.59,65.59,53,53,False,False,UK,UK
1898,27.5,,51,51,False,False,US,US
1899,6.49,6.49,36,36,False,False,UK,UK
1900,5.49,5.49,33,33,True,True,US,US
1901,58.17,58.17,20,20,False,False,JP,JP
1902,2.17,2.17,45,45,True,True,JP,JP
1903,84.88,84.88,90,90,False,False,UK,UK
1904,15.54,15.54,86,86,False,False,JP,JP
1905,60.66,60.66,68,68,True,True,FR,FR
1906,44.47,44.47,44,44,True,True,JP,JP
1907,44.29,44.29,55,55,True,True,US,US
1908,7.18,7.18,73,73,False,False,US,US
1909,80.28,80.28,18,18,False,False,JP,JP
1910,89.31,89.31,85,85,False,False,UK,UK
1911,1.1,1.1,81,81,False,False,DE,DE
1912,17.86,17.86,88,88,True,True,JP,JP
1913,90.39,90.39,24,24,False,False,UK,UK
1914,54.95,54.95,87,87,True,True,US,US
1915,15.0,15.0,62,62,False,False,FR,
1916,20.28,20.28,58,58,True,True,DE,DE
1917,66.0,66.0,31,31,False,False,US,US
1918,72.48,72.48,53,53,False,False,UK,UK
1919,59.94,59.94,44,44,False,False,DE,DE
1920,95.31,95.31,90,90,False,False,JP,
1921,49.41,49.41,42,,False,False,UK,
1922,30.03,30.03,33,33,True,True,DE,DE
1923,47.72,47.72,87,87,False,False,US,US
1924,35.97,35.97,31,31,True,True,UK,UK
1925,22.44,22.44,84,84,True,True,UK,UK
1926,4.6,4.6,88,88,True,True,DE,DE
1927,35.22,35.22,40,40,True,True,FR,FR
1928,71.14,,68,68,True,True,US,US
1929,1.84,1.84,76,76,True,True,US,US
1930,43.92,43.92,57,57,False,False,FR,FR
1931,64.4,64.4,68,68,False,False,UK,UK
1932,61.04,61.04,27,27,True,True,FR,FR
1933,77.66,77.66,55,55,False,False,US,US
1934,81.05,81.05,55,55,True,True,FR,FR
1935,71.17,71.17,59,59,True,True,JP,JP
1936,10.28,10.28,86,86,False,False,DE,DE
1937,47.5,47.5,78,78,False,False,DE,DE
1938,60.34,60.34,62,62,False,,UK,UK
1939,24.56,24.56,47,47,False,False,UK,UK
1940,4.26,4.26,47,47,True,True,US,US
1941,22.36,22.36,19,19,True,True,DE,DE
1942,45.49,45.49,58,58,False,False,JP,JP
1943,41.39,41.39,36,36,False,False,US,US
1944,17.67,17.67,82,82,True,,DE,DE
1945,82.44,82.44,74,74,False,,JP,JP
1946,92.57,92.57,84,84,True,True,DE,DE
1947,20.13,20.13,90,90,True,True,FR,FR
1948,92.96,92.96,47,47,False,False,UK,UK
1949,1.79,1.79,49,,False,False,FR,FR
1950,92.5,92.5,62,62,True,True,JP,JP
1951,95.19,95.19,49,49,False,False,DE,DE
1952,1.21,1.21,38,38,True,True,FR,FR
1953,76.3,76.3,69,69,False,False,FR,FR
1954,97.02,,50,50,False,False,US,US
1955,90.59,90.59,86,86,False,False,US,US
1956,97.07,97.07,34,34,True,True,FR,FR
1957,55.03,55.03,50,50,False,False,UK,UK
1958,7.82,7.82,56,56,False,False,DE,DE
1959,84.98,84.98,84,84,True,,DE,DE
1960,61.38,61.38,60,60,True,True,FR,FR
1961,61.47,61.47,23,23,True,True,JP,JP
1962,41.73,41.73,42,42,False,False,JP,JP
1963,57.18,57.18,82,82,True,True,US,US
1964,15.36,15.36,37,37,False,False,FR,FR
1965,73.98,73.98,42,42,False,False,FR,FR
1966,7.5,7.5,29,29,True,True,JP,JP
1967,72.98,72.98,70,70,False,False,DE,DE
1968,84.9,84.9,28,28,False,False,DE,DE
1969,47.25,,44,44,True,True,DE,DE
1970,50.98,50.98,69,69,False,False,UK,UK
1971,31.22,31.22,83,83,True,True,UK,UK
1972,96.95,96.95,34,34,False,False,FR,FR
1973,73.31,73.31,42,42,True,True,US,US
1974,36.9,36.9,26,26,True,True,FR,FR
1975,17.48,17.48,49,49,False,False,JP,JP
1976,21.96,21.96,90,90,True,,UK,UK
1977,46.39,46.39,40,40,True,True,UK,UK
1978,94.26,94.26,36,,False,False,DE,DE
1979,73.41,73.41,47,47,True,True,JP,JP
1980,21.52,21.52,83,83,False,False,US,US
1981,85.96,,57,57,True,True,DE,DE
1982,37.82,37.82,62,62,False,,UK,UK
1983,85.17,85.17,74,74,True,True,JP,JP
1984,24.17,24.17,70,,True,True,JP,JP
1985,61.87,61.87,61,61,False,False,US,
1986,92.67,92.67,58,58,False,False,US,US
1987,25.79,25.79,56,56,False,False,US,US
1988,69.29,69.29,31,31,True,True,JP,JP
1989,98.73,98.73,48,48,True,True,JP,JP
1990,15.06,15.06,79,79,False,False,UK,UK
1991,8.84,8.84,20,20,True,True,US,US
1992,67.42,67.42,78,78,True,True,FR,FR
1993,33.97,33.97,59,59,True,True,JP,JP
1994,7.12,7.12,43,43,True,True,JP,JP
1995,47.53,47.53,26,26,True,True,DE,DE
1996,75.38,75.38,73,73,False,False,FR,FR
1997,28.51,28.51,18,18,False,False,JP,JP
1998,33.5,33.5,57,57,True,True,JP,JP
1999,84.57,84.57,29,29,True,True,DE,DE
2000,52.01,52.01,84,84,False,False,UK,UK
2001,84.27,84.27,31,31,True,True,UK,UK
2002,44.64,44.64,76,76,True,True,UK,UK
2003,95.3,95.3,59,59,True,True,JP,JP
2004,65.08,65.08,20,20,False,False,FR,FR
2005,11.59,11.59,70,70,True,True,JP,JP
2006,88.51,,82,82,False,False,FR,FR
2007,48.93,48.93,34,34,True,True,DE,DE
2008,14.16,14.16,88,88,False,False,FR,FR
2009,15.27,15.27,76,76,True,True,FR,FR
2010,68.75,68.75,72,72,False,False,FR,
2011,4.74,4.74,42,42,True,True,UK,
2012,28.66,28.66,26,26,True,True,UK,UK
2013,13.98,13.98,49,49,True,True,US,US
2014,44.11,44.11,76,76,True,True,UK,UK
2015,41.44,41.44,60,60,False,False,JP,JP
2016,52.19,52.19,65,65,False,False,JP,JP
2017,27.96,27.96,75,75,True,True,US,US
2018,3.2,3.2,42,42,True,True,DE,DE
2019,61.44,61.44,20,20,True,True,JP,JP
2020,37.37,37.37,82,82,True,True,FR,FR
2021,65.13,65.13,62,,True,True,FR,FR
2022,10.87,10.87,59,59,False,False,DE,DE
2023,1.38,1.38,59,59,False,False,UK,UK
2024,24.83,24.83,80,80,False,False,JP,JP
2025,45.65,45.65,74,74,True,True,US,US
2026,39.41,39.41,66,66,True,True,JP,JP
2027,81.03,81.03,75,75,False,False,JP,JP
2028,37.78,37.78,39,39,False,False,UK,UK
2029,53.04,53.04,69,69,False,False,DE,DE
2030,59.35,59.35,89,89,True,True,JP,JP
2031,2.18,2.18,35,,True,True,DE,DE
2032,51.51,51.51,59,59,False,,UK,UK
2033,34.48,34.48,67,67,True,True,US,US
2034,42.13,42.13,55,55,False,False,DE,DE
2035,10.03,10.03,88,88,True,True,UK,UK
2036,78.28,78.28,47,,True,True,JP,JP
2037,94.24,94.24,33,33,True,True,JP,JP
2038,2.23,2.23,27,27,True,True,UK,UK
2039,60.14,60.14,79,79,False,False,UK,UK
2040,76.38,76.38,68,68,True,True,UK,UK
2041,28.48,28.48,60,60,True,True,DE,DE
2042,78.76,78.76,49,49,False,False,FR,FR
2043,63.24,63.24,47,47,True,True,US,US
2044,92.92,92.92,86,86,True,True,JP,JP
2045,98.1,98.1,67,67,False,False,FR,FR
2046,4.23,4.23,88,88,True,True,US,US
2047,44.49,44.49,76,76,False,False,UK,UK
2048,54.7,54.7,74,74,True,True,FR,FR
2049,14.67,14.67,58,58,True,True,DE,DE
2050,33.63,33.63,35,,True,True,DE,DE
2051,98.76,98.76,65,65,True,,US,US
2052,1.62,1.62,70,70,True,,DE,DE
2053,45.25,45.25,56,56,False,False,FR,FR
2054,84.27,84.27,19,19,True,True,FR,FR
2055,32.39,32.39,88,88,False,False,DE,DE
2056,47.98,47.98,78,78,True,True,DE,DE
2057,97.8,,43,,True,True,UK,UK
2058,47.49,,54,54,True,True,FR,FR
2059,13.09,13.09,27,27,False,False,FR,FR
2060,5.17,5.17,86,86,False,False,FR,FR
2061,94.54,94.54,34,34,False,False,FR,FR
2062,26.58,26.58,45,45,True,True,JP,JP
2063,50.41,50.41,49,49,False,False,JP,JP
2064,9.07,9.07,37,37,True,True,JP,JP
2065,42.37,42.37,64,64,True,True,UK,UK
2066,93.01,93.01,90,90,False,False,US,US
2067,50.24,50.24,80,80,True,,US,US
2068,97.11,97.11,56,56,False,False,FR,FR
2069,25.88,25.88,27,27,False,False,JP,
2070,50.45,50.45,81,81,False,False,FR,FR
2071,85.95,85.95,36,36,True,,FR,FR
2072,44.83,44.83,84,84,True,True,US,US
2073,27.95,27.95,46,46,True,True,DE,
2074,85.55,85.55,55,55,False,False,FR,FR
2075,38.99,38.99,49,49,False,False,US,US
2076,53.07,53.07,51,51,False,False,FR,FR
2077,97.65,97.65,30,30,True,True,UK,UK
2078,18.65,18.65,58,58,True,True,US,US
2079,30.14,30.14,47,47,False,False,FR,FR
2080,3.11,3.11,79,,False,False,DE,DE
2081,39.18,39.18,52,52,False,False,DE,DE
2082,20.02,20.02,88,88,True,True,DE,DE
2083,68.0,68.0,39,39,True,,FR,FR
2084,18.13,18.13,41,41,False,False,DE,DE
2085,67.48,67.48,20,20,True,True,JP,JP
2086,26.35,26.35,71,71,False,False,JP,JP
2087,35.52,35.52,23,23,False,False,DE,DE
2088,34.89,,38,38,False,False,US,US
2089,71.68,,84,,False,False,UK,UK
2090,46.65,46.65,62,62,True,True,FR,FR
2091,36.13,36.13,58,58,True,True,UK,UK
2092,85.26,85.26,76,76,True,True,FR,FR
2093,57.2,57.2,74,74,True,True,FR,FR
2094,21.38,21.38,82,,False,False,DE,DE
2095,90.01,90.01,66,66,False,False,US,US
2096,34.27,34.27,50,50,False,False,DE,DE
2097,3.9,3.9,27,27,False,False,FR,FR
2098,49.46,49.46,44,44,True,True,US,US
2099,12.39,12.39,69,69,True,True,JP,JP
2100,23.85,23.85,36,36,True,True,US,US
2101,74.71,74.71,66,66,False,False,DE,DE
2102,13.08,13.08,27,27,True,True,DE,DE
2103,80.69,80.69,22,22,False,False,FR,FR
2104,93.69,93.69,44,44,False,False,UK,UK
2105,60.65,60.65,34,34,True,True,UK,UK
2106,71.04,71.04,81,81,True,True,JP,JP
2107,71.36,71.36,45,45,True,True,UK,UK
2108,99.28,99.28,48,48,True,,FR,FR
2109,34.15,34.15,47,47,True,True,UK,UK
2110,16.29,16.29,41,41,False,False,US,US
2111,51.92,51.92,84,84,True,True,DE,DE
2112,53.32,53.32,71,,True,True,UK,UK
2113,17.79,17.79,29,29,False,False,UK,UK
2114,61.31,61.31,33,33,True,True,JP,JP
2115,1.41,1.41,23,23,False,False,FR,
2116,92.77,92.77,36,36,True,True,UK,UK
2117,26.46,26.46,65,65,True,True,DE,DE
2118,3.96,3.96,86,86,True,True,FR,FR
2119,10.82,10.82,53,53,True,True,US,US
2120,24.02,24.02,23,23,False,False,US,US
2121,27.39,27.39,21,21,True,True,DE,DE
2122,3.28,3.28,48,48,True,True,JP,JP
2123,27.94,27.94,37,37,True,True,JP,JP
2124,19.29,19.29,60,60,False,False,DE,
2125,37.86,37.86,26,26,True,True,FR,FR
2126,38.52,38.52,34,34,True,True,DE,DE
2127,33.9,33.9,58,58,False,False,JP,JP
2128,32.79,32.79,38,38,False,False,DE,DE
2129,8.97,8.97,44,44,True,True,JP,JP
2130,2.52,2.52,34,34,False,False,UK,UK
2131,20.21,20.21,21,21,False,False,JP,JP
2132,75.66,75.66,43,43,True,True,FR,FR
2133,99.08,99.08,42,42,False,False,FR,FR
2134,92.85,92.85,83,83,False,False,US,
2135,50.42,50.42,83,83,False,False,JP,JP
2136,53.18,53.18,49,49,True,True,US,
2137,31.46,31.46,39,39,False,False,JP,JP
2138,77.39,77.39,48,48,False,,US,US
2139,76.48,76.48,62,,False,False,JP,JP
2140,84.43,84.43,46,,False,False,FR,FR
2141,89.55,89.55,73,73,True,True,UK,UK
2142,43.43,43.43,88,,False,False,JP,
2143,76.69,76.69,47,47,True,True,UK,UK
2144,80.64,80.64,26,26,False,False,US,
2145,30.85,30.85,26,26,False,False,US,US
2146,92.92,92.92,81,81,False,False,JP,JP
2147,9.43,9.43,48,48,False,False,UK,UK
2148,99.43,99.43,41,41,False,False,JP,JP
2149,77.01,77.01,63,63,False,False,US,US
2150,9.33,9.33,87,87,True,True,US,US
2151,65.62,65.62,48,48,True,True,JP,JP
2152,3.42,3.42,41,41,False,False,US,US
2153,77.02,77.02,80,80,False,False,FR,FR
2154,79.92,79.92,24,24,False,False,UK,UK
2155,60.24,60.24,79,79,True,True,DE,DE
2156,85.69,85.69,55,55,False,False,US,US
2157,9.79,9.79,19,19,False,False,UK,UK
2158,27.59,27.59,34,34,False,False,FR,FR
2159,41.42,41.42,67,67,True,True,DE,DE
2160,4.25,4.25,72,72,False,False,DE,DE
2161,44.82,44.82,32,32,True,True,JP,JP
2162,26.52,26.52,65,65,False,False,DE,DE
2163,39.27,39.27,90,90,False,False,JP,JP
2164,42.51,42.51,68,68,True,True,FR,FR
2165,87.94,87.94,69,,False,False,DE,DE
2166,27.03,27.03,32,32,True,True,UK,UK
2167,89.37,89.37,64,64,False,False,UK,UK
2168,42.6,42.6,69,69,True,True,JP,JP
2169,32.78,32.78,26,26,False,False,UK,UK
2170,50.25,50.25,40,40,True,,FR,FR
2171,41.77,41.77,82,82,True,True,US,US
2172,25.74,25.74,90,90,True,True,UK,UK
2173,50.27,50.27,30,30,False,False,JP,JP
2174,15.18,15.18,71,71,False,False,DE,DE
2175,35.19,,54,54,True,True,JP,JP
2176,56.58,56.58,61,61,False,False,UK,UK
2177,41.34,41.34,55,55,False,False,FR,FR
2178,82.39,82.39,81,81,True,True,JP,JP
2179,25.67,25.67,50,50,False,False,JP,JP
2180,96.98,96.98,61,61,False,False,DE,DE
2181,78.47,,66,66,True,True,FR,FR
2182,96.76,96.76,58,58,False,False,JP,JP
2183,83.81,83.81,82,82,True,True,JP,JP
2184,14.21,14.21,35,35,True,True,JP,JP
2185,52.65,52.65,87,87,False,False,US,US
2186,17.0,17.0,67,67,False,False,DE,DE
2187,81.82,81.82,88,88,True,True,FR,FR
2188,58.42,58.42,45,45,False,False,FR,FR
2189,26.34,26.34,52,52,False,False,US,US
2190,92.96,92.96,21,21,True,True,DE,DE
2191,11.52,11.52,85,85,True,True,US,US
2192,56.39,56.39,77,77,False,False,US,US
2193,72.1,72.1,39,39,False,False,US,
2194,5.88,5.88,21,21,False,False,JP,JP
2195,59.79,59.79,68,68,True,True,UK,UK
2196,81.59,81.59,67,67,False,False,DE,DE
2197,6.75,6.75,56,56,True,True,UK,UK
2198,51.22,51.22,29,29,False,False,JP,JP
2199,25.86,25.86,85,85,False,False,JP,JP
2200,66.29,66.29,49,49,True,,FR,FR
2201,11.87,11.87,70,70,True,True,JP,JP
2202,93.71,93.71,80,80,True,True,US,US
2203,89.47,89.47,58,58,True,True,JP,JP
2204,18.6,18.6,24,24,False,False,DE,DE
2205,32.33,32.33,82,82,False,False,DE,DE
2206,58.76,58.76,66,66,False,,US,US
2207,71.81,71.81,83,83,False,,JP,JP
2208,44.27,44.27,62,62,False,False,US,US
2209,15.63,15.63,84,84,False,False,JP,JP
2210,10.42,10.42,81,81,True,True,FR,FR
2211,99.98,99.98,33,33,False,False,FR,FR
2212,45.54,45.54,30,30,False,False,US,US
2213,87.25,87.25,29,29,True,True,FR,FR
2214,48.24,48.24,76,76,False,False,JP,JP
2215,92.24,92.24,35,35,False,False,UK,UK
2216,8.78,8.78,50,50,True,True,DE,DE
2217,11.4,11.4,75,75,True,True,US,US
2218,92.96,92.96,49,49,True,True,DE,DE
2219,94.75,94.75,22,22,True,,FR,FR
2220,31.47,31.47,44,44,True,True,UK,UK
2221,35.52,,24,24,True,True,FR,FR
2222,45.25,45.25,46,46,True,True,US,US
2223,41.62,41.62,71,71,False,False,FR,FR
2224,19.0,19.0,55,55,True,True,DE,DE
2225,89.84,89.84,67,67,True,,UK,UK
2226,25.33,25.33,25,25,True,True,UK,UK
2227,70.53,70.53,72,72,False,False,UK,UK
2228,6.72,6.72,49,49,True,True,FR,FR
2229,3.88,3.88,38,38,False,False,FR,FR
2230,65.37,65.37,65,65,False,False,DE,DE
2231,33.9,33.9,27,27,True,True,US,US
2232,65.55,65.55,54,54,False,False,UK,UK
2233,9.4,9.4,48,48,False,,JP,JP
2234,94.99,94.99,30,30,False,False,DE,DE
2235,74.85,74.85,87,87,False,False,DE,DE
2236,87.63,87.63,44,44,True,True,UK,UK
2237,13.65,13.65,20,20,True,True,JP,JP
2238,32.02,,50,,True,True,UK,UK
2239,36.83,36.83,88,88,False,False,FR,FR
2240,53.72,53.72,66,66,True,True,FR,FR
2241,29.69,29.69,64,64,True,True,UK,UK
2242,6.06,6.06,83,83,False,False,US,US
2243,36.89,36.89,24,24,True,True,UK,UK
2244,25.45,25.45,58,58,True,True,UK,UK
2245,38.59,38.59,41,41,False,False,FR,FR
2246,19.7,19.7,67,67,False,False,DE,DE
2247,26.19,26.19,80,80,True,True,DE,DE
2248,62.7,62.7,23,,False,False,DE,DE
2249,38.82,38.82,29,29,False,False,JP,JP
2250,34.54,34.54,87,87,True,True,JP,JP
2251,53.39,53.39,53,53,True,True,US,US
2252,77.19,77.19,41,41,True,True,JP,JP
2253,37.89,37.89,29,29,True,True,UK,UK
2254,58.75,58.75,43,43,True,True,FR,FR
2255,96.62,96.62,18,18,False,False,JP,JP
2256,52.2,52.2,34,34,False,False,DE,DE
2257,90.98,90.98,31,31,True,True,FR,FR
2258,79.37,79.37,24,24,False,False,DE,
2259,5.87,5.87,88,88,True,True,US,US
2260,42.91,42.91,75,75,False,False,US,US
2261,69.83,69.83,86,86,False,,UK,UK
2262,98.67,98.67,35,35,False,False,JP,
2263,45.84,45.84,39,39,True,True,UK,UK
2264,9.28,9.28,38,38,True,True,DE,DE
2265,56.2,56.2,58,58,True,True,DE,DE
2266,12.66,12.66,31,31,False,False,UK,UK
2267,75.15,75.15,35,35,True,True,DE,DE
2268,50.77,,89,89,False,False,FR,
2269,72.34,72.34,43,43,True,True,JP,JP
2270,86.94,86.94,75,75,False,False,FR,FR
2271,62.89,62.89,34,34,True,,JP,JP
2272,61.24,61.24,85,85,True,True,DE,DE
2273,75.46,75.46,68,,False,False,FR,FR
2274,84.25,84.25,80,80,True,True,US,US
2275,86.91,86.91,55,55,True,True,US,US
2276,3.64,3.64,84,84,False,False,JP,JP
2277,55.62,55.62,44,44,False,,FR,FR
2278,21.63,21.63,52,52,False,False,US,US
2279,86.03,86.03,22,22,False,False,DE,DE
2280,64.84,64.84,30,30,True,True,JP,JP
2281,42.02,42.02,74,74,True,True,US,US
2282,18.81,18.81,41,41,True,True,DE,DE
2283,33.9,33.9,25,25,False,False,JP,JP
2284,70.38,70.38,39,39,False,False,JP,JP
2285,20.44,20.44,43,43,True,True,UK,UK
2286,9.36,9.36,70,70,False,False,JP,JP
2287,88.8,88.8,24,24,True,True,FR,FR
2288,76.42,76.42,19,19,True,True,DE,DE
2289,19.98,19.98,70,70,True,True,FR,FR
2290,29.23,,28,28,True,True,JP,JP
2291,97.21,97.21,48,48,True,True,UK,UK
2292,70.82,70.82,67,67,False,False,US,US
2293,61.05,61.05,55,55,True,,FR,FR
2294,30.76,30.76,27,27,False,False,US,US
2295,29.91,29.91,70,70,False,False,FR,FR
2296,3.95,3.95,21,21,False,False,UK,UK
2297,72.85,72.85,34,34,True,True,FR,FR
2298,4.32,4.32,25,25,False,False,FR,FR
2299,0.49,0.49,55,55,True,True,US,US
2300,72.95,72.95,68,,False,False,US,US
2301,94.89,94.89,65,65,True,True,FR,FR
2302,75.65,75.65,28,28,False,False,DE,DE
2303,47.16,47.16,43,43,True,True,US,US
2304,48.6,48.6,28,28,False,False,JP,JP
2305,43.61,43.61,43,43,True,True,UK,UK
2306,32.46,32.46,34,34,False,False,JP,
2307,52.17,52.17,72,72,True,True,US,US
2308,43.12,,72,72,False,False,UK,UK
2309,59.82,59.82,77,77,True,True,DE,DE
2310,89.81,89.81,32,32,False,False,DE,DE
2311,99.5,99.5,18,18,False,False,FR,FR
2312,7.87,,20,20,True,True,US,US
2313,38.47,38.47,79,79,True,True,UK,UK
2314,18.07,18.07,84,84,False,False,UK,UK
2315,35.21,35.21,33,,False,False,DE,DE
2316,28.75,28.75,81,81,True,True,JP,JP
2317,17.45,17.45,56,56,False,,DE,DE
2318,76.41,76.41,31,31,True,True,JP,
2319,49.63,49.63,40,40,True,True,UK,UK
2320,91.92,91.92,37,37,True,True,UK,UK
2321,3.26,3.26,73,73,True,True,US,US
2322,6.7,6.7,31,31,False,False,UK,
2323,40.33,40.33,31,31,False,False,UK,UK
2324,8.03,8.03,70,70,False,False,UK,UK
2325,26.27,26.27,40,40,False,False,FR,FR
2326,98.6,98.6,36,36,True,True,DE,
2327,20.9,20.9,76,76,True,True,FR,FR
2328,19.81,19.81,85,85,False,False,US,US
2329,57.36,57.36,58,58,True,True,JP,JP
2330,49.8,49.8,78,78,False,False,US,US
2331,58.04,58.04,79,79,False,False,US,US
2332,37.67,37.67,60,60,False,False,DE,DE
2333,82.68,82.68,78,78,False,False,FR,FR
2334,13.86,13.86,18,18,True,True,UK,UK
2335,42.84,42.84,20,20,True,True,US,US
2336,68.98,68.98,82,82,True,True,JP,JP
2337,86.82,86.82,28,28,True,True,JP,JP
2338,36.96,36.96,71,71,False,False,FR,FR
2339,56.77,56.77,48,48,True,True,UK,UK
2340,6.91,6.91,75,75,True,True,DE,DE
2341,17.03,17.03,66,66,True,True,FR,
2342,6.91,6.91,23,23,True,True,DE,DE
2343,72.79,72.79,42,42,True,True,US,US
2344,28.81,28.81,69,69,False,False,JP,JP
2345,72.37,72.37,85,85,True,True,JP,JP
2346,6.64,6.64,76,76,False,False,US,US
2347,86.25,86.25,83,83,False,False,FR,FR
2348,83.55,83.55,87,87,False,False,JP,JP
2349,8.89,8.89,83,83,False,False,DE,DE
2350,2.38,2.38,60,60,True,True,US,US
2351,5.63,5.63,42,42,True,True,FR,FR
2352,85.36,85.36,55,55,True,True,JP,JP
2353,23.47,23.47,76,76,False,False,UK,UK
2354,54.83,54.83,49,49,True,True,US,US
2355,42.62,42.62,78,78,False,False,UK,UK
2356,79.55,79.55,69,69,True,True,JP,JP
2357,48.89,48.89,33,33,False,False,DE,DE
2358,50.07,50.07,85,85,False,False,US,US
2359,98.91,98.91,79,79,False,False,DE,
2360,15.01,15.01,61,61,True,True,JP,
2361,83.07,83.07,32,32,True,True,US,US
2362,5.17,5.17,34,34,True,,DE,DE
2363,47.76,47.76,79,79,False,False,UK,UK
2364,88.63,88.63,19,19,True,True,US,US
2365,66.52,66.52,53,53,False,False,DE,DE
2366,68.52,68.52,63,63,False,False,FR,FR
2367,26.33,26.33,34,34,True,,FR,FR
2368,41.86,41.86,81,81,False,False,US,US
2369,36.66,36.66,56,56,True,True,US,
2370,52.14,52.14,22,22,False,False,DE,DE
2371,46.22,46.22,41,41,False,False,UK,UK
2372,32.69,,47,47,False,False,UK,UK
2373,30.55,30.55,34,34,True,True,DE,
2374,25.09,25.09,86,86,True,True,FR,FR
2375,36.5,36.5,44,44,True,True,DE,DE
2376,14.99,14.99,54,54,True,True,JP,JP
2377,87.21,87.21,57,57,True,True,US,US
2378,60.21,60.21,34,34,True,True,DE,DE
2379,13.38,13.38,59,59,False,False,DE,DE
2380,69.39,69.39,43,43,False,False,FR,FR
2381,84.77,84.77,18,18,False,False,DE,DE
2382,23.75,23.75,47,47,False,False,JP,JP
2383,15.06,15.06,60,60,True,True,JP,JP
2384,0.86,0.86,26,26,False,False,FR,FR
2385,4.73,4.73,74,74,True,True,UK,UK
2386,76.23,76.23,66,66,True,True,UK,UK
2387,98.72,98.72,40,40,False,False,DE,DE
2388,4.49,4.49,61,61,True,True,DE,DE
2389,74.81,74.81,40,40,True,True,US,US
2390,7.19,7.19,65,65,False,False,UK,UK
2391,59.21,59.21,29,29,True,True,JP,JP
2392,75.61,75.61,62,62,True,True,DE,DE
2393,35.92,,22,22,False,False,JP,
2394,1.09,1.09,19,19,True,True,UK,UK
2395,59.52,59.52,36,36,False,False,JP,JP
2396,99.12,99.12,30,30,False,False,JP,JP
2397,25.76,25.76,53,53,True,True,UK,UK
2398,18.95,18.95,30,30,False,False,FR,FR
2399,12.39,12.39,35,35,True,True,JP,JP
2400,55.53,55.53,25,25,False,False,FR,FR
2401,59.64,59.64,82,,False,False,JP,JP
2402,79.23,79.23,71,71,False,False,US,US
2403,75.31,75.31,33,33,True,True,US,US
2404,89.25,89.25,26,26,True,True,US,US
2405,80.58,80.58,80,80,True,True,UK,UK
2406,24.73,24.73,66,66,False,False,FR,FR
2407,55.59,55.59,82,82,True,True,JP,JP
2408,29.74,,31,31,True,True,DE,DE
2409,32.98,32.98,44,44,True,True,DE,
2410,93.19,93.19,26,26,True,True,JP,JP
2411,68.19,68.19,48,48,False,False,DE,DE
2412,97.46,97.46,29,29,True,True,DE,DE
2413,41.69,41.69,18,18,True,True,US,US
2414,53.74,53.74,55,55,True,True,UK,UK
2415,48.71,48.71,89,89,False,,FR,FR
2416,10.73,10.73,65,65,False,False,FR,FR
2417,23.67,23.67,73,73,True,True,DE,DE
2418,52.76,52.76,77,77,True,True,FR,FR
2419,6.74,6.74,88,88,False,False,FR,FR
2420,93.15,93.15,27,27,False,False,US,US
2421,12.38,12.38,36,36,True,True,JP,JP
2422,19.8,19.8,62,62,True,True,FR,FR
2423,76.53,76.53,77,77,True,True,UK,UK
2424,9.69,9.69,74,74,True,True,UK,UK
2425,90.03,90.03,71,71,True,True,JP,JP
2426,72.57,72.57,40,,False,False,UK,UK
2427,6.86,6.86,44,44,False,False,US,US
2428,69.18,69.18,23,23,False,,US,US
2429,63.16,63.16,40,40,True,True,UK,UK
2430,75.73,75.73,29,29,True,True,FR,FR
2431,82.82,82.82,86,86,True,True,DE,DE
2432,71.84,71.84,24,24,True,True,FR,FR
2433,58.62,58.62,44,44,True,True,UK,UK
2434,32.25,32.25,82,82,True,True,UK,UK
2435,69.73,69.73,87,87,True,True,DE,DE
2436,95.7,95.7,45,45,False,False,FR,FR
2437,58.75,58.75,51,51,True,True,DE,DE
2438,66.43,66.43,56,56,True,,FR,FR
2439,43.71,43.71,78,78,True,True,US,US
2440,75.61,75.61,74,74,True,True,DE,DE
2441,99.77,99.77,56,56,True,True,DE,DE
2442,16.04,16.04,45,45,False,False,US,
2443,20.24,20.24,45,45,False,False,UK,
2444,53.94,53.94,65,,True,True,UK,UK
2445,48.14,48.14,78,78,True,True,DE,DE
2446,57.16,57.16,23,23,True,True,US,US
2447,4.91,4.91,74,74,False,False,UK,UK
2448,40.43,40.43,53,53,True,True,JP,JP
2449,58.3,58.3,28,28,True,True,US,US
2450,58.52,58.52,25,25,False,False,JP,JP
2451,65.73,65.73,42,42,True,True,DE,DE
2452,72.02,72.02,36,36,False,False,US,US
2453,64.15,64.15,25,25,False,False,DE,DE
2454,79.02,79.02,39,39,True,True,DE,DE
2455,62.48,62.48,78,78,False,False,UK,UK
2456,53.75,53.75,70,70,True,,UK,UK
2457,60.62,60.62,33,33,True,True,FR,FR
2458,10.12,10.12,67,67,False,False,US,US
2459,27.32,27.32,50,50,False,False,JP,JP
2460,52.74,52.74,72,72,True,True,UK,UK
2461,87.3,87.3,36,36,True,True,UK,UK
2462,67.91,67.91,22,22,False,,US,US
2463,9.04,9.04,40,40,True,,JP,
2464,59.23,59.23,90,90,True,True,UK,UK
2465,22.17,22.17,58,58,True,True,JP,JP
2466,73.4,73.4,21,,False,False,UK,UK
2467,82.74,82.74,89,89,True,True,US,US
2468,59.35,59.35,78,78,False,False,DE,DE
2469,59.14,59.14,57,57,False,False,DE,DE
2470,33.86,33.86,72,72,True,True,DE,DE
2471,44.63,44.63,31,31,True,True,JP,JP
2472,86.41,,61,61,False,False,DE,DE
2473,72.33,72.33,84,84,False,False,FR,FR
2474,51.98,51.98,50,50,True,True,UK,UK
2475,36.82,36.82,20,20,False,False,US,US
2476,5.04,5.04,73,73,False,False,DE,DE
2477,14.3,14.3,71,71,False,False,DE,DE
2478,19.3,19.3,72,72,False,,DE,DE
2479,37.34,37.34,65,65,True,True,FR,FR
2480,94.41,94.41,28,28,True,,JP,JP
2481,50.52,50.52,26,26,False,False,US,US
2482,23.48,23.48,75,75,True,True,US,US
2483,10.58,,80,80,True,True,UK,UK
2484,33.83,33.83,23,23,True,True,DE,DE
2485,81.57,81.57,60,60,True,True,US,US
2486,38.33,38.33,54,54,True,True,US,US
2487,77.25,77.25,43,43,False,False,DE,DE
2488,80.27,80.27,65,65,False,False,UK,UK
2489,11.08,11.08,84,84,False,False,JP,JP
2490,60.87,60.87,77,77,False,False,DE,DE
2491,95.91,95.91,29,29,True,True,JP,JP
2492,40.21,40.21,51,51,False,False,FR,FR
2493,5.09,5.09,86,86,False,False,DE,DE
2494,92.33,92.33,35,35,True,True,JP,JP
2495,88.37,88.37,80,80,True,True,JP,JP
2496,52.21,52.21,53,53,False,False,DE,DE
2497,55.23,55.23,56,56,True,True,JP,JP
2498,21.17,21.17,36,36,False,False,UK,UK
2499,81.95,81.95,85,85,False,,UK,UK
2500,49.86,49.86,56,56,True,True,FR,FR
2501,3.39,3.39,59,59,True,True,FR,FR
2502,68.3,68.3,51,51,False,False,UK,UK
2503,95.05,95.05,24,24,True,True,FR,FR
2504,82.92,82.92,74,74,True,True,DE,DE
2505,27.72,27.72,41,41,True,True,DE,DE
2506,5.33,5.33,35,35,False,False,JP,JP
2507,94.04,94.04,75,75,False,False,US,US
2508,93.71,93.71,32,32,False,False,DE,DE
2509,53.24,53.24,67,67,False,False,UK,UK
2510,64.23,64.23,52,52,False,False,DE,DE
2511,46.26,46.26,76,76,True,True,US,US
2512,41.98,41.98,21,21,False,False,US,US
2513,11.94,11.94,74,74,True,True,FR,FR
2514,9.68,9.68,34,,True,True,US,US
2515,23.27,23.27,81,81,False,False,DE,DE
2516,83.66,83.66,43,43,False,False,JP,JP
2517,14.58,14.58,18,18,True,True,JP,JP
2518,22.67,22.67,53,53,True,True,US,US
2519,54.86,54.86,21,21,False,False,JP,JP
2520,21.51,21.51,37,,True,True,UK,UK
2521,16.32,16.32,70,70,False,False,US,US
2522,56.33,56.33,58,58,False,False,DE,DE
2523,36.81,,69,69,True,True,DE,DE
2524,62.62,62.62,82,82,True,True,UK,UK
2525,91.22,91.22,52,52,True,True,DE,DE
2526,15.1,15.1,57,57,True,True,US,US
2527,91.34,91.34,22,22,False,False,UK,UK
2528,90.25,90.25,38,38,False,False,US,
2529,82.91,,70,70,True,True,JP,JP
2530,63.13,63.13,22,22,True,True,DE,DE
2531,62.01,62.01,44,44,True,True,DE,
2532,63.92,,27,27,False,False,DE,DE
2533,69.05,69.05,80,,False,False,JP,JP
2534,1.65,1.65,58,58,True,True,FR,FR
2535,95.81,95.81,65,65,True,True,FR,FR
2536,58.56,58.56,67,67,False,False,UK,UK
2537,78.15,78.15,34,34,True,True,UK,UK
2538,37.73,37.73,21,21,True,True,JP,JP
2539,1.24,1.24,47,,False,False,JP,JP
2540,50.97,50.97,31,31,True,True,UK,UK
2541,50.72,50.72,41,41,True,,UK,UK
2542,43.7,43.7,41,41,True,True,UK,UK
2543,33.97,33.97,75,75,False,False,FR,
2544,24.98,24.98,41,41,True,True,JP,JP
2545,52.75,52.75,29,29,False,False,JP,JP
2546,37.53,37.53,87,87,False,False,JP,JP
2547,96.99,96.99,21,21,False,False,UK,UK
2548,17.29,17.29,32,32,True,True,UK,UK
2549,31.97,31.97,43,43,False,False,JP,JP
2550,29.4,29.4,22,22,False,False,UK,UK
2551,54.33,,83,83,False,False,UK,UK
2552,49.93,49.93,43,43,False,False,JP,JP
2553,64.37,64.37,75,75,False,False,DE,DE
2554,95.0,95.0,27,27,False,False,US,US
2555,28.52,28.52,56,56,True,True,JP,JP
2556,69.28,69.28,27,27,True,,UK,UK
2557,2.5,2.5,34,34,True,True,UK,UK
2558,26.24,26.24,47,47,True,True,DE,DE
2559,46.37,46.37,80,80,False,False,UK,UK
2560,3.1,3.1,40,40,False,False,JP,JP
2561,61.77,61.77,73,73,False,False,FR,FR
2562,67.83,67.83,24,24,True,True,DE,DE
2563,74.67,74.67,36,36,False,False,UK,UK
2564,51.66,51.66,62,62,True,True,DE,DE
2565,60.39,60.39,52,52,False,False,UK,UK
2566,39.61,39.61,54,54,False,False,JP,JP
2567,4.13,4.13,67,67,True,True,FR,FR
2568,10.0,,23,23,False,False,US,US
2569,65.5,65.5,68,68,True,True,DE,DE
2570,99.56,99.56,80,80,True,True,FR,FR
2571,1.58,1.58,73,73,True,True,DE,DE
2572,55.76,55.76,38,38,True,True,US,US
2573,75.1,75.1,43,43,True,True,US,US
2574,82.68,82.68,88,88,False,False,FR,FR
2575,54.52,54.52,75,75,False,False,DE,DE
2576,61.99,61.99,86,86,True,True,DE,DE
2577,69.67,69.67,84,84,False,False,UK,UK
2578,85.9,85.9,49,49,False,False,UK,UK
2579,12.23,12.23,27,27,False,,DE,DE
2580,92.62,92.62,34,,True,,DE,DE
2581,2.6,2.6,39,39,True,True,DE,DE
2582,83.62,83.62,78,78,False,False,JP,JP
2583,7.67,7.67,38,38,True,True,US,US
2584,19.46,19.46,44,44,False,False,DE,DE
2585,0.39,0.39,80,80,True,True,UK,UK
2586,44.53,44.53,29,29,False,False,US,US
2587,33.44,33.44,66,66,True,True,DE,DE
2588,16.6,16.6,58,58,True,True,US,US
2589,45.11,45.11,89,89,True,True,UK,UK
2590,40.24,40.24,53,53,False,False,FR,FR
2591,76.77,76.77,56,56,True,True,UK,UK
2592,89.31,89.31,80,80,False,False,FR,FR
2593,65.26,65.26,90,90,True,True,UK,UK
2594,12.44,12.44,71,71,False,False,DE,DE
2595,29.54,29.54,68,68,True,True,JP,JP
2596,91.33,91.33,81,81,True,True,UK,UK
2597,8.87,8.87,89,89,False,False,DE,DE
2598,40.69,40.69,71,71,False,False,FR,FR
2599,94.25,94.25,39,39,True,True,UK,UK
2600,95.07,95.07,64,64,False,False,UK,UK
2601,41.12,41.12,35,35,True,True,FR,FR
2602,66.74,66.74,54,54,False,False,US,US
2603,45.67,45.67,50,,False,False,UK,UK
2604,75.35,75.35,90,90,True,True,DE,DE
2605,3.16,3.16,58,58,True,True,UK,
2606,14.42,,88,,False,False,DE,DE
2607,61.42,61.42,76,76,False,False,FR,
2608,23.26,23.26,79,79,False,False,JP,JP
2609,66.61,66.61,30,30,True,True,FR,FR
2610,35.12,,74,74,True,,DE,DE
2611,88.66,88.66,36,,True,True,FR,FR
2612,81.93,81.93,60,60,True,True,UK,UK
2613,49.28,49.28,53,53,False,False,DE,DE
2614,77.29,77.29,36,36,True,True,JP,JP
2615,27.11,27.11,89,89,True,True,US,US
2616,49.43,49.43,81,81,False,False,UK,UK
2617,19.75,19.75,59,59,True,True,UK,UK
2618,86.09,86.09,18,18,True,True,JP,JP
2619,82.31,,31,31,False,False,UK,UK
2620,90.21,90.21,34,34,True,True,UK,UK
2621,87.75,87.75,88,88,True,True,JP,JP
2622,95.96,95.96,47,47,True,True,JP,JP
2623,22.83,22.83,21,21,False,False,US,US
2624,93.18,93.18,60,60,True,True,JP,
2625,57.12,57.12,87,87,True,True,FR,FR
2626,42.25,42.25,58,58,True,True,JP,JP
2627,56.04,56.04,50,50,True,,US,US
2628,34.26,34.26,30,30,True,True,US,US
2629,28.86,28.86,82,82,False,False,UK,UK
2630,24.13,24.13,25,25,False,False,JP,
2631,8.24,8.24,86,86,False,False,DE,DE
2632,49.66,49.66,34,34,True,True,FR,FR
2633,88.78,88.78,28,28,True,True,UK,UK
2634,63.02,63.02,43,43,True,True,UK,
2635,52.1,52.1,18,18,True,True,JP,JP
2636,42.86,42.86,19,19,True,True,DE,DE
2637,46.44,46.44,31,31,False,False,FR,FR
2638,20.93,20.93,68,68,False,False,FR,FR
2639,82.29,82.29,77,77,False,False,US,US
2640,19.84,19.84,36,36,False,False,JP,JP
2641,71.66,71.66,65,65,True,,JP,JP
2642,76.0,76.0,43,43,True,True,FR,FR
2643,57.49,57.49,49,49,False,False,DE,DE
2644,86.29,86.29,42,42,True,True,DE,DE
2645,29.11,29.11,83,83,False,False,UK,UK
2646,88.16,88.16,55,55,False,False,FR,FR
2647,72.94,72.94,54,54,True,True,UK,UK
2648,79.87,79.87,80,80,True,True,US,US
2649,66.46,66.46,65,65,False,False,US,US
2650,84.63,84.63,28,28,False,False,DE,DE
2651,99.31,99.31,31,31,False,False,JP,JP
2652,42.02,42.02,42,42,False,False,FR,FR
2653,81.39,81.39,25,25,False,False,JP,
2654,74.46,74.46,68,68,True,True,FR,FR
2655,45.29,45.29,54,,False,False,JP,JP
2656,92.69,92.69,21,21,True,True,FR,FR
2657,39.44,39.44,47,47,False,False,JP,JP
2658,56.55,56.55,78,78,False,False,DE,DE
2659,10.59,10.59,84,84,False,False,US,
2660,22.58,22.58,88,88,False,False,UK,UK
2661,84.07,84.07,85,,False,False,JP,JP
2662,39.66,39.66,62,62,False,False,FR,FR
2663,39.41,39.41,85,85,True,True,US,US
2664,24.6,24.6,87,87,True,True,US,US
2665,49.16,49.16,64,64,False,False,FR,FR
2666,80.58,80.58,48,,True,True,JP,JP
2667,89.52,89.52,88,88,True,True,FR,FR
2668,7.01,7.01,48,48,True,True,JP,JP
2669,57.48,57.48,30,30,True,True,US,US
2670,46.73,46.73,25,25,True,True,JP,JP
2671,61.43,61.43,59,,True,True,US,US
2672,44.73,44.73,20,20,False,False,JP,JP
2673,39.86,39.86,26,26,True,True,JP,JP
2674,47.19,47.19,35,35,False,False,DE,DE
2675,58.2,58.2,56,56,False,False,DE,DE
2676,50.1,50.1,52,52,True,True,DE,DE
2677,47.21,47.21,55,55,False,False,DE,DE
2678,81.78,81.78,55,55,True,True,JP,JP
2679,74.56,74.56,90,90,False,False,UK,UK
2680,34.14,34.14,33,,False,False,UK,UK
2681,80.06,,52,52,False,False,JP,JP
2682,85.37,85.37,62,62,True,True,JP,JP
2683,15.35,15.35,37,37,True,True,DE,DE
2684,58.27,58.27,31,31,True,True,UK,UK
2685,28.53,28.53,21,21,False,False,JP,JP
2686,73.92,73.92,41,41,False,False,JP,JP
2687,23.88,23.88,36,36,False,False,UK,UK
2688,67.14,67.14,32,32,False,,DE,DE
2689,25.51,25.51,37,37,False,False,DE,DE
2690,51.11,51.11,68,68,True,,JP,JP
2691,94.86,94.86,78,78,False,False,FR,FR
2692,38.13,38.13,55,55,False,False,DE,DE
2693,87.57,87.57,22,22,False,False,JP,JP
2694,98.69,98.69,71,71,False,False,FR,FR
2695,87.49,87.49,29,29,False,False,DE,DE
2696,16.59,16.59,22,22,True,True,JP,JP
2697,81.97,81.97,59,59,True,,DE,DE
2698,3.21,3.21,49,49,True,True,DE,DE
2699,39.33,39.33,40,40,False,False,UK,UK
2700,87.07,87.07,88,,False,False,UK,UK
2701,68.88,68.88,24,24,False,,UK,UK
2702,53.27,53.27,21,21,False,,US,US
2703,38.79,38.79,60,60,True,True,FR,FR
2704,81.23,81.23,48,48,False,False,DE,DE
2705,70.96,70.96,76,76,True,True,JP,JP
2706,46.84,46.84,20,20,False,,FR,FR
2707,89.25,89.25,48,48,False,False,US,US
2708,22.99,22.99,28,28,True,True,FR,FR
2709,17.04,17.04,21,21,True,True,US,US
2710,64.28,64.28,51,51,True,True,US,US
2711,97.2,97.2,71,71,True,True,FR,FR
2712,24.73,24.73,29,,False,False,US,US
2713,24.97,24.97,79,79,False,False,DE,DE
2714,13.95,13.95,55,55,True,True,JP,
2715,86.06,86.06,53,53,False,False,UK,UK
2716,22.64,22.64,85,85,False,False,FR,FR
2717,50.32,50.32,42,42,False,False,UK,UK
2718,99.09,99.09,32,32,True,True,US,US
2719,1.21,,75,75,True,True,US,US
2720,55.65,55.65,25,25,True,True,US,US
2721,51.23,51.23,81,81,True,True,US,US
2722,80.74,80.74,78,78,False,False,US,US
2723,35.53,,89,89,True,True,JP,JP
2724,41.03,41.03,51,51,False,False,JP,JP
2725,16.79,16.79,63,63,False,False,UK,UK
2726,74.08,74.08,82,82,True,True,FR,FR
2727,78.47,78.47,27,27,False,False,UK,UK
2728,13.67,13.67,40,40,False,False,FR,FR
2729,39.35,39.35,52,52,True,True,UK,
2730,89.29,,63,63,False,False,FR,FR
2731,0.27,0.27,67,67,True,True,UK,UK
2732,29.88,29.88,85,85,False,False,JP,JP
2733,55.5,55.5,53,53,True,True,JP,
2734,33.41,33.41,30,30,False,False,UK,
2735,27.2,27.2,31,31,True,True,US,US
2736,46.0,46.0,76,76,True,True,UK,UK
2737,18.15,18.15,51,51,False,False,UK,UK
2738,52.96,52.96,64,64,False,,DE,DE
2739,70.67,70.67,59,59,False,False,DE,DE
2740,57.53,57.53,77,77,False,False,JP,JP
2741,9.31,9.31,33,33,False,False,US,US
2742,84.44,84.44,30,30,False,False,DE,DE
2743,17.5,17.5,71,71,False,False,US,US
2744,76.48,76.48,49,49,True,True,DE,DE
2745,36.06,36.06,77,77,True,True,FR,FR
2746,78.28,78.28,27,27,True,True,JP,JP
2747,20.63,20.63,37,37,True,True,DE,DE
2748,18.67,18.67,88,88,True,True,US,US
2749,49.7,49.7,79,79,False,False,JP,JP
2750,3.29,3.29,22,22,True,True,DE,DE
2751,22.53,22.53,77,77,False,False,DE,DE
2752,72.4,72.4,22,22,True,True,FR,FR
2753,83.74,83.74,26,26,True,,UK,UK
2754,8.08,8.08,83,83,False,False,JP,JP
2755,88.21,88.21,27,27,False,,US,US
2756,79.75,79.75,39,39,False,False,US,US
2757,86.97,86.97,27,27,False,False,JP,JP
2758,69.84,69.84,61,61,False,False,DE,DE
2759,67.42,67.42,22,22,False,False,JP,JP
2760,52.51,52.51,38,38,False,False,JP,JP
2761,65.28,65.28,41,41,False,False,JP,JP
2762,91.91,91.91,65,,True,True,FR,FR
2763,10.05,10.05,54,54,False,False,FR,FR
2764,31.58,31.58,32,32,False,False,FR,FR
2765,7.25,7.25,51,51,True,True,FR,FR
2766,94.48,94.48,51,51,True,True,UK,UK
2767,44.53,44.53,43,43,False,,JP,
2768,67.53,67.53,56,56,False,False,US,US
2769,84.11,84.11,41,,False,False,DE,DE
2770,99.1,99.1,42,42,False,False,UK,UK
2771,16.18,16.18,75,75,True,True,FR,FR
2772,79.95,,36,36,False,,UK,UK
2773,88.74,88.74,42,42,False,False,UK,UK
2774,4.89,4.89,28,28,False,False,JP,JP
2775,75.41,75.41,68,68,True,True,DE,DE
2776,35.47,35.47,69,69,False,False,FR,FR
2777,64.86,64.86,67,67,False,False,JP,JP
2778,51.4,51.4,30,30,True,True,JP,JP
2779,25.97,25.97,50,50,True,True,UK,UK
2780,13.52,13.52,39,39,False,False,US,US
2781,11.69,11.69,73,73,True,True,JP,JP
2782,10.33,10.33,42,42,True,True,UK,UK
2783,63.78,63.78,48,48,False,False,FR,FR
2784,35.14,35.14,51,51,True,,FR,FR
2785,21.66,21.66,73,73,False,,DE,DE
2786,69.19,69.19,69,69,False,False,US,US
2787,68.68,68.68,77,77,True,True,DE,DE
2788,53.92,53.92,49,49,True,True,US,US
2789,93.5,93.5,77,77,False,False,UK,UK
2790,38.54,38.54,81,,False,False,UK,UK
2791,83.59,83.59,56,56,False,False,DE,DE
2792,7.51,7.51,67,67,False,False,US,US
2793,73.98,73.98,84,84,False,False,JP,JP
2794,98.84,98.84,79,79,False,False,US,US
2795,84.66,84.66,38,38,False,False,JP,JP
2796,57.97,57.97,70,70,True,True,UK,UK
2797,62.68,62.68,50,50,True,True,DE,DE
2798,35.33,35.33,28,28,True,True,JP,JP
2799,67.95,67.95,45,45,False,False,FR,FR
2800,77.04,77.04,89,89,True,True,US,US
2801,99.82,99.82,87,87,True,True,FR,FR
2802,49.25,49.25,75,75,True,True,DE,DE
2803,6.13,6.13,90,90,True,True,JP,JP
2804,59.59,59.59,59,59,False,False,DE,DE
2805,11.9,11.9,73,73,True,True,JP,JP
2806,24.48,24.48,30,30,True,True,DE,DE
2807,32.88,32.88,39,39,False,False,US,US
2808,73.1,73.1,30,,True,True,DE,DE
2809,18.38,18.38,86,86,False,False,JP,JP
2810,16.58,16.58,62,62,False,False,US,US
2811,4.5,4.5,86,86,False,False,UK,UK
2812,87.32,87.32,48,48,False,False,US,US
2813,69.35,69.35,47,47,True,True,JP,JP
2814,3.99,3.99,67,67,False,False,DE,DE
2815,2.83,2.83,59,59,False,False,FR,FR
2816,55.87,55.87,45,45,False,False,JP,JP
2817,28.25,28.25,41,41,True,,JP,JP
2818,59.67,,55,55,True,,DE,DE
2819,43.46,43.46,23,23,False,False,JP,JP
2820,92.33,92.33,31,31,False,False,DE,DE
2821,28.78,28.78,21,21,False,,JP,JP
2822,67.91,67.91,29,29,False,False,JP,JP
2823,5.41,5.41,32,32,False,False,UK,UK
2824,95.59,95.59,23,23,True,True,FR,FR
2825,98.08,98.08,22,22,True,True,FR,FR
2826,73.91,73.91,77,77,True,True,FR,FR
2827,46.52,46.52,31,31,False,False,US,
2828,22.0,22.0,58,58,True,True,DE,DE
2829,81.25,81.25,25,25,False,False,US,US
2830,73.64,73.64,87,87,True,True,JP,JP
2831,22.2,22.2,35,35,True,True,JP,JP
2832,45.12,45.12,72,72,True,,DE,DE
2833,46.28,46.28,64,64,False,False,US,
2834,82.64,82.64,74,74,False,False,FR,FR
2835,68.38,68.38,63,,False,False,DE,DE
2836,64.32,64.32,55,55,True,True,FR,FR
2837,64.98,64.98,74,74,True,True,US,US
2838,27.05,27.05,77,77,False,False,DE,DE
2839,37.17,37.17,45,45,True,True,UK,UK
2840,4.57,4.57,86,86,False,False,JP,JP
2841,78.69,78.69,90,90,False,False,UK,UK
2842,43.3,43.3,70,70,True,True,JP,JP
2843,43.82,43.82,85,85,True,True,JP,JP
2844,24.54,24.54,25,25,True,True,DE,DE
2845,20.94,20.94,57,57,True,True,US,
2846,58.78,58.78,65,65,True,True,UK,UK
2847,23.26,23.26,85,85,True,True,US,US
2848,6.42,6.42,26,26,False,False,FR,FR
2849,76.75,76.75,76,76,True,True,FR,FR
2850,37.65,37.65,23,23,True,True,UK,
2851,38.02,38.02,44,44,True,True,FR,FR
2852,43.13,43.13,68,68,False,False,DE,DE
2853,81.5,81.5,39,39,True,True,JP,JP
2854,32.08,,78,78,False,False,US,US
2855,75.8,75.8,85,85,False,False,US,US
2856,93.95,93.95,29,29,False,False,JP,JP
2857,66.09,66.09,36,36,False,False,UK,UK
2858,43.17,43.17,23,23,False,False,JP,JP
2859,74.78,74.78,69,69,False,,JP,JP
2860,45.79,45.79,82,82,False,False,US,US
2861,41.44,41.44,61,61,False,False,DE,DE
2862,52.53,52.53,27,27,True,True,FR,
2863,31.77,31.77,30,30,True,True,US,US
2864,10.43,10.43,20,20,False,False,JP,JP
2865,41.49,41.49,53,53,False,False,US,US
2866,12.39,12.39,70,70,True,True,US,US
2867,41.04,41.04,28,28,True,True,DE,DE
2868,55.69,55.69,79,79,True,True,UK,UK
2869,93.07,93.07,36,36,False,False,FR,FR
2870,3.62,3.62,55,55,False,False,UK,UK
2871,62.15,,66,66,False,False,UK,UK
2872,45.77,45.77,57,57,True,True,JP,JP
2873,2.03,2.03,52,52,False,False,US,
2874,24.95,24.95,42,42,False,False,DE,DE
2875,11.85,11.85,49,49,False,False,US,US
2876,21.68,21.68,35,35,True,True,US,US
2877,27.46,27.46,39,39,True,True,UK,UK
2878,40.13,40.13,73,73,False,,UK,
2879,52.9,52.9,82,82,True,True,DE,DE
2880,0.1,0.1,79,79,False,False,DE,DE
2881,16.19,16.19,42,42,True,True,US,US
2882,9.36,9.36,41,41,False,False,US,US
2883,54.97,54.97,22,22,True,True,US,US
2884,32.91,32.91,37,37,True,True,FR,FR
2885,54.84,54.84,60,60,False,False,JP,JP
2886,22.18,22.18,37,37,False,False,US,US
2887,2.42,2.42,71,71,False,False,US,US
2888,94.14,94.14,21,21,True,True,FR,FR
2889,10.83,10.83,48,48,True,True,FR,FR
2890,12.69,12.69,38,38,False,False,FR,FR
2891,14.65,14.65,54,54,False,False,US,US
2892,98.13,98.13,19,19,True,True,JP,JP
2893,61.77,61.77,48,48,True,True,FR,FR
2894,61.03,61.03,75,75,False,False,US,US
2895,98.67,98.67,80,80,False,False,US,US
2896,8.84,8.84,36,36,False,,FR,FR
2897,97.45,97.45,49,49,False,False,FR,FR
2898,20.4,20.4,68,68,False,False,FR,FR
2899,62.31,62.31,51,51,False,False,DE,DE
2900,42.01,42.01,57,57,False,False,DE,DE
2901,38.4,38.4,42,42,False,False,FR,FR
2902,93.12,93.12,79,79,True,True,US,US
2903,14.92,14.92,64,64,False,False,UK,UK
2904,99.71,99.71,88,88,True,True,US,US
2905,37.91,37.91,74,74,True,True,JP,JP
2906,64.88,64.88,44,44,False,False,FR,FR
2907,96.79,96.79,41,41,True,True,FR,FR
2908,5.76,5.76,24,24,False,False,DE,DE
2909,92.29,92.29,63,63,True,True,JP,JP
2910,56.78,56.78,72,,False,False,JP,JP
2911,70.44,70.44,43,43,True,True,FR,FR
2912,14.92,14.92,19,19,True,True,JP,
2913,53.34,53.34,78,78,False,False,FR,FR
2914,67.35,67.35,34,34,True,True,FR,FR
2915,45.62,45.62,60,60,True,True,UK,UK
2916,15.5,15.5,21,21,True,True,JP,JP
2917,24.41,24.41,22,22,False,False,US,US
2918,85.44,85.44,83,,True,True,FR,FR
2919,3.45,3.45,67,67,True,True,FR,FR
2920,70.89,,18,18,False,False,US,US
2921,99.94,99.94,25,25,False,False,FR,FR
2922,0.75,0.75,53,53,False,False,US,US
2923,16.1,16.1,67,67,False,False,DE,
2924,67.41,67.41,48,48,True,True,JP,JP
2925,6.0,6.0,81,81,True,True,US,
2926,58.98,58.98,65,65,False,False,UK,UK
2927,68.4,68.4,62,62,False,False,DE,DE
2928,58.81,58.81,39,39,False,False,JP,JP
2929,36.52,36.52,67,67,True,True,UK,UK
2930,69.73,69.73,81,81,False,False,US,US
2931,59.43,59.43,21,21,True,True,US,
2932,20.76,20.76,71,71,True,True,US,US
2933,56.31,56.31,82,82,False,False,JP,JP
2934,88.19,88.19,49,49,True,True,FR,FR
2935,66.68,66.68,73,73,True,True,DE,DE
2936,47.18,47.18,44,44,True,True,JP,JP
2937,32.16,32.16,32,32,True,True,JP,JP
2938,8.59,8.59,77,77,False,False,JP,JP
2939,24.46,24.46,40,40,True,True,US,US
2940,1.12,1.12,73,73,False,False,US,US
2941,98.66,98.66,41,41,True,True,FR,FR
2942,22.25,22.25,47,47,False,False,UK,UK
2943,81.49,81.49,68,,True,True,US,US
2944,16.86,16.86,42,42,True,True,FR,FR
2945,28.36,,76,76,True,True,UK,UK
2946,41.83,41.83,20,20,False,False,JP,JP
2947,32.44,32.44,18,18,False,False,DE,DE
2948,79.84,79.84,23,23,True,True,UK,UK
2949,95.77,95.77,36,36,True,True,JP,JP
2950,87.53,87.53,21,21,True,True,FR,FR
2951,15.36,15.36,45,45,True,True,UK,UK
2952,77.67,77.67,19,19,True,True,US,US
2953,14.79,14.79,73,73,False,False,DE,DE
2954,91.34,91.34,29,29,True,True,FR,FR
2955,51.79,51.79,88,88,True,True,JP,
2956,33.64,33.64,80,80,False,False,US,US
2957,15.7,15.7,68,68,False,False,DE,
2958,1.18,1.18,76,76,True,True,JP,JP
2959,24.79,24.79,74,74,False,False,FR,FR
2960,91.4,91.4,79,79,False,False,US,US
2961,79.73,79.73,58,58,True,True,JP,JP
2962,96.98,96.98,63,63,True,True,FR,FR
2963,10.08,10.08,52,52,False,False,DE,DE
2964,59.22,59.22,63,63,True,True,FR,FR
2965,25.72,25.72,45,45,False,False,FR,FR
2966,54.29,54.29,27,27,True,True,UK,UK
2967,32.05,32.05,85,85,True,True,FR,FR
2968,28.35,28.35,69,,False,False,UK,UK
2969,57.38,57.38,69,69,False,False,UK,UK
2970,18.33,18.33,38,,True,True,DE,DE
2971,46.91,46.91,74,74,False,False,US,US
2972,65.08,65.08,55,55,True,True,FR,FR
2973,12.82,12.82,23,23,False,False,DE,DE
2974,93.06,,87,87,True,True,FR,FR
2975,50.57,50.57,90,90,True,True,US,US
2976,81.95,81.95,81,81,True,True,DE,DE
2977,65.39,65.39,52,52,True,True,DE,DE
2978,71.0,71.0,35,35,True,True,US,US
2979,71.61,71.61,18,18,False,False,DE,DE
2980,87.51,87.51,71,71,False,False,JP,JP
2981,61.36,61.36,83,83,False,False,JP,JP
2982,27.82,27.82,25,25,False,False,US,US
2983,9.95,9.95,67,67,True,True,JP,JP
2984,60.63,60.63,19,19,False,False,DE,DE
2985,6.64,6.64,74,74,True,True,US,
2986,24.13,24.13,20,20,True,True,JP,JP
2987,6.07,6.07,89,89,True,True,DE,
2988,54.89,54.89,30,30,True,True,JP,JP
2989,16.03,16.03,47,47,False,False,US,US
2990,61.04,61.04,68,68,False,False,US,US
2991,79.09,79.09,79,79,False,False,JP,JP
2992,82.19,82.19,44,44,False,False,UK,UK
2993,30.95,,89,89,False,,DE,DE
2994,54.9,54.9,19,19,True,True,FR,FR
2995,56.3,56.3,52,52,False,False,JP,JP
2996,47.29,47.29,90,90,True,True,UK,UK
2997,65.51,65.51,38,,False,False,FR,FR
2998,21.01,21.01,56,56,True,,FR,FR
2999,97.92,97.92,50,50,False,False,FR,FR
3000,9.81,9.81,46,46,False,False,DE,DE
3001,82.92,82.92,74,74,False,False,US,US
3002,59.41,59.41,55,55,True,True,UK,UK
3003,24.49,24.49,70,70,True,True,DE,
3004,74.57,74.57,55,55,False,False,DE,
3005,8.45,8.45,90,90,True,True,US,US
3006,77.44,77.44,52,52,False,False,FR,FR
3007,59.0,59.0,76,76,False,,DE,DE
3008,11.08,11.08,62,62,True,True,FR,FR
3009,7.95,7.95,76,,True,True,DE,DE
3010,75.08,75.08,82,82,False,False,UK,UK
3011,29.29,29.29,34,34,True,True,US,US
3012,88.93,88.93,40,40,True,True,US,US
3013,76.21,76.21,40,40,True,True,DE,DE
3014,69.82,69.82,53,53,False,False,UK,UK
3015,27.86,27.86,53,53,True,True,FR,FR
3016,70.89,70.89,18,18,False,False,FR,FR
3017,94.81,94.81,83,83,True,True,UK,UK
3018,9.16,9.16,80,80,True,True,FR,FR
3019,32.62,,61,61,True,True,DE,DE
3020,23.47,23.47,40,40,False,False,JP,JP
3021,39.33,39.33,78,78,True,True,JP,JP
3022,74.23,74.23,37,37,False,,JP,JP
3023,47.42,,40,40,True,True,US,US
3024,57.07,57.07,90,,False,False,DE,DE
3025,31.42,31.42,85,85,True,True,US,US
3026,14.13,14.13,60,60,False,False,JP,JP
3027,26.69,26.69,30,30,True,True,FR,FR
3028,85.97,85.97,26,26,True,True,UK,UK
3029,60.24,60.24,88,88,True,True,FR,FR
3030,37.8,37.8,37,37,False,False,DE,DE
3031,78.99,78.99,67,67,False,False,DE,DE
3032,6.45,6.45,43,43,True,True,DE,DE
3033,25.39,25.39,54,54,True,,JP,JP
3034,23.01,23.01,89,89,True,True,FR,FR
3035,98.54,98.54,61,61,False,,DE,DE
3036,70.61,70.61,49,49,True,True,FR,FR
3037,61.78,61.78,48,48,False,False,US,US
3038,0.5,0.5,34,34,False,False,UK,UK
3039,18.43,18.43,58,58,False,False,US,US
3040,63.55,63.55,59,59,True,True,JP,JP
3041,37.97,37.97,24,24,True,True,US,US
3042,92.43,92.43,47,,True,True,JP,JP
3043,76.47,76.47,65,65,False,False,JP,JP
3044,44.74,44.74,22,22,False,False,JP,JP
3045,74.95,74.95,89,89,False,False,FR,FR
3046,97.54,97.54,80,80,True,True,DE,DE
3047,46.1,46.1,64,64,True,True,JP,JP
3048,64.25,,19,19,False,False,JP,JP
3049,91.87,91.87,55,55,True,True,JP,JP
3050,24.87,24.87,83,83,False,False,FR,FR
3051,88.66,88.66,19,19,False,False,FR,
3052,9.75,,75,75,True,True,FR,FR
3053,64.84,64.84,79,79,True,True,JP,JP
3054,78.28,78.28,23,23,False,False,DE,DE
3055,61.46,61.46,34,34,True,True,DE,DE
3056,49.55,49.55,70,70,False,False,JP,JP
3057,61.73,61.73,84,84,True,True,UK,UK
3058,15.17,15.17,74,74,False,False,FR,FR
3059,21.56,21.56,56,56,False,,US,US
3060,26.99,26.99,61,61,False,False,DE,DE
3061,59.78,59.78,56,56,True,True,US,US
3062,44.19,44.19,60,60,True,True,JP,JP
3063,24.45,,74,74,True,True,JP,JP
3064,88.28,88.28,21,21,False,False,UK,
3065,37.39,37.39,33,33,True,True,US,US
3066,44.6,44.6,22,22,True,True,FR,FR
3067,40.97,40.97,76,76,False,False,JP,JP
3068,18.19,18.19,71,71,True,True,UK,UK
3069,73.16,73.16,21,21,False,,JP,JP
3070,44.85,44.85,25,25,False,False,DE,DE
3071,1.63,1.63,37,37,False,False,DE,DE
3072,96.4,96.4,35,35,False,False,UK,UK
3073,81.58,81.58,55,55,True,True,UK,UK
3074,72.36,72.36,54,54,False,False,UK,UK
3075,86.91,86.91,44,44,True,True,US,US
3076,90.68,90.68,29,29,True,,UK,UK
3077,33.75,33.75,65,65,True,True,UK,UK
3078,61.1,61.1,75,75,False,False,US,US
3079,60.88,60.88,64,64,False,False,UK,UK
3080,26.73,26.73,76,76,False,False,US,US
3081,22.2,22.2,84,84,True,True,US,US
3082,11.39,11.39,79,79,True,True,FR,FR
3083,65.93,65.93,65,65,True,True,US,US
3084,78.09,78.09,21,21,False,False,UK,UK
3085,76.1,76.1,42,42,True,True,FR,FR
3086,31.63,31.63,49,49,False,False,US,US
3087,20.53,20.53,70,70,False,False,FR,FR
3088,45.36,45.36,79,79,True,True,US,US
3089,54.68,54.68,64,64,False,False,US,US
3090,91.91,91.91,44,44,True,True,US,US
3091,87.48,87.48,75,75,False,False,JP,JP
3092,91.61,91.61,68,68,False,False,US,US
3093,85.03,85.03,76,76,False,False,US,US
3094,96.46,96.46,61,61,False,False,JP,JP
3095,46.55,46.55,65,65,True,True,FR,FR
3096,4.75,4.75,43,43,False,False,DE,DE
3097,8.36,8.36,47,47,True,True,US,US
3098,39.03,39.03,38,38,False,False,UK,UK
3099,25.77,25.77,36,36,False,False,DE,DE
3100,16.99,16.99,65,65,False,False,DE,DE
3101,95.32,95.32,46,46,True,True,DE,DE
3102,19.54,19.54,27,27,False,False,US,US
3103,95.94,95.94,20,20,False,False,JP,JP
3104,76.08,76.08,80,80,True,True,FR,FR
3105,64.09,64.09,49,49,False,False,UK,UK
3106,67.6,67.6,60,60,True,True,JP,JP
3107,33.15,33.15,84,84,False,False,UK,UK
3108,64.64,64.64,26,26,True,True,US,US
3109,18.67,18.67,86,86,False,False,JP,JP
3110,93.77,93.77,69,69,True,True,US,US
3111,30.18,30.18,64,64,False,False,US,US
3112,25.52,25.52,49,49,False,False,FR,FR
3113,71.12,,69,69,True,True,UK,UK
3114,65.64,65.64,32,32,False,False,US,US
3115,45.13,45.13,40,40,False,False,US,US
3116,63.24,63.24,88,,True,,US,US
3117,15.95,15.95,38,38,True,True,JP,JP
3118,67.33,67.33,70,70,False,False,FR,FR
3119,27.06,27.06,85,85,True,True,JP,JP
3120,27.28,27.28,61,61,False,False,FR,FR
3121,16.22,16.22,39,39,False,False,DE,DE
3122,33.24,33.24,79,79,True,True,UK,UK
3123,33.13,33.13,78,78,False,False,JP,JP
3124,45.42,45.42,57,57,False,False,JP,JP
3125,19.04,19.04,26,26,True,True,DE,DE
3126,19.3,19.3,50,50,False,False,US,US
3127,54.17,54.17,49,49,True,True,FR,FR
3128,12.89,12.89,31,31,True,True,UK,UK
3129,68.89,68.89,47,47,False,False,UK,UK
3130,94.39,94.39,29,29,True,True,FR,FR
3131,42.68,42.68,68,68,True,True,JP,
3132,90.11,90.11,49,49,True,True,FR,FR
3133,9.83,9.83,71,71,False,False,US,US
3134,4.3,4.3,51,51,False,False,FR,FR
3135,72.14,72.14,70,70,False,False,JP,JP
3136,76.1,76.1,71,71,True,True,FR,FR
3137,84.31,84.31,29,29,True,True,UK,UK
3138,5.68,5.68,50,50,True,True,FR,FR
3139,77.69,77.69,72,72,True,True,UK,UK
3140,37.65,37.65,61,61,False,False,JP,JP
3141,30.33,30.33,34,34,True,True,JP,JP
3142,17.3,17.3,78,78,True,True,DE,DE
3143,99.6,99.6,32,32,True,True,US,US
3144,6.37,,90,90,True,True,DE,DE
3145,82.7,82.7,69,,True,True,US,US
3146,63.95,63.95,41,41,True,True,FR,FR
3147,73.51,73.51,32,32,False,False,FR,FR
3148,71.17,71.17,83,83,False,False,UK,UK
3149,85.84,85.84,56,56,False,False,JP,JP
3150,18.38,18.38,76,76,True,True,FR,FR
3151,0.08,0.08,78,78,False,False,JP,JP
3152,59.85,59.85,22,22,False,False,UK,UK
3153,35.39,35.39,67,67,False,False,US,US
3154,12.38,,42,42,False,False,DE,
3155,18.61,18.61,84,84,True,True,UK,UK
3156,33.17,33.17,33,33,False,False,FR,FR
3157,7.02,7.02,20,20,False,False,DE,DE
3158,5.69,5.69,66,66,False,False,FR,FR
3159,91.6,91.6,58,58,False,False,US,US
3160,31.21,31.21,58,58,False,False,US,US
3161,98.22,98.22,37,37,False,False,JP,JP
3162,96.44,96.44,54,54,True,True,DE,DE
3163,14.26,14.26,88,88,False,False,US,US
3164,71.49,71.49,73,73,True,True,JP,JP
3165,60.08,60.08,89,89,False,False,US,US
3166,69.06,69.06,42,42,False,False,JP,
3167,9.62,9.62,81,81,False,False,UK,UK
3168,18.86,18.86,45,45,True,True,DE,DE
3169,7.66,7.66,86,86,False,False,UK,UK
3170,60.41,60.41,81,81,True,True,US,
3171,98.66,98.66,30,30,True,True,DE,DE
3172,67.2,67.2,88,88,False,False,UK,UK
3173,71.08,71.08,62,62,False,False,DE,DE
3174,98.46,98.46,74,74,True,True,DE,DE
3175,67.8,,60,60,False,False,FR,FR
3176,4.02,,33,33,True,True,US,US
3177,86.7,86.7,89,89,False,False,UK,UK
3178,36.47,36.47,26,26,True,True,JP,JP
3179,0.44,0.44,77,77,True,True,JP,JP
3180,50.72,50.72,33,33,True,,DE,DE
3181,93.7,93.7,75,75,True,True,UK,UK
3182,25.73,25.73,48,48,True,True,DE,DE
3183,49.15,49.15,35,35,True,,FR,FR
3184,17.38,17.38,35,35,True,True,UK,UK
3185,5.77,5.77,41,41,False,False,JP,JP
3186,8.05,8.05,83,83,False,False,US,US
3187,72.7,72.7,74,74,True,True,FR,FR
3188,86.41,86.41,66,66,False,False,DE,DE
3189,14.33,14.33,63,,False,False,DE,DE
3190,28.83,28.83,48,48,True,True,DE,DE
3191,19.5,19.5,83,83,False,False,US,US
3192,2.69,2.69,37,37,False,False,UK,UK
3193,55.34,55.34,86,,True,True,UK,UK
3194,69.99,69.99,45,45,False,False,FR,FR
3195,64.79,64.79,42,42,True,True,DE,DE
3196,38.81,38.81,52,52,False,,DE,DE
3197,55.5,55.5,72,72,False,False,DE,DE
3198,9.41,9.41,70,70,True,True,DE,DE
3199,15.43,15.43,73,73,False,False,US,US
3200,93.18,93.18,24,24,True,True,JP,
3201,76.15,76.15,29,29,True,True,JP,JP
3202,92.27,92.27,79,79,False,False,UK,UK
3203,91.67,91.67,89,,True,True,FR,FR
3204,64.94,,27,27,False,False,UK,UK
3205,92.82,92.82,84,84,True,True,US,US
3206,41.67,41.67,37,37,False,,JP,JP
3207,0.36,0.36,89,89,True,True,UK,UK
3208,6.26,6.26,90,90,False,False,UK,UK
3209,10.95,10.95,64,64,True,True,DE,DE
3210,9.54,9.54,31,31,True,True,DE,DE
3211,35.17,35.17,75,,False,False,UK,UK
3212,70.13,,25,25,False,False,JP,JP
3213,79.06,79.06,42,42,False,False,UK,UK
3214,59.02,59.02,64,64,True,True,DE,DE
3215,14.64,14.64,22,22,True,,FR,FR
3216,74.79,74.79,46,46,False,False,JP,JP
3217,35.48,35.48,76,76,False,False,DE,DE
3218,1.3,1.3,24,24,False,False,DE,DE
3219,28.06,28.06,44,44,False,False,JP,JP
3220,33.06,33.06,18,18,True,True,DE,DE
3221,27.42,27.42,66,66,True,True,UK,UK
3222,81.19,81.19,23,23,False,False,US,US
3223,75.99,75.99,38,38,False,False,UK,UK
3224,69.56,69.56,56,56,False,False,US,US
3225,13.9,13.9,33,33,False,False,UK,UK
3226,80.78,80.78,34,34,False,False,DE,DE
3227,67.72,67.72,78,78,True,True,DE,DE
3228,19.48,19.48,74,74,True,True,US,US
3229,64.81,64.81,23,23,True,True,DE,DE
3230,48.35,48.35,80,80,False,False,DE,DE
3231,43.94,43.94,52,52,False,False,US,US
3232,11.21,11.21,28,28,True,True,UK,UK
3233,51.83,51.83,84,84,False,False,FR,FR
3234,9.99,9.99,42,42,True,True,US,US
3235,16.43,16.43,41,41,True,True,UK,UK
3236,13.25,13.25,28,28,True,True,DE,
3237,95.41,95.41,82,82,False,False,US,US
3238,28.49,28.49,38,38,True,True,FR,FR
3239,35.52,35.52,61,61,False,False,FR,FR
3240,32.21,32.21,35,35,True,True,UK,
3241,89.83,89.83,83,83,False,False,UK,UK
3242,56.3,56.3,75,75,True,True,FR,FR
3243,91.92,91.92,54,54,False,False,UK,UK
3244,29.99,29.99,43,43,False,False,US,US
3245,11.48,11.48,65,65,False,False,US,US
3246,55.62,55.62,54,54,True,True,US,US
3247,34.55,34.55,86,86,False,False,JP,JP
3248,80.19,80.19,67,67,True,True,JP,JP
3249,87.94,87.94,19,19,False,False,DE,DE
3250,47.26,47.26,78,,False,False,JP,
3251,97.14,97.14,32,32,True,True,FR,FR
3252,55.3,55.3,39,39,True,True,DE,DE
3253,27.09,27.09,49,49,True,True,FR,FR
3254,48.9,48.9,33,33,False,False,DE,DE
3255,3.73,3.73,86,86,True,True,JP,JP
3256,80.4,80.4,89,89,True,True,JP,JP
3257,10.14,10.14,29,29,False,False,JP,JP
3258,30.87,30.87,41,41,False,False,DE,DE
3259,56.53,56.53,45,45,False,False,DE,DE
3260,4.3,4.3,66,66,False,False,US,US
3261,7.93,7.93,61,61,True,True,FR,FR
3262,69.61,69.61,67,67,False,False,US,US
3263,7.18,7.18,20,20,False,False,DE,DE
3264,47.71,47.71,55,55,False,False,US,US
3265,33.87,33.87,33,33,False,False,DE,DE
3266,22.81,22.81,34,,False,False,FR,FR
3267,18.88,18.88,74,74,True,True,UK,UK
3268,76.34,76.34,28,28,False,,FR,
3269,95.15,95.15,20,20,True,True,UK,UK
3270,14.02,14.02,53,53,True,True,UK,UK
3271,95.97,95.97,71,71,False,False,US,US
3272,59.48,59.48,55,55,False,False,US,US
3273,64.17,64.17,29,29,False,False,UK,UK
3274,70.99,70.99,74,74,True,True,US,US
3275,70.41,70.41,45,45,True,True,JP,JP
3276,81.98,81.98,69,69,True,True,FR,FR
3277,48.35,48.35,32,32,False,False,UK,
3278,53.34,53.34,84,,False,False,JP,JP
3279,32.38,32.38,38,38,False,False,UK,UK
3280,10.53,10.53,88,88,False,False,DE,DE
3281,66.46,66.46,45,45,True,True,FR,FR
3282,3.36,,71,,False,False,FR,FR
3283,27.56,27.56,54,54,True,True,US,US
3284,9.42,9.42,23,23,False,False,UK,UK
3285,19.07,19.07,25,25,False,False,UK,UK
3286,63.87,63.87,47,47,False,False,DE,DE
3287,62.85,62.85,32,32,False,False,JP,JP
3288,42.11,42.11,62,62,True,True,DE,DE
3289,9.02,9.02,28,28,False,False,DE,DE
3290,43.34,43.34,61,61,True,True,US,US
3291,35.27,,32,32,False,False,DE,DE
3292,72.05,,31,31,False,False,DE,DE
3293,57.9,57.9,44,44,True,True,FR,FR
3294,49.16,49.16,60,60,True,True,JP,JP
3295,48.7,48.7,47,47,True,True,DE,DE
3296,96.63,96.63,43,43,False,False,US,US
3297,75.63,75.63,42,42,True,True,JP,JP
3298,49.7,49.7,42,42,True,True,DE,DE
3299,47.92,47.92,47,47,True,True,DE,DE
3300,2.65,2.65,78,78,True,True,JP,JP
3301,94.25,94.25,60,60,True,True,DE,DE
3302,31.92,31.92,48,48,False,False,FR,FR
3303,25.59,25.59,72,72,True,True,JP,JP
3304,99.94,,56,,True,True,DE,DE
3305,71.87,71.87,87,87,False,False,JP,JP
3306,4.74,4.74,59,59,True,True,US,US
3307,6.19,6.19,33,33,True,True,JP,JP
3308,2.55,2.55,59,59,False,False,JP,JP
3309,59.96,,74,74,True,True,US,US
3310,7.16,7.16,33,33,False,False,US,
3311,93.34,93.34,32,32,True,True,US,US
3312,93.69,93.69,61,61,True,True,UK,UK
3313,54.61,54.61,82,82,False,False,JP,JP
3314,61.66,61.66,42,42,False,False,US,US
3315,29.19,29.19,54,54,True,True,US,US
3316,6.4,6.4,65,65,False,False,DE,DE
3317,73.75,73.75,66,66,True,True,UK,UK
3318,10.18,10.18,28,28,True,True,FR,FR
3319,8.56,8.56,46,46,False,False,FR,FR
3320,31.12,31.12,90,90,False,,JP,JP
3321,1.25,1.25,82,82,False,False,DE,DE
3322,43.4,43.4,74,74,False,False,DE,DE
3323,70.77,,19,,True,True,US,US
3324,80.13,80.13,48,48,True,True,JP,JP
3325,60.43,60.43,21,21,False,False,UK,UK
3326,84.69,84.69,39,39,False,False,DE,DE
3327,40.65,40.65,81,81,True,True,JP,JP
3328,84.88,84.88,46,46,True,True,FR,FR
3329,50.65,50.65,30,,False,False,FR,FR
3330,22.3,22.3,70,70,True,True,US,US
3331,94.41,94.41,73,73,False,False,FR,FR
3332,27.5,27.5,65,65,False,False,US,US
3333,2.62,2.62,77,77,False,False,FR,FR
3334,24.27,24.27,69,69,True,True,DE,DE
3335,36.67,36.67,64,64,True,True,DE,DE
3336,35.13,35.13,82,82,True,True,FR,FR
3337,52.47,52.47,41,41,False,False,FR,FR
3338,88.31,88.31,51,51,False,False,UK,UK
3339,29.23,,59,59,True,True,UK,UK
3340,52.08,52.08,66,66,True,True,DE,DE
3341,34.01,34.01,52,52,False,False,US,US
3342,82.18,82.18,50,50,True,True,UK,UK
3343,15.76,15.76,30,30,False,False,US,US
3344,10.35,10.35,64,64,True,True,DE,DE
3345,50.3,50.3,27,27,True,True,UK,UK
3346,67.19,67.19,52,52,False,False,UK,UK
3347,79.55,79.55,47,47,False,False,JP,JP
3348,58.96,58.96,74,74,False,False,US,US
3349,77.38,77.38,52,52,True,True,US,US
3350,39.27,39.27,18,18,True,True,UK,UK
3351,3.29,3.29,54,54,False,False,US,US
3352,11.61,11.61,33,,True,True,JP,JP
3353,3.87,3.87,45,45,False,False,JP,JP
3354,32.89,32.89,39,39,True,,JP,
3355,49.55,49.55,30,30,True,True,FR,FR
3356,35.63,35.63,87,87,False,False,US,US
3357,56.06,,36,,False,,DE,DE
3358,48.06,,55,55,True,True,US,US
3359,67.79,67.79,78,78,True,True,UK,UK
3360,66.7,66.7,44,44,False,False,DE,DE
3361,31.81,31.81,86,86,False,False,FR,FR
3362,34.62,34.62,47,47,False,False,UK,UK
3363,58.51,58.51,87,87,False,False,UK,UK
3364,59.64,59.64,50,50,True,True,JP,JP
3365,31.47,31.47,19,,True,True,UK,UK
3366,33.03,33.03,81,81,False,,DE,DE
3367,69.4,69.4,81,81,True,True,UK,UK
3368,64.74,64.74,88,88,True,True,JP,JP
3369,13.51,13.51,27,27,False,False,DE,DE
3370,44.1,44.1,79,79,False,False,US,US
3371,89.27,89.27,42,42,True,True,US,US
3372,3.63,3.63,79,79,True,True,JP,JP
3373,85.52,85.52,88,88,True,True,JP,
3374,16.32,16.32,32,32,True,True,FR,FR
3375,50.72,50.72,45,45,False,False,US,US
3376,42.43,42.43,37,37,False,False,FR,FR
3377,1.01,1.01,40,40,False,False,FR,FR
3378,91.54,91.54,61,61,True,True,JP,JP
3379,45.49,45.49,48,48,True,,DE,DE
3380,95.43,95.43,65,65,True,True,DE,DE
3381,28.67,28.67,67,67,True,True,FR,FR
3382,86.63,86.63,32,32,False,False,US,US
3383,92.24,92.24,21,21,True,True,FR,FR
3384,55.68,55.68,72,72,True,True,DE,DE
3385,20.27,20.27,31,31,True,True,US,US
3386,68.52,68.52,32,32,True,True,JP,JP
3387,54.9,54.9,61,61,False,False,UK,UK
3388,94.45,94.45,37,37,False,False,JP,JP
3389,43.93,43.93,31,31,True,True,UK,UK
3390,26.85,26.85,40,40,True,True,DE,
3391,13.83,13.83,56,56,True,True,DE,DE
3392,69.86,69.86,79,79,False,False,FR,FR
3393,97.41,97.41,90,90,True,True,US,US
3394,2.83,2.83,71,71,False,False,UK,UK
3395,74.04,74.04,83,83,True,True,US,US
3396,92.69,92.69,56,56,False,False,UK,UK
3397,7.48,7.48,47,47,True,True,DE,DE
3398,11.02,11.02,77,77,True,True,DE,DE
3399,69.2,69.2,40,40,False,,JP,JP
3400,64.8,64.8,77,77,True,True,DE,DE
3401,6.88,6.88,90,90,True,True,DE,
3402,83.44,83.44,46,46,False,False,US,
3403,52.34,52.34,64,64,False,False,US,US
3404,90.72,90.72,75,75,False,False,FR,FR
3405,87.8,87.8,75,75,True,True,FR,FR
3406,81.25,81.25,33,33,False,False,DE,DE
3407,51.59,51.59,88,88,True,True,DE,DE
3408,25.17,25.17,54,54,True,True,DE,DE
3409,50.6,50.6,21,21,True,True,JP,JP
3410,10.08,10.08,26,26,False,False,US,US
3411,65.88,65.88,71,71,True,True,DE,DE
3412,13.4,13.4,49,49,False,False,UK,UK
3413,51.12,51.12,25,25,False,False,US,US
3414,5.44,5.44,55,55,False,False,FR,FR
3415,29.95,29.95,61,61,True,True,FR,FR
3416,23.21,23.21,23,23,False,False,JP,JP
3417,62.0,62.0,43,43,False,False,US,US
3418,78.68,78.68,51,51,True,True,US,US
3419,5.73,5.73,74,74,True,True,DE,
3420,85.03,85.03,65,65,True,True,JP,JP
3421,86.08,86.08,24,24,False,False,JP,JP
3422,34.23,34.23,62,62,False,False,FR,FR
3423,65.9,65.9,83,83,True,True,JP,
3424,40.26,40.26,21,21,False,False,JP,JP
3425,15.42,15.42,90,90,True,True,UK,UK
3426,52.87,52.87,24,,False,,DE,DE
3427,8.64,8.64,63,63,True,True,FR,FR
3428,87.85,87.85,43,43,True,True,UK,UK
3429,92.43,92.43,71,71,True,True,JP,JP
3430,82.16,82.16,79,79,False,False,FR,FR
3431,56.25,56.25,80,80,True,True,DE,DE
3432,55.76,55.76,81,81,False,False,DE,DE
3433,98.46,98.46,77,77,True,True,FR,FR
3434,24.79,24.79,40,40,True,True,UK,UK
3435,7.59,7.59,51,51,True,,UK,UK
3436,56.19,56.19,70,70,False,False,DE,DE
3437,32.88,32.88,30,,False,False,US,US
3438,32.23,32.23,60,60,True,True,DE,DE
3439,0.71,0.71,56,56,False,False,DE,DE
3440,59.62,59.62,89,89,False,False,DE,DE
3441,26.4,26.4,21,,False,False,DE,DE
3442,18.79,18.79,24,24,False,,JP,
3443,4.04,4.04,20,20,False,False,UK,UK
3444,36.44,36.44,57,57,True,True,DE,DE
3445,87.9,87.9,58,58,True,True,FR,FR
3446,33.67,33.67,61,61,False,False,UK,UK
3447,67.91,,35,35,False,False,FR,FR
3448,75.65,75.65,40,40,False,False,JP,JP
3449,32.81,32.81,48,48,True,True,UK,UK
3450,82.16,82.16,21,21,True,True,UK,UK
3451,69.19,69.19,72,72,True,True,US,US
3452,55.92,55.92,21,21,False,False,US,
3453,0.1,0.1,66,66,True,True,UK,UK
3454,3.51,3.51,51,51,True,True,JP,JP
3455,99.09,99.09,90,,True,True,UK,UK
3456,78.23,78.23,68,68,False,False,JP,JP
3457,93.76,93.76,52,52,False,False,JP,JP
3458,90.23,90.23,69,69,True,True,FR,FR
3459,2.04,2.04,26,26,True,True,JP,JP
3460,79.18,79.18,31,,True,True,DE,DE
3461,45.11,45.11,54,54,True,True,JP,JP
3462,78.96,78.96,80,80,False,False,DE,DE
3463,0.67,,77,77,True,True,US,US
3464,28.82,28.82,45,45,True,True,JP,JP
3465,75.13,75.13,38,38,False,False,JP,JP
3466,79.3,79.3,88,88,True,True,JP,JP
3467,61.97,61.97,59,59,False,False,DE,DE
3468,30.13,30.13,26,26,False,False,US,US
3469,31.04,31.04,34,34,False,False,DE,DE
3470,96.68,96.68,79,79,False,False,JP,JP
3471,43.92,43.92,83,83,True,True,JP,JP
3472,44.71,44.71,84,84,True,True,FR,FR
3473,55.23,55.23,18,18,True,True,FR,FR
3474,40.95,40.95,78,78,True,True,US,US
3475,55.27,55.27,26,26,False,False,FR,FR
3476,43.23,43.23,77,77,True,True,US,US
3477,82.67,82.67,82,82,True,True,FR,FR
3478,90.91,90.91,44,44,True,True,US,US
3479,93.21,93.21,32,32,True,True,DE,DE
3480,56.43,56.43,70,70,True,True,JP,JP
3481,44.21,44.21,22,22,True,True,US,US
3482,70.52,70.52,60,60,True,True,DE,
3483,83.83,83.83,42,42,True,True,US,US
3484,56.3,56.3,48,48,True,True,FR,FR
3485,70.0,70.0,78,78,False,False,JP,JP
3486,74.97,74.97,90,90,True,True,US,US
3487,67.64,67.64,47,47,True,True,DE,DE
3488,74.61,74.61,39,39,True,True,FR,FR
3489,20.86,20.86,78,78,True,True,US,US
3490,49.84,49.84,48,48,False,False,DE,DE
3491,58.83,58.83,32,32,True,True,US,US
3492,0.25,0.25,83,83,True,True,JP,JP
3493,85.6,85.6,90,90,True,True,DE,DE
3494,61.0,61.0,39,39,False,False,DE,DE
3495,12.91,12.91,29,29,False,False,JP,JP
3496,81.64,81.64,29,29,True,True,FR,FR
3497,71.71,71.71,61,61,True,True,UK,UK
3498,75.83,75.83,40,40,True,True,FR,FR
3499,39.2,39.2,63,63,False,False,UK,
3500,85.42,85.42,73,73,True,True,DE,DE
3501,41.4,41.4,18,18,True,True,JP,JP
3502,57.05,57.05,80,80,False,False,JP,JP
3503,0.06,0.06,20,20,True,True,JP,JP
3504,64.49,64.49,26,26,True,True,DE,
3505,71.82,71.82,70,70,False,False,JP,JP
3506,56.71,56.71,63,63,False,False,JP,JP
3507,49.66,49.66,89,89,True,True,DE,DE
3508,80.99,80.99,59,59,True,True,US,US
3509,68.14,68.14,48,48,False,False,US,US
3510,27.81,27.81,66,66,True,True,FR,FR
3511,95.91,95.91,73,73,False,False,JP,JP
3512,70.73,70.73,66,66,False,False,JP,JP
3513,98.79,98.79,45,45,True,True,UK,UK
3514,97.13,97.13,88,88,False,False,JP,JP
3515,91.89,91.89,40,40,False,False,JP,JP
3516,75.54,75.54,43,43,True,True,DE,DE
3517,60.94,60.94,38,38,True,True,UK,UK
3518,17.22,17.22,39,,False,False,DE,DE
3519,54.34,54.34,33,33,True,True,FR,FR
3520,76.54,76.54,60,60,True,True,JP,JP
3521,52.09,52.09,71,71,True,True,US,US
3522,86.82,86.82,49,49,True,True,UK,UK
3523,10.97,,85,85,False,False,US,US
3524,38.09,38.09,52,52,True,True,JP,JP
3525,50.6,50.6,52,52,False,False,DE,DE
3526,43.23,43.23,23,23,False,False,UK,UK
3527,10.86,10.86,83,,True,True,UK,UK
3528,15.35,15.35,28,28,False,False,US,US
3529,83.76,83.76,30,30,True,True,DE,DE
3530,48.44,48.44,86,86,True,True,FR,FR
3531,4.87,4.87,55,55,False,False,UK,UK
3532,1.65,1.65,22,,True,True,DE,DE
3533,47.35,47.35,50,50,False,False,FR,FR
3534,16.44,16.44,61,61,False,False,UK,UK
3535,70.51,70.51,18,18,True,True,FR,FR
3536,79.53,79.53,73,73,True,True,UK,UK
3537,22.83,22.83,66,66,True,True,DE,DE
3538,59.22,59.22,18,18,False,False,JP,JP
3539,15.44,15.44,63,63,True,True,JP,JP
3540,30.36,30.36,34,34,False,False,DE,DE
3541,88.88,88.88,71,71,True,True,UK,UK
3542,54.41,54.41,45,45,True,True,JP,JP
3543,88.59,88.59,32,32,True,True,DE,DE
3544,22.52,22.52,54,54,True,True,UK,UK
3545,33.0,33.0,50,50,False,False,DE,DE
3546,47.1,47.1,42,42,True,True,DE,DE
3547,48.01,48.01,82,82,True,True,JP,JP
3548,99.76,99.76,65,65,False,False,UK,UK
3549,11.44,11.44,53,53,False,False,US,US
3550,85.2,85.2,34,34,False,False,DE,DE
3551,86.37,86.37,59,59,False,False,JP,JP
3552,55.32,55.32,19,19,True,True,US,US
3553,34.4,34.4,82,82,False,False,JP,JP
3554,51.92,51.92,18,18,True,True,US,US
3555,29.25,29.25,69,69,True,True,DE,DE
3556,79.91,79.91,43,43,False,False,DE,DE
3557,49.83,49.83,70,70,True,True,US,US
3558,92.58,92.58,44,44,True,True,FR,FR
3559,62.27,62.27,19,19,True,True,US,US
3560,51.43,51.43,87,87,False,False,DE,DE
3561,71.11,71.11,73,73,False,False,DE,
3562,50.39,50.39,21,21,True,True,DE,DE
3563,90.45,90.45,20,20,False,False,US,US
3564,18.44,18.44,56,56,True,True,DE,DE
3565,97.33,97.33,87,87,True,True,FR,FR
3566,81.22,81.22,60,60,False,False,DE,DE
3567,86.07,86.07,18,18,False,False,FR,FR
3568,48.29,48.29,69,69,False,False,FR,FR
3569,83.72,83.72,49,49,True,True,US,US
3570,30.68,30.68,64,64,True,,JP,JP
3571,76.19,76.19,43,43,False,False,JP,
3572,14.05,,18,18,True,True,JP,JP
3573,30.71,30.71,19,19,False,False,JP,JP
3574,44.57,44.57,64,64,False,False,UK,UK
3575,32.23,32.23,64,64,False,False,FR,FR
3576,38.7,38.7,41,41,False,False,DE,DE
3577,82.01,82.01,24,,True,True,JP,JP
3578,25.67,25.67,74,74,True,True,JP,JP
3579,74.53,74.53,29,29,False,False,US,US
3580,7.37,7.37,31,31,False,,JP,JP
3581,76.57,76.57,51,51,False,False,FR,FR
3582,79.2,79.2,70,,True,True,DE,DE
3583,40.17,40.17,90,90,True,True,DE,DE
3584,72.25,72.25,63,63,True,True,DE,DE
3585,91.51,91.51,88,88,False,False,FR,FR
3586,80.07,80.07,65,65,False,False,FR,FR
3587,39.04,39.04,79,79,True,True,DE,DE
3588,48.42,48.42,30,30,True,True,JP,JP
3589,77.94,77.94,22,22,True,True,UK,UK
3590,29.26,29.26,66,66,True,True,DE,DE
3591,80.39,80.39,89,89,True,True,DE,DE
3592,32.81,32.81,71,71,True,True,US,US
3593,80.6,80.6,43,43,True,True,DE,DE
3594,8.68,8.68,53,53,True,True,JP,JP
3595,4.44,4.44,26,26,False,False,FR,FR
3596,99.77,99.77,42,,False,False,FR,FR
3597,86.95,86.95,67,67,False,False,US,US
3598,88.28,88.28,30,30,False,False,US,US
3599,95.13,95.13,53,53,False,False,DE,DE
3600,43.83,43.83,39,39,False,False,UK,UK
3601,28.68,,53,53,True,True,US,US
3602,13.0,13.0,73,73,False,False,DE,DE
3603,50.12,50.12,82,82,True,True,FR,FR
3604,22.0,22.0,47,47,False,,FR,FR
3605,93.56,93.56,78,78,True,True,US,US
3606,0.4,0.4,69,69,False,False,FR,FR
3607,14.32,14.32,85,85,True,True,UK,UK
3608,24.65,24.65,72,72,True,True,US,US
3609,19.9,19.9,58,58,True,,DE,DE
3610,22.58,22.58,67,67,False,False,UK,UK
3611,65.6,65.6,41,41,True,True,FR,FR
3612,32.75,32.75,67,67,True,True,FR,FR
3613,61.5,61.5,69,69,False,False,FR,FR
3614,89.03,89.03,62,62,True,True,US,US
3615,60.26,60.26,25,25,True,True,UK,UK
3616,69.45,69.45,55,55,False,False,DE,DE
3617,36.55,36.55,69,69,True,True,JP,JP
3618,15.97,15.97,32,32,True,True,DE,DE
3619,32.06,32.06,75,,False,False,FR,FR
3620,96.43,96.43,79,79,False,False,UK,UK
3621,62.18,62.18,57,57,True,True,UK,UK
3622,27.75,27.75,88,88,True,True,FR,FR
3623,45.09,45.09,80,80,False,False,JP,JP
3624,83.55,,52,52,True,True,US,US
3625,66.84,66.84,82,82,True,True,DE,DE
3626,56.07,56.07,86,86,True,True,FR,FR
3627,88.52,88.52,25,25,False,False,US,
3628,67.24,67.24,90,90,True,True,FR,FR
3629,64.27,64.27,18,18,False,False,DE,DE
3630,18.98,18.98,53,53,True,True,DE,DE
3631,10.64,10.64,86,,True,True,DE,DE
3632,96.51,96.51,70,70,True,True,JP,JP
3633,59.89,59.89,37,37,False,False,US,US
3634,41.57,41.57,64,,True,True,UK,UK
3635,58.9,58.9,33,33,False,False,UK,UK
3636,6.18,6.18,35,35,False,False,JP,
3637,82.21,82.21,84,84,True,True,DE,DE
3638,21.66,21.66,21,21,True,True,US,US
3639,80.45,80.45,88,88,False,False,US,US
3640,53.44,,51,51,True,True,JP,JP
3641,27.66,27.66,22,22,True,True,US,US
3642,3.02,3.02,75,75,False,False,US,US
3643,81.58,81.58,21,21,True,True,DE,DE
3644,17.65,17.65,41,41,True,True,DE,DE
3645,5.18,5.18,35,,True,True,UK,UK
3646,75.59,75.59,75,75,True,True,US,US
3647,35.0,35.0,46,46,False,False,US,US
3648,38.93,38.93,65,65,True,True,DE,DE
3649,24.71,24.71,23,23,True,True,JP,JP
3650,85.92,85.92,68,68,False,False,US,US
3651,29.73,29.73,69,69,False,False,DE,DE
3652,21.02,21.02,38,38,True,True,US,US
3653,30.92,30.92,82,82,True,True,FR,FR
3654,20.31,,52,52,True,True,US,US
3655,31.77,31.77,66,66,True,True,UK,UK
3656,8.29,,31,31,False,,US,US
3657,15.85,15.85,86,86,False,False,FR,FR
3658,41.71,41.71,36,36,True,True,FR,FR
3659,87.95,87.95,63,63,True,True,US,US
3660,5.73,5.73,24,24,True,True,DE,DE
3661,21.27,21.27,21,21,False,False,UK,UK
3662,90.83,90.83,27,27,False,False,US,US
3663,89.0,89.0,86,,False,False,US,US
3664,67.95,67.95,33,33,True,True,JP,JP
3665,24.05,24.05,82,82,True,True,FR,
3666,41.98,41.98,60,60,False,False,FR,FR
3667,21.12,21.12,24,24,False,False,UK,UK
3668,12.86,12.86,50,50,True,True,UK,UK
3669,38.0,38.0,52,52,True,True,FR,
3670,57.58,57.58,37,37,True,True,DE,DE
3671,35.99,35.99,62,62,True,True,US,US
3672,61.08,61.08,80,80,False,False,DE,DE
3673,29.63,29.63,82,82,True,True,DE,
3674,34.59,34.59,56,56,True,True,DE,DE
3675,79.07,79.07,83,83,False,False,DE,DE
3676,87.83,87.83,85,85,False,False,JP,JP
3677,32.2,32.2,24,24,True,True,UK,UK
3678,57.15,,64,64,False,False,DE,DE
3679,27.82,27.82,74,74,False,False,JP,JP
3680,5.33,5.33,19,19,True,True,JP,JP
3681,73.79,73.79,62,62,False,,JP,JP
3682,17.1,17.1,84,84,False,False,FR,FR
3683,42.57,42.57,37,37,False,False,US,US
3684,48.7,48.7,80,80,False,False,JP,JP
3685,18.45,18.45,86,86,True,True,US,US
3686,9.46,9.46,64,64,False,False,DE,DE
3687,34.8,34.8,63,63,False,False,DE,DE
3688,95.23,95.23,57,57,True,True,FR,FR
3689,61.51,,47,47,True,True,FR,FR
3690,38.14,38.14,51,51,True,True,FR,FR
3691,3.89,3.89,56,56,False,False,UK,UK
3692,60.03,60.03,53,,False,False,FR,FR
3693,9.23,9.23,78,78,True,True,FR,FR
3694,54.25,54.25,74,74,False,False,US,US
3695,75.2,75.2,43,43,False,False,FR,FR
3696,42.36,42.36,55,55,False,False,US,US
3697,29.94,29.94,33,33,True,True,DE,DE
3698,4.74,4.74,30,,False,False,UK,UK
3699,2.48,2.48,44,44,False,False,UK,UK
3700,43.0,43.0,22,22,False,False,UK,UK
3701,88.33,88.33,80,80,False,False,JP,JP
3702,24.41,24.41,27,27,True,True,JP,JP
3703,57.41,57.41,41,41,True,True,FR,FR
3704,68.43,68.43,36,36,True,True,FR,FR
3705,6.08,6.08,33,33,False,False,UK,UK
3706,15.31,15.31,44,44,False,False,US,US
3707,33.13,33.13,70,70,False,False,DE,DE
3708,67.01,67.01,83,83,True,,DE,DE
3709,43.9,43.9,31,31,True,True,UK,UK
3710,73.42,73.42,35,35,True,True,UK,UK
3711,86.76,86.76,52,52,True,True,US,US
3712,75.84,75.84,41,41,False,False,JP,JP
3713,99.22,99.22,76,76,False,False,UK,UK
3714,75.44,75.44,34,34,False,False,JP,JP
3715,85.22,85.22,47,47,True,True,FR,FR
3716,83.24,83.24,57,57,True,True,US,US
3717,73.03,73.03,45,45,True,True,US,US
3718,80.18,80.18,63,63,False,False,DE,DE
3719,93.47,93.47,76,76,True,True,US,US
3720,47.52,47.52,56,56,True,True,JP,JP
3721,63.83,63.83,51,51,False,False,JP,JP
3722,51.49,51.49,87,87,True,True,FR,FR
3723,85.1,85.1,89,,True,True,UK,UK
3724,43.14,43.14,90,90,True,True,JP,JP
3725,81.97,81.97,19,19,True,True,FR,FR
3726,79.94,79.94,79,79,False,False,UK,UK
3727,96.19,,83,83,True,True,JP,JP
3728,24.89,24.89,76,76,False,False,UK,UK
3729,70.96,70.96,72,72,False,False,DE,DE
3730,75.69,75.69,44,,True,True,FR,FR
3731,93.63,93.63,70,70,True,True,JP,JP
3732,90.69,90.69,60,60,False,False,US,US
3733,57.35,57.35,78,78,False,False,UK,UK
3734,57.92,57.92,43,43,False,False,JP,JP
3735,16.73,16.73,72,,False,False,DE,DE
3736,97.5,97.5,75,75,True,True,FR,FR
3737,25.5,25.5,78,78,False,False,FR,FR
3738,72.47,72.47,30,30,False,False,UK,UK
3739,79.58,79.58,81,81,True,True,UK,UK
3740,44.12,44.12,33,33,True,True,DE,DE
3741,21.12,21.12,86,,True,True,US,US
3742,18.9,,20,20,True,True,FR,FR
3743,85.65,85.65,34,34,True,True,US,US
3744,51.08,51.08,62,62,True,True,JP,JP
3745,9.01,9.01,57,57,False,False,FR,FR
3746,71.7,,68,68,False,False,UK,UK
3747,25.02,25.02,47,47,False,False,US,US
3748,87.64,87.64,18,18,True,True,FR,FR
3749,30.96,30.96,63,63,False,False,DE,DE
3750,20.03,20.03,55,55,True,True,US,US
3751,8.49,8.49,55,55,True,True,DE,DE
3752,51.15,51.15,45,45,False,False,JP,JP
3753,45.07,45.07,83,83,True,True,FR,FR
3754,75.13,75.13,75,75,True,True,FR,FR
3755,46.46,46.46,31,31,False,,DE,DE
3756,34.38,34.38,20,,False,False,US,US
3757,26.17,26.17,31,31,True,True,JP,JP
3758,27.81,27.81,21,21,False,False,FR,FR
3759,92.78,92.78,69,69,False,False,DE,DE
3760,16.51,16.51,63,63,True,True,FR,FR
3761,98.82,98.82,51,51,False,False,UK,UK
3762,32.69,32.69,61,61,False,False,FR,FR
3763,8.84,8.84,77,77,True,True,JP,JP
3764,24.87,24.87,78,78,False,False,UK,UK
3765,5.84,5.84,49,49,True,True,US,US
3766,79.0,79.0,61,61,True,True,FR,FR
3767,51.26,51.26,60,60,False,False,JP,JP
3768,33.7,33.7,87,87,False,False,JP,JP
3769,66.2,66.2,73,73,False,False,JP,JP
3770,63.06,63.06,40,40,True,True,UK,
3771,93.99,93.99,82,82,True,True,JP,JP
3772,96.13,96.13,47,47,False,,UK,UK
3773,68.07,68.07,73,,True,True,DE,DE
3774,81.78,81.78,89,89,True,True,JP,JP
3775,79.24,79.24,77,77,False,False,JP,JP
3776,49.13,49.13,25,25,True,True,FR,FR
3777,70.45,70.45,33,33,True,True,DE,DE
3778,7.83,7.83,76,76,False,False,DE,DE
3779,75.8,,27,27,False,False,JP,JP
3780,96.18,96.18,18,18,True,True,JP,JP
3781,8.5,8.5,36,36,True,True,UK,UK
3782,83.61,83.61,53,53,False,False,US,US
3783,93.3,93.3,27,27,True,True,JP,JP
3784,22.62,22.62,29,29,False,False,JP,JP
3785,52.48,52.48,42,42,False,False,US,US
3786,92.79,92.79,61,61,False,False,DE,DE
3787,96.02,96.02,57,57,True,True,DE,DE
3788,12.79,12.79,76,76,False,False,US,US
3789,34.9,34.9,89,89,True,True,FR,FR
3790,69.81,,20,20,False,False,JP,JP
3791,22.16,22.16,68,68,False,,UK,
3792,32.48,32.48,29,29,True,True,FR,FR
3793,2.33,2.33,44,44,False,False,US,US
3794,15.35,15.35,43,43,True,True,UK,UK
3795,56.23,56.23,69,69,True,True,DE,DE
3796,65.31,65.31,36,36,True,True,JP,JP
3797,64.89,64.89,83,83,False,False,JP,JP
3798,77.84,77.84,45,45,True,True,JP,JP
3799,41.53,41.53,77,77,True,True,JP,JP
3800,27.35,27.35,87,87,False,False,JP,JP
3801,1.56,1.56,55,55,False,False,UK,UK
3802,20.66,20.66,25,25,False,,US,US
3803,31.24,31.24,69,69,True,True,JP,
3804,17.82,17.82,48,48,False,False,US,US
3805,2.01,,42,,False,,DE,DE
3806,15.74,15.74,51,51,True,True,FR,FR
3807,66.61,66.61,39,39,True,True,US,US
3808,62.96,62.96,38,38,True,True,JP,
3809,93.57,93.57,90,90,True,True,UK,UK
3810,79.82,79.82,38,38,False,False,UK,UK
3811,56.78,56.78,51,51,False,False,UK,UK
3812,13.76,13.76,70,70,False,,DE,DE
3813,56.41,56.41,34,34,False,,DE,DE
3814,6.16,6.16,63,63,False,False,US,US
3815,43.09,43.09,83,83,True,True,US,US
3816,39.03,39.03,77,77,True,True,DE,DE
3817,42.78,42.78,20,20,True,True,UK,UK
3818,27.98,27.98,47,47,False,False,FR,FR
3819,68.58,68.58,18,18,True,True,JP,JP
3820,84.09,84.09,62,62,True,True,US,US
3821,76.85,76.85,41,41,False,False,US,US
3822,62.78,62.78,83,83,False,False,FR,FR
3823,53.83,53.83,30,30,True,True,US,US
3824,3.11,3.11,80,80,False,False,FR,FR
3825,72.29,72.29,42,42,False,False,DE,DE
3826,54.5,54.5,85,,False,False,DE,DE
3827,27.07,27.07,32,32,False,False,FR,FR
3828,32.78,32.78,37,37,True,True,JP,JP
3829,93.56,93.56,43,43,True,True,US,US
3830,62.44,62.44,89,89,True,True,US,US
3831,47.59,47.59,71,71,True,True,FR,FR
3832,62.09,62.09,77,77,False,False,US,US
3833,41.37,41.37,58,58,False,False,DE,DE
3834,47.02,47.02,76,76,False,False,DE,DE
3835,29.03,29.03,63,63,True,True,UK,UK
3836,43.99,43.99,66,66,False,False,DE,DE
3837,68.56,68.56,79,79,True,True,US,US
3838,3.99,3.99,89,89,False,False,UK,UK
3839,79.5,79.5,60,60,False,False,US,US
3840,28.3,28.3,50,50,False,False,JP,
3841,68.26,68.26,65,65,False,False,JP,JP
3842,64.27,64.27,72,72,False,False,UK,UK
3843,65.26,,90,90,True,True,US,US
3844,60.81,60.81,69,69,True,True,UK,UK
3845,95.91,95.91,87,87,False,False,JP,JP
3846,50.83,50.83,71,71,True,True,JP,JP
3847,73.23,73.23,87,87,False,False,FR,FR
3848,70.54,70.54,72,72,True,True,JP,JP
3849,23.63,23.63,82,82,True,True,US,US
3850,28.33,28.33,31,31,True,True,DE,DE
3851,42.4,,90,90,True,True,FR,FR
3852,27.77,27.77,43,,True,True,US,US
3853,36.67,,76,76,True,True,DE,DE
3854,39.1,39.1,46,46,True,True,UK,UK
3855,60.39,60.39,51,51,True,True,US,US
3856,21.99,21.99,72,72,False,False,UK,UK
3857,80.43,80.43,57,57,True,True,JP,JP
3858,43.75,43.75,70,70,False,False,DE,DE
3859,70.62,70.62,23,23,False,False,US,US
3860,8.14,8.14,78,78,False,False,FR,FR
3861,47.0,47.0,47,47,True,True,DE,
3862,2.82,2.82,75,75,True,True,UK,UK
3863,67.59,67.59,38,38,True,True,UK,UK
3864,34.37,34.37,61,61,False,False,DE,DE
3865,94.93,94.93,60,60,False,False,JP,JP
3866,32.41,32.41,28,28,False,False,FR,FR
3867,56.38,56.38,52,52,False,False,DE,DE
3868,25.74,25.74,64,64,True,True,UK,UK
3869,62.01,62.01,79,79,False,False,US,US
3870,46.7,,82,82,True,True,US,US
3871,37.06,37.06,46,46,True,True,US,US
3872,20.37,20.37,64,64,True,True,JP,JP
3873,11.15,11.15,30,30,True,True,DE,DE
3874,11.99,11.99,83,83,True,True,US,US
3875,99.9,,81,81,False,False,JP,JP
3876,41.23,41.23,90,90,True,True,US,US
3877,0.19,0.19,53,53,True,True,FR,FR
3878,95.29,95.29,44,44,True,,US,US
3879,2.0,2.0,73,73,True,True,DE,DE
3880,41.86,41.86,70,,False,False,DE,DE
3881,71.75,71.75,33,33,False,False,JP,JP
3882,91.46,91.46,57,57,True,True,FR,FR
3883,71.29,71.29,64,64,False,False,DE,DE
3884,46.36,46.36,51,,True,True,DE,DE
3885,97.44,97.44,45,45,True,True,FR,FR
3886,3.93,3.93,35,35,False,False,DE,DE
3887,98.69,98.69,48,48,False,False,FR,FR
3888,84.94,84.94,35,,True,True,DE,DE
3889,92.89,92.89,39,39,True,True,JP,JP
3890,25.48,25.48,31,31,True,True,US,US
3891,14.25,14.25,45,45,False,False,FR,FR
3892,66.33,66.33,64,64,True,True,JP,JP
3893,51.59,,45,45,True,True,FR,FR
3894,52.32,52.32,28,28,True,True,JP,JP
3895,92.46,92.46,76,76,False,,DE,DE
3896,62.01,62.01,49,49,False,False,DE,DE
3897,31.11,31.11,60,60,False,False,US,US
3898,40.01,,56,56,False,False,UK,UK
3899,13.35,13.35,54,54,False,False,US,US
3900,19.23,19.23,49,49,False,False,FR,FR
3901,14.34,14.34,73,73,False,False,FR,FR
3902,81.03,81.03,80,80,True,,US,
3903,70.49,70.49,83,83,False,False,JP,JP
3904,53.03,53.03,50,50,True,True,UK,UK
3905,37.44,37.44,42,42,True,True,FR,FR
3906,66.85,66.85,24,24,True,True,JP,JP
3907,81.29,81.29,50,50,True,True,JP,JP
3908,88.12,88.12,90,90,True,True,US,US
3909,54.7,54.7,36,36,False,False,US,US
3910,81.99,,79,79,True,True,US,US
3911,51.13,51.13,73,73,True,True,JP,JP
3912,47.45,,66,66,False,False,DE,DE
3913,86.54,86.54,59,59,False,False,US,US
3914,38.64,38.64,73,73,False,False,DE,DE
3915,39.59,39.59,25,25,True,True,DE,DE
3916,30.49,30.49,27,27,False,False,DE,DE
3917,51.87,,32,32,False,False,FR,FR
3918,54.49,54.49,73,73,True,True,US,
3919,66.05,66.05,49,49,False,False,UK,UK
3920,43.05,43.05,33,33,False,False,FR,FR
3921,21.78,21.78,21,21,False,False,JP,JP
3922,86.68,86.68,53,53,True,True,UK,UK
3923,34.6,34.6,47,47,True,,DE,DE
3924,92.29,92.29,30,30,True,True,JP,JP
3925,20.74,20.74,19,19,True,True,FR,FR
3926,56.01,56.01,73,73,False,False,UK,UK
3927,53.66,53.66,74,74,False,False,DE,DE
3928,82.86,82.86,35,35,True,True,US,US
3929,13.89,13.89,54,54,True,True,DE,DE
3930,90.99,90.99,36,36,True,True,DE,DE
3931,53.14,53.14,47,47,False,False,US,US
3932,58.61,58.61,25,25,True,True,UK,UK
3933,51.02,51.02,87,87,False,False,JP,JP
3934,3.6,3.6,70,70,False,False,FR,FR
3935,49.71,49.71,83,83,True,,DE,DE
3936,26.35,26.35,39,39,False,False,UK,UK
3937,34.27,34.27,81,81,True,True,US,US
3938,64.91,64.91,55,55,False,False,DE,DE
3939,49.77,49.77,32,32,False,False,DE,DE
3940,9.32,9.32,42,42,True,True,US,US
3941,7.3,7.3,77,77,True,True,JP,JP
3942,18.57,,74,74,True,True,DE,DE
3943,19.09,19.09,70,70,False,,US,US
3944,60.83,60.83,34,34,True,True,US,US
3945,17.78,17.78,65,65,False,False,JP,JP
3946,88.17,88.17,86,86,True,True,UK,UK
3947,20.98,20.98,21,21,False,False,UK,UK
3948,9.11,9.11,41,41,False,False,US,US
3949,87.57,87.57,23,23,False,False,JP,JP
3950,29.53,29.53,25,25,True,True,JP,JP
3951,42.54,42.54,90,90,True,True,UK,
3952,95.9,95.9,35,35,False,False,FR,FR
3953,94.44,94.44,31,31,True,True,DE,DE
3954,71.49,71.49,23,23,False,False,US,US
3955,6.89,6.89,89,89,False,False,FR,FR
3956,59.33,,52,52,True,True,US,
3957,98.91,98.91,75,75,False,False,JP,JP
3958,94.69,94.69,36,36,True,True,US,US
3959,10.6,,64,64,True,True,UK,UK
3960,39.6,39.6,82,,True,True,UK,UK
3961,31.55,31.55,66,66,True,True,UK,UK
3962,12.97,12.97,55,55,True,True,DE,DE
3963,69.48,69.48,33,33,False,False,FR,FR
3964,27.38,27.38,35,35,False,False,UK,UK
3965,34.49,34.49,61,61,False,False,DE,DE
3966,9.04,9.04,50,50,False,False,JP,JP
3967,49.8,49.8,21,21,True,True,DE,DE
3968,15.82,15.82,32,32,False,False,FR,FR
3969,43.21,43.21,49,49,False,False,UK,UK
3970,14.33,14.33,31,31,True,True,US,US
3971,95.38,95.38,58,58,True,True,UK,UK
3972,14.5,14.5,39,39,False,False,US,US
3973,52.19,52.19,39,39,False,False,JP,JP
3974,19.7,19.7,25,25,False,False,US,US
3975,7.64,7.64,54,54,True,True,JP,
3976,20.23,20.23,31,31,False,False,US,US
3977,5.48,5.48,64,64,True,,US,US
3978,13.94,,86,86,True,True,DE,DE
3979,49.35,49.35,84,84,False,False,US,US
3980,65.18,65.18,66,66,True,True,US,US
3981,8.73,8.73,76,76,False,False,FR,
3982,44.1,44.1,85,85,False,False,US,US
3983,58.12,58.12,67,67,True,True,DE,DE
3984,23.42,23.42,36,36,False,False,US,US
3985,37.21,37.21,54,54,True,True,US,US
3986,7.18,7.18,80,80,True,True,FR,FR
3987,22.01,22.01,66,66,False,False,UK,UK
3988,46.68,46.68,44,44,True,True,US,US
3989,99.04,,30,30,True,True,FR,FR
3990,99.63,99.63,28,28,False,False,JP,JP
3991,97.96,97.96,45,45,True,,DE,DE
3992,42.31,42.31,76,76,False,False,UK,UK
3993,8.07,8.07,58,58,False,,JP,JP
3994,32.36,32.36,22,22,True,True,UK,UK
3995,23.77,23.77,85,85,True,True,FR,FR
3996,1.41,1.41,47,47,True,True,DE,DE
3997,9.52,9.52,46,46,True,True,FR,FR
3998,45.32,45.32,77,77,False,,DE,DE
3999,33.97,33.97,45,45,False,False,DE,DE
4000,18.04,18.04,63,63,True,True,DE,DE
4001,71.61,71.61,85,85,False,,UK,
4002,35.71,35.71,55,55,True,True,DE,DE
4003,85.19,85.19,62,62,False,False,US,US
4004,24.1,24.1,43,43,False,False,UK,UK
4005,53.84,53.84,83,83,False,False,US,US
4006,18.41,18.41,23,23,False,False,UK,UK
4007,49.53,49.53,38,38,False,False,UK,UK
4008,15.25,15.25,90,90,True,True,US,US
4009,16.16,16.16,53,53,True,True,UK,UK
4010,61.22,61.22,30,30,True,True,FR,FR
4011,26.38,26.38,48,48,False,False,JP,
4012,17.24,17.24,36,36,False,,FR,
4013,92.98,92.98,56,56,True,True,FR,FR
4014,4.3,4.3,35,,True,True,FR,FR
4015,56.51,56.51,47,47,True,True,JP,JP
4016,54.83,54.83,84,84,False,False,JP,JP
4017,25.06,25.06,24,24,False,False,US,US
4018,45.28,45.28,73,73,True,True,DE,DE
4019,8.77,8.77,23,23,False,False,JP,JP
4020,72.13,72.13,51,51,False,False,JP,JP
4021,22.17,22.17,66,66,False,False,DE,DE
4022,19.34,19.34,87,87,False,False,DE,DE
4023,31.49,31.49,36,36,True,True,US,US
4024,90.24,90.24,21,21,False,False,DE,DE
4025,79.65,79.65,72,72,True,,DE,DE
4026,94.69,94.69,83,83,True,True,FR,FR
4027,65.2,65.2,59,59,False,False,DE,DE
4028,66.29,66.29,22,22,True,True,UK,UK
4029,48.0,48.0,54,54,False,,JP,JP
4030,90.52,90.52,46,46,True,,UK,UK
4031,51.09,51.09,50,50,True,True,UK,UK
4032,35.51,35.51,21,21,False,False,DE,DE
4033,64.04,64.04,41,41,True,True,UK,UK
4034,54.61,54.61,90,90,True,True,US,US
4035,12.4,12.4,21,21,True,True,FR,FR
4036,39.27,39.27,84,,False,False,UK,UK
4037,31.33,31.33,55,55,True,True,JP,JP
4038,84.68,84.68,60,60,True,True,FR,FR
4039,37.88,37.88,86,86,True,True,DE,DE
4040,82.16,82.16,33,33,False,,DE,DE
4041,44.24,44.24,89,89,False,,JP,JP
4042,75.35,75.35,38,38,True,True,US,US
4043,13.53,13.53,43,43,True,,UK,UK
4044,92.47,92.47,50,50,False,False,US,US
4045,48.06,48.06,61,61,False,False,US,US
4046,25.98,25.98,41,41,False,False,JP,
4047,24.15,24.15,75,75,False,False,US,US
4048,26.51,26.51,19,19,True,True,JP,JP
4049,36.67,36.67,66,66,True,True,FR,FR
4050,71.75,71.75,65,65,False,False,FR,FR
4051,94.96,94.96,57,57,True,True,FR,FR
4052,66.9,66.9,62,62,False,,US,US
4053,54.72,,72,72,False,False,US,US
4054,44.86,44.86,84,84,True,,UK,UK
4055,82.82,82.82,33,33,False,False,FR,FR
4056,84.97,84.97,52,52,False,False,UK,UK
4057,29.3,29.3,59,,False,False,US,US
4058,95.34,95.34,43,,True,True,FR,FR
4059,39.51,,89,89,True,,FR,FR
4060,80.01,80.01,55,,True,True,DE,DE
4061,96.68,96.68,61,61,True,True,DE,DE
4062,70.37,70.37,32,32,True,True,FR,FR
4063,16.16,16.16,48,48,False,False,FR,FR
4064,58.61,58.61,63,63,False,False,UK,
4065,11.88,11.88,49,49,True,True,US,US
4066,78.91,78.91,74,74,True,True,JP,JP
4067,28.13,28.13,27,27,False,False,US,US
4068,69.52,69.52,29,29,True,True,DE,
4069,91.01,91.01,42,42,False,False,JP,JP
4070,18.1,18.1,41,41,False,False,DE,DE
4071,39.29,39.29,77,77,False,False,JP,JP
4072,64.71,64.71,81,81,True,True,DE,DE
4073,41.97,41.97,52,52,False,False,FR,FR
4074,17.48,17.48,54,54,True,True,DE,DE
4075,2.91,2.91,39,39,False,,UK,UK
4076,40.66,40.66,56,56,False,False,JP,JP
4077,64.92,,69,69,True,True,DE,DE
4078,57.4,57.4,70,70,False,False,DE,DE
4079,15.62,15.62,88,88,True,True,FR,FR
4080,45.07,45.07,60,60,True,True,JP,JP
4081,36.95,36.95,42,42,False,False,JP,JP
4082,27.42,27.42,23,23,False,False,UK,UK
4083,72.93,,68,68,True,True,UK,UK
4084,30.97,30.97,76,76,True,True,UK,UK
4085,54.01,54.01,58,,True,True,UK,UK
4086,92.32,92.32,85,85,False,False,UK,UK
4087,53.93,53.93,41,41,True,True,DE,DE
4088,61.7,61.7,21,21,False,False,US,US
4089,7.32,7.32,64,64,False,False,DE,
4090,17.81,17.81,26,26,True,True,JP,JP
4091,10.1,10.1,24,24,False,False,DE,DE
4092,76.48,76.48,69,69,True,True,US,US
4093,83.59,83.59,49,49,True,True,UK,UK
4094,18.65,18.65,62,62,False,False,UK,UK
4095,21.93,21.93,72,72,True,True,DE,DE
4096,32.32,32.32,45,45,True,True,UK,UK
4097,59.11,59.11,62,62,False,False,UK,UK
4098,62.18,62.18,57,57,False,,FR,FR
4099,68.68,68.68,60,60,True,True,US,US
4100,90.52,90.52,69,69,False,False,JP,JP
4101,29.5,29.5,45,45,False,False,UK,UK
4102,65.88,65.88,54,54,True,,JP,JP
4103,55.97,55.97,61,61,True,True,US,US
4104,30.58,30.58,28,28,False,False,UK,UK
4105,90.74,90.74,33,33,True,True,UK,UK
4106,9.55,9.55,24,24,True,True,DE,DE
4107,71.2,71.2,32,32,False,,US,US
4108,72.79,72.79,50,50,False,False,UK,UK
4109,91.53,,86,86,True,True,JP,JP
4110,51.86,51.86,85,85,False,False,JP,JP
4111,32.16,32.16,73,73,False,False,DE,DE
4112,82.77,82.77,58,58,False,False,US,US
4113,77.08,77.08,32,32,True,True,UK,UK
4114,50.03,,44,44,True,True,JP,JP
4115,76.79,76.79,73,73,False,False,JP,JP
4116,26.79,26.79,84,84,True,True,JP,JP
4117,58.95,58.95,88,88,True,True,JP,JP
4118,86.52,86.52,46,46,False,False,FR,FR
4119,31.8,31.8,53,53,True,True,FR,FR
4120,48.35,48.35,55,55,False,False,FR,FR
4121,95.1,95.1,22,22,True,True,FR,FR
4122,79.82,79.82,26,26,True,True,UK,UK
4123,88.7,88.7,21,21,True,True,FR,FR
4124,38.52,38.52,71,71,False,False,UK,UK
4125,99.65,99.65,34,34,False,False,FR,FR
4126,15.26,15.26,69,69,True,True,UK,UK
4127,51.88,51.88,45,45,True,True,DE,DE
4128,47.93,47.93,75,75,True,True,US,US
4129,79.84,79.84,26,26,False,False,JP,JP
4130,90.86,90.86,41,41,True,True,FR,FR
4131,73.11,73.11,32,32,False,False,US,US
4132,62.68,62.68,49,,False,False,DE,DE
4133,42.74,42.74,59,59,False,False,DE,DE
4134,51.03,51.03,30,30,False,False,JP,JP
4135,50.93,50.93,66,66,False,False,FR,FR
4136,2.04,2.04,88,88,False,False,JP,JP
4137,50.3,50.3,21,21,True,True,DE,DE
4138,85.6,85.6,24,24,False,False,US,US
4139,70.93,70.93,87,87,False,False,FR,FR
4140,79.57,79.57,65,65,False,False,UK,UK
4141,39.05,39.05,85,85,True,True,FR,FR
4142,52.9,52.9,69,69,True,True,DE,DE
4143,3.35,3.35,70,70,True,True,UK,UK
4144,38.3,38.3,29,29,False,False,US,US
4145,47.44,47.44,55,55,True,True,JP,JP
4146,25.52,25.52,44,44,False,False,FR,FR
4147,3.12,3.12,78,,False,False,UK,UK
4148,69.04,,21,21,False,False,FR,FR
4149,43.51,43.51,19,19,True,True,JP,JP
4150,41.57,41.57,58,58,False,False,FR,FR
4151,25.0,25.0,88,88,True,True,JP,JP
4152,53.78,53.78,90,90,True,True,DE,DE
4153,43.8,43.8,61,61,True,True,UK,UK
4154,47.4,47.4,49,49,False,False,JP,JP
4155,58.09,58.09,37,37,True,True,FR,FR
4156,0.63,0.63,90,90,True,True,FR,FR
4157,90.77,,31,31,True,True,FR,FR
4158,7.11,7.11,27,27,True,True,JP,JP
4159,45.09,45.09,55,55,False,,FR,FR
4160,20.74,20.74,46,46,False,False,JP,JP
4161,52.38,52.38,54,54,False,False,US,US
4162,28.02,28.02,83,83,True,True,FR,FR
4163,86.0,86.0,37,37,False,False,UK,UK
4164,39.64,39.64,81,81,False,False,US,US
4165,63.88,63.88,33,33,True,True,UK,UK
4166,24.89,24.89,41,41,False,False,JP,JP
4167,1.94,1.94,18,18,True,True,JP,JP
4168,40.42,40.42,67,67,True,True,UK,UK
4169,53.65,53.65,80,,False,,US,US
4170,45.95,45.95,82,82,True,,DE,DE
4171,96.2,96.2,30,30,True,True,UK,UK
4172,70.68,70.68,73,73,False,False,DE,DE
4173,99.57,99.57,28,,True,True,FR,FR
4174,29.51,29.51,63,63,False,False,UK,UK
4175,78.91,78.91,69,69,False,False,US,US
4176,55.56,55.56,29,29,False,False,US,US
4177,61.18,61.18,26,26,True,True,FR,FR
4178,98.59,98.59,23,23,True,True,US,US
4179,65.4,65.4,69,69,True,True,UK,UK
4180,89.88,89.88,62,62,True,True,JP,JP
4181,72.58,,26,26,False,False,US,US
4182,12.74,12.74,54,54,False,False,FR,FR
4183,69.94,,76,76,False,False,US,US
4184,48.43,48.43,35,35,True,True,JP,JP
4185,91.88,91.88,62,62,False,False,FR,FR
4186,80.68,80.68,39,39,True,True,JP,JP
4187,10.41,10.41,37,37,True,True,FR,FR
4188,13.39,,46,46,False,False,DE,DE
4189,6.96,6.96,43,43,False,False,JP,JP
4190,49.32,49.32,54,54,True,,FR,FR
4191,8.08,8.08,32,32,False,False,US,US
4192,72.37,,46,46,True,True,DE,DE
4193,55.24,55.24,63,63,True,True,DE,DE
4194,83.59,83.59,46,46,False,False,UK,UK
4195,27.98,27.98,65,65,False,False,DE,DE
4196,51.91,51.91,26,26,True,True,JP,JP
4197,11.75,11.75,28,28,True,True,US,US
4198,88.46,88.46,81,81,True,True,JP,JP
4199,17.5,17.5,51,51,True,True,FR,FR
4200,10.24,10.24,62,62,True,True,US,US
4201,20.51,20.51,72,72,False,False,UK,UK
4202,80.62,80.62,28,28,False,False,JP,JP
4203,10.58,10.58,88,88,False,False,FR,FR
4204,61.44,61.44,48,48,True,True,US,US
4205,74.62,74.62,82,82,False,False,US,US
4206,75.11,75.11,48,48,True,True,JP,JP
4207,19.01,19.01,47,47,True,True,US,US
4208,6.16,6.16,61,61,True,True,FR,FR
4209,44.88,44.88,31,31,True,True,JP,JP
4210,20.25,20.25,62,62,False,False,US,US
4211,69.93,69.93,89,89,True,True,US,US
4212,35.67,35.67,65,65,True,True,JP,JP
4213,44.94,44.94,23,23,True,True,JP,JP
4214,11.35,11.35,68,68,True,,DE,DE
4215,56.76,56.76,20,20,True,True,UK,UK
4216,18.55,18.55,25,25,False,False,US,US
4217,67.9,67.9,38,38,True,True,JP,JP
4218,7.12,7.12,40,40,False,False,FR,FR
4219,97.59,97.59,18,18,False,False,JP,JP
4220,68.45,68.45,19,19,True,True,FR,FR
4221,18.17,18.17,75,75,True,True,DE,DE
4222,1.41,1.41,51,51,True,True,DE,DE
4223,33.45,,32,32,False,False,UK,UK
4224,15.28,15.28,49,49,True,True,FR,FR
4225,21.84,21.84,68,68,True,True,US,US
4226,87.28,87.28,71,71,False,False,US,US
4227,60.32,60.32,39,39,True,True,JP,JP
4228,17.65,17.65,30,30,True,,UK,UK
4229,55.67,55.67,88,88,True,True,US,US
4230,25.58,25.58,64,64,False,False,FR,FR
4231,97.62,97.62,89,89,True,True,UK,
4232,3.28,3.28,40,40,True,,UK,UK
4233,73.23,73.23,26,26,True,True,DE,DE
4234,77.3,,45,45,False,False,DE,DE
4235,6.72,6.72,41,41,False,False,FR,FR
4236,17.19,17.19,70,,False,False,JP,
4237,38.43,38.43,70,70,True,True,JP,JP
4238,86.82,86.82,23,23,True,True,JP,JP
4239,53.7,53.7,60,60,True,True,DE,DE
4240,65.53,65.53,43,43,True,True,DE,DE
4241,78.3,78.3,62,62,True,True,US,US
4242,82.81,82.81,46,46,False,False,DE,DE
4243,47.63,,57,57,True,True,FR,FR
4244,50.88,50.88,70,70,False,,JP,JP
4245,71.8,71.8,39,39,False,False,US,US
4246,26.33,26.33,32,32,True,True,JP,JP
4247,85.45,85.45,69,69,True,True,DE,DE
4248,2.08,2.08,87,87,True,True,US,US
4249,19.58,19.58,50,50,False,False,JP,JP
4250,80.02,80.02,90,90,False,False,DE,DE
4251,34.03,34.03,31,31,False,False,DE,DE
4252,14.98,14.98,77,77,True,True,US,US
4253,18.68,18.68,90,90,True,True,US,US
4254,53.08,53.08,39,39,False,False,US,US
4255,84.62,84.62,28,28,True,True,UK,UK
4256,7.07,7.07,66,66,True,,UK,UK
4257,3.05,3.05,81,81,False,False,DE,DE
4258,46.52,46.52,24,24,False,False,FR,FR
4259,95.62,95.62,64,64,True,True,JP,JP
4260,27.9,,81,81,False,False,FR,FR
4261,95.92,95.92,20,20,False,False,DE,DE
4262,88.77,88.77,55,55,True,True,JP,JP
4263,28.31,28.31,23,23,False,False,DE,DE
4264,81.69,81.69,30,30,False,False,DE,DE
4265,68.59,68.59,53,53,True,True,UK,UK
4266,51.18,51.18,41,41,True,True,DE,
4267,42.29,42.29,24,24,True,,US,US
4268,81.55,81.55,76,76,False,False,US,US
4269,79.31,79.31,32,32,True,True,JP,JP
4270,75.69,75.69,81,81,False,False,US,
4271,99.83,99.83,30,30,False,False,DE,DE
4272,47.85,47.85,55,55,True,True,US,US
4273,80.69,80.69,71,71,False,False,FR,FR
4274,86.25,86.25,53,53,True,True,JP,JP
4275,21.16,21.16,48,48,False,False,DE,DE
4276,4.21,4.21,72,72,False,False,US,US
4277,40.47,40.47,18,18,True,True,US,US
4278,85.67,85.67,78,78,True,True,FR,FR
4279,28.91,28.91,68,,True,True,US,US
4280,70.0,70.0,73,73,False,False,UK,UK
4281,0.73,0.73,48,48,True,True,JP,JP
4282,35.54,35.54,46,46,True,True,DE,DE
4283,61.55,61.55,59,,True,True,JP,JP
4284,12.98,12.98,64,64,False,False,JP,JP
4285,89.66,89.66,85,85,False,False,FR,FR
4286,15.63,15.63,80,80,True,True,JP,JP
4287,90.98,90.98,21,21,False,False,US,US
4288,21.64,21.64,29,29,False,False,UK,UK
4289,99.43,99.43,87,87,True,True,UK,UK
4290,60.47,60.47,46,46,True,True,JP,JP
4291,8.43,8.43,60,60,True,True,FR,FR
4292,6.53,6.53,22,22,True,True,UK,UK
4293,7.49,7.49,25,25,False,False,UK,UK
4294,58.99,58.99,47,47,True,True,JP,JP
4295,80.96,80.96,70,70,False,False,JP,JP
4296,40.3,,74,74,False,False,US,US
4297,44.48,44.48,83,83,False,False,UK,
4298,58.93,58.93,32,32,False,False,DE,DE
4299,53.3,53.3,32,32,True,True,UK,UK
4300,68.81,68.81,57,57,False,False,FR,FR
4301,47.18,,57,57,True,True,FR,FR
4302,71.39,,20,20,True,True,JP,JP
4303,99.73,99.73,50,50,True,True,FR,FR
4304,35.03,35.03,83,83,False,False,JP,JP
4305,1.22,,29,29,True,True,UK,UK
4306,12.56,12.56,77,77,True,True,UK,UK
4307,55.35,55.35,50,,False,False,UK,UK
4308,34.43,,56,56,False,False,JP,JP
4309,94.0,94.0,64,64,False,False,FR,
4310,62.74,62.74,69,69,True,True,UK,UK
4311,52.04,52.04,64,64,False,False,FR,FR
4312,79.8,,25,25,True,True,UK,UK
4313,25.86,25.86,39,39,False,False,UK,UK
4314,81.97,81.97,79,79,True,True,US,US
4315,0.31,0.31,20,20,False,False,JP,JP
4316,61.97,61.97,70,70,True,True,UK,UK
4317,93.48,93.48,55,55,False,False,FR,FR
4318,78.79,78.79,26,26,True,True,US,US
4319,85.36,85.36,26,26,False,False,US,US
4320,39.7,39.7,89,89,True,True,FR,FR
4321,82.42,82.42,20,20,True,True,US,US
4322,55.08,55.08,19,19,True,True,US,US
4323,61.85,61.85,19,19,False,False,UK,UK
4324,5.89,5.89,63,63,True,True,DE,DE
4325,20.16,20.16,85,85,False,False,US,US
4326,55.1,55.1,30,30,False,False,US,US
4327,5.88,5.88,76,76,False,,UK,UK
4328,74.14,74.14,70,70,False,False,FR,FR
4329,84.01,84.01,34,34,True,True,US,US
4330,92.04,92.04,23,23,True,True,UK,UK
4331,10.18,10.18,53,53,True,True,US,
4332,93.97,93.97,23,23,True,True,UK,
4333,6.76,6.76,26,26,True,True,UK,UK
4334,47.41,47.41,52,52,False,,FR,FR
4335,84.03,84.03,77,77,True,True,US,US
4336,7.03,7.03,90,,False,False,JP,JP
4337,1.82,1.82,63,63,False,False,UK,UK
4338,2.49,2.49,38,38,True,True,JP,JP
4339,51.13,,41,41,True,True,FR,FR
4340,81.16,81.16,62,62,False,False,UK,UK
4341,12.74,12.74,30,30,True,True,UK,UK
4342,12.46,12.46,55,55,True,True,JP,JP
4343,56.85,56.85,74,74,False,False,JP,JP
4344,23.43,23.43,79,79,True,True,FR,FR
4345,73.02,73.02,22,22,True,True,US,US
4346,94.96,94.96,39,,False,False,JP,JP
4347,76.6,76.6,36,36,False,False,DE,
4348,87.72,87.72,58,58,False,False,US,US
4349,51.96,51.96,31,31,True,True,JP,JP
4350,83.23,83.23,87,87,False,False,US,US
4351,18.29,18.29,84,84,True,True,UK,UK
4352,6.83,6.83,42,42,False,False,US,US
4353,65.6,65.6,47,47,True,True,DE,DE
4354,5.2,5.2,50,50,True,True,JP,JP
4355,89.25,89.25,21,21,False,False,US,US
4356,69.16,69.16,82,82,True,True,US,US
4357,95.22,95.22,74,74,True,True,JP,JP
4358,31.39,31.39,42,42,True,True,US,US
4359,48.62,48.62,57,57,True,True,US,US
4360,74.17,74.17,45,45,False,False,DE,DE
4361,24.28,24.28,34,34,True,True,UK,UK
4362,54.18,54.18,40,40,True,True,JP,JP
4363,65.95,65.95,25,25,False,False,US,
4364,97.88,97.88,77,77,False,False,DE,DE
4365,74.47,74.47,65,65,False,False,JP,JP
4366,11.81,11.81,85,85,True,True,FR,FR
4367,47.53,47.53,18,18,True,True,US,US
4368,58.88,58.88,64,64,False,False,US,US
4369,14.66,14.66,58,58,True,True,US,US
4370,43.2,43.2,63,63,True,True,JP,
4371,28.4,28.4,90,90,False,False,UK,UK
4372,11.88,11.88,46,46,True,True,US,US
4373,51.2,51.2,28,28,True,True,UK,UK
4374,16.56,16.56,18,18,False,False,UK,UK
4375,59.05,59.05,53,,True,True,US,US
4376,16.97,16.97,30,30,True,True,DE,DE
4377,72.36,72.36,28,,False,False,JP,JP
4378,19.52,19.52,28,28,False,False,UK,UK
4379,89.63,89.63,38,38,False,False,JP,JP
4380,2.62,2.62,26,26,False,False,FR,FR
4381,52.2,52.2,53,53,False,False,UK,UK
4382,32.01,32.01,65,65,True,True,FR,FR
4383,22.51,22.51,39,39,False,False,UK,UK
4384,47.16,47.16,27,27,True,True,UK,UK
4385,84.2,84.2,59,59,True,True,UK,UK
4386,91.53,91.53,24,24,False,False,US,US
4387,30.32,30.32,71,71,True,True,FR,FR
4388,15.42,15.42,45,45,False,False,US,US
4389,72.01,72.01,47,47,True,True,US,US
4390,58.2,58.2,36,36,False,False,US,US
4391,20.1,20.1,38,38,False,False,US,US
4392,76.03,76.03,28,28,True,True,JP,JP
4393,51.89,51.89,58,58,True,True,US,US
4394,65.34,65.34,28,28,True,True,FR,FR
4395,35.93,35.93,67,67,True,True,UK,UK
4396,43.91,43.91,36,36,False,False,US,US
4397,18.03,18.03,59,59,True,True,UK,UK
4398,75.65,75.65,57,57,False,False,US,US
4399,15.7,15.7,64,64,False,False,UK,UK
4400,77.83,77.83,73,,True,True,JP,JP
4401,79.8,79.8,58,58,False,False,FR,FR
4402,74.66,,80,80,True,True,JP,JP
4403,1.94,1.94,36,36,False,False,FR,FR
4404,27.31,27.31,72,72,False,False,JP,JP
4405,46.83,46.83,43,43,False,False,US,US
4406,59.55,59.55,63,63,True,True,US,US
4407,91.92,91.92,53,53,True,True,DE,DE
4408,37.56,37.56,84,84,False,False,DE,DE
4409,87.5,87.5,37,37,False,False,FR,FR
4410,16.34,16.34,55,55,False,False,US,US
4411,37.13,,30,,True,True,US,US
4412,5.23,5.23,64,64,True,True,FR,FR
4413,74.25,74.25,20,20,False,False,DE,
4414,15.07,15.07,48,48,True,True,DE,DE
4415,25.7,25.7,18,18,False,False,UK,UK
4416,77.52,77.52,41,,False,False,FR,FR
4417,53.47,53.47,53,53,False,False,JP,JP
4418,1.4,1.4,42,42,True,True,US,US
4419,0.22,0.22,46,46,True,True,US,US
4420,51.07,51.07,28,28,True,True,FR,FR
4421,30.5,30.5,70,70,False,False,JP,JP
4422,18.03,18.03,76,76,True,True,UK,UK
4423,61.36,61.36,51,51,True,True,FR,FR
4424,22.84,22.84,22,22,True,True,JP,JP
4425,59.22,59.22,22,22,True,True,US,US
4426,37.93,,67,67,True,True,US,US
4427,18.67,18.67,85,85,True,True,US,US
4428,13.81,13.81,81,81,True,True,FR,FR
4429,23.69,23.69,47,47,True,True,FR,FR
4430,2.98,2.98,54,54,False,False,US,US
4431,30.81,30.81,29,29,False,False,US,US
4432,90.2,90.2,23,23,True,True,FR,FR
4433,83.14,83.14,73,,True,True,JP,JP
4434,37.2,37.2,49,49,False,,FR,FR
4435,57.58,57.58,54,54,False,False,US,US
4436,56.74,56.74,43,43,True,True,UK,UK
4437,82.87,82.87,40,40,True,True,US,US
4438,23.63,23.63,89,89,False,False,UK,UK
4439,29.64,29.64,77,77,False,False,DE,DE
4440,30.18,30.18,68,,False,False,UK,UK
4441,4.09,4.09,46,46,True,True,FR,FR
4442,31.47,31.47,70,70,True,True,UK,UK
4443,87.79,87.79,42,42,False,False,DE,DE
4444,91.2,91.2,55,55,False,False,FR,FR
4445,10.96,10.96,28,28,False,False,US,US
4446,45.81,45.81,69,69,False,False,US,US
4447,38.13,38.13,22,22,False,False,UK,UK
4448,48.94,48.94,70,70,False,False,US,US
4449,55.47,55.47,62,62,False,,US,US
4450,2.03,2.03,22,22,True,True,UK,UK
4451,84.22,84.22,54,54,True,True,UK,UK
4452,97.37,97.37,34,34,False,False,UK,UK
4453,65.34,65.34,52,52,False,False,US,US
4454,66.05,,18,18,False,False,US,US
4455,52.8,52.8,70,70,False,False,JP,JP
4456,33.43,33.43,55,55,True,True,FR,FR
4457,14.9,14.9,44,44,False,False,DE,DE
4458,58.41,58.41,81,81,True,True,US,US
4459,4.49,4.49,65,65,False,False,UK,UK
4460,82.45,82.45,62,62,True,True,JP,JP
4461,42.09,42.09,28,28,False,False,JP,JP
4462,41.48,41.48,54,54,False,False,FR,FR
4463,32.72,32.72,69,,False,False,UK,UK
4464,96.94,96.94,85,85,True,True,DE,DE
4465,17.49,17.49,62,62,False,False,US,US
4466,15.13,15.13,30,30,True,True,JP,JP
4467,16.55,16.55,67,67,True,True,US,US
4468,65.85,65.85,23,23,True,True,FR,FR
4469,99.19,99.19,40,40,True,True,UK,UK
4470,23.55,23.55,84,84,True,True,DE,DE
4471,90.56,90.56,76,76,True,,JP,JP
4472,27.86,27.86,83,83,False,False,UK,UK
4473,64.79,64.79,43,43,True,True,US,US
4474,4.05,4.05,67,67,True,True,FR,FR
4475,49.57,49.57,69,69,False,False,DE,DE
4476,65.46,65.46,35,35,True,True,US,US
4477,53.63,53.63,86,86,True,True,US,US
4478,23.78,,88,88,False,False,DE,DE
4479,82.85,82.85,26,26,False,False,FR,FR
4480,97.01,97.01,73,73,False,False,US,US
4481,45.92,45.92,50,50,False,False,DE,DE
4482,63.59,63.59,67,67,False,False,DE,DE
4483,79.04,79.04,58,58,False,False,US,US
4484,24.15,24.15,34,34,True,True,FR,FR
4485,86.45,86.45,25,25,False,False,FR,FR
4486,28.02,28.02,55,55,False,False,US,US
4487,77.58,77.58,79,79,False,False,FR,FR
4488,11.21,11.21,78,78,True,True,UK,UK
4489,28.84,28.84,38,38,True,True,DE,DE
4490,53.36,53.36,80,80,True,True,JP,JP
4491,52.49,52.49,43,43,True,True,JP,JP
4492,85.04,85.04,58,58,False,False,UK,UK
4493,99.61,99.61,41,41,True,,UK,
4494,10.72,10.72,56,56,False,False,US,US
4495,27.14,27.14,56,56,False,False,JP,JP
4496,35.76,35.76,68,68,False,False,UK,UK
4497,47.89,47.89,52,52,False,False,JP,JP
4498,49.39,49.39,56,,False,False,JP,JP
4499,85.62,85.62,65,,False,False,DE,DE
4500,77.06,77.06,48,48,True,True,FR,FR
4501,1.89,1.89,56,56,True,True,DE,DE
4502,45.5,45.5,24,24,True,True,DE,DE
4503,61.81,61.81,81,81,False,False,UK,UK
4504,46.04,46.04,27,27,True,True,JP,JP
4505,13.06,13.06,81,81,False,,US,US
4506,39.75,39.75,73,73,True,True,FR,FR
4507,41.17,41.17,87,87,True,True,JP,JP
4508,18.77,18.77,19,19,False,False,JP,JP
4509,75.63,75.63,33,33,False,False,FR,FR
4510,32.14,32.14,21,21,True,True,FR,FR
4511,58.9,58.9,48,48,True,True,JP,JP
4512,51.57,51.57,84,84,False,False,JP,JP
4513,87.74,87.74,73,73,False,False,UK,UK
4514,12.2,12.2,69,69,False,False,FR,FR
4515,11.43,,79,79,False,False,DE,DE
4516,30.03,30.03,18,18,False,,UK,UK
4517,43.12,43.12,75,75,True,True,JP,JP
4518,29.85,,40,40,False,False,US,US
4519,76.32,76.32,68,68,False,False,US,US
4520,24.53,24.53,73,73,True,True,US,US
4521,8.48,8.48,68,68,True,True,UK,UK
4522,41.38,41.38,48,48,True,True,DE,DE
4523,77.34,77.34,62,62,True,True,JP,JP
4524,85.06,85.06,52,52,False,False,JP,JP
4525,73.33,73.33,63,63,False,False,JP,JP
4526,55.79,55.79,51,51,False,False,FR,FR
4527,72.42,72.42,46,46,False,False,DE,DE
4528,68.14,68.14,32,32,True,True,FR,FR
4529,23.44,23.44,46,46,False,False,UK,UK
4530,55.08,55.08,70,70,True,True,FR,FR
4531,77.06,77.06,81,81,True,True,US,US
4532,31.71,31.71,25,25,True,True,JP,JP
4533,65.4,65.4,31,31,False,,JP,JP
4534,48.15,48.15,55,55,False,False,FR,FR
4535,50.32,50.32,69,69,False,False,US,US
4536,9.01,9.01,30,30,False,False,UK,UK
4537,66.62,66.62,41,41,False,False,FR,FR
4538,86.57,86.57,21,21,True,True,DE,DE
4539,14.14,14.14,21,,False,False,DE,DE
4540,36.61,36.61,28,28,True,True,DE,DE
4541,4.87,4.87,71,71,False,False,JP,JP
4542,2.96,2.96,81,,False,False,US,US
4543,98.97,98.97,54,54,False,False,DE,DE
4544,49.35,49.35,30,30,False,False,UK,UK
4545,35.55,35.55,85,85,False,False,FR,FR
4546,27.49,27.49,38,,False,False,UK,UK
4547,98.0,98.0,29,29,True,,UK,UK
4548,25.23,25.23,28,28,True,True,US,US
4549,72.57,72.57,43,43,True,True,JP,JP
4550,28.38,28.38,71,71,False,False,UK,UK
4551,7.05,7.05,46,46,False,False,JP,JP
4552,68.33,,50,50,True,True,JP,
4553,0.16,0.16,42,42,True,True,JP,JP
4554,67.57,67.57,86,86,True,True,UK,UK
4555,25.04,25.04,67,67,False,False,FR,FR
4556,74.61,74.61,66,66,False,False,JP,JP
4557,76.98,76.98,49,49,True,True,US,US
4558,72.41,72.41,56,56,False,False,US,US
4559,2.45,2.45,82,82,True,True,UK,UK
4560,70.37,70.37,65,,False,False,JP,JP
4561,99.01,99.01,77,77,False,,US,US
4562,24.26,24.26,20,20,False,False,FR,FR
4563,27.42,27.42,80,80,False,False,JP,JP
4564,81.35,81.35,87,87,True,True,JP,JP
4565,16.04,16.04,66,66,False,False,DE,DE
4566,66.06,66.06,87,87,True,True,DE,DE
4567,75.5,75.5,59,59,True,True,FR,FR
4568,3.72,3.72,38,38,False,False,FR,FR
4569,55.38,55.38,62,62,False,False,FR,FR
4570,57.59,57.59,63,63,True,True,UK,UK
4571,30.34,30.34,28,28,True,True,JP,JP
4572,87.63,87.63,32,32,False,False,DE,DE
4573,16.27,16.27,39,39,True,True,UK,UK
4574,36.42,36.42,57,57,True,True,FR,FR
4575,84.87,84.87,28,28,True,True,FR,FR
4576,19.06,19.06,74,74,True,True,US,US
4577,82.14,82.14,25,25,False,False,US,US
4578,7.91,7.91,86,86,False,False,US,US
4579,48.92,,67,67,False,False,DE,DE
4580,7.53,7.53,42,42,True,True,JP,JP
4581,67.79,67.79,45,45,True,True,UK,UK
4582,79.06,79.06,68,68,True,True,US,US
4583,84.99,84.99,24,,True,True,JP,JP
4584,98.13,98.13,70,70,False,False,FR,FR
4585,67.2,67.2,58,58,True,True,DE,DE
4586,76.91,76.91,34,34,True,True,US,
4587,50.58,50.58,83,83,False,False,FR,FR
4588,91.27,91.27,63,63,False,False,UK,UK
4589,64.38,64.38,29,29,True,,UK,UK
4590,88.36,88.36,65,65,False,False,UK,UK
4591,23.55,23.55,48,48,False,False,US,US
4592,49.67,49.67,73,73,True,True,DE,DE
4593,72.98,72.98,53,53,False,False,FR,FR
4594,20.27,20.27,90,90,False,False,JP,JP
4595,21.13,21.13,85,85,False,False,FR,FR
4596,97.8,97.8,20,20,False,False,JP,JP
4597,43.46,43.46,48,48,False,False,JP,JP
4598,18.18,18.18,32,32,False,False,UK,UK
4599,33.15,33.15,50,50,True,True,DE,DE
4600,39.74,39.74,28,28,False,,UK,UK
4601,62.31,62.31,57,57,False,False,FR,FR
4602,92.3,92.3,29,29,False,False,JP,JP
4603,98.66,98.66,63,63,True,True,JP,JP
4604,65.17,65.17,51,51,False,False,US,
4605,69.99,69.99,90,90,False,False,DE,DE
4606,32.18,32.18,82,82,True,True,US,US
4607,85.72,85.72,61,61,True,True,UK,UK
4608,21.78,,50,50,False,False,DE,DE
4609,10.64,10.64,70,70,False,False,FR,FR
4610,97.33,97.33,66,,True,True,FR,FR
4611,86.41,86.41,28,28,True,True,JP,JP
4612,30.36,30.36,45,45,True,True,UK,UK
4613,67.52,67.52,90,90,True,True,DE,DE
4614,46.7,46.7,41,,False,False,US,US
4615,32.31,32.31,18,18,False,False,US,US
4616,28.68,28.68,78,78,True,True,JP,JP
4617,13.6,13.6,86,86,False,False,JP,JP
4618,54.93,54.93,65,65,True,True,JP,JP
4619,44.66,44.66,64,,True,True,UK,UK
4620,51.22,51.22,43,43,True,True,FR,FR
4621,21.54,21.54,44,44,False,,UK,UK
4622,93.86,,84,84,True,True,FR,FR
4623,63.86,63.86,80,80,True,True,DE,DE
4624,89.96,89.96,54,54,False,False,JP,JP
4625,10.93,10.93,40,40,True,True,UK,UK
4626,62.29,,31,31,False,False,FR,FR
4627,84.95,84.95,18,18,True,True,FR,FR
4628,33.09,33.09,53,53,True,True,FR,FR
4629,19.51,19.51,58,58,False,False,US,US
4630,26.5,26.5,67,67,True,True,DE,DE
4631,27.29,27.29,76,76,False,False,DE,
4632,44.72,44.72,44,44,True,True,UK,UK
4633,32.6,32.6,30,30,False,False,JP,JP
4634,27.13,27.13,79,79,True,True,JP,JP
4635,64.85,64.85,73,73,False,False,US,US
4636,5.3,5.3,56,56,False,False,FR,FR
4637,34.04,34.04,20,20,True,True,JP,JP
4638,68.98,68.98,52,52,False,False,UK,
4639,17.58,17.58,63,63,True,True,FR,FR
4640,22.09,22.09,80,80,True,True,FR,
4641,20.07,20.07,55,55,True,True,US,US
4642,0.09,0.09,51,51,False,False,JP,JP
4643,47.38,47.38,45,45,False,False,FR,FR
4644,3.9,3.9,48,48,True,True,UK,UK
4645,27.29,27.29,19,19,True,True,UK,UK
4646,99.48,99.48,25,25,True,True,FR,FR
4647,91.84,91.84,73,73,True,True,JP,JP
4648,21.51,21.51,44,44,False,False,US,US
4649,31.0,31.0,80,80,True,True,UK,UK
4650,46.37,46.37,46,46,False,False,FR,FR
4651,84.44,84.44,90,90,True,True,US,US
4652,80.26,80.26,31,31,True,True,JP,JP
4653,12.62,12.62,31,31,False,False,UK,UK
4654,12.44,12.44,60,60,True,True,JP,JP
4655,41.67,41.67,76,76,True,True,US,US
4656,87.01,87.01,28,28,True,True,JP,JP
4657,88.21,88.21,54,54,True,True,US,US
4658,10.74,10.74,34,34,False,False,FR,
4659,57.43,57.43,71,71,False,False,UK,UK
4660,15.57,15.57,58,58,False,False,DE,DE
4661,68.61,,65,65,False,False,US,
4662,91.64,91.64,37,37,False,False,FR,FR
4663,45.48,45.48,39,39,False,False,FR,FR
4664,8.31,8.31,64,64,False,False,UK,UK
4665,57.93,57.93,43,43,True,True,DE,DE
4666,40.85,40.85,68,68,False,False,DE,DE
4667,81.09,81.09,29,29,False,False,FR,FR
4668,34.03,34.03,39,39,True,True,DE,DE
4669,87.49,87.49,25,25,True,True,US,US
4670,27.37,27.37,24,24,False,,DE,DE
4671,15.75,15.75,37,37,False,False,UK,UK
4672,30.65,30.65,53,53,True,True,DE,DE
4673,3.49,3.49,28,28,False,False,UK,UK
4674,28.12,28.12,24,24,True,True,UK,UK
4675,66.01,66.01,82,82,False,False,UK,
4676,14.23,14.23,55,55,True,True,UK,UK
4677,11.14,11.14,70,70,False,,FR,FR
4678,13.24,13.24,71,71,True,True,UK,UK
4679,7.76,7.76,25,25,True,True,FR,FR
4680,87.46,87.46,63,63,False,False,DE,DE
4681,94.41,94.41,80,80,False,False,FR,FR
4682,4.66,4.66,50,50,True,True,US,US
4683,76.01,76.01,80,80,False,False,UK,UK
4684,73.72,73.72,87,87,False,False,JP,JP
4685,99.69,99.69,57,57,True,True,JP,JP
4686,34.79,34.79,25,25,False,False,US,US
4687,28.55,28.55,63,63,False,False,JP,JP
4688,45.31,45.31,82,82,True,True,JP,JP
4689,85.66,85.66,60,60,False,False,US,US
4690,72.86,72.86,76,76,False,False,UK,UK
4691,47.16,,57,57,True,True,US,US
4692,24.46,24.46,48,48,False,False,JP,JP
4693,72.7,,87,87,False,,JP,JP
4694,85.45,,29,29,True,True,FR,FR
4695,40.0,,50,50,False,False,UK,UK
4696,66.86,66.86,29,,False,False,JP,JP
4697,40.02,40.02,65,65,False,False,JP,JP
4698,47.85,47.85,85,85,False,False,JP,JP
4699,52.49,52.49,90,90,True,True,UK,UK
4700,77.57,77.57,35,35,False,False,FR,FR
4701,97.75,97.75,71,71,False,False,FR,FR
4702,44.44,44.44,81,81,False,False,US,
4703,34.23,34.23,78,78,True,True,DE,DE
4704,37.36,37.36,54,54,True,True,DE,DE
4705,13.39,13.39,30,30,False,False,DE,DE
4706,29.69,29.69,51,51,True,True,UK,UK
4707,8.64,8.64,74,74,False,False,FR,
4708,42.79,42.79,63,63,False,False,JP,JP
4709,16.74,16.74,46,46,True,True,FR,FR
4710,34.64,34.64,33,33,True,True,JP,JP
4711,79.36,79.36,65,65,True,,FR,FR
4712,24.59,24.59,49,49,True,True,UK,UK
4713,61.19,61.19,52,52,True,True,FR,FR
4714,90.12,90.12,86,86,True,True,FR,FR
4715,56.69,56.69,18,18,True,True,JP,JP
4716,19.38,19.38,35,35,True,True,UK,UK
4717,34.48,34.48,85,85,False,False,US,US
4718,59.04,59.04,85,85,True,True,FR,FR
4719,50.66,50.66,40,40,True,True,FR,FR
4720,14.86,14.86,90,90,True,True,FR,FR
4721,44.68,44.68,33,33,True,True,FR,FR
4722,54.31,54.31,21,21,True,True,DE,DE
4723,26.73,26.73,40,40,False,False,US,US
4724,61.24,61.24,56,56,False,False,JP,JP
4725,7.02,7.02,18,18,False,False,UK,UK
4726,33.66,33.66,30,30,False,False,UK,UK
4727,80.43,80.43,75,75,True,True,JP,JP
4728,25.93,25.93,63,63,False,False,FR,FR
4729,60.52,60.52,62,62,True,True,DE,DE
4730,41.0,41.0,90,90,True,True,FR,FR
4731,31.65,31.65,34,34,False,False,US,US
4732,91.61,91.61,83,83,False,False,UK,UK
4733,34.33,34.33,43,43,True,True,UK,
4734,23.67,23.67,85,85,True,True,DE,DE
4735,90.93,,75,75,False,False,UK,UK
4736,74.59,74.59,33,33,False,False,US,US
4737,68.18,68.18,33,33,True,True,FR,FR
4738,4.95,4.95,57,57,True,True,DE,DE
4739,13.12,13.12,54,54,True,True,UK,UK
4740,63.83,63.83,35,35,False,False,JP,JP
4741,20.94,20.94,37,37,False,False,UK,UK
4742,22.56,22.56,83,83,False,False,US,US
4743,77.91,77.91,73,73,False,False,JP,
4744,28.59,28.59,31,31,False,False,US,US
4745,7.16,7.16,70,70,True,True,US,US
4746,3.64,3.64,29,29,True,True,DE,DE
4747,44.32,44.32,50,50,True,True,DE,DE
4748,61.71,61.71,18,18,False,False,UK,UK
4749,86.89,86.89,65,65,True,True,JP,JP
4750,11.08,11.08,31,31,False,False,UK,UK
4751,19.67,19.67,35,35,True,True,JP,JP
4752,52.98,52.98,31,31,True,True,FR,FR
4753,36.41,36.41,31,31,True,True,US,US
4754,48.25,48.25,23,23,True,True,DE,DE
4755,92.41,92.41,58,58,False,False,US,
4756,54.49,54.49,81,81,True,True,JP,JP
4757,41.51,41.51,40,,True,True,FR,FR
4758,98.94,98.94,74,74,True,True,DE,DE
4759,6.52,6.52,57,57,False,False,FR,FR
4760,93.21,93.21,36,36,False,False,FR,FR
4761,50.17,50.17,22,22,True,True,DE,DE
4762,50.38,50.38,75,75,True,True,UK,UK
4763,92.2,92.2,19,19,False,False,UK,UK
4764,50.73,50.73,48,48,False,,UK,UK
4765,43.84,43.84,20,20,True,True,FR,FR
4766,27.25,27.25,74,74,True,True,DE,DE
4767,65.88,65.88,90,90,False,,DE,DE
4768,56.96,56.96,41,41,True,True,FR,FR
4769,21.43,21.43,40,40,True,True,DE,DE
4770,70.94,70.94,59,59,False,False,JP,
4771,64.41,64.41,54,54,False,False,UK,UK
4772,39.73,39.73,45,45,False,False,US,US
4773,0.44,0.44,44,44,False,False,DE,DE
4774,44.66,44.66,31,31,True,,DE,DE
4775,0.61,0.61,36,36,False,False,JP,JP
4776,7.5,7.5,60,,True,True,FR,FR
4777,43.06,43.06,71,71,False,False,JP,JP
4778,8.19,8.19,72,72,True,True,US,US
4779,27.57,27.57,55,55,True,True,DE,DE
4780,65.55,,72,72,True,True,JP,JP
4781,30.86,30.86,61,61,False,False,DE,DE
4782,99.76,99.76,44,44,True,True,UK,UK
4783,91.63,91.63,43,43,False,False,FR,FR
4784,58.53,58.53,55,55,False,False,JP,JP
4785,96.69,96.69,40,40,True,True,UK,UK
4786,86.8,86.8,73,73,True,True,DE,DE
4787,31.89,31.89,31,31,True,True,JP,JP
4788,74.96,74.96,21,21,False,False,US,US
4789,13.68,13.68,53,53,False,False,US,US
4790,68.46,68.46,23,23,True,True,FR,FR
4791,49.11,49.11,31,31,True,True,FR,FR
4792,1.68,1.68,45,45,True,True,US,US
4793,27.42,27.42,18,18,True,,DE,DE
4794,95.54,95.54,34,34,False,False,FR,FR
4795,31.58,31.58,57,57,False,False,JP,JP
4796,18.15,18.15,45,45,True,True,JP,JP
4797,18.75,18.75,83,83,True,True,UK,UK
4798,47.92,47.92,24,,True,True,DE,DE
4799,84.26,84.26,70,70,False,False,FR,FR
4800,75.8,75.8,61,61,False,False,UK,UK
4801,43.69,43.69,65,65,False,False,US,US
4802,20.87,20.87,67,67,True,True,DE,DE
4803,4.61,4.61,21,21,False,False,FR,FR
4804,46.26,46.26,75,75,True,,DE,DE
4805,81.48,81.48,42,42,False,False,FR,FR
4806,72.97,72.97,65,65,False,False,FR,FR
4807,40.86,40.86,39,39,True,True,JP,JP
4808,59.47,59.47,46,46,False,False,FR,
4809,43.62,43.62,69,69,False,False,US,US
4810,57.9,57.9,86,86,False,False,DE,
4811,51.75,51.75,82,82,False,False,US,US
4812,68.1,68.1,71,71,True,True,FR,FR
4813,50.77,50.77,57,57,False,False,JP,JP
4814,94.06,94.06,56,56,False,False,FR,FR
4815,42.8,42.8,88,88,True,True,UK,UK
4816,1.59,1.59,33,,False,False,FR,FR
4817,23.64,23.64,87,87,True,,US,
4818,50.06,50.06,65,65,True,True,UK,UK
4819,54.06,54.06,62,62,True,True,UK,UK
4820,55.24,55.24,61,61,True,True,DE,DE
4821,71.46,71.46,77,,True,True,UK,UK
4822,27.46,27.46,67,67,True,True,DE,DE
4823,66.49,66.49,24,24,False,False,US,
4824,70.4,70.4,75,75,True,True,JP,JP
4825,41.13,41.13,71,71,True,True,UK,UK
4826,40.22,,84,84,False,False,JP,JP
4827,17.89,17.89,86,86,True,True,US,US
4828,41.4,41.4,87,87,False,False,JP,JP
4829,78.68,78.68,21,21,True,True,FR,FR
4830,90.9,90.9,64,64,True,True,UK,UK
4831,59.36,59.36,86,86,False,False,FR,FR
4832,29.94,29.94,88,88,False,False,FR,FR
4833,68.23,68.23,58,58,False,False,FR,FR
4834,74.01,74.01,84,84,False,False,JP,JP
4835,33.22,33.22,82,82,False,False,JP,JP
4836,82.65,82.65,18,18,True,True,US,US
4837,7.37,7.37,82,82,False,False,UK,UK
4838,1.08,1.08,64,64,False,False,US,US
4839,12.3,12.3,59,59,True,True,US,US
4840,15.6,15.6,31,31,True,True,US,US
4841,87.89,87.89,85,85,False,False,FR,FR
4842,42.5,42.5,39,39,True,True,FR,FR
4843,27.49,27.49,48,48,False,False,US,US
4844,42.91,42.91,39,39,True,True,DE,DE
4845,39.48,39.48,88,88,True,True,US,US
4846,30.15,30.15,53,53,False,False,US,US
4847,13.79,13.79,26,26,True,True,US,US
4848,65.59,65.59,18,18,False,False,DE,DE
4849,13.66,,89,89,False,False,US,US
4850,77.54,77.54,35,35,True,True,FR,FR
4851,20.17,20.17,74,74,False,False,JP,JP
4852,73.14,73.14,20,20,True,True,JP,
4853,80.56,80.56,83,83,False,False,JP,JP
4854,12.53,12.53,65,,False,False,FR,FR
4855,8.67,8.67,34,34,False,False,JP,JP
4856,94.96,94.96,82,82,False,,JP,JP
4857,46.3,46.3,39,39,False,False,UK,UK
4858,63.02,63.02,90,90,True,True,FR,FR
4859,2.33,2.33,61,61,True,True,UK,UK
4860,27.87,27.87,50,50,False,,JP,JP
4861,50.54,,22,22,False,False,US,US
4862,88.62,88.62,36,36,False,False,DE,DE
4863,27.14,27.14,22,22,True,True,UK,UK
4864,77.52,77.52,80,80,False,False,JP,JP
4865,66.22,66.22,25,25,True,True,UK,UK
4866,11.53,11.53,26,26,False,,JP,JP
4867,29.34,29.34,27,27,True,True,DE,DE
4868,23.79,23.79,89,89,False,False,FR,FR
4869,44.25,44.25,88,88,True,True,DE,DE
4870,63.53,63.53,70,70,False,False,DE,DE
4871,43.34,43.34,23,23,True,True,UK,UK
4872,24.45,24.45,54,54,True,True,UK,UK
4873,69.59,69.59,87,87,False,False,FR,FR
4874,58.45,58.45,25,25,False,False,UK,UK
4875,51.93,51.93,75,75,False,False,JP,JP
4876,55.44,55.44,19,19,False,False,US,US
4877,22.19,22.19,76,76,False,False,UK,UK
4878,68.04,68.04,57,57,False,,US,US
4879,38.75,38.75,82,82,False,False,JP,JP
4880,36.35,36.35,48,48,True,True,DE,DE
4881,14.97,14.97,75,75,True,True,US,US
4882,59.68,,79,79,False,False,US,
4883,60.27,60.27,41,41,True,True,JP,JP
4884,34.03,34.03,64,64,False,False,JP,JP
4885,85.99,85.99,51,51,True,True,UK,UK
4886,84.55,84.55,49,49,True,True,FR,FR
4887,10.91,10.91,76,76,True,True,UK,UK
4888,69.5,69.5,34,34,True,True,JP,JP
4889,39.38,39.38,26,26,True,True,FR,FR
4890,99.97,99.97,53,53,True,True,DE,DE
4891,22.5,22.5,77,77,True,True,JP,JP
4892,28.05,28.05,29,29,False,False,UK,UK
4893,44.21,44.21,42,,False,False,JP,JP
4894,26.87,26.87,66,66,False,False,UK,UK
4895,69.2,69.2,52,52,False,False,JP,JP
4896,48.09,48.09,62,62,False,False,JP,JP
4897,22.09,22.09,56,56,False,False,DE,DE
4898,50.64,50.64,77,77,True,True,US,US
4899,88.88,88.88,81,81,False,False,FR,FR
4900,79.24,79.24,50,50,False,False,FR,FR
4901,49.88,49.88,49,49,True,True,JP,JP
4902,28.85,28.85,38,38,False,False,UK,UK
4903,17.99,17.99,50,50,False,False,UK,UK
4904,87.84,87.84,79,79,False,False,UK,UK
4905,71.02,71.02,54,54,True,True,UK,UK
4906,57.22,,68,68,True,True,US,US
4907,87.94,87.94,48,48,True,True,US,
4908,12.17,12.17,69,69,False,False,DE,DE
4909,68.25,68.25,70,70,True,True,JP,JP
4910,21.67,21.67,56,56,False,False,US,US
4911,12.06,12.06,86,86,False,False,UK,UK
4912,46.56,46.56,81,81,True,True,JP,JP
4913,38.74,38.74,29,29,True,True,US,US
4914,94.12,94.12,34,34,True,True,US,
4915,32.4,32.4,87,87,True,True,JP,JP
4916,81.49,81.49,47,47,True,True,UK,UK
4917,74.88,74.88,40,40,True,True,UK,UK
4918,66.79,66.79,76,76,True,True,US,US
4919,92.04,92.04,61,61,True,True,DE,DE
4920,40.79,40.79,27,27,False,False,JP,JP
4921,38.97,38.97,24,24,True,True,JP,JP
4922,16.09,16.09,76,76,True,True,FR,FR
4923,27.58,27.58,73,73,False,False,FR,FR
4924,87.98,87.98,43,43,False,False,FR,FR
4925,47.44,47.44,80,80,True,True,FR,FR
4926,34.14,34.14,27,27,True,True,DE,DE
4927,21.61,,81,81,False,False,UK,UK
4928,48.5,48.5,23,23,False,False,JP,JP
4929,71.67,71.67,64,64,True,,JP,
4930,28.67,28.67,79,79,True,True,US,US
4931,75.77,75.77,63,63,True,True,US,US
4932,62.98,,74,74,True,True,FR,FR
4933,78.76,78.76,43,43,True,True,US,US
4934,25.09,25.09,39,39,False,False,JP,JP
4935,63.1,63.1,37,37,True,True,JP,JP
4936,15.37,15.37,26,26,False,False,US,US
4937,36.38,36.38,38,38,False,False,FR,FR
4938,72.44,72.44,36,36,True,,US,US
4939,63.17,63.17,73,,False,False,UK,UK
4940,18.79,18.79,33,33,False,False,DE,DE
4941,85.83,,30,30,True,True,FR,FR
4942,5.34,5.34,71,71,True,True,US,US
4943,59.52,59.52,57,57,False,False,US,US
4944,98.38,98.38,33,33,False,False,UK,UK
4945,53.15,53.15,69,69,False,False,FR,FR
4946,80.07,80.07,33,33,True,True,DE,DE
4947,59.52,59.52,75,75,True,True,UK,UK
4948,78.31,,20,20,True,True,US,US
4949,65.56,,61,61,True,,JP,JP
4950,69.11,69.11,61,61,False,False,FR,FR
4951,22.78,22.78,45,45,True,True,JP,JP
4952,74.18,74.18,68,68,True,,DE,
4953,23.79,,45,45,True,True,JP,JP
4954,98.06,98.06,65,65,True,True,FR,FR
4955,22.78,22.78,34,34,False,False,DE,DE
4956,23.67,23.67,59,59,True,True,DE,DE
4957,85.87,85.87,73,73,True,True,DE,DE
4958,24.3,24.3,88,88,True,True,DE,DE
4959,36.09,,44,44,True,True,FR,FR
4960,71.46,71.46,52,52,True,True,DE,DE
4961,15.87,15.87,52,52,True,True,JP,
4962,15.91,15.91,80,80,False,False,JP,JP
4963,48.64,48.64,88,88,True,True,DE,
4964,24.37,24.37,65,65,False,,UK,UK
4965,23.57,23.57,78,78,True,,FR,
4966,0.92,0.92,24,24,False,False,FR,FR
4967,37.04,37.04,73,73,False,False,UK,UK
4968,31.83,31.83,77,77,True,True,JP,
4969,3.12,3.12,70,70,True,True,FR,FR
4970,62.12,62.12,60,60,True,True,FR,FR
4971,62.67,62.67,83,83,False,False,FR,FR
4972,7.08,7.08,65,65,False,False,UK,UK
4973,31.7,31.7,79,79,False,False,FR,FR
4974,87.28,87.28,31,31,True,True,US,US
4975,58.22,58.22,66,66,False,False,FR,
4976,41.2,41.2,49,,False,False,DE,DE
4977,46.51,46.51,81,81,True,True,DE,DE
4978,20.83,20.83,82,82,True,True,FR,FR
4979,81.19,81.19,79,79,True,True,UK,UK
4980,91.4,,33,33,True,,FR,FR
4981,91.07,91.07,53,53,False,False,US,US
4982,22.39,22.39,18,18,True,True,FR,FR
4983,31.07,31.07,89,89,True,True,FR,FR
4984,16.06,16.06,36,36,True,True,US,US
4985,30.72,30.72,63,63,False,False,FR,FR
4986,33.28,33.28,53,53,True,True,FR,FR
4987,63.31,63.31,84,84,False,False,DE,DE
4988,18.96,18.96,77,77,False,False,FR,FR
4989,91.94,91.94,74,74,False,,US,US
4990,10.31,10.31,64,64,True,True,JP,JP
4991,0.69,0.69,26,26,False,False,JP,JP
4992,85.49,85.49,85,85,False,False,FR,FR
4993,70.38,70.38,22,22,False,False,US,US
4994,35.54,35.54,51,51,True,True,DE,DE
4995,59.55,59.55,45,45,False,False,JP,JP
4996,22.35,22.35,46,46,True,True,FR,FR
4997,16.84,16.84,89,89,False,False,JP,JP
4998,47.11,47.11,34,34,False,False,FR,FR
4999,35.32,35.32,60,60,False,False,FR,FR
5000,61.52,61.52,33,33,False,False,UK,UK
5001,21.81,21.81,84,84,True,True,JP,JP
5002,66.29,66.29,71,71,False,False,DE,DE
5003,76.69,76.69,48,48,True,True,JP,JP
5004,16.66,16.66,23,,True,True,UK,UK
5005,4.39,4.39,29,29,False,False,UK,UK
5006,43.96,43.96,35,35,False,False,US,US
5007,77.4,77.4,47,47,True,True,FR,FR
5008,65.08,65.08,82,82,True,True,FR,FR
5009,70.19,70.19,26,26,True,True,UK,UK
5010,40.28,40.28,60,60,False,False,UK,UK
5011,23.49,23.49,43,43,True,True,DE,DE
5012,53.18,53.18,21,21,True,True,FR,FR
5013,20.44,20.44,63,63,False,False,UK,UK
5014,72.62,72.62,69,69,True,True,DE,DE
5015,19.7,19.7,88,88,False,False,US,US
5016,29.13,29.13,54,54,False,False,JP,JP
5017,50.65,50.65,41,41,False,False,JP,JP
5018,48.67,,80,80,True,True,FR,FR
5019,60.08,60.08,36,36,True,True,JP,JP
5020,43.74,43.74,67,67,False,False,FR,FR
5021,91.95,91.95,86,86,True,True,JP,JP
5022,83.99,83.99,18,18,True,True,DE,DE
5023,87.91,87.91,85,85,False,False,UK,UK
5024,62.95,62.95,33,33,False,False,JP,JP
5025,63.5,63.5,53,53,False,False,US,US
5026,60.92,60.92,36,36,True,,DE,DE
5027,43.49,43.49,28,28,True,True,FR,FR
5028,32.21,32.21,69,69,False,False,FR,FR
5029,59.2,59.2,53,53,False,False,FR,FR
5030,2.55,2.55,55,55,True,True,DE,
5031,0.75,0.75,53,53,True,True,JP,JP
5032,85.16,85.16,72,72,False,False,UK,UK
5033,4.64,4.64,88,88,True,True,US,US
5034,52.48,52.48,55,55,True,True,FR,FR
5035,61.5,61.5,29,29,True,True,UK,UK
5036,19.82,19.82,41,41,False,False,DE,DE
5037,89.57,,54,54,False,False,DE,DE
5038,19.01,19.01,25,25,False,False,UK,UK
5039,88.45,88.45,34,34,True,True,JP,JP
5040,76.3,76.3,32,32,True,True,UK,
5041,24.07,24.07,89,,True,True,FR,FR
5042,15.07,15.07,47,47,False,False,US,US
5043,31.62,31.62,82,82,False,False,JP,JP
5044,39.8,39.8,58,58,False,False,JP,JP
5045,24.58,24.58,54,54,True,True,US,
5046,99.89,99.89,86,86,True,True,FR,FR
5047,22.97,22.97,68,68,True,True,DE,DE
5048,83.06,83.06,35,35,False,False,US,US
5049,15.91,15.91,38,38,True,True,FR,FR
5050,98.02,98.02,66,66,True,True,FR,FR
5051,22.55,22.55,18,18,True,True,JP,JP
5052,42.17,42.17,29,29,False,False,FR,FR
5053,55.86,55.86,23,23,True,True,FR,FR
5054,12.03,12.03,70,70,True,True,FR,FR
5055,81.68,81.68,50,50,True,True,FR,FR
5056,27.47,27.47,18,18,True,True,DE,DE
5057,54.93,54.93,72,72,False,False,FR,FR
5058,54.96,54.96,65,65,False,False,US,
5059,60.26,60.26,70,70,False,False,FR,FR
5060,5.55,5.55,29,,False,False,UK,UK
5061,16.86,16.86,81,81,True,True,DE,DE
5062,16.12,16.12,31,31,True,True,FR,FR
5063,30.21,30.21,59,59,False,,US,US
5064,14.49,14.49,58,58,True,,FR,FR
5065,92.19,92.19,33,33,False,False,UK,UK
5066,51.3,,45,45,False,False,FR,FR
5067,62.36,62.36,21,21,True,True,FR,FR
5068,35.75,35.75,52,52,False,False,US,US
5069,27.62,27.62,67,67,True,True,UK,UK
5070,50.32,50.32,40,,False,,JP,JP
5071,29.43,,57,57,False,,UK,UK
5072,34.36,,87,87,True,True,DE,DE
5073,45.28,45.28,35,35,False,False,US,US
5074,50.57,50.57,39,39,True,True,FR,FR
5075,98.43,98.43,26,26,True,True,US,US
5076,22.33,22.33,57,57,False,False,UK,UK
5077,48.8,48.8,32,32,True,True,DE,DE
5078,14.95,14.95,80,80,True,True,FR,FR
5079,35.0,35.0,39,39,False,False,DE,DE
5080,71.73,71.73,66,66,True,True,JP,JP
5081,17.45,17.45,31,31,True,True,DE,DE
5082,58.14,58.14,41,41,True,True,UK,UK
5083,41.67,41.67,30,30,False,False,US,US
5084,5.16,5.16,58,58,False,False,FR,FR
5085,93.31,93.31,20,20,True,True,DE,DE
5086,41.36,41.36,24,24,False,False,FR,FR
5087,78.39,78.39,54,54,True,True,UK,UK
5088,41.63,41.63,57,57,False,False,UK,UK
5089,93.74,93.74,42,42,False,False,DE,DE
5090,29.05,29.05,49,49,True,True,UK,UK
5091,41.22,41.22,48,48,False,False,JP,JP
5092,75.89,75.89,73,73,False,False,FR,FR
5093,34.37,34.37,50,50,True,True,JP,
5094,36.44,36.44,79,79,False,False,UK,UK
5095,99.48,99.48,33,33,False,False,US,US
5096,55.56,55.56,32,32,True,True,US,US
5097,68.94,68.94,47,47,True,True,JP,JP
5098,64.35,64.35,23,23,True,True,JP,
5099,82.79,82.79,66,66,False,False,FR,FR
5100,86.18,86.18,46,46,False,False,DE,DE
5101,56.33,56.33,44,44,False,False,UK,UK
5102,29.46,29.46,56,56,False,False,FR,FR
5103,2.28,2.28,23,,False,False,DE,DE
5104,61.44,61.44,45,45,False,False,FR,FR
5105,82.55,82.55,88,88,True,True,US,US
5106,45.05,45.05,63,63,False,False,DE,DE
5107,16.47,16.47,59,59,True,True,FR,FR
5108,28.81,28.81,54,54,False,False,FR,FR
5109,51.0,51.0,52,52,False,False,US,US
5110,83.67,83.67,86,86,False,False,US,US
5111,17.18,17.18,85,85,True,True,JP,
5112,61.21,61.21,47,47,False,False,UK,UK
5113,75.34,75.34,85,85,True,True,DE,DE
5114,93.6,93.6,24,24,True,True,FR,FR
5115,11.67,11.67,41,41,False,False,DE,DE
5116,92.64,,40,40,True,True,JP,JP
5117,60.15,60.15,68,68,True,True,JP,JP
5118,76.67,76.67,62,62,False,False,UK,UK
5119,5.38,5.38,52,52,False,False,US,
5120,50.61,50.61,36,36,True,True,JP,JP
5121,62.26,62.26,55,55,True,True,FR,FR
5122,30.68,30.68,37,,False,False,FR,FR
5123,43.17,43.17,54,54,True,True,DE,DE
5124,55.43,55.43,42,42,True,True,DE,DE
5125,55.25,55.25,82,82,False,False,US,US
5126,4.19,4.19,72,72,True,True,DE,DE
5127,43.95,43.95,30,30,True,True,DE,DE
5128,21.38,21.38,86,86,True,True,US,US
5129,91.67,91.67,66,66,False,False,FR,FR
5130,97.66,97.66,43,43,True,True,FR,FR
5131,29.96,29.96,56,56,False,False,JP,JP
5132,17.52,17.52,32,32,False,False,US,US
5133,21.95,21.95,21,21,True,True,UK,UK
5134,47.78,47.78,48,48,False,False,DE,DE
5135,87.45,87.45,75,75,False,False,JP,
5136,50.0,50.0,43,43,False,False,UK,UK
5137,5.54,5.54,46,46,True,True,JP,JP
5138,3.99,3.99,90,90,False,False,JP,JP
5139,22.74,22.74,90,,True,True,US,US
5140,84.28,84.28,51,51,True,True,UK,UK
5141,62.15,62.15,21,21,True,True,UK,UK
5142,56.3,56.3,67,67,False,False,DE,DE
5143,31.9,31.9,70,70,False,False,JP,JP
5144,92.94,92.94,84,84,False,False,UK,UK
5145,33.12,33.12,87,,True,True,FR,FR
5146,83.49,83.49,63,63,True,True,US,US
5147,89.59,89.59,25,25,True,True,DE,DE
5148,48.33,48.33,36,36,True,True,UK,UK
5149,89.43,89.43,70,70,True,True,JP,JP
5150,27.68,27.68,62,62,True,True,FR,FR
5151,65.84,65.84,49,49,False,False,UK,UK
5152,8.8,8.8,47,47,True,True,FR,FR
5153,47.39,,69,69,True,True,UK,UK
5154,21.73,21.73,48,48,True,True,DE,DE
5155,6.28,6.28,29,29,True,True,DE,DE
5156,0.37,0.37,89,89,False,False,JP,
5157,32.48,32.48,43,43,False,False,UK,UK
5158,58.95,58.95,38,38,True,True,US,US
5159,45.52,45.52,23,23,False,False,US,US
5160,30.18,30.18,52,52,False,False,JP,JP
5161,99.12,99.12,89,89,False,False,UK,UK
5162,93.95,93.95,29,29,False,False,US,US
5163,12.57,,35,35,False,False,DE,
5164,41.51,41.51,31,31,True,True,JP,JP
5165,64.88,64.88,24,24,True,True,JP,JP
5166,73.35,73.35,62,62,False,,JP,JP
5167,36.64,,39,39,False,False,FR,FR
5168,74.63,,72,72,False,,JP,JP
5169,12.42,12.42,47,47,False,False,FR,FR
5170,33.18,33.18,64,64,False,False,US,US
5171,71.64,71.64,24,24,True,True,DE,DE
5172,62.57,62.57,42,42,True,True,DE,DE
5173,83.72,83.72,48,48,True,True,DE,DE
5174,4.69,4.69,22,22,True,True,JP,JP
5175,17.44,17.44,48,48,True,,JP,JP
5176,4.85,4.85,52,52,False,False,DE,DE
5177,19.21,19.21,47,47,True,True,US,US
5178,0.43,0.43,54,54,True,True,UK,UK
5179,50.42,50.42,76,76,False,False,US,US
5180,52.83,52.83,74,74,False,False,DE,DE
5181,65.79,65.79,19,19,True,True,UK,
5182,38.49,38.49,64,64,True,True,US,US
5183,0.32,0.32,83,83,False,False,US,US
5184,67.39,67.39,81,81,False,False,DE,DE
5185,5.43,5.43,41,,False,False,US,US
5186,86.62,86.62,75,75,False,False,US,US
5187,2.27,,76,76,True,True,UK,UK
5188,53.05,53.05,44,44,True,True,FR,FR
5189,89.49,89.49,81,81,True,True,FR,FR
5190,57.25,57.25,64,64,True,True,UK,UK
5191,60.84,60.84,72,72,False,False,FR,FR
5192,68.16,68.16,72,72,False,False,US,US
5193,12.24,12.24,75,75,True,True,FR,FR
5194,67.49,67.49,87,87,False,False,US,US
5195,88.04,88.04,80,,True,True,US,US
5196,97.42,97.42,48,48,True,True,JP,JP
5197,44.31,44.31,59,59,False,False,DE,DE
5198,34.45,34.45,65,65,False,False,DE,DE
5199,75.33,75.33,80,80,True,True,UK,UK
5200,54.29,54.29,46,46,False,False,FR,FR
5201,25.73,25.73,40,40,True,True,FR,FR
5202,17.22,17.22,71,71,True,True,FR,FR
5203,17.02,17.02,87,87,True,True,UK,
5204,45.92,45.92,84,84,False,False,FR,FR
5205,17.01,17.01,28,28,False,False,FR,FR
5206,1.97,1.97,85,85,False,False,DE,DE
5207,5.21,5.21,75,75,False,False,UK,UK
5208,92.99,92.99,29,29,False,False,FR,FR
5209,7.3,7.3,18,18,True,True,DE,DE
5210,7.32,7.32,32,32,False,False,UK,UK
5211,45.12,45.12,85,85,True,True,JP,JP
5212,24.51,24.51,73,73,True,True,DE,DE
5213,96.27,96.27,59,59,False,,DE,DE
5214,91.1,91.1,64,64,True,True,UK,UK
5215,40.47,40.47,48,48,True,True,FR,FR
5216,44.87,44.87,84,84,False,False,JP,JP
5217,37.51,37.51,29,29,False,False,FR,FR
5218,3.79,,40,40,True,True,DE,DE
5219,29.28,29.28,32,32,True,True,FR,FR
5220,12.27,12.27,79,79,False,False,UK,UK
5221,10.24,10.24,57,57,False,False,US,US
5222,56.09,56.09,67,67,False,False,FR,FR
5223,9.88,9.88,85,85,False,False,US,
5224,10.29,10.29,32,32,True,True,US,US
5225,48.05,48.05,88,88,False,False,FR,FR
5226,44.23,44.23,27,27,False,False,DE,DE
5227,13.76,13.76,73,,False,False,JP,JP
5228,0.44,0.44,69,69,True,True,JP,JP
5229,19.3,19.3,78,78,False,False,US,US
5230,23.59,23.59,29,29,False,False,FR,FR
5231,80.02,80.02,88,88,False,False,UK,UK
5232,91.54,91.54,75,75,True,True,FR,FR
5233,40.59,40.59,26,26,False,False,US,US
5234,40.5,40.5,58,58,True,True,DE,DE
5235,71.25,71.25,77,77,True,True,FR,FR
5236,62.69,62.69,52,52,False,False,DE,DE
5237,18.41,18.41,45,45,True,True,DE,DE
5238,10.77,10.77,38,38,True,True,US,
5239,43.76,43.76,55,55,False,False,US,US
5240,56.48,56.48,89,89,False,False,FR,FR
5241,13.87,,62,62,False,False,DE,DE
5242,29.33,,70,70,False,False,DE,DE
5243,30.59,30.59,74,,True,True,UK,UK
5244,26.13,26.13,74,74,False,False,US,US
5245,46.08,46.08,47,47,False,False,FR,FR
5246,65.31,65.31,74,74,True,True,US,US
5247,50.94,50.94,41,41,True,True,FR,FR
5248,20.15,20.15,60,60,True,True,US,US
5249,10.29,10.29,40,40,False,False,JP,JP
5250,82.19,82.19,86,86,True,True,UK,UK
5251,47.93,47.93,71,71,False,False,JP,JP
5252,6.21,6.21,60,60,True,True,US,US
5253,25.81,25.81,50,50,True,True,DE,DE
5254,80.4,80.4,55,55,False,False,DE,DE
5255,75.17,,74,74,True,True,US,US
5256,87.58,87.58,37,37,True,True,DE,
5257,60.21,60.21,78,78,False,False,UK,UK
5258,42.29,42.29,38,38,True,True,DE,DE
5259,42.66,42.66,28,28,False,False,UK,UK
5260,19.4,19.4,71,71,True,True,US,US
5261,65.08,65.08,69,69,True,True,FR,FR
5262,58.51,58.51,42,42,True,True,DE,DE
5263,15.49,15.49,65,65,True,,JP,JP
5264,88.57,88.57,71,71,True,True,JP,JP
5265,36.85,36.85,75,75,True,True,UK,UK
5266,4.97,4.97,87,87,False,False,UK,UK
5267,32.79,32.79,80,80,False,False,JP,JP
5268,86.99,86.99,50,50,True,True,UK,UK
5269,91.7,91.7,34,34,False,False,US,US
5270,49.04,49.04,25,25,True,True,DE,DE
5271,95.63,95.63,59,,False,False,JP,JP
5272,87.52,87.52,66,66,True,True,UK,UK
5273,82.52,82.52,68,68,True,True,FR,FR
5274,85.97,85.97,18,18,False,False,UK,UK
5275,38.19,38.19,69,69,False,False,UK,UK
5276,75.65,75.65,75,75,False,False,DE,DE
5277,57.73,57.73,70,70,False,False,US,US
5278,71.97,71.97,56,56,True,True,UK,UK
5279,17.78,17.78,19,19,False,False,UK,UK
5280,73.14,73.14,53,53,True,True,JP,JP
5281,95.76,95.76,65,65,True,True,UK,UK
5282,30.27,30.27,59,59,True,,JP,JP
5283,98.62,98.62,59,59,False,False,US,US
5284,37.84,,55,55,True,True,DE,DE
5285,19.97,,58,58,False,False,UK,UK
5286,11.23,11.23,41,41,True,True,DE,DE
5287,78.5,78.5,62,62,False,False,FR,FR
5288,55.48,55.48,38,38,True,True,JP,JP
5289,30.71,30.71,53,53,True,True,FR,FR
5290,60.85,,48,48,False,False,DE,DE
5291,33.21,33.21,70,70,True,True,DE,DE
5292,44.84,44.84,83,83,False,False,JP,JP
5293,86.27,86.27,64,64,False,False,JP,JP
5294,66.82,66.82,27,27,True,True,FR,FR
5295,76.24,76.24,66,66,True,True,US,US
5296,58.35,58.35,41,41,False,False,UK,
5297,99.14,99.14,21,21,False,False,UK,UK
5298,24.14,24.14,32,32,False,False,UK,UK
5299,26.23,26.23,90,90,True,True,JP,JP
5300,9.26,9.26,49,49,True,True,US,US
5301,55.4,55.4,32,32,False,False,JP,JP
5302,61.34,61.34,27,27,False,False,JP,JP
5303,72.6,72.6,65,65,True,True,DE,DE
5304,33.54,33.54,73,73,True,True,UK,UK
5305,1.23,1.23,43,43,True,True,UK,UK
5306,63.22,,25,25,False,False,FR,FR
5307,99.87,99.87,43,43,False,False,FR,FR
5308,29.45,29.45,66,66,True,True,DE,DE
5309,18.39,18.39,26,26,False,False,DE,DE
5310,28.18,28.18,37,37,False,False,JP,JP
5311,42.54,42.54,18,18,False,False,FR,FR
5312,25.09,25.09,52,52,True,True,FR,FR
5313,34.7,34.7,30,30,True,True,UK,UK
5314,63.82,63.82,32,32,True,True,US,US
5315,34.5,,26,26,False,False,DE,DE
5316,39.61,39.61,71,71,False,False,UK,UK
5317,4.0,4.0,53,53,False,False,UK,UK
5318,91.79,91.79,87,87,False,False,DE,DE
5319,40.69,40.69,46,46,False,False,JP,JP
5320,32.81,32.81,34,34,False,False,JP,JP
5321,8.65,8.65,32,32,True,True,FR,FR
5322,63.42,63.42,87,87,False,False,FR,FR
5323,86.38,86.38,61,61,True,True,DE,DE
5324,4.12,4.12,41,41,False,False,DE,DE
5325,14.53,14.53,65,65,True,True,DE,DE
5326,14.64,14.64,58,58,False,False,JP,JP
5327,60.23,60.23,26,26,True,True,JP,JP
5328,92.12,92.12,69,69,True,True,DE,DE
5329,43.78,43.78,26,26,False,False,FR,FR
5330,34.38,34.38,32,32,False,False,US,US
5331,76.58,76.58,70,70,True,True,DE,DE
5332,74.26,74.26,50,50,False,False,JP,JP
5333,24.68,24.68,34,34,False,False,FR,FR
5334,16.08,16.08,22,22,False,False,DE,DE
5335,35.78,35.78,61,61,True,True,UK,UK
5336,77.56,77.56,68,68,False,False,JP,JP
5337,69.51,69.51,32,32,False,False,JP,JP
5338,66.59,66.59,48,48,True,True,UK,UK
5339,82.94,82.94,43,43,False,False,JP,JP
5340,27.71,27.71,83,83,True,True,DE,DE
5341,33.97,33.97,75,75,False,False,UK,UK
5342,4.23,4.23,38,38,True,True,UK,UK
5343,86.87,86.87,55,55,False,False,DE,DE
5344,58.24,58.24,85,85,False,False,DE,DE
5345,29.81,29.81,43,43,False,False,FR,FR
5346,6.94,6.94,28,28,False,False,US,US
5347,72.34,72.34,39,39,True,True,DE,DE
5348,74.87,74.87,62,62,False,False,FR,FR
5349,66.62,66.62,90,90,True,True,JP,JP
5350,20.38,20.38,40,40,True,True,UK,UK
5351,91.32,91.32,22,22,True,True,FR,FR
5352,75.32,75.32,31,31,False,False,UK,UK
5353,65.78,65.78,48,48,False,False,FR,FR
5354,65.09,65.09,24,,True,,UK,UK
5355,90.44,90.44,20,20,False,False,FR,FR
5356,92.83,92.83,65,65,True,True,DE,DE
5357,59.56,59.56,78,78,True,True,UK,UK
5358,41.67,,35,35,True,True,DE,DE
5359,36.37,36.37,56,56,False,False,FR,FR
5360,81.91,81.91,59,59,True,True,FR,FR
5361,64.46,64.46,66,66,False,,FR,FR
5362,7.73,,89,89,True,True,FR,FR
5363,14.22,14.22,82,82,False,False,JP,JP
5364,90.02,90.02,41,41,False,False,DE,DE
5365,88.45,88.45,89,89,True,True,DE,DE
5366,95.18,95.18,20,20,False,False,DE,DE
5367,42.79,42.79,88,88,False,False,DE,DE
5368,78.41,78.41,28,28,True,True,US,US
5369,82.82,82.82,26,26,True,True,JP,JP
5370,31.57,31.57,26,26,True,True,DE,DE
5371,14.53,14.53,26,26,False,False,DE,DE
5372,99.7,99.7,51,51,False,False,JP,JP
5373,3.02,3.02,64,64,False,False,DE,DE
5374,59.73,59.73,72,72,False,False,DE,DE
5375,65.02,65.02,19,19,True,True,DE,DE
5376,68.18,68.18,39,39,False,False,JP,JP
5377,25.56,25.56,27,27,False,False,UK,UK
5378,72.16,72.16,28,28,True,True,US,
5379,21.64,21.64,72,72,True,True,US,US
5380,82.9,82.9,64,,False,False,FR,FR
5381,21.91,21.91,33,33,False,False,US,US
5382,69.67,69.67,39,39,False,False,FR,FR
5383,78.34,78.34,85,85,False,False,JP,
5384,18.89,18.89,59,59,False,False,FR,FR
5385,23.8,23.8,35,35,False,False,US,US
5386,77.91,77.91,86,86,True,True,FR,FR
5387,8.6,8.6,32,32,True,True,DE,DE
5388,19.08,19.08,39,39,True,True,US,US
5389,45.55,45.55,68,68,True,True,US,US
5390,93.02,93.02,55,55,False,False,FR,FR
5391,56.19,56.19,23,23,True,True,DE,DE
5392,38.77,38.77,76,76,True,True,DE,DE
5393,97.84,97.84,34,34,False,False,FR,
5394,46.37,46.37,68,68,False,False,DE,DE
5395,43.37,43.37,42,42,False,False,JP,JP
5396,41.16,41.16,72,72,True,True,US,US
5397,31.22,31.22,83,83,True,True,UK,UK
5398,32.57,,74,74,True,True,US,US
5399,68.78,68.78,85,85,True,True,DE,DE
5400,4.08,4.08,57,57,False,False,JP,JP
5401,68.18,68.18,22,,False,False,DE,DE
5402,20.12,20.12,57,57,True,True,UK,UK
5403,38.42,38.42,51,,True,True,US,US
5404,14.65,14.65,70,70,True,True,UK,UK
5405,55.28,55.28,36,36,False,False,UK,UK
5406,72.94,72.94,68,68,False,False,US,
5407,35.47,35.47,50,50,True,True,US,US
5408,16.34,16.34,66,66,False,False,FR,FR
5409,22.65,22.65,48,48,False,False,FR,FR
5410,81.81,81.81,45,45,True,True,FR,FR
5411,26.76,26.76,33,33,True,True,US,US
5412,77.47,77.47,78,78,False,False,JP,JP
5413,33.12,33.12,23,23,True,True,DE,DE
5414,18.87,18.87,35,35,True,True,DE,DE
5415,72.73,72.73,49,49,False,False,JP,JP
5416,46.85,46.85,29,29,False,False,UK,UK
5417,3.13,3.13,84,84,False,False,DE,DE
5418,95.99,95.99,43,43,True,,US,US
5419,14.78,14.78,35,35,False,False,DE,DE
5420,35.34,35.34,36,36,True,,UK,UK
5421,38.48,38.48,31,31,False,False,US,US
5422,48.94,48.94,66,66,True,True,FR,FR
5423,78.54,78.54,53,53,True,True,US,US
5424,0.61,0.61,34,34,False,False,JP,JP
5425,93.25,93.25,81,81,False,False,UK,UK
5426,64.6,64.6,65,65,True,True,US,US
5427,95.06,95.06,47,47,True,True,DE,DE
5428,81.74,81.74,55,55,True,True,UK,UK
5429,92.78,92.78,65,65,False,,FR,FR
5430,60.1,60.1,29,29,True,True,FR,FR
5431,35.73,35.73,77,77,False,False,DE,DE
5432,44.29,44.29,36,36,True,True,DE,DE
5433,65.8,65.8,20,20,True,True,FR,FR
5434,42.69,42.69,56,56,False,False,FR,FR
5435,73.17,73.17,81,81,False,False,US,US
5436,9.18,9.18,71,71,True,True,DE,DE
5437,83.0,83.0,40,40,True,True,FR,FR
5438,20.42,20.42,47,47,False,False,UK,UK
5439,94.39,94.39,61,61,True,True,JP,JP
5440,15.55,15.55,34,34,False,False,DE,DE
5441,12.92,12.92,77,77,True,True,UK,UK
5442,81.19,81.19,39,39,True,True,UK,UK
5443,81.87,81.87,33,33,False,False,FR,FR
5444,73.88,73.88,24,24,False,False,FR,FR
5445,96.05,96.05,68,68,True,True,UK,UK
5446,27.05,27.05,19,,True,True,US,US
5447,82.66,82.66,76,76,True,True,US,US
5448,35.2,35.2,89,89,False,False,DE,DE
5449,53.74,53.74,26,26,False,False,JP,JP
5450,44.56,44.56,25,25,False,False,JP,JP
5451,0.59,0.59,86,86,True,True,DE,DE
5452,57.45,57.45,27,27,True,True,DE,DE
5453,74.75,74.75,47,47,False,False,DE,DE
5454,17.46,17.46,81,81,False,False,UK,UK
5455,93.17,93.17,28,28,False,False,DE,DE
5456,53.04,53.04,66,,True,True,JP,JP
5457,17.82,17.82,45,45,True,True,FR,FR
5458,64.59,64.59,49,49,True,True,UK,UK
5459,19.19,19.19,85,85,False,False,US,US
5460,6.35,6.35,65,65,False,False,FR,FR
5461,68.53,68.53,41,41,False,False,JP,JP
5462,11.07,11.07,86,86,False,False,US,US
5463,10.62,,60,60,False,False,UK,UK
5464,73.99,73.99,25,25,False,False,JP,
5465,5.52,5.52,46,46,False,False,UK,UK
5466,80.98,80.98,35,35,True,True,US,US
5467,79.61,79.61,64,64,False,False,UK,UK
5468,14.14,14.14,80,80,False,False,UK,UK
5469,51.84,51.84,20,20,False,False,DE,
5470,9.66,9.66,74,74,True,True,JP,JP
5471,63.26,63.26,84,84,False,False,JP,JP
5472,6.29,6.29,90,90,True,True,DE,
5473,94.45,94.45,66,66,False,False,US,US
5474,20.77,20.77,40,,False,False,UK,UK
5475,68.29,68.29,28,28,True,True,US,US
5476,12.83,12.83,86,86,True,True,US,US
5477,20.96,20.96,48,48,True,True,UK,UK
5478,45.09,,43,43,False,False,US,US
5479,57.31,57.31,71,71,False,False,DE,DE
5480,99.89,99.89,70,70,True,True,UK,UK
5481,2.59,2.59,77,77,False,False,FR,
5482,0.03,0.03,82,82,False,False,DE,DE
5483,35.04,35.04,82,82,False,False,JP,JP
5484,36.62,36.62,30,30,True,,DE,DE
5485,88.38,88.38,30,30,True,True,US,US
5486,91.26,91.26,33,33,False,False,JP,JP
5487,88.05,88.05,63,63,True,True,UK,UK
5488,14.32,14.32,60,60,True,True,FR,FR
5489,41.21,41.21,80,80,True,True,FR,FR
5490,74.59,74.59,79,79,False,False,JP,JP
5491,31.26,31.26,77,77,False,False,FR,FR
5492,66.32,66.32,23,23,True,True,DE,DE
5493,23.71,23.71,68,68,True,True,UK,UK
5494,32.34,32.34,80,80,True,True,DE,DE
5495,86.04,86.04,89,89,True,True,FR,FR
5496,25.05,25.05,43,,True,True,DE,DE
5497,96.43,96.43,74,74,True,True,US,US
5498,30.63,30.63,47,47,True,True,UK,UK
5499,2.35,2.35,29,29,False,False,JP,JP
5500,25.49,25.49,42,42,False,False,UK,UK
5501,17.12,17.12,36,36,False,False,DE,DE
5502,50.68,50.68,84,84,False,False,JP,JP
5503,11.27,11.27,30,30,True,True,UK,UK
5504,62.6,62.6,27,27,False,False,FR,FR
5505,87.49,87.49,60,60,False,False,FR,FR
5506,36.25,36.25,59,59,True,True,UK,UK
5507,16.85,16.85,58,58,False,False,JP,JP
5508,40.0,40.0,28,28,False,False,DE,DE
5509,78.6,78.6,54,54,False,False,UK,UK
5510,59.15,59.15,85,85,False,False,UK,UK
5511,10.11,10.11,24,24,False,False,UK,UK
5512,53.72,53.72,76,76,True,True,DE,DE
5513,46.81,46.81,27,27,False,False,UK,UK
5514,32.71,32.71,35,,False,False,UK,UK
5515,11.02,11.02,83,83,False,False,FR,FR
5516,98.11,98.11,39,39,True,True,JP,JP
5517,17.6,17.6,56,56,True,True,FR,FR
5518,19.27,19.27,45,45,False,False,DE,DE
5519,14.56,14.56,62,62,False,False,FR,FR
5520,57.02,57.02,47,47,False,,DE,DE
5521,44.37,44.37,50,50,False,False,UK,UK
5522,24.96,24.96,77,77,True,True,FR,FR
5523,42.94,42.94,58,58,False,False,US,US
5524,67.35,67.35,59,59,True,True,JP,
5525,28.17,28.17,76,76,False,False,DE,DE
5526,91.52,91.52,49,49,True,True,JP,JP
5527,30.63,30.63,78,78,True,True,US,US
5528,19.82,19.82,70,70,False,False,DE,DE
5529,95.46,95.46,82,82,True,True,DE,DE
5530,81.06,81.06,51,51,False,,UK,UK
5531,34.31,34.31,58,58,False,False,DE,DE
5532,84.14,84.14,27,27,False,False,FR,FR
5533,51.88,51.88,26,26,False,False,JP,JP
5534,34.68,34.68,25,25,False,False,JP,JP
5535,83.96,83.96,64,64,True,,UK,UK
5536,75.22,75.22,41,41,True,True,JP,JP
5537,29.79,29.79,39,39,True,True,DE,DE
5538,60.67,60.67,62,62,False,False,DE,DE
5539,36.94,36.94,47,47,True,True,US,US
5540,0.11,0.11,27,27,True,True,FR,FR
5541,96.18,96.18,58,58,True,True,JP,JP
5542,54.96,54.96,58,58,True,True,UK,UK
5543,59.84,59.84,28,28,True,True,JP,JP
5544,59.99,59.99,37,,False,False,US,US
5545,55.06,55.06,35,35,True,True,JP,JP
5546,29.0,29.0,68,68,True,True,UK,UK
5547,97.16,97.16,36,36,True,True,DE,DE
5548,62.17,62.17,20,20,False,False,US,US
5549,67.09,67.09,37,37,True,True,JP,JP
5550,45.48,45.48,52,52,True,True,DE,DE
5551,28.79,28.79,74,74,False,False,JP,JP
5552,6.43,6.43,21,21,False,False,UK,UK
5553,35.02,35.02,82,82,False,False,US,US
5554,17.61,17.61,42,42,True,,FR,FR
5555,66.21,66.21,43,43,False,False,US,US
5556,87.9,87.9,19,,False,False,FR,FR
5557,30.28,,38,38,False,False,US,US
5558,33.29,33.29,52,52,False,False,US,US
5559,67.04,67.04,63,63,False,False,FR,FR
5560,14.93,14.93,73,73,False,False,FR,FR
5561,92.94,92.94,56,56,True,True,US,US
5562,36.38,36.38,25,25,False,False,US,US
5563,10.12,10.12,46,,False,False,JP,JP
5564,17.47,17.47,71,71,True,True,US,US
5565,93.27,93.27,64,64,True,True,UK,
5566,24.71,24.71,60,60,False,False,JP,
5567,66.23,66.23,55,55,False,False,DE,DE
5568,15.62,15.62,54,54,True,,US,US
5569,19.41,19.41,90,90,True,True,JP,JP
5570,87.92,87.92,61,61,False,,UK,UK
5571,14.8,14.8,61,61,True,True,FR,FR
5572,1.88,1.88,42,42,False,,FR,FR
5573,50.12,50.12,53,53,False,False,UK,UK
5574,86.27,86.27,69,69,False,False,UK,UK
5575,32.6,32.6,80,80,True,True,DE,DE
5576,12.82,12.82,74,74,False,False,UK,UK
5577,98.22,98.22,66,66,False,False,US,US
5578,67.67,67.67,74,74,True,True,FR,FR
5579,85.07,85.07,20,20,False,False,FR,
5580,75.21,75.21,37,37,False,False,FR,FR
5581,69.82,69.82,35,35,True,True,FR,FR
5582,38.46,38.46,65,65,True,True,DE,DE
5583,32.43,32.43,72,72,False,False,JP,JP
5584,71.7,71.7,28,28,False,False,JP,JP
5585,71.67,71.67,32,32,True,True,JP,JP
5586,95.06,95.06,54,54,False,False,US,US
5587,56.87,56.87,88,88,True,True,US,US
5588,29.46,29.46,18,18,False,,DE,DE
5589,48.95,48.95,82,82,True,True,FR,FR
5590,61.37,61.37,32,32,True,True,UK,UK
5591,42.67,42.67,37,37,True,True,US,US
5592,79.11,79.11,64,64,True,,US,US
5593,58.46,58.46,71,71,False,,DE,DE
5594,0.94,0.94,81,81,True,True,JP,JP
5595,56.98,56.98,18,18,False,False,DE,DE
5596,63.36,,21,21,False,False,FR,FR
5597,91.53,91.53,52,52,True,True,US,US
5598,41.37,41.37,58,58,False,False,UK,UK
5599,57.45,57.45,37,,False,False,FR,FR
5600,47.5,47.5,64,64,True,True,DE,DE
5601,53.17,53.17,37,37,False,False,US,US
5602,6.73,6.73,86,,True,True,UK,UK
5603,89.73,89.73,30,30,True,True,FR,FR
5604,91.04,91.04,65,65,True,True,FR,FR
5605,54.81,54.81,56,56,True,True,JP,JP
5606,55.66,55.66,25,25,False,False,UK,UK
5607,5.76,5.76,62,62,True,True,JP,JP
5608,59.8,59.8,28,28,True,True,JP,JP
5609,42.92,42.92,57,57,False,False,UK,UK
5610,70.9,,64,64,False,False,UK,UK
5611,4.71,4.71,23,23,False,False,JP,JP
5612,71.09,71.09,33,33,True,True,UK,UK
5613,28.69,28.69,39,39,False,False,DE,DE
5614,65.17,65.17,85,85,False,False,JP,JP
5615,62.71,62.71,34,34,True,,UK,UK
5616,22.68,22.68,85,85,True,True,JP,JP
5617,44.05,44.05,56,56,False,False,US,US
5618,83.56,83.56,87,,False,,UK,
5619,60.56,60.56,78,78,True,True,UK,UK
5620,6.87,6.87,39,39,True,True,DE,DE
5621,44.29,,58,58,True,True,UK,UK
5622,31.18,31.18,70,70,True,True,JP,JP
5623,64.16,64.16,23,23,True,True,FR,FR
5624,61.46,61.46,66,66,True,,FR,FR
5625,1.04,1.04,51,51,True,True,FR,FR
5626,60.77,60.77,20,20,False,False,FR,FR
5627,73.48,73.48,81,81,True,True,FR,FR
5628,76.87,76.87,37,37,False,False,FR,FR
5629,5.9,5.9,81,81,True,True,FR,FR
5630,30.37,30.37,33,33,True,True,JP,JP
5631,42.13,42.13,57,57,True,True,US,US
5632,17.98,17.98,45,45,True,True,DE,DE
5633,42.07,42.07,83,83,False,False,US,US
5634,7.11,7.11,87,87,True,True,US,US
5635,11.32,11.32,74,74,False,False,JP,JP
5636,66.87,66.87,79,79,False,,DE,DE
5637,26.26,26.26,74,74,True,True,FR,FR
5638,71.14,,39,39,False,False,FR,FR
5639,4.81,4.81,85,85,True,True,US,US
5640,56.27,56.27,56,56,False,False,DE,
5641,39.14,39.14,43,43,True,True,US,US
5642,79.7,,32,32,True,True,UK,UK
5643,78.4,78.4,69,69,True,True,US,US
5644,37.56,37.56,38,38,False,False,FR,FR
5645,62.27,,65,65,True,True,US,US
5646,22.75,22.75,22,22,False,,DE,DE
5647,58.04,58.04,64,64,False,False,UK,UK
5648,8.13,8.13,64,64,True,True,JP,JP
5649,43.46,43.46,56,56,False,False,FR,FR
5650,18.27,18.27,65,65,True,True,UK,UK
5651,88.34,88.34,90,90,False,False,UK,UK
5652,44.49,44.49,79,79,True,True,FR,FR
5653,59.08,59.08,50,50,False,False,FR,FR
5654,36.04,36.04,81,81,False,False,DE,DE
5655,28.87,28.87,87,87,False,False,US,US
5656,20.29,20.29,29,,False,False,US,US
5657,91.19,91.19,44,44,False,False,FR,FR
5658,79.95,79.95,72,72,True,True,DE,DE
5659,13.33,13.33,55,55,False,False,JP,JP
5660,74.67,,27,27,False,False,US,US
5661,41.85,41.85,52,52,True,True,US,US
5662,1.54,1.54,45,45,True,True,FR,
5663,52.84,52.84,71,71,False,False,JP,JP
5664,13.0,13.0,55,55,False,False,FR,FR
5665,20.99,20.99,28,28,False,False,US,US
5666,69.6,69.6,21,21,True,True,US,US
5667,25.71,25.71,38,38,True,True,JP,JP
5668,89.19,89.19,29,29,False,False,DE,DE
5669,65.72,65.72,81,81,False,False,DE,DE
5670,83.23,83.23,37,37,True,True,JP,JP
5671,61.52,61.52,64,64,True,True,UK,UK
5672,86.88,86.88,27,27,True,True,UK,UK
5673,36.17,36.17,50,50,True,True,FR,FR
5674,54.91,,86,86,False,False,JP,JP
5675,51.59,51.59,64,64,True,True,UK,UK
5676,90.38,90.38,39,39,False,False,US,US
5677,16.49,16.49,72,72,False,False,US,US
5678,57.81,57.81,54,54,False,False,US,US
5679,75.44,75.44,35,35,True,True,UK,UK
5680,37.0,37.0,90,90,True,True,DE,DE
5681,86.76,86.76,86,86,False,False,DE,DE
5682,37.3,37.3,59,59,False,False,UK,UK
5683,17.33,17.33,20,20,False,False,FR,FR
5684,58.4,58.4,48,48,False,False,JP,JP
5685,42.06,42.06,55,55,True,True,UK,UK
5686,1.52,1.52,85,85,True,True,FR,FR
5687,6.98,6.98,71,71,False,False,DE,DE
5688,19.53,19.53,34,34,True,True,FR,FR
5689,76.93,76.93,55,55,True,True,US,
5690,89.2,89.2,31,31,True,True,FR,FR
5691,54.56,54.56,52,52,True,True,FR,FR
5692,10.56,10.56,57,57,False,False,FR,FR
5693,53.44,53.44,55,55,False,False,JP,JP
5694,85.56,85.56,49,49,True,True,FR,FR
5695,74.95,74.95,49,,True,True,JP,JP
5696,29.11,29.11,76,76,False,False,FR,
5697,12.39,12.39,54,54,False,False,DE,DE
5698,90.07,90.07,21,21,False,False,JP,JP
5699,85.41,85.41,72,72,True,True,FR,FR
5700,5.37,5.37,63,63,True,True,DE,DE
5701,82.37,82.37,68,68,True,True,DE,DE
5702,9.72,9.72,69,69,False,False,UK,UK
5703,6.33,6.33,30,30,False,False,FR,FR
5704,75.86,75.86,88,88,True,True,DE,DE
5705,53.63,53.63,90,90,True,True,US,US
5706,41.45,41.45,28,28,False,False,DE,DE
5707,90.39,90.39,33,33,True,True,JP,JP
5708,83.93,83.93,35,35,False,False,UK,UK
5709,5.76,5.76,88,88,True,True,FR,FR
5710,61.61,61.61,86,86,True,True,DE,DE
5711,77.23,77.23,37,37,False,False,UK,UK
5712,55.05,55.05,64,64,False,False,UK,UK
5713,98.3,98.3,35,35,False,False,JP,JP
5714,68.6,68.6,20,20,True,True,US,US
5715,10.41,10.41,34,34,False,False,FR,FR
5716,19.83,19.83,23,23,True,True,JP,JP
5717,82.62,82.62,79,79,False,False,US,US
5718,99.68,99.68,75,75,False,False,FR,FR
5719,9.83,9.83,31,31,True,True,FR,FR
5720,10.03,10.03,59,59,True,True,UK,
5721,76.34,76.34,32,32,False,False,US,US
5722,6.44,6.44,59,59,True,True,JP,JP
5723,6.86,6.86,83,83,True,True,US,US
5724,88.88,88.88,82,82,True,True,JP,JP
5725,80.04,80.04,78,78,False,False,FR,FR
5726,88.16,88.16,35,35,False,False,JP,JP
5727,65.05,65.05,31,31,False,False,UK,UK
5728,32.25,32.25,29,29,True,,US,US
5729,90.63,90.63,27,27,True,True,FR,FR
5730,29.87,29.87,62,62,True,True,UK,UK
5731,27.55,27.55,66,66,True,True,DE,
5732,88.64,88.64,82,82,True,True,DE,DE
5733,68.08,68.08,24,24,True,True,UK,UK
5734,89.57,89.57,37,37,False,False,FR,FR
5735,15.59,15.59,71,71,False,False,DE,DE
5736,95.23,95.23,67,67,False,False,FR,FR
5737,61.27,61.27,49,49,False,False,FR,FR
5738,66.8,66.8,29,29,True,True,FR,FR
5739,91.41,91.41,53,53,True,True,UK,UK
5740,38.08,38.08,30,30,True,True,FR,FR
5741,71.96,71.96,57,57,False,False,UK,
5742,64.03,64.03,83,83,True,True,JP,JP
5743,78.78,78.78,32,32,True,True,JP,JP
5744,89.69,89.69,26,26,True,True,DE,DE
5745,68.01,68.01,71,71,True,True,US,US
5746,6.76,6.76,19,19,False,False,JP,JP
5747,18.31,18.31,89,89,True,True,DE,DE
5748,95.4,95.4,74,74,True,True,JP,JP
5749,96.87,96.87,47,47,False,False,US,US
5750,96.74,96.74,44,44,False,False,UK,UK
5751,3.68,3.68,46,46,True,True,UK,UK
5752,38.24,38.24,46,46,False,False,JP,JP
5753,75.97,75.97,79,79,False,,DE,DE
5754,75.29,75.29,76,76,False,False,US,US
5755,8.59,,32,32,True,True,FR,FR
5756,60.95,60.95,31,31,True,True,US,US
5757,14.29,14.29,57,57,False,False,DE,DE
5758,49.32,49.32,65,65,False,False,JP,JP
5759,23.97,23.97,71,71,True,True,DE,
5760,5.32,5.32,40,40,False,False,DE,DE
5761,8.0,8.0,53,53,True,True,US,US
5762,91.09,91.09,25,25,False,False,DE,DE
5763,74.46,74.46,51,51,True,True,JP,JP
5764,93.18,,68,68,False,False,JP,JP
5765,47.0,47.0,40,40,True,True,JP,JP
5766,41.33,41.33,41,41,True,True,UK,UK
5767,35.84,35.84,51,51,False,False,US,US
5768,61.63,61.63,81,81,False,False,UK,UK
5769,35.16,35.16,62,62,True,True,UK,UK
5770,74.63,74.63,85,85,False,False,US,US
5771,80.13,80.13,22,22,False,False,FR,FR
5772,87.58,87.58,79,,False,False,DE,DE
5773,24.28,24.28,21,21,False,False,FR,FR
5774,52.7,52.7,41,41,True,True,US,US
5775,22.34,22.34,49,49,True,True,FR,FR
5776,3.76,3.76,35,,True,True,US,US
5777,70.78,70.78,90,,True,True,FR,FR
5778,54.9,54.9,83,83,True,True,JP,JP
5779,72.39,72.39,59,59,False,False,UK,UK
5780,8.76,,51,51,False,False,UK,UK
5781,99.55,99.55,73,73,True,True,DE,DE
5782,99.43,99.43,69,69,False,False,DE,DE
5783,46.5,46.5,53,53,False,False,DE,DE
5784,86.61,86.61,78,78,False,False,US,US
5785,24.36,24.36,32,32,True,True,UK,UK
5786,73.76,73.76,38,38,True,True,DE,DE
5787,87.92,87.92,19,19,False,,FR,FR
5788,81.47,81.47,26,26,False,False,FR,FR
5789,81.18,81.18,32,32,True,True,FR,
5790,46.3,46.3,63,63,False,False,DE,DE
5791,82.0,82.0,80,80,False,False,DE,DE
5792,69.07,69.07,61,61,True,True,UK,UK
5793,13.25,13.25,50,50,True,True,UK,UK
5794,11.42,,37,37,True,True,UK,UK
5795,77.19,77.19,25,25,False,False,DE,DE
5796,62.55,62.55,60,60,False,False,US,US
5797,51.94,51.94,28,28,False,False,UK,UK
5798,90.73,90.73,75,75,True,True,US,US
5799,65.96,65.96,47,47,False,False,DE,DE
5800,39.61,39.61,43,,False,False,DE,DE
5801,41.39,41.39,19,19,True,True,US,US
5802,60.52,60.52,35,35,False,False,US,US
5803,76.03,76.03,18,18,True,True,DE,DE
5804,56.44,56.44,70,70,False,False,UK,UK
5805,50.88,50.88,53,53,False,False,JP,JP
5806,72.69,72.69,75,75,True,,US,US
5807,70.53,70.53,59,59,True,True,DE,DE
5808,83.03,83.03,87,87,False,False,JP,JP
5809,6.26,6.26,75,75,True,True,US,US
5810,75.5,75.5,28,28,True,True,DE,DE
5811,51.38,51.38,26,26,True,True,DE,DE
5812,7.47,7.47,82,82,False,False,DE,DE
5813,67.9,67.9,37,37,False,False,JP,JP
5814,71.65,71.65,73,73,True,True,DE,DE
5815,52.36,52.36,63,63,True,True,UK,UK
5816,79.38,79.38,69,,True,True,UK,UK
5817,30.02,30.02,37,37,False,,FR,FR
5818,20.19,20.19,40,40,True,True,UK,UK
5819,35.07,35.07,58,58,True,True,FR,FR
5820,41.01,41.01,19,19,True,True,UK,UK
5821,69.59,69.59,40,40,False,False,US,US
5822,84.55,84.55,55,55,True,True,DE,DE
5823,72.09,72.09,32,32,False,False,UK,UK
5824,17.4,17.4,38,,True,True,UK,UK
5825,36.62,36.62,89,89,True,True,UK,UK
5826,15.84,15.84,39,39,False,False,US,US
5827,68.67,68.67,83,83,False,False,UK,
5828,24.82,24.82,85,85,True,True,JP,JP
5829,52.54,,67,67,False,False,UK,UK
5830,79.18,79.18,29,29,False,False,FR,FR
5831,67.09,67.09,33,33,False,False,DE,DE
5832,29.84,29.84,86,86,False,False,US,US
5833,33.29,33.29,18,18,True,True,JP,JP
5834,65.34,65.34,54,54,True,,JP,JP
5835,54.95,54.95,61,61,False,False,UK,
5836,9.64,9.64,79,79,False,False,US,US
5837,87.4,87.4,83,,False,,JP,JP
5838,51.26,51.26,38,38,True,True,US,US
5839,47.34,47.34,54,54,False,False,JP,JP
5840,19.84,19.84,64,64,False,False,US,US
5841,37.7,37.7,88,88,False,False,JP,JP
5842,33.28,,58,58,False,False,JP,JP
5843,27.07,27.07,26,26,False,False,UK,UK
5844,56.74,56.74,85,85,True,True,UK,UK
5845,46.23,46.23,55,55,True,True,US,US
5846,88.92,88.92,31,,True,True,FR,FR
5847,94.13,94.13,31,31,True,True,UK,UK
5848,21.95,21.95,32,32,False,False,FR,FR
5849,10.01,10.01,70,70,False,False,FR,FR
5850,78.53,78.53,87,87,True,True,DE,DE
5851,99.49,99.49,50,50,True,True,UK,UK
5852,86.36,86.36,25,25,False,False,UK,UK
5853,2.37,2.37,82,82,False,False,DE,DE
5854,25.13,25.13,64,64,False,False,US,US
5855,4.33,4.33,59,59,False,False,DE,DE
5856,82.08,82.08,22,22,True,True,FR,FR
5857,58.14,58.14,88,88,False,False,DE,DE
5858,51.37,51.37,23,23,True,True,UK,UK
5859,55.44,55.44,62,62,True,True,JP,JP
5860,25.25,25.25,61,61,True,True,DE,DE
5861,60.16,,55,55,False,False,FR,FR
5862,3.07,3.07,58,58,False,False,US,US
5863,64.6,64.6,47,47,False,False,JP,JP
5864,73.44,73.44,59,59,False,False,FR,FR
5865,67.3,67.3,44,44,False,,JP,JP
5866,33.21,33.21,52,52,False,False,FR,FR
5867,82.63,82.63,67,67,False,False,DE,DE
5868,71.55,71.55,72,72,True,True,DE,
5869,12.83,12.83,29,29,False,False,FR,
5870,19.51,19.51,90,90,False,False,DE,DE
5871,63.71,63.71,25,25,True,True,FR,FR
5872,28.94,28.94,38,38,False,False,UK,UK
5873,11.94,11.94,43,43,False,False,FR,FR
5874,15.5,15.5,41,41,False,False,UK,
5875,16.56,16.56,43,43,False,False,DE,DE
5876,47.78,47.78,41,41,True,True,US,US
5877,60.74,60.74,49,49,True,True,JP,JP
5878,17.64,17.64,73,73,False,False,FR,FR
5879,71.25,71.25,78,78,True,True,UK,UK
5880,28.1,28.1,43,43,True,True,US,US
5881,31.16,31.16,36,36,True,True,JP,
5882,22.35,22.35,67,67,True,True,US,US
5883,78.52,78.52,22,,False,False,DE,DE
5884,95.98,95.98,50,50,False,False,US,US
5885,49.25,49.25,34,34,False,False,FR,FR
5886,4.2,4.2,62,62,False,False,UK,UK
5887,26.06,26.06,23,23,True,True,DE,DE
5888,15.81,,78,78,False,False,DE,DE
5889,84.28,84.28,37,37,False,False,UK,UK
5890,8.49,8.49,55,55,True,True,FR,FR
5891,96.65,96.65,59,59,False,False,DE,DE
5892,58.85,58.85,52,52,True,True,DE,DE
5893,51.77,51.77,50,50,False,False,UK,UK
5894,84.74,,37,37,False,False,DE,DE
5895,2.75,2.75,74,74,False,False,UK,UK
5896,77.72,77.72,55,,True,True,DE,DE
5897,11.66,11.66,33,33,False,False,FR,
5898,84.08,84.08,37,37,False,False,DE,DE
5899,52.92,52.92,50,50,True,True,US,US
5900,6.11,6.11,79,,True,True,JP,JP
5901,83.32,83.32,88,88,True,True,FR,FR
5902,2.73,2.73,46,,True,True,JP,JP
5903,13.84,13.84,46,46,True,True,US,US
5904,79.78,79.78,27,27,True,True,JP,JP
5905,46.49,46.49,57,57,True,True,DE,DE
5906,88.14,,35,35,False,False,JP,JP
5907,63.54,63.54,77,77,False,False,FR,FR
5908,62.35,62.35,57,57,False,False,JP,JP
5909,29.22,29.22,34,34,True,True,US,US
5910,13.37,13.37,84,84,True,,DE,DE
5911,96.12,96.12,77,77,False,False,FR,FR
5912,10.48,10.48,39,39,False,False,DE,DE
5913,52.9,52.9,26,26,False,False,JP,JP
5914,27.26,27.26,37,,True,True,FR,FR
5915,26.41,26.41,45,45,True,True,US,US
5916,59.46,59.46,47,47,True,True,US,
5917,79.79,79.79,78,78,True,True,FR,FR
5918,77.72,77.72,88,88,True,True,UK,UK
5919,86.88,86.88,72,72,False,False,UK,UK
5920,29.29,29.29,79,79,True,True,JP,JP
5921,46.58,46.58,27,27,False,False,US,US
5922,0.93,0.93,28,28,True,True,DE,DE
5923,74.69,74.69,84,84,False,False,UK,UK
5924,30.23,30.23,62,62,True,True,US,US
5925,56.15,56.15,35,35,False,False,UK,UK
5926,16.93,16.93,75,75,False,False,DE,DE
5927,81.94,81.94,30,30,False,False,DE,DE
5928,81.73,81.73,74,74,True,,US,US
5929,87.75,87.75,82,82,True,True,FR,FR
5930,4.59,4.59,53,53,False,False,UK,UK
5931,99.25,99.25,65,65,True,True,DE,DE
5932,24.78,24.78,71,71,True,True,DE,DE
5933,30.94,30.94,82,82,True,True,DE,DE
5934,24.93,24.93,60,60,True,True,DE,DE
5935,26.75,26.75,39,39,False,False,UK,UK
5936,55.27,55.27,32,32,True,True,DE,DE
5937,23.98,23.98,43,43,False,False,DE,DE
5938,39.38,39.38,22,22,False,False,US,US
5939,65.56,65.56,69,69,False,False,FR,FR
5940,83.6,83.6,44,44,False,False,DE,DE
5941,69.27,69.27,69,69,False,False,UK,UK
5942,59.43,59.43,22,22,True,True,US,US
5943,14.77,14.77,41,41,False,False,UK,UK
5944,81.61,81.61,46,46,True,True,DE,DE
5945,3.73,3.73,24,24,True,True,JP,JP
5946,26.42,,78,78,False,False,FR,FR
5947,5.71,5.71,61,61,False,False,DE,DE
5948,66.74,66.74,79,79,True,True,US,US
5949,36.84,36.84,76,76,True,True,UK,UK
5950,65.2,65.2,20,20,True,True,JP,
5951,34.7,34.7,81,81,True,True,US,US
5952,45.57,45.57,23,23,True,True,FR,FR
5953,45.8,45.8,81,81,False,False,DE,DE
5954,4.56,4.56,66,66,True,True,UK,UK
5955,43.02,43.02,77,77,True,,JP,JP
5956,64.11,64.11,54,54,True,True,UK,UK
5957,54.61,54.61,29,29,False,False,FR,FR
5958,7.53,7.53,28,28,True,True,US,US
5959,66.81,66.81,26,26,True,True,JP,JP
5960,30.89,30.89,76,76,False,False,US,US
5961,1.44,1.44,56,56,True,True,UK,UK
5962,15.56,15.56,33,33,True,True,JP,JP
5963,49.76,49.76,27,27,False,False,FR,FR
5964,31.04,31.04,23,23,True,True,FR,FR
5965,69.44,69.44,36,36,True,True,UK,UK
5966,24.07,24.07,72,72,True,True,FR,
5967,77.28,77.28,83,83,False,False,JP,JP
5968,28.65,28.65,62,,True,True,FR,FR
5969,62.09,62.09,90,90,True,True,UK,UK
5970,79.92,79.92,46,46,True,True,JP,JP
5971,38.56,38.56,42,42,True,,US,US
5972,4.68,4.68,68,68,False,False,JP,JP
5973,53.54,53.54,27,27,False,False,US,US
5974,99.54,99.54,84,84,False,False,US,US
5975,96.9,96.9,74,74,True,True,US,US
5976,22.1,22.1,20,20,False,False,US,US
5977,75.57,75.57,31,31,True,True,FR,FR
5978,34.5,34.5,63,63,True,True,UK,UK
5979,16.03,16.03,71,71,True,True,US,US
5980,66.59,66.59,33,33,True,True,UK,
5981,50.09,,72,72,True,True,JP,JP
5982,53.92,53.92,52,52,False,False,DE,DE
5983,82.74,82.74,67,67,True,True,FR,FR
5984,33.65,33.65,48,48,False,False,UK,UK
5985,66.71,66.71,51,51,True,True,DE,DE
5986,36.62,36.62,46,46,True,True,FR,FR
5987,4.27,4.27,29,29,False,False,FR,FR
5988,37.8,37.8,31,31,False,False,US,US
5989,95.0,95.0,30,30,True,True,FR,FR
5990,48.33,48.33,76,76,False,False,FR,FR
5991,10.82,10.82,48,48,False,False,US,US
5992,68.78,68.78,45,45,False,False,UK,UK
5993,96.34,96.34,80,80,False,False,FR,FR
5994,90.79,90.79,82,82,True,True,US,US
5995,57.2,57.2,35,35,True,True,FR,
5996,37.63,37.63,43,43,True,True,JP,JP
5997,58.07,58.07,48,48,False,False,DE,DE
5998,81.59,81.59,79,79,True,True,DE,DE
5999,86.12,86.12,67,67,False,False,US,US
6000,81.88,81.88,57,57,False,False,FR,FR
6001,45.55,45.55,35,35,True,True,JP,JP
6002,11.89,11.89,46,46,False,False,JP,JP
6003,56.92,56.92,20,20,False,False,DE,DE
6004,15.64,15.64,69,,True,True,US,US
6005,6.1,6.1,85,,True,,UK,UK
6006,49.87,49.87,75,75,True,True,UK,UK
6007,65.54,65.54,40,40,True,True,US,US
6008,85.41,85.41,53,53,False,False,US,US
6009,78.28,78.28,87,87,True,True,DE,DE
6010,85.72,85.72,49,49,True,True,US,US
6011,76.01,76.01,79,79,True,True,US,US
6012,70.32,70.32,60,60,True,True,JP,JP
6013,1.01,1.01,54,54,True,True,FR,FR
6014,62.61,62.61,60,60,True,True,JP,JP
6015,12.05,12.05,34,34,False,False,UK,UK
6016,5.87,,49,49,False,False,UK,UK
6017,15.64,15.64,40,40,False,False,FR,FR
6018,82.33,82.33,73,73,False,False,FR,FR
6019,74.38,74.38,62,62,True,True,UK,UK
6020,94.88,94.88,47,47,False,,JP,JP
6021,97.9,97.9,78,78,False,False,FR,FR
6022,89.33,89.33,51,51,True,True,UK,UK
6023,13.29,13.29,87,87,False,,US,US
6024,87.84,87.84,62,62,True,True,US,US
6025,83.86,83.86,82,82,False,False,JP,JP
6026,87.11,87.11,90,90,False,False,JP,
6027,15.17,15.17,41,41,False,False,DE,DE
6028,11.68,11.68,37,37,False,False,FR,FR
6029,92.38,,79,79,True,True,JP,JP
6030,17.38,17.38,34,34,False,,US,US
6031,36.86,36.86,72,72,True,True,JP,JP
6032,45.6,45.6,30,30,True,True,DE,DE
6033,12.44,12.44,81,81,False,False,DE,DE
6034,2.06,2.06,68,68,True,True,US,US
6035,99.41,99.41,56,56,False,False,FR,FR
6036,87.67,87.67,50,50,False,False,FR,FR
6037,91.23,,64,64,False,False,US,US
6038,28.46,28.46,46,46,True,True,FR,FR
6039,22.01,22.01,47,,True,True,US,US
6040,42.59,42.59,32,32,True,True,UK,UK
6041,45.33,45.33,29,29,False,False,FR,FR
6042,0.56,0.56,83,83,True,True,FR,FR
6043,77.93,,72,72,True,True,US,US
6044,99.67,99.67,50,50,True,True,DE,DE
6045,52.87,52.87,78,78,False,False,UK,UK
6046,38.83,38.83,62,62,False,False,FR,FR
6047,39.28,,61,61,True,True,JP,JP
6048,9.61,9.61,26,26,True,True,FR,FR
6049,26.62,26.62,57,57,False,False,FR,FR
6050,50.21,50.21,25,25,True,True,DE,DE
6051,43.18,,67,67,False,False,DE,DE
6052,54.5,54.5,22,22,True,True,UK,UK
6053,84.91,84.91,55,55,True,True,JP,JP
6054,22.52,22.52,44,44,True,True,UK,UK
6055,2.77,2.77,27,27,False,False,JP,JP
6056,3.82,3.82,52,52,False,False,FR,FR
6057,13.42,13.42,32,32,True,,JP,JP
6058,57.05,57.05,35,,True,True,FR,FR
6059,80.82,80.82,82,82,False,False,UK,UK
6060,88.68,88.68,43,43,True,True,UK,UK
6061,63.51,63.51,47,47,True,True,US,US
6062,40.31,40.31,18,18,False,False,JP,JP
6063,15.45,15.45,39,39,True,True,US,US
6064,40.14,,43,43,True,True,JP,JP
6065,33.24,33.24,70,70,False,False,FR,FR
6066,87.0,87.0,26,26,False,False,US,US
6067,48.67,48.67,85,,True,True,JP,JP
6068,22.62,22.62,27,,True,True,US,US
6069,28.88,28.88,65,65,False,False,US,US
6070,13.65,13.65,18,18,False,False,DE,DE
6071,91.86,91.86,77,77,True,True,US,US
6072,5.03,5.03,68,68,False,,US,US
6073,1.28,1.28,79,79,False,False,FR,FR
6074,18.3,18.3,85,85,True,True,JP,JP
6075,81.09,81.09,78,78,True,True,US,US
6076,52.35,52.35,63,63,True,True,FR,FR
6077,62.58,62.58,79,79,False,False,FR,FR
6078,35.77,35.77,25,25,True,True,US,US
6079,6.87,6.87,65,65,True,True,US,US
6080,85.62,85.62,90,90,True,True,DE,DE
6081,19.19,19.19,45,45,True,True,FR,FR
6082,3.31,3.31,89,89,False,False,UK,UK
6083,57.27,57.27,54,,True,,DE,DE
6084,8.33,8.33,52,52,True,,DE,DE
6085,9.58,9.58,39,39,True,True,FR,FR
6086,80.04,80.04,25,25,True,True,UK,UK
6087,49.16,49.16,81,81,False,,FR,FR
6088,24.15,24.15,70,70,False,False,JP,JP
6089,34.86,34.86,47,47,True,True,DE,DE
6090,72.92,72.92,88,88,True,True,FR,FR
6091,6.64,6.64,31,31,False,False,US,
6092,11.65,11.65,74,74,False,False,JP,JP
6093,61.63,61.63,51,51,False,False,UK,UK
6094,60.7,60.7,63,63,False,False,US,US
6095,97.25,97.25,20,20,True,True,DE,DE
6096,37.45,37.45,62,62,True,True,UK,UK
6097,6.51,6.51,67,67,False,False,DE,DE
6098,53.75,53.75,89,89,True,True,JP,JP
6099,63.83,63.83,43,,True,True,DE,DE
6100,13.96,13.96,23,23,True,True,UK,UK
6101,55.29,55.29,22,22,True,True,JP,JP
6102,19.78,19.78,28,28,True,True,UK,UK
6103,84.47,84.47,39,39,True,,JP,JP
6104,83.52,83.52,78,78,False,False,JP,JP
6105,42.96,42.96,32,32,False,False,DE,DE
6106,96.67,96.67,28,28,True,True,FR,FR
6107,97.98,97.98,20,20,True,True,FR,FR
6108,12.93,,45,45,False,False,JP,JP
6109,36.77,36.77,62,62,True,True,DE,DE
6110,60.03,60.03,38,38,False,False,DE,DE
6111,8.48,8.48,54,54,False,False,UK,UK
6112,38.27,38.27,35,35,False,False,DE,DE
6113,26.12,26.12,76,76,False,False,FR,FR
6114,95.21,95.21,19,19,False,False,DE,DE
6115,41.16,41.16,32,32,True,True,UK,UK
6116,76.27,76.27,59,59,False,False,DE,DE
6117,38.67,38.67,79,79,True,True,DE,DE
6118,13.18,,47,47,True,True,US,US
6119,86.32,86.32,23,23,True,True,FR,FR
6120,0.04,0.04,58,58,True,True,JP,JP
6121,5.59,5.59,37,37,False,False,UK,UK
6122,36.44,36.44,40,40,True,True,UK,UK
6123,68.69,,85,85,True,True,US,US
6124,34.17,34.17,86,86,False,False,DE,DE
6125,6.63,6.63,36,36,True,True,DE,DE
6126,31.78,31.78,61,61,True,True,JP,JP
6127,24.5,24.5,57,57,True,True,JP,JP
6128,0.54,0.54,88,88,False,False,FR,FR
6129,53.48,53.48,87,87,False,False,UK,UK
6130,11.66,11.66,43,43,True,True,US,US
6131,28.75,28.75,19,19,True,True,DE,DE
6132,64.12,64.12,18,18,True,True,FR,FR
6133,72.51,72.51,18,18,False,False,US,US
6134,26.35,26.35,75,75,False,False,DE,DE
6135,32.92,32.92,72,72,True,True,US,US
6136,24.69,24.69,78,78,True,True,UK,UK
6137,95.69,,28,,True,True,UK,
6138,19.05,19.05,22,22,True,True,US,US
6139,18.32,18.32,30,30,False,False,UK,UK
6140,44.5,44.5,63,63,False,False,FR,FR
6141,18.93,,18,18,True,True,JP,JP
6142,15.67,15.67,66,66,True,True,FR,FR
6143,9.59,9.59,82,82,True,True,UK,UK
6144,64.02,64.02,28,28,True,True,JP,JP
6145,61.21,61.21,71,71,False,False,DE,DE
6146,65.02,65.02,58,58,False,False,UK,UK
6147,77.33,77.33,86,86,False,False,JP,JP
6148,32.64,32.64,35,35,False,False,UK,UK
6149,91.84,91.84,34,34,False,False,FR,FR
6150,73.32,73.32,19,19,False,False,US,US
6151,80.47,80.47,69,69,False,False,UK,UK
6152,72.1,72.1,81,81,True,True,JP,JP
6153,35.85,,19,19,False,False,UK,UK
6154,28.3,,53,53,False,False,JP,JP
6155,42.25,42.25,70,70,True,True,DE,DE
6156,9.7,9.7,75,75,False,False,JP,JP
6157,45.13,45.13,85,85,True,True,DE,DE
6158,4.31,4.31,70,70,False,False,DE,DE
6159,0.39,0.39,85,85,True,,UK,UK
6160,93.15,93.15,90,,True,True,UK,UK
6161,68.93,68.93,85,85,True,True,JP,JP
6162,56.18,56.18,49,49,True,True,DE,DE
6163,34.11,34.11,47,47,True,True,DE,DE
6164,57.05,,49,49,True,True,UK,UK
6165,89.16,89.16,87,87,True,True,FR,FR
6166,65.24,65.24,38,38,True,True,UK,UK
6167,60.25,60.25,72,72,True,True,UK,UK
6168,46.02,46.02,63,63,True,True,US,US
6169,34.57,34.57,22,22,False,False,JP,JP
6170,69.85,69.85,53,53,True,True,US,US
6171,98.1,98.1,32,32,True,True,JP,JP
6172,42.48,,71,71,False,False,UK,UK
6173,39.22,39.22,50,50,False,False,US,US
6174,42.81,42.81,44,44,False,,JP,JP
6175,42.55,42.55,22,22,False,False,FR,FR
6176,99.06,99.06,27,27,True,True,FR,FR
6177,70.68,70.68,73,73,False,False,DE,DE
6178,35.92,35.92,80,80,False,False,FR,FR
6179,37.15,37.15,39,39,True,True,US,US
6180,43.08,43.08,78,78,False,False,UK,UK
6181,3.67,3.67,58,58,True,True,DE,DE
6182,52.78,52.78,43,,True,True,FR,FR
6183,81.14,81.14,50,50,False,False,DE,DE
6184,66.06,66.06,68,68,True,True,DE,DE
6185,19.84,19.84,84,84,False,False,FR,FR
6186,72.8,72.8,53,53,False,False,US,US
6187,71.95,71.95,43,43,True,True,DE,DE
6188,26.25,26.25,73,73,False,False,UK,UK
6189,62.29,62.29,56,56,False,False,DE,DE
6190,61.09,61.09,46,46,False,False,US,US
6191,83.98,83.98,51,,True,True,JP,JP
6192,13.61,13.61,57,57,False,False,JP,JP
6193,19.48,19.48,28,28,True,True,JP,JP
6194,48.6,48.6,22,,False,False,JP,JP
6195,4.41,4.41,66,66,False,False,FR,FR
6196,41.56,41.56,30,30,True,True,UK,UK
6197,78.82,78.82,56,56,False,,US,US
6198,14.87,14.87,75,75,True,True,FR,
6199,45.99,45.99,33,33,False,False,JP,JP
6200,98.98,98.98,45,45,False,False,UK,UK
6201,50.59,50.59,89,89,False,False,JP,JP
6202,49.83,49.83,20,20,False,False,US,US
6203,55.88,55.88,73,73,True,True,UK,UK
6204,18.6,18.6,30,30,True,True,FR,FR
6205,14.72,14.72,84,84,True,True,DE,DE
6206,67.74,,48,,False,False,FR,FR
6207,39.58,39.58,18,18,False,False,UK,UK
6208,28.99,28.99,70,70,False,False,FR,FR
6209,3.14,3.14,28,,True,True,UK,UK
6210,84.61,84.61,44,44,False,False,US,
6211,3.23,3.23,54,54,True,True,DE,DE
6212,75.0,75.0,72,72,True,True,DE,DE
6213,38.2,38.2,48,48,False,False,DE,DE
6214,59.87,59.87,80,,False,False,US,US
6215,24.77,24.77,53,53,True,True,DE,DE
6216,15.54,15.54,42,42,False,False,US,US
6217,53.34,53.34,42,42,True,True,JP,JP
6218,69.56,69.56,76,76,True,True,US,US
6219,19.55,19.55,66,66,True,True,JP,JP
6220,43.64,43.64,27,27,True,True,US,US
6221,44.47,44.47,72,72,True,,FR,FR
6222,21.6,21.6,48,48,True,True,UK,UK
6223,56.5,56.5,43,43,False,False,US,US
6224,14.59,14.59,25,25,True,True,UK,UK
6225,50.97,50.97,90,,False,False,US,US
6226,11.34,11.34,21,21,True,True,FR,FR
6227,48.55,48.55,90,90,True,True,JP,JP
6228,31.16,,22,22,False,False,UK,UK
6229,45.22,45.22,54,54,False,False,DE,DE
6230,43.37,43.37,25,25,False,False,US,US
6231,90.79,90.79,53,53,False,False,DE,DE
6232,48.99,48.99,79,79,False,False,JP,JP
6233,81.85,81.85,61,61,True,True,DE,DE
6234,22.57,22.57,57,57,False,False,JP,JP
6235,35.21,35.21,26,26,False,False,FR,FR
6236,7.51,7.51,87,87,False,False,US,US
6237,42.07,42.07,45,,False,False,US,
6238,66.87,66.87,57,57,False,False,UK,UK
6239,83.82,83.82,83,83,True,True,JP,JP
6240,56.59,56.59,63,63,True,True,US,US
6241,64.01,64.01,71,71,True,True,US,
6242,17.73,17.73,31,31,True,True,JP,JP
6243,3.72,3.72,51,51,True,True,US,US
6244,79.17,79.17,57,57,False,False,UK,UK
6245,16.7,16.7,30,30,False,,FR,FR
6246,9.12,9.12,46,46,True,True,US,
6247,93.76,93.76,78,78,False,False,US,US
6248,96.35,96.35,85,85,False,False,FR,FR
6249,61.63,61.63,78,78,True,True,US,US
6250,37.86,37.86,86,86,True,True,FR,FR
6251,83.32,83.32,90,90,True,True,DE,DE
6252,20.47,20.47,32,32,True,True,UK,UK
6253,42.94,42.94,80,80,True,True,FR,FR
6254,35.7,35.7,63,63,False,,UK,UK
6255,91.27,91.27,80,80,False,False,JP,JP
6256,91.98,91.98,64,64,False,False,DE,DE
6257,65.09,65.09,27,27,True,True,FR,FR
6258,11.07,11.07,59,59,True,True,UK,UK
6259,48.22,48.22,73,73,False,False,JP,JP
6260,24.53,24.53,27,27,True,True,UK,UK
6261,88.49,88.49,54,54,False,False,DE,DE
6262,13.84,13.84,65,65,True,True,JP,JP
6263,5.43,5.43,51,51,False,False,JP,JP
6264,70.44,70.44,76,,False,False,FR,FR
6265,45.33,45.33,27,27,False,False,FR,FR
6266,83.84,83.84,43,43,False,False,FR,FR
6267,7.46,7.46,87,87,False,False,DE,DE
6268,80.11,80.11,55,55,False,False,FR,FR
6269,3.73,3.73,31,31,True,True,DE,DE
6270,2.81,2.81,26,26,True,True,DE,DE
6271,46.13,46.13,61,61,True,True,UK,UK
6272,22.13,22.13,85,85,False,False,UK,UK
6273,59.37,59.37,21,21,False,False,US,US
6274,2.58,2.58,25,25,False,False,FR,FR
6275,3.54,3.54,45,45,False,False,US,US
6276,72.71,72.71,33,33,True,True,US,US
6277,21.02,21.02,26,26,True,True,UK,UK
6278,65.64,65.64,39,39,False,False,US,US
6279,74.99,74.99,64,64,False,False,FR,FR
6280,5.93,,78,,False,False,US,US
6281,76.98,76.98,40,40,False,False,DE,DE
6282,26.84,26.84,69,69,True,True,FR,FR
6283,38.95,38.95,78,78,True,True,DE,DE
6284,8.66,8.66,18,18,False,False,DE,DE
6285,83.86,83.86,80,80,False,False,UK,UK
6286,56.07,56.07,31,,True,True,DE,DE
6287,50.47,50.47,68,68,False,False,FR,FR
6288,96.86,96.86,72,72,False,False,DE,DE
6289,33.45,33.45,79,79,True,True,FR,FR
6290,89.08,89.08,47,,True,True,JP,JP
6291,71.97,71.97,66,66,False,False,UK,UK
6292,92.85,92.85,19,19,False,False,US,US
6293,90.78,90.78,50,,False,False,DE,DE
6294,99.1,99.1,88,88,True,True,UK,UK
6295,13.17,13.17,29,29,True,True,US,US
6296,79.6,79.6,29,29,True,True,FR,FR
6297,80.45,80.45,69,69,False,False,FR,FR
6298,64.44,64.44,55,55,True,True,FR,FR
6299,27.89,27.89,51,51,False,False,FR,FR
6300,96.51,96.51,36,36,True,True,DE,DE
6301,20.44,20.44,30,,True,True,DE,DE
6302,49.96,49.96,71,71,True,True,UK,
6303,52.15,52.15,44,44,True,True,FR,FR
6304,16.18,16.18,74,74,False,False,JP,JP
6305,72.25,72.25,50,50,True,True,JP,JP
6306,8.89,8.89,46,46,False,False,DE,DE
6307,69.31,69.31,34,34,True,True,US,US
6308,84.86,84.86,66,66,False,False,JP,JP
6309,34.94,34.94,38,38,True,True,DE,DE
6310,70.94,70.94,84,84,False,False,FR,FR
6311,15.68,15.68,47,47,True,True,UK,UK
6312,84.59,84.59,77,77,False,False,JP,
6313,95.2,95.2,52,52,False,False,JP,JP
6314,15.27,15.27,48,48,True,True,US,US
6315,69.19,69.19,51,51,False,False,DE,DE
6316,50.58,50.58,50,50,True,True,DE,DE
6317,53.15,53.15,52,52,False,False,FR,FR
6318,70.65,70.65,82,82,True,,UK,UK
6319,48.87,48.87,69,69,False,False,US,US
6320,60.03,60.03,20,,False,False,UK,UK
6321,23.09,23.09,22,22,True,True,DE,DE
6322,37.85,37.85,19,19,True,True,UK,UK
6323,86.52,86.52,68,68,False,False,DE,DE
6324,10.99,10.99,33,33,True,True,UK,UK
6325,59.76,59.76,46,46,False,False,FR,FR
6326,18.43,18.43,78,78,True,True,DE,DE
6327,84.65,84.65,27,27,True,True,US,US
6328,57.9,57.9,29,29,True,True,FR,FR
6329,40.3,40.3,23,23,False,False,UK,UK
6330,24.98,24.98,38,38,False,False,UK,UK
6331,43.68,43.68,24,24,True,True,FR,FR
6332,95.76,95.76,63,63,False,False,UK,UK
6333,50.92,50.92,71,71,True,True,US,US
6334,46.95,46.95,31,31,True,True,UK,UK
6335,74.63,74.63,56,56,True,True,UK,UK
6336,37.9,37.9,40,40,True,True,FR,FR
6337,42.74,42.74,23,23,False,False,FR,FR
6338,33.69,,52,52,True,,US,US
6339,15.09,15.09,68,68,False,False,FR,FR
6340,71.38,71.38,34,34,True,True,FR,FR
6341,87.3,87.3,75,,False,False,US,US
6342,90.56,90.56,90,90,True,True,UK,UK
6343,88.08,88.08,22,22,False,False,FR,FR
6344,45.18,45.18,29,29,True,True,DE,DE
6345,28.41,28.41,39,39,True,True,UK,UK
6346,63.79,63.79,80,80,True,True,FR,FR
6347,95.47,95.47,28,28,True,True,FR,FR
6348,72.71,72.71,52,52,True,True,DE,DE
6349,49.48,49.48,57,,False,False,US,US
6350,68.88,68.88,27,27,False,False,FR,
6351,77.25,77.25,21,21,False,False,US,US
6352,91.93,91.93,26,26,False,False,JP,JP
6353,76.32,76.32,22,22,False,False,US,US
6354,43.32,43.32,54,54,False,False,US,US
6355,27.36,27.36,86,86,True,True,UK,UK
6356,49.99,49.99,43,43,False,,UK,UK
6357,32.82,32.82,36,36,True,True,UK,UK
6358,94.28,94.28,35,35,True,True,JP,JP
6359,50.8,50.8,89,89,False,False,UK,UK
6360,47.21,47.21,88,88,True,True,JP,JP
6361,34.82,,65,65,False,False,US,US
6362,63.94,63.94,51,51,False,False,FR,FR
6363,52.01,52.01,29,29,True,True,US,US
6364,12.9,12.9,85,85,False,False,UK,UK
6365,86.92,86.92,18,18,True,True,US,US
6366,35.9,35.9,29,29,True,True,UK,UK
6367,43.26,43.26,67,67,False,False,DE,
6368,20.57,20.57,31,31,True,True,JP,
6369,55.34,55.34,25,25,False,,FR,FR
6370,70.21,70.21,61,61,True,True,FR,FR
6371,88.12,88.12,19,19,False,False,DE,
6372,5.16,5.16,37,37,False,False,UK,UK
6373,97.33,97.33,64,64,True,True,UK,UK
6374,70.38,70.38,31,31,False,,US,US
6375,28.43,28.43,73,73,False,False,FR,FR
6376,20.45,20.45,24,24,True,True,FR,FR
6377,29.61,29.61,62,,False,False,DE,DE
6378,87.57,87.57,23,23,True,True,DE,DE
6379,29.14,29.14,71,71,False,False,UK,UK
6380,46.28,46.28,72,72,True,True,JP,JP
6381,70.57,70.57,76,76,True,True,JP,JP
6382,87.2,87.2,38,38,True,True,DE,DE
6383,65.86,65.86,35,35,True,True,FR,FR
6384,75.31,75.31,89,89,False,False,UK,UK
6385,17.33,17.33,71,71,True,True,US,US
6386,87.74,87.74,31,31,False,False,UK,UK
6387,27.57,27.57,20,20,False,False,JP,JP
6388,12.84,12.84,43,43,False,False,DE,DE
6389,97.62,97.62,66,66,False,False,JP,JP
6390,20.16,20.16,45,45,False,False,UK,UK
6391,13.67,13.67,76,76,False,False,DE,DE
6392,62.6,62.6,54,54,False,False,US,US
6393,31.89,31.89,90,90,False,False,FR,FR
6394,13.33,13.33,81,81,False,False,UK,UK
6395,60.11,60.11,52,52,False,False,US,
6396,75.9,75.9,78,78,False,False,UK,UK
6397,79.32,79.32,50,50,True,True,FR,FR
6398,15.55,15.55,18,18,True,True,JP,JP
6399,55.69,55.69,40,40,True,True,JP,JP
6400,81.37,81.37,47,47,False,False,UK,UK
6401,16.11,16.11,89,89,False,False,DE,DE
6402,20.77,20.77,78,78,True,True,DE,DE
6403,0.24,0.24,28,28,True,True,FR,FR
6404,52.46,52.46,18,18,False,False,FR,FR
6405,19.47,19.47,56,56,True,True,US,US
6406,72.42,72.42,56,,False,False,US,US
6407,96.22,96.22,71,71,True,True,DE,DE
6408,20.88,20.88,36,36,False,False,DE,
6409,64.91,64.91,77,77,True,True,JP,JP
6410,21.18,21.18,48,48,False,False,JP,JP
6411,1.8,1.8,42,42,True,True,US,US
6412,75.86,75.86,48,48,False,False,DE,DE
6413,43.4,43.4,86,86,False,False,DE,
6414,94.68,94.68,46,46,True,True,DE,DE
6415,53.43,53.43,58,58,True,True,US,US
6416,15.75,,83,83,True,True,JP,JP
6417,44.98,44.98,19,19,False,False,US,US
6418,20.29,20.29,57,57,False,False,JP,JP
6419,87.8,87.8,69,69,False,False,JP,JP
6420,69.09,69.09,83,83,False,,JP,JP
6421,34.12,34.12,22,22,False,False,US,US
6422,52.78,52.78,71,71,False,False,DE,DE
6423,66.95,66.95,76,76,True,True,US,US
6424,78.29,78.29,43,43,True,True,FR,FR
6425,8.01,8.01,72,72,True,True,JP,JP
6426,2.25,2.25,54,54,False,False,DE,DE
6427,11.45,11.45,66,66,True,True,US,US
6428,39.5,39.5,46,46,False,False,UK,UK
6429,46.67,46.67,30,30,False,False,US,
6430,13.65,13.65,78,78,True,True,DE,DE
6431,41.12,41.12,33,33,False,False,UK,UK
6432,44.16,44.16,31,31,True,True,JP,JP
6433,10.91,10.91,82,82,False,False,UK,UK
6434,91.67,,86,86,True,True,UK,UK
6435,59.91,59.91,62,62,False,False,UK,UK
6436,38.85,38.85,60,60,False,False,JP,JP
6437,50.69,50.69,44,44,False,False,UK,UK
6438,31.42,31.42,62,62,False,False,JP,JP
6439,85.43,85.43,62,62,True,True,FR,FR
6440,57.5,57.5,55,55,False,False,UK,UK
6441,49.49,49.49,65,65,True,True,DE,DE
6442,91.09,91.09,58,58,True,True,US,US
6443,83.8,83.8,82,82,True,True,JP,JP
6444,81.28,81.28,66,66,True,True,JP,JP
6445,22.56,22.56,46,46,True,True,UK,UK
6446,15.31,15.31,65,65,False,,US,US
6447,69.01,69.01,34,34,True,True,DE,DE
6448,46.86,46.86,33,33,True,True,FR,FR
6449,68.37,68.37,78,78,False,False,FR,FR
6450,76.06,76.06,60,60,False,,US,US
6451,29.53,29.53,21,21,False,False,US,US
6452,28.47,28.47,43,43,True,True,UK,UK
6453,49.08,49.08,89,89,True,True,FR,FR
6454,27.35,27.35,64,64,False,False,UK,UK
6455,66.73,66.73,81,81,True,True,JP,JP
6456,74.67,74.67,57,57,False,False,UK,UK
6457,47.2,47.2,21,21,True,True,JP,JP
6458,72.38,72.38,31,31,False,False,JP,JP
6459,51.04,51.04,24,24,False,False,FR,FR
6460,71.29,71.29,71,71,True,True,US,US
6461,22.5,22.5,73,73,True,True,US,
6462,73.88,73.88,51,51,False,False,US,US
6463,71.51,71.51,70,70,False,False,FR,FR
6464,26.66,26.66,58,58,False,False,FR,FR
6465,55.6,55.6,72,72,False,False,JP,JP
6466,85.53,85.53,67,67,True,True,JP,JP
6467,24.95,24.95,51,51,True,True,UK,UK
6468,73.6,73.6,65,65,True,True,UK,UK
6469,95.4,95.4,41,41,False,False,FR,FR
6470,86.62,86.62,72,72,True,True,FR,FR
6471,40.15,40.15,84,84,True,True,UK,UK
6472,60.72,60.72,33,33,True,True,US,US
6473,99.18,,66,66,False,False,US,US
6474,56.84,56.84,26,26,True,True,JP,JP
6475,11.5,,45,45,True,True,UK,UK
6476,4.54,4.54,66,66,True,True,FR,FR
6477,79.03,79.03,38,38,True,True,JP,JP
6478,42.36,42.36,35,35,False,False,JP,JP
6479,24.68,24.68,46,46,True,True,DE,DE
6480,34.77,34.77,26,26,False,,FR,FR
6481,75.74,75.74,63,63,False,False,US,US
6482,46.52,46.52,27,,False,,JP,JP
6483,86.85,86.85,42,42,True,True,JP,JP
6484,73.49,73.49,40,40,False,False,UK,UK
6485,97.4,97.4,88,88,False,False,UK,UK
6486,88.85,88.85,90,90,False,False,FR,FR
6487,25.45,25.45,23,,True,True,DE,DE
6488,65.91,65.91,29,29,False,False,FR,FR
6489,2.05,2.05,71,71,True,,US,US
6490,99.11,99.11,39,39,False,False,UK,UK
6491,26.1,26.1,65,65,True,True,FR,FR
6492,66.48,66.48,85,85,True,True,JP,JP
6493,84.92,84.92,29,29,False,False,US,US
6494,16.05,16.05,88,88,True,True,FR,FR
6495,84.79,84.79,21,21,False,False,US,US
6496,1.22,1.22,34,34,True,True,JP,JP
6497,44.2,44.2,55,55,True,True,UK,UK
6498,47.2,47.2,82,82,True,True,UK,UK
6499,37.41,37.41,58,58,False,False,FR,FR
6500,58.64,58.64,28,28,False,False,JP,JP
6501,91.48,91.48,36,36,True,True,DE,DE
6502,32.7,32.7,73,73,False,False,UK,UK
6503,57.93,57.93,58,58,True,True,JP,JP
6504,87.75,87.75,18,18,False,False,JP,JP
6505,77.3,77.3,54,54,False,False,DE,DE
6506,4.07,4.07,47,47,True,True,US,US
6507,94.28,94.28,18,18,True,True,JP,JP
6508,4.66,4.66,36,36,False,False,FR,FR
6509,58.88,58.88,86,86,True,True,DE,DE
6510,57.54,57.54,69,69,True,True,US,US
6511,78.64,78.64,23,23,False,False,JP,JP
6512,14.84,14.84,19,19,False,False,FR,FR
6513,17.94,17.94,43,43,True,True,UK,UK
6514,75.21,75.21,51,51,False,False,UK,UK
6515,14.95,14.95,51,51,False,False,UK,UK
6516,46.94,46.94,68,68,True,True,JP,JP
6517,73.16,73.16,30,30,True,True,DE,DE
6518,65.12,65.12,21,21,False,,JP,JP
6519,21.06,21.06,67,67,False,False,FR,FR
6520,30.4,30.4,83,83,True,True,UK,UK
6521,96.9,96.9,30,30,True,True,DE,DE
6522,44.87,44.87,44,44,True,True,JP,JP
6523,4.45,4.45,63,63,True,True,DE,DE
6524,21.96,21.96,30,30,True,True,FR,FR
6525,34.24,34.24,80,80,True,True,US,US
6526,99.95,99.95,34,,True,True,DE,DE
6527,30.27,30.27,56,56,False,False,DE,DE
6528,2.64,2.64,42,42,False,False,UK,UK
6529,51.29,51.29,66,66,False,False,JP,JP
6530,8.36,8.36,32,32,False,False,UK,UK
6531,27.41,27.41,25,25,True,True,JP,JP
6532,99.24,99.24,55,55,True,True,US,US
6533,70.46,70.46,81,81,True,True,DE,DE
6534,5.07,5.07,64,64,False,False,DE,DE
6535,44.87,44.87,73,73,True,True,UK,UK
6536,17.16,17.16,49,,False,False,DE,DE
6537,12.29,12.29,28,28,False,False,JP,JP
6538,58.71,58.71,49,49,False,False,DE,DE
6539,50.57,50.57,90,90,False,,DE,DE
6540,74.29,74.29,75,75,True,True,JP,JP
6541,89.23,89.23,69,69,False,False,JP,JP
6542,24.67,24.67,39,39,False,,US,US
6543,92.3,92.3,61,61,False,False,FR,FR
6544,51.8,51.8,63,63,True,True,JP,JP
6545,25.88,25.88,65,,False,False,JP,JP
6546,84.58,84.58,83,83,False,False,JP,JP
6547,3.55,3.55,67,67,False,False,US,US
6548,55.95,55.95,34,34,False,False,FR,FR
6549,72.16,72.16,34,34,True,True,JP,JP
6550,28.0,28.0,63,63,False,False,DE,
6551,86.35,86.35,81,81,False,False,US,US
6552,24.03,24.03,87,87,False,False,US,US
6553,83.99,83.99,62,62,False,False,UK,UK
6554,7.85,7.85,56,56,False,False,JP,JP
6555,15.99,15.99,77,77,False,False,US,
6556,38.1,38.1,89,89,True,True,FR,FR
6557,85.41,85.41,20,20,True,True,US,
6558,14.46,14.46,40,,False,False,JP,JP
6559,87.54,87.54,42,42,False,False,US,US
6560,22.97,22.97,59,59,False,False,UK,UK
6561,45.25,45.25,39,39,True,True,US,US
6562,35.27,35.27,40,40,False,False,DE,DE
6563,11.81,11.81,19,19,False,False,FR,FR
6564,94.43,94.43,18,18,False,False,DE,DE
6565,43.82,43.82,50,50,False,False,DE,DE
6566,69.03,69.03,90,90,True,True,FR,FR
6567,57.53,57.53,39,39,True,,DE,DE
6568,50.17,50.17,35,35,False,False,FR,FR
6569,61.66,61.66,37,37,True,True,UK,UK
6570,89.83,89.83,89,89,True,True,US,US
6571,69.93,69.93,66,66,False,,US,US
6572,53.25,53.25,65,65,False,False,US,US
6573,64.52,64.52,31,31,False,False,US,US
6574,60.64,60.64,83,83,False,False,US,US
6575,43.31,43.31,32,32,False,False,US,US
6576,62.48,62.48,88,88,True,True,US,US
6577,44.36,44.36,87,87,True,True,FR,FR
6578,75.76,,59,59,False,False,UK,UK
6579,96.89,96.89,81,81,True,True,DE,DE
6580,95.99,95.99,90,90,True,True,US,US
6581,82.07,,60,60,False,False,JP,JP
6582,60.18,60.18,74,74,False,False,UK,UK
6583,74.93,74.93,61,61,False,False,DE,DE
6584,17.8,17.8,56,56,False,,FR,FR
6585,47.9,47.9,42,42,False,False,JP,JP
6586,25.73,25.73,65,65,True,True,FR,FR
6587,0.35,0.35,37,37,False,False,DE,DE
6588,96.67,96.67,32,32,False,False,UK,UK
6589,86.38,86.38,38,38,False,False,UK,UK
6590,51.37,51.37,18,18,True,True,US,US
6591,25.42,25.42,86,86,True,True,UK,UK
6592,69.3,69.3,36,36,True,True,FR,FR
6593,43.48,43.48,76,76,False,False,UK,UK
6594,80.33,80.33,49,49,False,False,UK,UK
6595,99.95,99.95,42,42,True,True,US,US
6596,34.91,34.91,34,34,False,False,UK,UK
6597,24.44,24.44,77,77,False,False,US,US
6598,26.74,26.74,55,55,True,True,DE,DE
6599,9.33,9.33,50,50,False,,UK,UK
6600,39.4,39.4,66,,False,False,JP,JP
6601,1.74,1.74,76,76,True,True,DE,DE
6602,11.44,11.44,65,65,True,True,UK,UK
6603,27.17,27.17,52,52,True,True,DE,DE
6604,15.99,15.99,83,83,False,False,JP,JP
6605,73.22,73.22,83,83,False,False,US,US
6606,10.56,10.56,88,88,False,False,UK,UK
6607,86.6,86.6,24,24,True,True,DE,DE
6608,22.11,22.11,83,83,True,True,US,US
6609,10.86,10.86,32,32,False,False,DE,DE
6610,1.01,1.01,63,63,True,True,US,US
6611,71.52,71.52,66,66,True,True,JP,JP
6612,25.66,25.66,33,33,True,True,FR,FR
6613,50.95,50.95,18,18,False,False,US,US
6614,11.16,11.16,86,86,True,True,DE,DE
6615,98.53,98.53,83,83,False,False,UK,UK
6616,12.54,12.54,30,30,False,False,DE,DE
6617,41.19,41.19,61,61,True,True,DE,DE
6618,85.16,85.16,29,29,False,,JP,JP
6619,24.49,24.49,59,59,True,True,US,US
6620,26.7,26.7,41,41,False,False,DE,DE
6621,80.85,,72,,True,True,JP,JP
6622,27.33,27.33,59,59,False,False,US,US
6623,0.29,0.29,54,54,False,False,UK,UK
6624,42.79,42.79,67,67,False,False,FR,FR
6625,1.25,1.25,52,52,False,False,US,US
6626,90.98,90.98,18,18,True,True,UK,UK
6627,64.18,64.18,61,61,False,False,JP,JP
6628,58.3,58.3,74,74,False,False,DE,DE
6629,20.16,20.16,53,53,True,True,US,US
6630,69.99,69.99,30,30,False,False,JP,JP
6631,67.73,67.73,18,18,False,False,DE,DE
6632,6.05,6.05,39,39,True,True,DE,DE
6633,88.08,88.08,74,74,False,False,JP,JP
6634,57.94,57.94,41,41,False,False,UK,UK
6635,79.25,79.25,87,87,False,,UK,UK
6636,26.29,26.29,42,42,True,True,DE,DE
6637,12.2,12.2,49,,True,True,UK,UK
6638,70.24,70.24,73,,False,False,US,US
6639,79.39,79.39,62,62,True,True,US,US
6640,38.6,38.6,20,20,False,False,UK,UK
6641,2.37,2.37,23,23,False,False,US,US
6642,81.83,81.83,32,,True,True,DE,DE
6643,20.61,20.61,81,81,True,,JP,JP
6644,33.9,,19,19,True,True,UK,UK
6645,62.82,62.82,23,23,False,False,US,US
6646,10.0,10.0,74,74,True,True,US,US
6647,7.2,7.2,63,63,True,True,US,US
6648,2.57,2.57,89,89,False,False,DE,DE
6649,91.66,91.66,34,34,False,False,DE,DE
6650,31.14,31.14,66,66,False,False,DE,DE
6651,66.07,66.07,27,27,True,True,FR,FR
6652,98.92,98.92,61,61,True,True,UK,UK
6653,66.95,66.95,25,25,True,True,FR,FR
6654,52.51,52.51,84,84,False,False,JP,JP
6655,52.09,52.09,48,48,False,False,US,US
6656,37.69,37.69,36,36,True,True,US,US
6657,59.98,,89,89,True,True,UK,UK
6658,95.88,95.88,22,22,False,False,US,US
6659,78.8,,76,76,False,False,JP,JP
6660,42.42,42.42,55,55,False,False,JP,JP
6661,33.24,,68,68,False,False,DE,DE
6662,88.35,88.35,37,37,False,False,US,US
6663,13.58,,82,82,True,True,JP,JP
6664,84.96,84.96,50,50,True,True,JP,JP
6665,25.51,25.51,48,48,False,,DE,DE
6666,71.56,71.56,51,51,False,False,FR,FR
6667,80.62,80.62,39,39,False,False,FR,FR
6668,47.7,47.7,41,41,True,True,DE,DE
6669,19.23,19.23,28,28,False,False,UK,UK
6670,84.48,84.48,53,53,False,False,UK,UK
6671,36.75,36.75,52,52,True,,UK,UK
6672,32.07,32.07,45,45,False,False,UK,UK
6673,51.0,51.0,89,89,False,False,FR,FR
6674,43.51,43.51,26,26,False,False,JP,JP
6675,68.31,68.31,84,84,False,False,US,US
6676,13.72,13.72,81,81,True,True,US,US
6677,43.57,,19,19,True,True,DE,DE
6678,89.17,89.17,69,69,True,True,FR,FR
6679,3.61,3.61,33,33,False,False,DE,DE
6680,45.73,45.73,21,,False,False,JP,
6681,66.05,66.05,80,80,False,False,FR,FR
6682,88.77,88.77,26,26,False,,FR,FR
6683,59.38,59.38,39,39,False,False,DE,DE
6684,82.45,82.45,25,25,True,True,US,US
6685,22.27,22.27,28,28,True,True,US,US
6686,35.28,35.28,22,,False,False,FR,FR
6687,94.21,94.21,79,79,True,True,UK,UK
6688,88.6,88.6,22,22,True,True,FR,FR
6689,55.8,55.8,73,73,False,False,UK,
6690,47.55,47.55,29,,True,True,US,US
6691,45.11,45.11,84,84,True,True,FR,FR
6692,5.88,5.88,79,79,False,False,JP,JP
6693,89.24,89.24,63,63,True,True,DE,DE
6694,81.81,81.81,78,78,True,True,US,US
6695,45.63,45.63,39,39,False,False,DE,DE
6696,27.94,27.94,75,75,True,True,JP,JP
6697,34.29,34.29,34,34,True,True,UK,UK
6698,12.32,12.32,62,62,False,False,US,US
6699,72.18,72.18,85,85,False,False,FR,
6700,55.67,55.67,70,70,False,False,UK,
6701,23.41,23.41,37,37,False,False,US,US
6702,62.3,62.3,71,71,False,False,FR,FR
6703,97.92,97.92,82,82,False,False,UK,UK
6704,12.24,,82,82,True,True,US,US
6705,45.85,45.85,71,71,False,,US,US
6706,49.42,49.42,71,71,True,True,US,US
6707,16.68,16.68,75,75,True,,US,US
6708,53.16,53.16,71,71,False,False,US,US
6709,60.6,60.6,27,27,True,True,UK,UK
6710,15.73,15.73,76,76,False,False,JP,JP
6711,15.47,15.47,31,,False,False,UK,UK
6712,85.63,85.63,58,58,False,False,US,US
6713,31.14,31.14,42,42,False,False,JP,JP
6714,63.03,63.03,33,33,False,False,FR,FR
6715,62.68,62.68,38,38,True,True,JP,JP
6716,83.92,,24,24,False,False,DE,DE
6717,73.99,73.99,50,50,True,True,DE,DE
6718,84.06,84.06,48,48,False,False,DE,DE
6719,62.52,62.52,47,47,False,False,US,US
6720,44.95,44.95,24,24,False,False,UK,UK
6721,39.36,,62,62,False,False,DE,DE
6722,37.9,37.9,30,30,True,True,UK,UK
6723,41.84,41.84,80,80,False,False,JP,JP
6724,12.93,12.93,19,19,True,True,JP,JP
6725,42.4,42.4,22,22,True,True,DE,DE
6726,38.94,38.94,39,39,False,False,FR,FR
6727,3.46,3.46,47,47,False,False,UK,UK
6728,27.51,27.51,88,88,True,True,JP,JP
6729,75.19,,56,56,True,True,FR,FR
6730,57.79,57.79,45,45,False,False,FR,FR
6731,80.62,80.62,79,79,False,False,DE,DE
6732,54.27,54.27,35,35,False,False,JP,
6733,85.41,,83,83,True,True,DE,DE
6734,79.61,79.61,47,47,True,True,JP,JP
6735,9.83,,40,,False,False,FR,FR
6736,97.7,97.7,39,39,True,True,DE,DE
6737,1.47,1.47,18,18,False,False,UK,UK
6738,59.68,59.68,67,67,False,False,JP,JP
6739,79.25,79.25,60,60,False,False,US,US
6740,33.19,33.19,64,64,False,False,US,US
6741,59.86,59.86,65,65,False,False,US,US
6742,36.21,36.21,19,19,True,True,US,US
6743,6.06,6.06,82,82,False,False,UK,UK
6744,0.85,0.85,55,55,False,,DE,DE
6745,9.49,9.49,68,68,False,False,UK,UK
6746,9.84,9.84,20,20,True,True,DE,DE
6747,61.09,61.09,73,73,True,True,DE,DE
6748,52.59,52.59,67,67,False,False,DE,DE
6749,45.55,45.55,44,44,True,True,US,US
6750,69.19,69.19,86,86,False,False,DE,DE
6751,1.68,1.68,65,65,False,False,UK,UK
6752,27.1,27.1,84,84,True,True,DE,DE
6753,77.74,77.74,77,77,False,False,US,US
6754,91.0,91.0,33,33,True,True,JP,JP
6755,43.83,43.83,90,90,True,True,FR,FR
6756,8.15,8.15,72,72,False,False,UK,UK
6757,79.87,79.87,31,31,True,,UK,UK
6758,88.52,88.52,75,75,True,True,UK,UK
6759,41.37,41.37,49,49,False,False,JP,JP
6760,24.34,24.34,81,81,True,,FR,FR
6761,4.4,4.4,30,30,True,True,DE,DE
6762,59.11,59.11,36,36,False,False,FR,
6763,90.99,90.99,43,43,False,False,US,US
6764,67.79,67.79,50,50,False,False,JP,JP
6765,31.72,31.72,64,64,False,False,DE,DE
6766,64.29,64.29,34,34,False,False,UK,UK
6767,83.21,83.21,69,69,False,False,FR,FR
6768,47.58,47.58,19,,True,True,US,US
6769,81.97,81.97,42,42,False,False,DE,DE
6770,39.19,39.19,66,66,True,True,JP,JP
6771,34.85,34.85,37,37,True,True,FR,FR
6772,58.3,,49,49,False,False,US,US
6773,46.47,46.47,62,62,True,True,DE,DE
6774,97.71,97.71,36,36,True,True,FR,FR
6775,51.64,51.64,88,88,False,False,DE,DE
6776,38.52,38.52,79,79,False,False,UK,UK
6777,39.49,39.49,88,88,True,True,FR,FR
6778,54.79,54.79,54,54,True,True,DE,DE
6779,35.49,35.49,43,43,True,True,JP,JP
6780,72.29,72.29,90,90,True,True,JP,JP
6781,38.07,38.07,71,71,False,False,JP,JP
6782,38.41,38.41,75,75,False,False,DE,DE
6783,61.7,61.7,31,31,False,False,FR,FR
6784,6.08,6.08,81,81,False,False,US,US
6785,65.54,65.54,56,56,False,False,FR,FR
6786,50.5,50.5,74,74,False,False,FR,FR
6787,45.3,45.3,78,78,False,False,FR,FR
6788,71.93,71.93,25,25,True,True,US,US
6789,75.83,75.83,25,25,True,True,DE,DE
6790,84.63,84.63,22,22,False,False,UK,UK
6791,37.48,37.48,64,64,True,True,JP,JP
6792,32.7,32.7,84,84,True,True,DE,DE
6793,71.43,71.43,20,20,False,False,FR,FR
6794,58.18,58.18,28,28,False,False,DE,
6795,63.18,63.18,53,53,True,True,US,US
6796,55.55,55.55,46,46,False,False,FR,FR
6797,77.27,,25,25,False,False,FR,FR
6798,19.0,19.0,62,62,True,True,UK,UK
6799,55.57,55.57,84,84,True,True,FR,FR
6800,15.81,15.81,33,33,False,False,UK,UK
6801,40.73,40.73,18,18,True,True,FR,FR
6802,66.4,66.4,34,34,True,True,UK,UK
6803,49.31,49.31,31,,False,False,FR,FR
6804,37.96,37.96,52,52,False,False,JP,JP
6805,88.5,88.5,25,25,False,False,DE,DE
6806,77.28,,44,44,False,False,US,US
6807,52.63,52.63,26,26,True,True,FR,FR
6808,95.01,95.01,67,67,False,False,JP,
6809,42.44,42.44,52,52,True,True,FR,FR
6810,78.81,78.81,23,23,False,False,UK,UK
6811,16.79,16.79,21,21,True,True,DE,DE
6812,28.58,28.58,53,53,True,True,UK,UK
6813,33.81,33.81,61,61,True,True,FR,FR
6814,10.58,10.58,30,30,False,False,FR,FR
6815,50.18,50.18,41,41,True,True,FR,FR
6816,19.23,19.23,62,62,False,False,UK,UK
6817,63.42,63.42,52,52,True,True,US,US
6818,19.01,19.01,26,26,False,False,FR,FR
6819,12.35,12.35,46,46,False,False,UK,UK
6820,96.91,96.91,32,32,True,True,JP,JP
6821,65.82,65.82,85,85,True,True,US,US
6822,93.65,,76,76,True,True,JP,
6823,48.99,48.99,40,40,False,False,FR,FR
6824,3.34,3.34,35,35,True,True,DE,DE
6825,57.44,57.44,27,27,True,True,JP,JP
6826,55.83,55.83,71,71,True,True,FR,FR
6827,1.5,1.5,85,85,False,False,US,US
6828,86.12,,37,37,False,False,UK,UK
6829,62.0,62.0,64,,True,True,JP,JP
6830,74.47,74.47,35,35,False,False,FR,FR
6831,49.39,49.39,84,84,False,False,US,US
6832,61.84,61.84,39,39,True,True,US,US
6833,25.75,25.75,25,25,False,False,JP,JP
6834,97.38,97.38,82,82,False,False,US,US
6835,40.07,40.07,87,,False,False,JP,JP
6836,16.23,16.23,46,46,True,True,DE,DE
6837,5.59,5.59,84,84,False,False,JP,JP
6838,63.62,63.62,35,35,True,True,UK,
6839,98.34,98.34,37,37,False,False,UK,UK
6840,89.58,89.58,57,,False,False,FR,FR
6841,70.21,70.21,61,61,False,False,US,US
6842,99.06,99.06,46,46,True,True,US,US
6843,72.28,72.28,76,76,False,False,FR,FR
6844,33.93,33.93,75,75,False,False,US,US
6845,60.12,60.12,26,26,False,False,JP,JP
6846,7.98,7.98,90,90,True,True,FR,FR
6847,22.17,22.17,29,29,False,False,FR,FR
6848,41.75,41.75,56,56,False,False,DE,DE
6849,20.18,20.18,48,48,False,False,FR,FR
6850,95.35,95.35,50,50,True,True,JP,JP
6851,99.56,99.56,27,27,False,False,US,US
6852,37.09,37.09,43,43,False,False,UK,UK
6853,70.92,70.92,20,20,True,True,FR,FR
6854,40.78,40.78,89,89,True,True,US,US
6855,13.95,,28,28,True,True,UK,UK
6856,33.69,33.69,53,53,True,True,US,US
6857,23.34,23.34,33,33,False,False,US,US
6858,32.81,32.81,30,30,True,True,DE,DE
6859,21.5,21.5,46,46,False,False,FR,
6860,11.23,11.23,88,88,True,True,US,US
6861,21.74,21.74,52,52,True,True,JP,JP
6862,90.58,90.58,88,88,True,True,FR,FR
6863,8.52,8.52,78,78,False,False,FR,FR
6864,32.48,32.48,49,49,True,True,US,US
6865,52.84,52.84,83,83,False,False,DE,DE
6866,35.45,35.45,43,43,True,True,JP,JP
6867,51.76,51.76,54,54,True,True,UK,UK
6868,4.34,4.34,67,67,True,True,DE,
6869,64.86,64.86,61,61,True,True,DE,DE
6870,56.35,56.35,78,78,True,True,FR,FR
6871,68.1,68.1,29,29,True,True,JP,JP
6872,56.73,56.73,54,54,True,True,US,US
6873,43.79,43.79,66,66,False,False,US,US
6874,35.01,,42,42,False,False,US,US
6875,22.64,22.64,81,81,True,True,UK,UK
6876,50.01,50.01,40,,True,True,UK,UK
6877,2.61,2.61,39,39,False,False,JP,JP
6878,32.82,32.82,41,41,False,False,DE,DE
6879,67.79,67.79,67,67,True,True,FR,FR
6880,10.87,10.87,26,26,False,False,DE,DE
6881,6.29,6.29,28,28,False,False,JP,JP
6882,65.22,65.22,74,74,True,True,UK,UK
6883,39.78,39.78,33,33,False,False,FR,FR
6884,80.18,80.18,25,25,False,False,UK,UK
6885,93.73,93.73,37,37,True,True,UK,UK
6886,95.7,95.7,47,47,False,,JP,JP
6887,42.56,42.56,20,20,True,True,US,US
6888,26.43,26.43,78,78,True,True,UK,UK
6889,60.86,60.86,26,,True,True,UK,UK
6890,62.82,62.82,47,47,True,True,US,US
6891,62.23,62.23,32,32,False,False,FR,FR
6892,32.18,32.18,39,39,False,False,UK,UK
6893,6.38,6.38,21,21,False,False,DE,
6894,21.0,21.0,87,87,False,False,UK,UK
6895,15.44,15.44,86,86,True,True,JP,JP
6896,12.39,,27,27,False,,DE,DE
6897,92.63,92.63,32,32,False,False,FR,FR
6898,1.38,1.38,82,82,False,False,FR,FR
6899,60.19,60.19,48,48,False,False,JP,JP
6900,94.75,94.75,22,22,False,False,FR,FR
6901,36.01,36.01,27,27,False,False,JP,JP
6902,52.71,52.71,48,48,False,False,FR,FR
6903,69.58,69.58,58,58,True,True,US,
6904,31.72,31.72,64,64,True,True,US,US
6905,47.77,47.77,29,29,False,False,FR,FR
6906,81.71,81.71,45,45,True,,US,US
6907,74.54,,37,37,True,True,US,US
6908,80.84,80.84,57,57,True,True,FR,FR
6909,98.73,98.73,41,41,True,True,UK,UK
6910,37.03,37.03,32,,True,True,UK,UK
6911,74.71,74.71,77,77,True,True,US,
6912,60.28,60.28,59,59,True,True,UK,UK
6913,66.66,66.66,52,52,True,True,JP,JP
6914,73.99,73.99,27,27,True,True,DE,DE
6915,74.97,74.97,23,23,False,False,JP,JP
6916,88.57,88.57,76,76,False,False,FR,FR
6917,34.93,34.93,88,88,True,True,UK,UK
6918,65.35,65.35,60,60,True,True,US,US
6919,28.03,28.03,20,20,True,True,JP,JP
6920,59.46,59.46,53,53,True,True,JP,JP
6921,75.12,75.12,38,38,False,False,US,US
6922,79.1,79.1,21,21,False,False,UK,UK
6923,42.01,42.01,28,28,True,True,FR,FR
6924,50.87,50.87,54,54,False,False,JP,JP
6925,33.38,33.38,49,49,False,False,JP,JP
6926,16.9,16.9,59,59,False,False,UK,UK
6927,26.05,26.05,68,68,False,False,JP,JP
6928,91.21,91.21,37,37,False,False,FR,FR
6929,30.9,30.9,38,38,False,False,DE,DE
6930,97.48,97.48,67,67,True,True,UK,UK
6931,24.15,24.15,32,32,False,False,JP,JP
6932,72.31,72.31,23,23,False,False,JP,
6933,57.39,,80,80,True,True,JP,JP
6934,69.69,69.69,33,33,False,False,DE,DE
6935,64.4,64.4,26,26,False,False,UK,UK
6936,70.67,70.67,71,71,False,False,JP,JP
6937,90.55,90.55,56,56,True,True,UK,UK
6938,56.35,56.35,28,28,True,True,FR,FR
6939,6.78,6.78,80,80,False,False,DE,DE
6940,27.08,27.08,35,35,False,False,DE,DE
6941,70.82,70.82,67,67,True,True,UK,UK
6942,49.41,49.41,65,65,False,False,UK,UK
6943,54.86,54.86,78,78,False,False,FR,FR
6944,59.66,59.66,71,71,True,True,UK,UK
6945,38.26,38.26,69,,False,False,FR,FR
6946,77.39,77.39,21,21,True,True,JP,JP
6947,72.35,72.35,86,86,False,False,US,US
6948,71.43,71.43,27,27,True,True,JP,JP
6949,71.53,71.53,36,36,False,False,US,US
6950,89.04,89.04,50,,True,True,US,US
6951,59.54,59.54,39,39,False,False,JP,JP
6952,96.71,96.71,61,61,False,False,UK,UK
6953,11.92,11.92,21,21,True,True,FR,FR
6954,63.2,63.2,51,51,True,True,US,US
6955,71.69,71.69,43,43,False,False,US,US
6956,47.72,,65,65,True,True,UK,UK
6957,28.82,28.82,55,55,True,True,DE,DE
6958,55.0,55.0,73,73,True,True,UK,UK
6959,36.47,36.47,30,30,False,False,UK,UK
6960,90.91,90.91,87,87,False,False,JP,JP
6961,35.68,35.68,46,46,True,True,US,US
6962,17.57,17.57,43,43,True,True,US,US
6963,57.64,57.64,58,58,False,False,US,US
6964,39.6,39.6,29,29,False,False,JP,JP
6965,9.59,9.59,77,77,True,True,DE,DE
6966,56.48,56.48,37,37,False,False,JP,JP
6967,53.78,53.78,85,85,False,False,JP,JP
6968,17.32,17.32,28,28,True,True,UK,UK
6969,59.76,59.76,81,81,True,True,FR,FR
6970,56.74,56.74,46,46,True,True,DE,DE
6971,77.36,77.36,62,62,False,False,DE,DE
6972,36.16,36.16,81,81,False,False,DE,DE
6973,24.88,24.88,27,27,False,False,FR,FR
6974,95.12,95.12,43,43,True,True,UK,UK
6975,56.12,56.12,87,87,True,True,US,US
6976,2.71,2.71,28,28,False,False,FR,FR
6977,82.07,82.07,25,25,True,True,JP,JP
6978,19.68,19.68,56,56,True,True,DE,DE
6979,78.6,78.6,19,19,False,False,US,US
6980,70.52,70.52,90,90,False,False,US,US
6981,96.88,96.88,83,83,True,True,DE,DE
6982,96.56,96.56,31,31,False,False,JP,JP
6983,27.44,27.44,30,30,True,True,FR,FR
6984,76.64,76.64,74,74,True,True,UK,UK
6985,31.69,31.69,56,56,False,False,FR,FR
6986,62.92,62.92,78,78,False,False,US,US
6987,59.77,59.77,88,88,False,False,DE,DE
6988,5.45,5.45,47,47,True,True,JP,
6989,0.52,0.52,36,36,True,True,FR,FR
6990,5.78,5.78,63,63,False,False,US,US
6991,12.79,12.79,64,,False,False,UK,UK
6992,25.77,25.77,49,49,True,True,US,US
6993,90.7,90.7,39,39,False,False,DE,DE
6994,51.86,51.86,37,37,False,False,UK,UK
6995,79.69,79.69,56,56,True,True,JP,JP
6996,83.83,83.83,49,49,True,True,UK,UK
6997,73.49,73.49,51,51,True,True,US,US
6998,39.14,39.14,24,24,True,True,DE,DE
6999,86.39,86.39,82,82,False,False,FR,FR
7000,74.2,74.2,69,69,True,True,FR,FR
7001,74.32,74.32,85,85,False,False,JP,JP
7002,90.16,90.16,78,78,False,False,UK,UK
7003,59.87,59.87,63,63,False,False,DE,DE
7004,52.86,52.86,40,40,True,True,DE,DE
7005,89.02,89.02,65,65,True,True,US,US
7006,45.45,45.45,59,,True,True,US,US
7007,81.16,81.16,85,85,False,False,FR,FR
7008,5.38,5.38,34,34,False,False,UK,UK
7009,0.13,0.13,19,19,True,True,FR,FR
7010,52.83,52.83,27,27,True,True,JP,JP
7011,7.36,7.36,30,30,False,False,UK,UK
7012,97.65,97.65,66,66,True,True,FR,FR
7013,0.55,0.55,28,28,True,True,UK,UK
7014,71.81,71.81,27,27,True,True,FR,FR
7015,24.34,24.34,46,46,False,False,US,US
7016,96.76,96.76,75,75,False,False,UK,UK
7017,38.15,38.15,48,48,True,True,DE,DE
7018,2.73,2.73,37,37,False,False,DE,DE
7019,2.69,2.69,38,38,True,True,US,US
7020,55.34,55.34,77,77,True,True,JP,JP
7021,98.67,98.67,49,49,False,False,US,US
7022,97.98,97.98,44,,True,True,JP,JP
7023,33.73,33.73,74,74,False,False,UK,UK
7024,48.27,48.27,44,44,True,True,FR,FR
7025,10.05,10.05,44,44,False,False,FR,FR
7026,52.22,52.22,72,72,True,True,DE,DE
7027,59.97,59.97,41,41,True,True,DE,DE
7028,25.11,25.11,55,,False,False,US,US
7029,61.21,61.21,66,66,True,,JP,JP
7030,89.97,89.97,32,32,False,False,US,US
7031,0.1,0.1,27,,True,True,FR,FR
7032,22.89,22.89,80,80,True,,US,US
7033,20.99,20.99,39,39,False,False,FR,FR
7034,12.39,12.39,42,42,True,True,UK,UK
7035,16.61,16.61,61,61,False,False,DE,DE
7036,62.59,62.59,25,25,True,True,US,US
7037,10.27,10.27,21,21,True,True,UK,UK
7038,73.85,73.85,48,48,True,True,DE,DE
7039,88.7,88.7,88,88,True,True,FR,FR
7040,92.66,92.66,59,59,False,False,DE,DE
7041,66.02,66.02,60,60,True,True,UK,UK
7042,19.74,19.74,62,62,False,False,DE,DE
7043,8.53,8.53,80,80,True,True,UK,UK
7044,23.2,23.2,78,78,False,False,DE,DE
7045,96.2,96.2,19,19,False,False,DE,DE
7046,96.23,96.23,57,57,True,True,UK,UK
7047,38.19,38.19,57,57,True,True,UK,UK
7048,32.58,32.58,34,34,False,False,DE,DE
7049,51.0,51.0,89,89,False,False,DE,DE
7050,29.17,29.17,37,37,True,True,JP,JP
7051,97.97,97.97,78,78,False,False,DE,DE
7052,22.12,22.12,25,25,False,False,DE,DE
7053,36.91,36.91,61,61,False,False,DE,DE
7054,42.94,42.94,71,71,False,False,JP,JP
7055,12.51,,54,54,False,False,UK,UK
7056,38.28,,25,25,False,False,UK,UK
7057,85.67,85.67,27,27,False,False,UK,UK
7058,14.04,14.04,62,62,True,True,FR,FR
7059,58.4,58.4,80,80,False,False,FR,FR
7060,40.66,40.66,61,61,False,False,DE,DE
7061,17.05,17.05,25,25,False,False,UK,UK
7062,1.23,1.23,75,75,True,True,FR,FR
7063,27.33,27.33,51,51,False,False,UK,UK
7064,6.18,6.18,23,23,True,True,JP,JP
7065,37.68,37.68,44,44,False,False,FR,FR
7066,81.02,,32,32,False,False,DE,DE
7067,71.97,71.97,90,90,True,True,UK,UK
7068,94.74,94.74,84,84,True,True,FR,FR
7069,42.7,42.7,25,25,False,False,FR,FR
7070,70.78,70.78,59,59,False,False,JP,JP
7071,66.53,66.53,18,18,True,True,FR,FR
7072,21.7,21.7,51,51,False,False,FR,FR
7073,30.36,30.36,29,29,False,False,US,US
7074,52.98,52.98,72,72,False,False,US,US
7075,79.67,79.67,23,23,True,True,FR,FR
7076,46.18,46.18,83,83,True,True,US,US
7077,22.77,22.77,34,34,True,True,JP,JP
7078,99.35,,37,37,True,True,JP,
7079,11.56,11.56,82,82,False,False,DE,DE
7080,95.59,95.59,83,83,False,False,FR,FR
7081,80.9,80.9,25,25,True,True,DE,DE
7082,83.89,83.89,25,25,True,True,JP,JP
7083,79.49,79.49,80,80,False,False,US,US
7084,20.82,20.82,89,89,True,True,UK,UK
7085,63.26,63.26,53,53,True,True,FR,FR
7086,75.67,75.67,30,30,True,True,FR,FR
7087,74.57,74.57,29,29,True,True,UK,UK
7088,27.16,27.16,37,37,True,True,JP,JP
7089,18.11,18.11,68,68,False,False,DE,DE
7090,32.81,32.81,25,25,True,True,JP,JP
7091,47.98,47.98,64,64,False,False,UK,UK
7092,57.38,57.38,76,,True,True,FR,FR
7093,83.7,83.7,28,28,True,True,UK,UK
7094,76.9,76.9,89,89,False,False,US,US
7095,67.62,67.62,90,90,True,True,FR,FR
7096,26.35,26.35,39,39,True,True,FR,FR
7097,47.89,47.89,26,26,True,True,UK,UK
7098,33.54,33.54,41,41,False,False,FR,FR
7099,23.49,23.49,36,36,False,False,JP,JP
7100,1.02,1.02,38,38,True,True,UK,UK
7101,33.95,33.95,85,85,False,False,DE,
7102,25.61,25.61,29,29,True,True,UK,UK
7103,57.19,57.19,41,41,False,False,DE,DE
7104,6.23,6.23,75,75,False,False,JP,JP
7105,27.05,27.05,22,22,True,True,FR,FR
7106,4.48,4.48,22,22,False,False,US,US
7107,64.14,64.14,40,40,True,True,FR,FR
7108,56.82,56.82,88,88,True,True,DE,DE
7109,33.75,33.75,79,79,False,False,US,
7110,14.73,14.73,85,85,True,True,FR,FR
7111,95.79,95.79,81,,True,True,UK,UK
7112,58.44,58.44,26,26,True,True,JP,JP
7113,67.91,67.91,47,47,True,True,JP,JP
7114,53.13,53.13,56,56,True,,FR,FR
7115,80.65,80.65,30,30,False,False,FR,FR
7116,89.64,89.64,90,90,False,False,UK,UK
7117,38.27,38.27,62,62,False,False,US,US
7118,69.0,69.0,80,80,False,False,US,US
7119,22.99,22.99,36,,False,False,DE,DE
7120,65.19,65.19,70,70,True,,UK,UK
7121,39.92,39.92,25,25,True,,JP,JP
7122,0.68,0.68,19,19,False,False,UK,UK
7123,95.55,95.55,64,64,True,True,UK,UK
7124,86.84,86.84,22,22,True,True,JP,JP
7125,29.08,29.08,38,38,True,True,JP,JP
7126,99.78,99.78,75,75,False,False,UK,UK
7127,31.71,31.71,54,54,False,,US,US
7128,45.88,45.88,45,45,False,,US,US
7129,85.13,85.13,39,39,False,,DE,DE
7130,30.46,30.46,66,66,True,True,JP,JP
7131,45.05,45.05,87,87,True,True,UK,UK
7132,66.56,66.56,71,71,True,True,US,US
7133,13.05,13.05,44,44,True,True,UK,UK
7134,42.24,42.24,48,48,True,True,US,US
7135,30.94,30.94,25,25,True,True,DE,DE
7136,67.68,67.68,28,28,False,False,DE,DE
7137,13.6,13.6,37,37,False,False,FR,FR
7138,23.27,23.27,46,,True,True,US,US
7139,71.14,71.14,90,90,True,,DE,DE
7140,15.62,15.62,81,81,False,False,US,
7141,42.2,42.2,26,26,True,,DE,
7142,71.29,71.29,42,42,True,True,JP,JP
7143,76.55,76.55,22,,False,False,FR,FR
7144,9.49,9.49,22,22,True,True,JP,JP
7145,85.2,85.2,45,45,False,False,US,US
7146,72.4,72.4,88,88,False,False,FR,FR
7147,33.93,33.93,31,31,True,True,JP,JP
7148,76.38,76.38,67,67,True,True,FR,
7149,72.83,72.83,46,46,False,False,FR,FR
7150,60.09,60.09,57,57,True,True,US,
7151,55.85,55.85,81,81,True,True,FR,
7152,73.47,73.47,78,78,True,True,JP,JP
7153,99.93,99.93,78,78,False,False,UK,UK
7154,57.86,57.86,48,48,True,True,DE,DE
7155,80.87,80.87,21,21,True,True,DE,DE
7156,74.43,74.43,89,89,False,False,US,US
7157,85.58,85.58,90,90,True,True,US,US
7158,95.45,95.45,80,80,True,True,UK,UK
7159,19.31,19.31,52,52,False,False,US,US
7160,16.55,16.55,38,38,False,False,DE,DE
7161,58.64,58.64,30,30,False,False,US,US
7162,44.93,44.93,45,45,False,False,US,US
7163,57.07,57.07,42,42,False,False,FR,FR
7164,79.8,79.8,38,38,True,True,UK,UK
7165,93.17,93.17,87,87,False,False,UK,UK
7166,41.74,41.74,66,66,False,False,UK,UK
7167,71.79,71.79,34,34,True,True,DE,DE
7168,19.68,19.68,64,64,True,True,DE,DE
7169,53.46,53.46,69,69,False,False,US,US
7170,2.18,2.18,56,56,False,False,US,US
7171,50.38,50.38,87,87,False,False,DE,DE
7172,54.53,54.53,88,88,False,False,DE,DE
7173,73.54,73.54,49,49,False,False,FR,FR
7174,64.95,64.95,52,52,False,False,US,US
7175,35.84,35.84,33,33,True,True,US,US
7176,0.57,0.57,75,75,False,False,DE,DE
7177,11.55,11.55,85,85,True,True,JP,JP
7178,97.31,,66,66,False,,UK,UK
7179,92.23,92.23,32,32,False,False,US,
7180,32.51,32.51,55,55,False,False,DE,
7181,25.89,25.89,76,76,False,False,DE,
7182,43.64,43.64,21,21,False,False,FR,FR
7183,68.99,68.99,61,61,False,False,US,US
7184,35.68,35.68,65,65,False,False,FR,FR
7185,6.73,6.73,57,57,True,True,UK,UK
7186,40.28,40.28,64,64,False,False,US,US
7187,26.06,26.06,83,83,True,True,JP,JP
7188,32.49,32.49,27,27,False,False,DE,DE
7189,16.3,16.3,59,59,False,False,UK,UK
7190,65.88,65.88,76,76,False,False,JP,JP
7191,52.66,52.66,78,78,False,False,FR,FR
7192,27.09,27.09,52,52,False,False,UK,UK
7193,55.39,55.39,90,90,False,False,JP,JP
7194,49.27,49.27,41,41,False,False,DE,DE
7195,79.6,79.6,50,50,False,False,UK,UK
7196,95.6,,78,78,False,False,DE,DE
7197,13.07,13.07,50,50,True,True,US,US
7198,88.39,88.39,43,,False,False,JP,JP
7199,70.48,70.48,58,58,True,True,UK,UK
7200,69.26,69.26,63,63,False,False,DE,DE
7201,37.43,37.43,88,,False,False,US,US
7202,34.39,34.39,63,63,True,True,JP,JP
7203,0.56,0.56,31,31,False,False,UK,UK
7204,98.22,98.22,21,21,False,False,FR,FR
7205,60.65,60.65,88,88,False,False,UK,UK
7206,40.23,40.23,48,48,False,False,DE,DE
7207,54.38,54.38,32,32,True,True,DE,DE
7208,4.05,4.05,34,34,True,True,UK,UK
7209,17.37,17.37,25,25,False,False,DE,DE
7210,62.34,62.34,32,32,False,False,DE,DE
7211,51.43,51.43,74,74,True,True,UK,UK
7212,78.71,78.71,65,65,False,False,US,US
7213,65.87,65.87,61,61,True,,US,US
7214,60.14,60.14,18,18,True,True,DE,DE
7215,81.53,81.53,67,67,True,True,UK,UK
7216,6.83,6.83,88,88,True,True,UK,
7217,69.09,69.09,85,85,False,False,FR,FR
7218,71.56,71.56,46,46,True,True,FR,FR
7219,27.52,27.52,61,61,True,True,JP,JP
7220,19.56,19.56,39,39,True,True,FR,FR
7221,21.39,21.39,82,82,True,True,DE,DE
7222,19.81,19.81,85,85,True,True,JP,JP
7223,52.38,52.38,34,34,False,False,JP,JP
7224,13.56,13.56,53,53,True,True,UK,UK
7225,65.93,65.93,35,35,True,True,US,US
7226,10.51,,62,62,False,False,JP,JP
7227,2.69,2.69,39,39,True,True,JP,JP
7228,31.93,31.93,68,68,True,True,JP,JP
7229,19.19,19.19,89,89,False,False,DE,DE
7230,98.87,98.87,81,81,True,True,JP,JP
7231,30.3,30.3,31,31,True,True,FR,FR
7232,22.21,22.21,27,27,False,False,FR,FR
7233,19.68,19.68,77,77,False,False,FR,FR
7234,37.39,37.39,23,23,False,False,UK,UK
7235,60.58,60.58,47,47,False,False,FR,FR
7236,78.19,78.19,90,90,True,True,JP,JP
7237,36.46,36.46,50,50,True,True,JP,JP
7238,62.6,62.6,18,18,True,True,DE,DE
7239,48.21,48.21,89,89,False,False,US,US
7240,84.65,,69,69,True,True,FR,FR
7241,56.9,56.9,42,42,False,False,UK,
7242,28.99,28.99,62,62,False,False,UK,UK
7243,70.36,70.36,62,62,True,True,US,
7244,82.01,,58,58,True,True,US,US
7245,46.54,46.54,88,88,False,False,DE,DE
7246,98.72,98.72,75,75,False,False,UK,UK
7247,87.91,87.91,36,36,True,True,UK,UK
7248,19.7,,90,90,True,True,DE,DE
7249,78.68,78.68,88,88,True,True,DE,DE
7250,60.1,60.1,21,21,False,False,DE,DE
7251,53.48,,39,39,False,False,DE,DE
7252,51.39,51.39,62,62,False,False,JP,JP
7253,85.34,85.34,82,82,False,False,UK,UK
7254,61.09,61.09,70,70,False,False,US,US
7255,53.77,53.77,59,,True,,JP,JP
7256,4.89,4.89,40,40,False,False,US,
7257,44.83,44.83,25,25,False,False,FR,FR
7258,90.8,90.8,83,83,False,False,UK,UK
7259,71.17,71.17,56,56,True,True,JP,JP
7260,5.1,5.1,51,51,True,True,US,US
7261,88.4,88.4,89,,True,,US,US
7262,82.67,82.67,30,30,False,False,DE,DE
7263,54.67,54.67,36,36,False,False,DE,DE
7264,2.24,2.24,80,80,True,True,FR,FR
7265,56.24,56.24,38,38,False,False,FR,FR
7266,5.46,5.46,86,86,True,True,JP,JP
7267,32.04,32.04,80,80,False,False,FR,FR
7268,62.89,62.89,25,25,False,False,UK,UK
7269,91.29,,51,51,False,False,US,US
7270,35.78,,72,,True,,UK,UK
7271,86.0,86.0,53,53,True,,JP,JP
7272,91.84,91.84,33,33,True,True,FR,FR
7273,2.1,2.1,21,21,True,True,FR,FR
7274,23.94,23.94,18,,True,True,UK,UK
7275,70.99,70.99,31,31,False,False,DE,DE
7276,75.68,75.68,37,37,True,True,FR,FR
7277,39.24,39.24,40,40,False,False,JP,JP
7278,65.68,65.68,80,80,True,,DE,
7279,61.22,61.22,55,55,True,True,US,US
7280,73.98,73.98,28,28,True,True,JP,JP
7281,71.87,71.87,24,24,False,False,JP,JP
7282,8.59,8.59,27,27,False,False,US,US
7283,15.83,15.83,40,40,True,True,UK,UK
7284,13.27,13.27,71,71,False,False,JP,JP
7285,93.25,93.25,21,21,True,True,JP,JP
7286,91.35,91.35,47,47,True,True,JP,JP
7287,79.74,79.74,50,50,True,True,JP,JP
7288,11.67,11.67,28,28,False,False,US,US
7289,57.43,57.43,22,22,False,False,US,US
7290,18.72,18.72,34,34,True,True,DE,DE
7291,36.84,36.84,29,29,False,False,FR,FR
7292,26.71,26.71,76,76,False,False,DE,DE
7293,82.89,82.89,84,84,False,False,UK,UK
7294,14.45,14.45,63,63,False,False,UK,UK
7295,64.62,64.62,73,73,True,True,FR,FR
7296,98.39,98.39,73,73,True,True,JP,JP
7297,68.71,68.71,82,82,False,,JP,JP
7298,7.92,7.92,25,25,False,False,US,US
7299,90.78,90.78,90,90,False,False,US,US
7300,64.31,64.31,51,51,False,False,UK,UK
7301,45.63,,57,57,False,False,FR,FR
7302,65.97,,76,76,True,,US,
7303,87.9,87.9,54,54,True,,FR,FR
7304,47.71,47.71,37,37,True,True,DE,DE
7305,53.13,53.13,19,19,False,,FR,FR
7306,45.24,45.24,30,30,True,True,JP,JP
7307,7.26,7.26,24,24,False,False,DE,DE
7308,78.71,78.71,45,45,False,False,FR,FR
7309,12.64,12.64,74,74,True,True,DE,DE
7310,39.46,39.46,42,42,True,True,FR,FR
7311,38.68,38.68,61,61,True,,UK,UK
7312,28.0,28.0,31,31,True,True,US,US
7313,40.25,40.25,61,61,True,True,US,US
7314,61.8,61.8,87,87,True,True,FR,FR
7315,31.14,31.14,41,41,False,False,FR,FR
7316,17.25,17.25,53,53,False,False,DE,DE
7317,86.94,86.94,88,,False,False,FR,FR
7318,97.08,97.08,62,62,False,False,DE,DE
7319,45.86,45.86,47,47,False,False,UK,UK
7320,32.7,32.7,26,26,True,True,DE,DE
7321,4.75,4.75,86,86,False,,UK,UK
7322,3.69,3.69,62,62,True,True,JP,JP
7323,39.29,39.29,22,22,True,True,FR,FR
7324,93.02,93.02,58,58,False,False,FR,FR
7325,73.07,73.07,88,88,False,False,FR,FR
7326,34.93,34.93,86,86,True,True,FR,FR
7327,96.8,,32,32,False,False,FR,FR
7328,42.88,42.88,48,48,True,True,DE,DE
7329,27.68,27.68,90,90,True,True,JP,JP
7330,42.64,42.64,75,75,False,False,US,US
7331,21.15,21.15,58,58,False,False,FR,FR
7332,88.56,88.56,40,40,True,True,DE,DE
7333,36.12,36.12,73,73,True,True,US,US
7334,65.8,65.8,60,,False,False,FR,FR
7335,38.9,38.9,56,56,True,True,US,
7336,90.17,90.17,85,85,True,True,FR,FR
7337,64.24,64.24,45,45,False,False,DE,DE
7338,48.83,48.83,63,63,True,True,FR,FR
7339,13.21,13.21,21,21,False,False,FR,FR
7340,90.19,,69,69,True,True,UK,UK
7341,54.68,54.68,57,57,True,True,FR,FR
7342,28.51,28.51,81,81,True,True,UK,UK
7343,87.79,87.79,42,42,False,False,FR,FR
7344,5.44,5.44,85,85,True,True,US,US
7345,31.41,,60,60,False,False,US,US
7346,53.68,53.68,33,33,False,False,FR,FR
7347,33.98,33.98,29,29,True,True,US,US
7348,47.67,47.67,32,32,True,True,JP,JP
7349,26.43,26.43,40,40,False,False,US,US
7350,13.01,13.01,58,,True,True,DE,DE
7351,3.69,3.69,81,81,True,True,JP,JP
7352,15.76,15.76,90,90,False,False,FR,FR
7353,95.29,95.29,67,,False,False,FR,FR
7354,57.54,57.54,53,53,True,True,FR,FR
7355,48.9,48.9,62,62,True,True,FR,FR
7356,38.43,38.43,42,42,False,False,US,US
7357,70.84,70.84,35,35,True,True,UK,UK
7358,14.13,14.13,57,57,True,True,US,US
7359,27.61,27.61,78,78,True,True,UK,UK
7360,65.59,65.59,22,22,True,True,UK,UK
7361,47.91,47.91,26,26,True,True,FR,FR
7362,77.01,77.01,30,30,True,True,JP,JP
7363,89.71,89.71,33,33,True,True,DE,DE
7364,82.34,82.34,28,28,True,True,US,US
7365,18.42,18.42,27,27,True,True,FR,FR
7366,9.15,9.15,20,20,False,False,DE,DE
7367,16.94,16.94,43,43,False,False,FR,FR
7368,78.35,,70,70,True,True,UK,UK
7369,91.38,91.38,29,29,True,True,DE,DE
7370,92.54,,41,41,True,True,FR,FR
7371,29.82,29.82,89,89,True,True,FR,FR
7372,84.03,84.03,30,30,False,False,UK,UK
7373,53.62,53.62,90,90,True,True,DE,
7374,82.28,82.28,55,55,False,False,JP,JP
7375,54.84,54.84,70,70,False,False,US,US
7376,14.59,,41,41,True,True,UK,UK
7377,7.92,7.92,41,41,True,True,DE,DE
7378,95.72,95.72,46,46,True,True,JP,JP
7379,42.58,42.58,27,27,False,False,JP,JP
7380,35.05,35.05,41,41,False,False,DE,DE
7381,35.63,35.63,83,83,True,True,DE,DE
7382,37.89,37.89,18,18,False,False,DE,DE
7383,94.5,94.5,59,59,True,True,DE,DE
7384,6.27,6.27,68,68,False,False,FR,FR
7385,11.91,11.91,28,,False,False,DE,DE
7386,78.97,78.97,26,26,True,True,DE,DE
7387,54.94,54.94,58,58,True,True,JP,JP
7388,12.85,12.85,33,33,False,False,US,US
7389,3.45,3.45,89,89,True,True,JP,JP
7390,22.42,22.42,31,31,False,False,FR,FR
7391,26.08,26.08,27,27,True,True,DE,DE
7392,1.42,1.42,42,42,True,True,DE,DE
7393,21.61,21.61,42,,True,True,DE,DE
7394,73.83,73.83,29,29,False,False,DE,DE
7395,85.54,85.54,66,66,False,False,UK,UK
7396,89.82,89.82,43,43,True,True,FR,FR
7397,38.99,38.99,56,56,True,True,UK,UK
7398,31.94,,35,35,False,False,FR,FR
7399,99.99,99.99,25,25,True,True,DE,DE
7400,76.93,76.93,22,22,False,,UK,UK
7401,53.74,53.74,21,21,False,False,JP,JP
7402,25.48,25.48,81,81,True,True,UK,UK
7403,32.13,32.13,37,37,False,False,FR,FR
7404,51.54,51.54,40,40,True,True,UK,UK
7405,54.21,54.21,60,60,True,True,UK,UK
7406,1.37,1.37,24,24,True,True,DE,DE
7407,95.94,95.94,61,61,False,False,JP,JP
7408,57.56,57.56,56,56,False,False,UK,UK
7409,58.92,58.92,75,75,False,False,US,US
7410,21.15,21.15,26,26,False,False,US,US
7411,76.5,76.5,19,19,True,True,DE,DE
7412,73.73,73.73,74,74,False,False,FR,FR
7413,9.52,9.52,45,45,False,False,FR,FR
7414,59.5,59.5,22,22,True,True,UK,UK
7415,65.82,65.82,58,58,True,True,JP,JP
7416,83.56,83.56,51,51,False,False,US,US
7417,20.61,20.61,87,87,False,False,DE,DE
7418,87.76,87.76,86,86,True,True,JP,JP
7419,46.15,46.15,57,57,True,,JP,JP
7420,9.65,9.65,29,29,True,True,FR,FR
7421,10.56,10.56,72,72,False,False,UK,UK
7422,19.78,19.78,32,32,False,,FR,FR
7423,28.28,28.28,79,79,False,,UK,UK
7424,49.64,49.64,61,61,False,False,UK,UK
7425,74.88,,43,43,False,False,DE,DE
7426,18.67,18.67,89,89,False,False,FR,FR
7427,99.27,99.27,55,55,True,True,UK,UK
7428,16.15,16.15,46,,True,True,JP,JP
7429,59.94,59.94,31,31,True,True,JP,JP
7430,92.89,92.89,65,65,True,True,UK,UK
7431,83.25,83.25,37,,False,False,UK,UK
7432,64.79,64.79,29,29,True,True,US,US
7433,71.55,71.55,26,26,False,False,DE,
7434,13.42,13.42,64,64,True,True,US,US
7435,0.97,0.97,85,85,True,True,JP,JP
7436,43.41,43.41,36,36,False,False,JP,JP
7437,8.95,8.95,33,33,False,False,JP,JP
7438,35.78,35.78,62,62,False,False,UK,UK
7439,22.37,22.37,28,28,False,False,FR,FR
7440,91.63,91.63,24,24,False,False,DE,DE
7441,88.01,88.01,64,64,False,False,UK,UK
7442,81.89,81.89,56,56,True,True,DE,DE
7443,71.39,71.39,20,20,False,False,US,US
7444,15.41,15.41,35,35,True,True,JP,JP
7445,4.84,,32,32,False,False,US,US
7446,65.39,65.39,67,67,True,True,UK,UK
7447,64.23,64.23,66,66,True,True,UK,UK
7448,36.94,36.94,72,72,True,True,DE,
7449,47.27,47.27,25,25,False,False,FR,FR
7450,48.91,48.91,79,,False,False,JP,JP
7451,23.99,23.99,33,33,False,False,UK,UK
7452,31.42,31.42,90,90,True,True,UK,UK
7453,41.84,,81,81,True,True,US,US
7454,60.32,60.32,51,,True,True,DE,DE
7455,95.58,95.58,75,75,True,True,JP,JP
7456,53.85,53.85,66,66,False,False,US,US
7457,73.12,73.12,74,74,False,False,JP,JP
7458,80.7,80.7,19,19,False,False,UK,UK
7459,11.35,11.35,24,24,False,False,JP,JP
7460,65.31,65.31,84,84,True,True,US,US
7461,48.21,48.21,75,,False,False,JP,JP
7462,57.24,57.24,62,62,True,True,UK,UK
7463,3.84,3.84,40,40,False,False,UK,UK
7464,90.62,90.62,48,48,False,False,UK,UK
7465,95.28,95.28,46,46,False,False,US,US
7466,0.35,0.35,49,49,True,True,FR,FR
7467,21.28,21.28,63,63,True,True,US,US
7468,18.02,18.02,73,73,True,True,DE,DE
7469,78.13,78.13,46,46,True,True,JP,JP
7470,59.81,59.81,78,78,True,True,DE,DE
7471,17.73,17.73,24,,False,False,JP,JP
7472,81.4,81.4,76,76,False,False,FR,FR
7473,35.35,35.35,67,67,False,False,FR,FR
7474,46.09,46.09,55,55,False,,JP,JP
7475,38.73,38.73,45,45,False,False,US,US
7476,52.14,52.14,45,45,True,True,UK,UK
7477,48.01,48.01,44,44,False,False,UK,UK
7478,27.46,27.46,87,87,False,False,US,US
7479,42.46,42.46,19,19,False,False,US,US
7480,90.83,90.83,64,64,False,False,US,US
7481,50.29,,90,90,True,True,JP,JP
7482,91.64,91.64,57,57,True,True,JP,JP
7483,55.01,55.01,64,64,True,True,DE,DE
7484,76.88,76.88,61,,False,False,JP,JP
7485,29.36,29.36,54,54,True,True,UK,UK
7486,79.04,79.04,63,63,False,False,DE,DE
7487,26.43,26.43,83,83,False,False,JP,JP
7488,1.95,1.95,70,70,True,True,US,US
7489,16.07,16.07,80,80,True,True,US,US
7490,2.17,2.17,58,58,False,False,DE,DE
7491,94.71,94.71,74,74,False,False,UK,UK
7492,100.0,100.0,81,81,True,True,FR,FR
7493,76.22,76.22,33,33,False,False,FR,FR
7494,10.81,10.81,80,80,False,,UK,
7495,89.89,89.89,68,68,True,True,US,US
7496,74.38,74.38,50,50,False,False,US,US
7497,33.22,33.22,74,74,False,False,DE,DE
7498,50.23,50.23,30,,False,False,UK,UK
7499,66.18,66.18,68,68,False,False,US,US
7500,2.41,2.41,60,,False,False,FR,FR
7501,50.15,50.15,82,82,True,True,JP,JP
7502,73.24,73.24,63,63,False,False,JP,JP
7503,18.82,18.82,56,56,False,False,US,US
7504,44.38,44.38,56,56,True,True,US,US
7505,53.25,53.25,58,58,False,False,DE,DE
7506,73.56,73.56,83,83,True,True,JP,JP
7507,96.45,96.45,75,75,False,False,DE,DE
7508,84.83,84.83,24,24,False,False,DE,DE
7509,62.15,62.15,56,,True,True,JP,JP
7510,58.36,58.36,38,38,False,False,FR,FR
7511,60.32,60.32,30,30,False,False,JP,JP
7512,54.52,54.52,81,81,True,True,JP,JP
7513,5.94,5.94,80,80,False,,JP,JP
7514,69.83,69.83,86,86,False,False,DE,
7515,71.63,71.63,46,46,False,False,UK,UK
7516,51.25,51.25,49,49,False,False,US,US
7517,87.04,87.04,74,74,False,False,FR,FR
7518,67.24,67.24,32,32,False,False,UK,UK
7519,36.27,36.27,21,21,False,False,US,US
7520,1.97,1.97,48,,False,False,JP,JP
7521,5.92,5.92,63,63,False,False,DE,DE
7522,35.18,35.18,51,51,True,True,DE,DE
7523,46.21,46.21,33,33,True,True,FR,FR
7524,16.69,16.69,55,55,False,False,UK,UK
7525,18.93,,86,86,False,False,JP,JP
7526,23.02,23.02,38,38,True,True,DE,DE
7527,78.05,78.05,47,47,False,False,DE,DE
7528,77.13,77.13,40,40,False,False,UK,UK
7529,38.29,38.29,39,39,True,True,FR,FR
7530,17.24,17.24,65,65,False,False,UK,UK
7531,11.09,11.09,45,45,False,False,FR,FR
7532,8.71,8.71,63,63,True,True,JP,JP
7533,39.13,39.13,19,19,False,False,US,US
7534,4.55,4.55,66,66,False,False,DE,DE
7535,33.36,33.36,25,25,False,False,FR,FR
7536,96.15,96.15,45,45,True,True,UK,UK
7537,50.75,50.75,81,81,True,True,US,US
7538,82.26,82.26,42,42,True,True,DE,DE
7539,12.93,12.93,68,68,False,False,DE,DE
7540,26.81,26.81,43,43,True,True,JP,JP
7541,94.65,94.65,83,83,False,False,JP,JP
7542,38.36,,87,87,False,False,US,US
7543,64.84,64.84,84,84,True,True,UK,UK
7544,97.61,97.61,46,46,False,False,US,US
7545,55.08,55.08,41,41,False,False,JP,JP
7546,30.53,30.53,62,62,False,False,UK,UK
7547,53.19,53.19,77,77,True,True,JP,JP
7548,5.46,5.46,56,56,True,True,US,US
7549,11.24,11.24,71,71,True,True,DE,DE
7550,0.72,0.72,81,81,True,True,US,US
7551,88.42,88.42,72,72,False,False,DE,DE
7552,67.13,67.13,44,44,False,False,US,US
7553,29.83,29.83,36,36,True,True,US,US
7554,22.12,22.12,49,49,False,False,US,US
7555,68.31,68.31,59,59,True,True,FR,FR
7556,91.95,91.95,79,79,False,False,FR,FR
7557,29.91,29.91,39,39,False,False,DE,DE
7558,32.16,32.16,29,29,False,False,US,
7559,85.42,85.42,41,41,True,True,UK,UK
7560,89.34,89.34,61,61,False,False,UK,
7561,91.4,91.4,34,34,False,False,JP,JP
7562,29.32,29.32,47,47,True,,FR,FR
7563,12.03,12.03,36,36,True,True,US,US
7564,44.0,44.0,89,89,True,True,US,US
7565,29.58,29.58,55,55,True,True,UK,UK
7566,88.39,,70,70,False,False,UK,UK
7567,3.66,3.66,55,55,True,True,DE,DE
7568,63.39,63.39,18,18,False,False,JP,JP
7569,90.62,90.62,37,37,True,True,US,US
7570,97.67,97.67,79,79,False,False,DE,DE
7571,65.01,65.01,55,55,True,True,DE,DE
7572,94.99,94.99,69,69,False,False,FR,FR
7573,7.57,7.57,73,73,False,False,DE,
7574,35.93,35.93,58,58,True,True,DE,DE
7575,0.87,0.87,60,60,True,True,UK,UK
7576,98.12,98.12,35,35,False,False,JP,JP
7577,90.27,90.27,36,36,False,False,UK,UK
7578,2.81,,28,28,True,True,US,US
7579,1.81,1.81,39,39,True,True,US,US
7580,36.7,36.7,63,63,True,True,US,US
7581,25.85,25.85,85,85,False,False,UK,UK
7582,84.69,84.69,50,50,False,False,JP,JP
7583,16.05,16.05,61,,True,True,US,US
7584,79.06,79.06,80,80,True,True,US,
7585,55.45,55.45,67,67,True,True,DE,DE
7586,37.74,37.74,37,37,True,True,DE,DE
7587,14.57,14.57,38,38,False,False,DE,DE
7588,99.77,99.77,64,64,True,True,US,US
7589,61.8,,39,39,False,False,UK,UK
7590,43.94,,36,36,False,False,UK,UK
7591,37.11,37.11,61,,True,True,FR,FR
7592,90.57,90.57,64,64,True,True,FR,FR
7593,82.12,82.12,36,36,True,True,JP,JP
7594,81.12,81.12,21,21,False,,DE,DE
7595,61.62,61.62,74,74,True,True,DE,DE
7596,88.8,88.8,46,46,False,False,DE,DE
7597,29.93,29.93,64,64,False,False,UK,UK
7598,70.37,70.37,30,,True,True,US,US
7599,40.44,40.44,40,40,True,True,DE,DE
7600,60.0,60.0,62,62,False,,UK,UK
7601,99.82,99.82,27,27,False,False,UK,UK
7602,98.45,98.45,41,41,False,,FR,FR
7603,51.26,51.26,70,70,True,True,US,US
7604,57.39,57.39,74,74,False,False,US,US
7605,89.73,89.73,43,43,False,False,UK,
7606,98.56,98.56,26,26,False,False,DE,DE
7607,77.86,77.86,19,19,True,True,JP,JP
7608,6.52,6.52,58,58,False,False,DE,DE
7609,32.26,32.26,68,68,False,False,UK,UK
7610,89.66,89.66,61,61,False,False,UK,UK
7611,76.84,76.84,47,47,False,False,UK,
7612,74.22,74.22,19,19,True,,UK,UK
7613,66.79,66.79,34,,True,True,FR,FR
7614,41.53,41.53,20,20,True,True,FR,FR
7615,40.32,40.32,51,,False,False,FR,FR
7616,80.89,80.89,40,40,False,False,UK,
7617,29.38,29.38,23,23,True,True,UK,UK
7618,68.48,68.48,62,62,True,True,US,US
7619,72.62,72.62,45,45,True,True,FR,FR
7620,84.46,84.46,88,88,True,True,JP,JP
7621,31.99,31.99,48,48,False,False,US,US
7622,74.19,74.19,24,24,True,True,US,US
7623,10.65,10.65,69,69,True,True,UK,UK
7624,13.81,13.81,69,69,True,True,FR,FR
7625,41.73,41.73,85,85,False,False,UK,UK
7626,5.52,5.52,68,68,True,True,US,US
7627,94.77,94.77,44,44,False,False,UK,UK
7628,90.19,90.19,66,66,False,False,UK,UK
7629,4.89,4.89,76,76,True,True,UK,UK
7630,83.83,83.83,55,55,True,True,DE,DE
7631,50.89,50.89,76,76,True,True,UK,
7632,70.2,70.2,88,88,True,True,US,US
7633,88.69,88.69,73,73,True,True,US,US
7634,57.7,57.7,54,54,True,True,FR,FR
7635,11.63,,53,53,False,False,FR,FR
7636,0.26,0.26,79,79,False,False,UK,UK
7637,49.69,49.69,81,81,False,False,JP,JP
7638,94.92,94.92,37,37,True,True,DE,DE
7639,57.26,57.26,18,18,True,True,FR,FR
7640,37.29,37.29,76,76,True,True,FR,FR
7641,3.09,,35,35,False,False,UK,UK
7642,91.5,91.5,90,90,False,False,DE,DE
7643,32.72,32.72,20,20,False,False,DE,DE
7644,70.48,70.48,84,84,True,True,DE,DE
7645,69.42,69.42,67,67,False,False,FR,FR
7646,25.39,25.39,40,40,True,True,UK,UK
7647,6.38,6.38,20,20,False,False,US,US
7648,38.5,38.5,79,79,True,True,US,US
7649,31.71,31.71,26,26,True,True,DE,DE
7650,70.03,70.03,24,24,False,False,JP,JP
7651,81.98,81.98,75,75,True,True,UK,UK
7652,22.24,22.24,67,67,True,,DE,DE
7653,52.82,52.82,27,27,True,True,US,US
7654,4.06,4.06,42,42,True,True,FR,FR
7655,21.43,21.43,66,66,True,True,US,US
7656,76.18,,66,66,False,False,DE,
7657,79.34,79.34,44,44,False,False,JP,JP
7658,77.64,77.64,48,48,True,True,UK,UK
7659,14.24,14.24,23,23,True,True,JP,JP
7660,55.1,55.1,18,18,False,False,US,US
7661,42.27,42.27,88,88,True,True,US,US
7662,99.15,99.15,34,34,True,True,US,US
7663,65.41,65.41,85,85,True,True,UK,UK
7664,93.52,93.52,21,21,True,True,DE,
7665,14.54,14.54,90,90,True,True,JP,JP
7666,45.09,45.09,49,49,True,True,UK,UK
7667,77.16,77.16,76,76,False,False,UK,UK
7668,36.79,36.79,79,79,True,True,US,US
7669,63.25,,43,43,False,False,FR,FR
7670,51.17,51.17,71,71,False,False,DE,DE
7671,99.19,99.19,42,42,True,True,US,US
7672,17.39,17.39,75,75,True,True,DE,DE
7673,93.53,93.53,88,88,False,False,UK,UK
7674,40.16,40.16,76,76,False,False,DE,DE
7675,46.8,46.8,71,71,False,False,UK,UK
7676,52.86,52.86,45,45,True,True,FR,FR
7677,26.54,26.54,25,25,False,False,US,US
7678,96.37,96.37,54,54,False,False,DE,DE
7679,91.15,91.15,27,27,True,True,FR,FR
7680,97.29,97.29,55,55,True,True,US,US
7681,99.69,99.69,81,81,False,False,JP,JP
7682,66.98,66.98,26,26,True,True,FR,FR
7683,45.17,45.17,83,83,True,True,UK,UK
7684,85.07,85.07,61,61,False,False,DE,DE
7685,2.38,2.38,21,21,True,True,FR,FR
7686,83.44,83.44,70,,False,False,DE,DE
7687,49.73,49.73,18,18,False,False,FR,FR
7688,67.32,67.32,62,62,False,,JP,JP
7689,37.4,37.4,55,55,False,False,UK,UK
7690,36.86,36.86,72,72,False,False,US,
7691,3.17,,45,45,False,False,DE,DE
7692,42.38,42.38,26,26,False,False,DE,DE
7693,40.84,40.84,46,46,False,False,FR,FR
7694,22.48,22.48,73,73,True,True,UK,UK
7695,24.73,24.73,87,87,False,False,JP,JP
7696,58.41,58.41,33,33,True,True,US,US
7697,31.78,31.78,43,43,False,False,DE,DE
7698,83.03,83.03,82,82,True,True,DE,DE
7699,11.14,11.14,40,40,False,False,FR,FR
7700,57.76,57.76,35,35,False,False,UK,UK
7701,16.0,16.0,78,78,False,False,JP,JP
7702,52.82,52.82,53,53,False,False,US,
7703,55.25,55.25,60,60,True,True,JP,JP
7704,64.23,64.23,53,53,False,False,DE,DE
7705,42.74,42.74,62,62,False,False,DE,DE
7706,50.95,50.95,37,37,True,True,UK,UK
7707,18.1,18.1,71,71,True,True,UK,UK
7708,46.3,46.3,44,44,True,True,DE,DE
7709,37.3,37.3,56,56,True,True,UK,UK
7710,66.61,66.61,31,31,True,True,US,US
7711,43.48,43.48,18,18,False,False,DE,DE
7712,77.93,77.93,59,59,False,False,DE,DE
7713,42.6,42.6,28,28,True,True,FR,FR
7714,23.58,23.58,84,84,True,True,DE,DE
7715,27.37,27.37,88,88,True,True,DE,DE
7716,4.53,4.53,41,41,True,True,DE,DE
7717,53.99,53.99,39,39,True,True,DE,
7718,83.09,83.09,55,55,False,False,FR,FR
7719,76.91,76.91,32,32,True,True,FR,FR
7720,43.78,43.78,80,80,True,True,JP,JP
7721,19.61,19.61,25,25,False,False,DE,DE
7722,86.35,86.35,51,51,True,True,US,US
7723,5.68,5.68,31,31,False,,DE,DE
7724,39.92,39.92,78,78,False,False,UK,UK
7725,85.66,85.66,28,28,False,False,US,US
7726,39.32,39.32,50,50,True,True,JP,JP
7727,11.79,11.79,78,78,True,True,FR,FR
7728,26.59,26.59,50,50,True,True,FR,FR
7729,60.0,60.0,31,31,False,False,FR,FR
7730,15.2,15.2,29,29,True,True,JP,JP
7731,65.49,65.49,62,62,False,False,FR,FR
7732,43.82,43.82,27,27,False,False,FR,FR
7733,33.44,33.44,43,43,False,False,FR,FR
7734,24.09,,62,62,False,False,FR,FR
7735,82.33,82.33,45,45,True,True,FR,FR
7736,39.67,39.67,78,78,True,True,US,US
7737,73.85,73.85,68,68,False,False,DE,DE
7738,44.04,44.04,27,27,False,False,UK,UK
7739,9.19,9.19,77,77,False,False,JP,JP
7740,44.05,44.05,84,84,False,False,DE,DE
7741,50.77,50.77,32,32,True,True,DE,DE
7742,45.78,45.78,44,,False,False,DE,DE
7743,81.62,81.62,46,46,False,,FR,FR
7744,91.09,91.09,49,49,False,False,FR,FR
7745,78.68,78.68,51,51,True,True,UK,UK
7746,58.28,58.28,83,83,True,True,JP,JP
7747,54.14,54.14,65,,True,True,FR,FR
7748,64.46,64.46,83,83,True,True,UK,UK
7749,28.78,28.78,43,43,False,,FR,
7750,81.18,81.18,56,56,False,False,DE,DE
7751,85.68,85.68,25,25,False,False,UK,UK
7752,26.72,26.72,38,38,True,True,JP,JP
7753,90.28,90.28,60,60,False,False,UK,UK
7754,84.87,84.87,30,30,False,False,JP,JP
7755,42.45,42.45,88,88,False,False,FR,
7756,90.9,90.9,37,37,False,False,JP,JP
7757,12.04,12.04,29,29,False,False,FR,FR
7758,2.8,2.8,74,74,False,False,FR,FR
7759,34.79,34.79,24,24,True,True,US,US
7760,56.54,56.54,41,41,False,False,JP,JP
7761,35.14,35.14,32,32,False,False,FR,FR
7762,94.21,94.21,68,68,False,False,UK,UK
7763,25.47,25.47,79,79,False,False,UK,UK
7764,28.12,28.12,32,32,True,True,US,US
7765,63.48,63.48,48,48,False,False,UK,UK
7766,0.39,0.39,52,52,False,False,US,US
7767,72.76,72.76,68,68,True,True,JP,JP
7768,37.75,37.75,43,43,True,True,DE,DE
7769,97.77,97.77,56,56,True,True,FR,FR
7770,69.14,69.14,54,54,False,False,JP,JP
7771,5.22,5.22,18,,True,True,JP,JP
7772,9.26,9.26,59,59,True,True,DE,DE
7773,8.82,8.82,59,59,True,True,US,US
7774,95.26,95.26,90,90,True,True,FR,FR
7775,68.41,68.41,55,55,True,True,JP,JP
7776,42.76,42.76,83,83,False,False,UK,UK
7777,20.05,20.05,43,,False,False,US,US
7778,87.36,87.36,68,68,True,,FR,FR
7779,20.16,20.16,83,83,False,False,FR,FR
7780,70.67,70.67,29,29,True,True,US,US
7781,76.33,76.33,59,59,True,True,US,US
7782,29.47,,85,85,False,False,DE,DE
7783,50.49,50.49,58,58,True,True,US,US
7784,22.3,22.3,83,83,True,True,US,US
7785,37.89,37.89,48,48,False,False,UK,UK
7786,96.51,96.51,82,82,True,True,DE,DE
7787,69.31,69.31,63,63,False,False,JP,JP
7788,84.66,84.66,52,52,False,False,DE,DE
7789,54.06,54.06,33,33,False,False,JP,JP
7790,23.9,23.9,30,30,True,True,FR,FR
7791,71.29,71.29,39,39,False,False,UK,UK
7792,50.06,,73,73,False,False,DE,DE
7793,17.68,17.68,52,52,False,False,US,US
7794,41.24,41.24,46,46,True,True,JP,JP
7795,63.48,63.48,52,52,True,True,UK,
7796,73.53,,43,43,True,True,JP,JP
7797,24.32,24.32,76,76,True,True,FR,FR
7798,87.6,87.6,46,46,True,True,UK,UK
7799,37.96,37.96,52,52,False,,DE,DE
7800,27.11,27.11,58,58,True,True,US,US
7801,19.51,19.51,65,65,False,False,FR,FR
7802,80.42,80.42,42,42,True,True,US,US
7803,35.42,35.42,23,23,True,True,FR,FR
7804,48.34,48.34,68,,False,False,US,US
7805,22.28,22.28,58,58,True,True,US,US
7806,68.61,68.61,65,65,False,False,UK,UK
7807,78.1,78.1,57,,True,True,US,US
7808,33.94,33.94,55,55,True,True,JP,JP
7809,94.51,94.51,87,87,False,False,JP,JP
7810,3.06,3.06,21,21,False,False,JP,JP
7811,13.29,13.29,24,24,False,False,FR,FR
7812,58.88,58.88,86,86,True,True,UK,UK
7813,70.14,70.14,82,82,True,True,FR,FR
7814,25.07,25.07,48,48,False,False,FR,FR
7815,55.41,55.41,57,57,True,True,UK,UK
7816,31.84,31.84,50,50,False,False,JP,JP
7817,55.41,55.41,90,90,False,False,JP,JP
7818,65.93,65.93,51,51,False,False,UK,UK
7819,97.28,97.28,73,73,False,False,DE,DE
7820,45.57,45.57,44,44,True,True,JP,JP
7821,64.82,64.82,45,45,False,False,UK,UK
7822,57.8,57.8,67,67,False,False,JP,JP
7823,31.76,31.76,47,47,True,True,UK,UK
7824,25.31,25.31,19,19,False,False,JP,JP
7825,98.79,98.79,30,30,True,True,UK,UK
7826,20.69,20.69,81,81,True,True,FR,FR
7827,79.03,79.03,44,44,False,False,DE,DE
7828,14.66,14.66,25,25,True,True,UK,UK
7829,80.44,80.44,86,86,False,False,DE,DE
7830,18.57,18.57,90,90,True,True,UK,UK
7831,96.72,96.72,54,54,False,False,FR,FR
7832,68.6,68.6,63,63,False,False,JP,JP
7833,9.01,9.01,73,73,False,False,DE,DE
7834,69.32,69.32,22,22,False,False,UK,UK
7835,60.36,60.36,39,39,True,True,FR,FR
7836,33.75,33.75,59,59,True,True,DE,DE
7837,26.07,26.07,58,58,True,True,JP,JP
7838,71.88,71.88,42,42,False,False,UK,UK
7839,74.14,74.14,18,18,True,True,DE,DE
7840,32.72,32.72,87,87,False,False,DE,DE
7841,87.62,87.62,62,62,False,False,JP,JP
7842,26.88,26.88,73,73,True,True,US,US
7843,6.99,6.99,49,49,True,,FR,FR
7844,59.99,59.99,55,55,False,False,JP,JP
7845,10.71,10.71,50,50,False,False,UK,UK
7846,27.67,27.67,49,49,True,True,DE,DE
7847,50.72,50.72,66,66,True,True,UK,UK
7848,28.64,28.64,90,90,False,False,DE,DE
7849,21.5,21.5,74,74,True,True,JP,JP
7850,70.32,70.32,66,,False,False,UK,UK
7851,54.7,54.7,18,18,False,False,UK,UK
7852,83.98,83.98,55,55,False,False,DE,DE
7853,58.12,58.12,87,87,True,True,DE,DE
7854,48.34,48.34,47,47,True,True,FR,
7855,26.13,26.13,58,58,False,False,US,US
7856,79.21,79.21,41,41,True,True,JP,JP
7857,19.69,19.69,31,31,False,,FR,FR
7858,24.22,24.22,69,69,True,True,JP,JP
7859,84.16,,40,40,False,False,DE,DE
7860,74.12,74.12,60,60,False,False,DE,DE
7861,61.29,61.29,61,,False,False,UK,UK
7862,3.89,3.89,79,,True,True,JP,
7863,12.73,12.73,86,86,False,,US,US
7864,50.0,50.0,58,58,True,True,DE,DE
7865,74.63,74.63,21,21,False,False,UK,UK
7866,46.41,46.41,60,60,True,,FR,FR
7867,1.73,1.73,82,82,True,True,JP,JP
7868,18.43,,52,52,True,True,FR,FR
7869,58.88,58.88,59,59,False,False,US,US
7870,69.42,69.42,73,73,True,True,UK,UK
7871,3.34,3.34,50,50,False,False,US,US
7872,4.33,4.33,48,48,True,True,DE,DE
7873,26.13,26.13,53,53,True,True,US,US
7874,8.35,8.35,80,80,False,False,FR,FR
7875,54.19,54.19,53,53,False,False,DE,DE
7876,12.37,12.37,41,41,True,True,UK,UK
7877,64.82,64.82,61,61,False,False,JP,JP
7878,77.72,77.72,68,68,False,False,FR,FR
7879,97.05,97.05,84,84,True,,FR,FR
7880,94.84,94.84,83,83,True,,UK,UK
7881,27.34,27.34,75,75,False,False,UK,UK
7882,2.94,2.94,74,74,False,False,DE,DE
7883,32.94,32.94,50,50,True,True,FR,FR
7884,70.85,70.85,43,43,False,False,JP,JP
7885,5.98,5.98,59,59,False,,FR,FR
7886,35.97,35.97,69,69,False,False,US,US
7887,29.8,29.8,55,55,False,False,JP,JP
7888,21.93,21.93,33,33,True,True,UK,UK
7889,70.61,70.61,19,19,False,False,US,US
7890,65.91,65.91,22,22,False,False,DE,DE
7891,53.55,,49,49,True,True,DE,DE
7892,91.08,91.08,75,75,True,True,US,US
7893,10.31,10.31,75,75,True,True,UK,UK
7894,14.97,14.97,76,76,True,True,UK,UK
7895,38.34,38.34,69,69,True,True,DE,DE
7896,65.59,65.59,19,19,False,False,FR,FR
7897,58.41,58.41,82,82,False,False,FR,FR
7898,7.4,7.4,87,87,True,True,US,US
7899,95.84,95.84,80,80,False,False,US,US
7900,30.51,30.51,50,50,True,True,FR,FR
7901,35.9,35.9,33,33,False,False,JP,JP
7902,62.36,62.36,84,84,True,True,US,US
7903,94.52,94.52,31,31,False,False,UK,UK
7904,66.27,66.27,75,75,False,False,US,US
7905,95.48,95.48,88,88,False,False,DE,DE
7906,18.76,18.76,83,83,True,True,UK,UK
7907,61.88,61.88,56,56,True,True,US,US
7908,82.89,82.89,78,78,False,False,JP,JP
7909,50.9,50.9,78,78,True,True,FR,FR
7910,36.22,36.22,89,89,True,True,DE,DE
7911,98.48,98.48,44,44,False,False,FR,FR
7912,14.1,14.1,63,63,True,,UK,UK
7913,41.09,41.09,77,,False,False,JP,JP
7914,87.34,87.34,34,34,False,False,DE,DE
7915,90.05,90.05,34,34,False,False,UK,UK
7916,98.04,98.04,46,46,False,False,DE,DE
7917,88.48,88.48,44,44,True,,DE,DE
7918,5.1,5.1,72,72,True,True,FR,FR
7919,92.98,92.98,86,86,False,False,JP,JP
7920,42.82,42.82,29,29,False,,UK,UK
7921,65.16,65.16,41,41,True,True,FR,FR
7922,39.43,39.43,85,85,False,False,US,US
7923,81.37,81.37,61,61,False,False,UK,UK
7924,57.59,57.59,32,32,False,False,DE,DE
7925,84.55,84.55,62,62,False,False,DE,DE
7926,19.38,19.38,81,81,True,True,FR,
7927,18.5,18.5,45,45,True,True,US,US
7928,44.04,44.04,53,53,False,False,JP,
7929,0.48,0.48,62,62,True,True,DE,DE
7930,69.29,69.29,79,79,False,False,DE,DE
7931,29.61,29.61,59,59,False,False,FR,FR
7932,55.73,55.73,87,87,True,True,FR,FR
7933,7.0,7.0,73,73,True,True,DE,DE
7934,17.06,17.06,48,48,True,True,DE,DE
7935,62.29,62.29,53,53,True,True,UK,UK
7936,30.57,30.57,68,68,True,True,DE,DE
7937,21.47,21.47,23,23,True,True,UK,UK
7938,22.88,22.88,34,34,True,True,FR,FR
7939,21.48,21.48,35,35,False,False,DE,DE
7940,62.29,62.29,76,76,False,False,UK,UK
7941,16.77,16.77,78,78,True,True,DE,DE
7942,36.27,36.27,77,,False,False,JP,JP
7943,68.79,68.79,25,25,True,True,DE,DE
7944,51.37,51.37,39,39,False,False,UK,UK
7945,59.73,59.73,40,,False,False,DE,DE
7946,25.09,25.09,19,19,False,False,FR,FR
7947,93.27,93.27,36,36,False,,US,US
7948,41.39,41.39,49,49,False,False,DE,DE
7949,28.7,28.7,82,82,False,False,US,US
7950,90.43,90.43,30,30,True,True,JP,JP
7951,65.53,65.53,80,80,False,False,FR,FR
7952,61.39,61.39,77,77,False,False,US,US
7953,88.67,88.67,29,29,True,True,DE,DE
7954,5.85,5.85,37,37,False,False,JP,JP
7955,83.77,83.77,51,51,True,True,JP,JP
7956,67.79,67.79,86,86,True,True,US,US
7957,36.0,36.0,75,75,True,True,UK,UK
7958,25.64,25.64,88,88,False,False,US,US
7959,10.48,10.48,40,40,False,False,UK,UK
7960,94.11,94.11,84,84,True,True,JP,JP
7961,14.19,14.19,87,87,False,False,FR,FR
7962,25.94,25.94,61,61,False,False,UK,
7963,69.11,69.11,29,29,False,,UK,UK
7964,71.02,71.02,37,37,True,,FR,FR
7965,16.08,16.08,27,27,False,False,DE,DE
7966,81.41,81.41,76,76,False,False,DE,DE
7967,51.03,51.03,40,40,False,False,DE,DE
7968,84.85,84.85,69,69,False,,JP,JP
7969,8.73,8.73,37,37,False,False,DE,DE
7970,4.28,4.28,89,89,True,True,FR,
7971,63.7,63.7,74,74,True,True,JP,JP
7972,15.0,15.0,45,45,False,False,UK,UK
7973,52.49,,52,52,False,False,FR,FR
7974,1.41,1.41,22,22,False,False,JP,JP
7975,77.99,77.99,27,27,True,,UK,UK
7976,89.95,89.95,90,90,False,False,UK,UK
7977,83.89,83.89,77,,True,True,US,US
7978,95.84,95.84,79,79,True,True,FR,FR
7979,90.31,,64,64,True,True,FR,FR
7980,44.4,44.4,34,34,False,False,FR,FR
7981,39.83,,25,25,True,True,UK,UK
7982,89.62,89.62,70,70,True,True,FR,FR
7983,92.69,92.69,42,42,False,False,US,US
7984,97.28,97.28,18,18,True,True,FR,FR
7985,76.83,,19,19,False,False,DE,DE
7986,20.2,20.2,58,58,True,True,JP,JP
7987,94.5,94.5,79,79,True,True,JP,JP
7988,94.71,94.71,44,44,True,True,DE,DE
7989,66.61,66.61,90,90,True,True,FR,FR
7990,85.73,85.73,45,45,False,,JP,JP
7991,56.12,56.12,71,71,True,True,UK,UK
7992,94.41,94.41,35,35,True,True,US,US
7993,9.39,9.39,62,62,False,False,DE,
7994,86.4,86.4,38,38,False,False,UK,
7995,5.55,5.55,74,74,True,True,FR,FR
7996,33.91,33.91,51,51,False,False,FR,FR
7997,13.53,13.53,21,21,False,False,DE,DE
7998,47.91,,36,36,True,True,UK,UK
7999,23.22,23.22,43,43,False,False,DE,DE
8000,95.21,95.21,52,52,True,True,DE,DE
8001,55.93,,37,,False,False,US,US
8002,89.77,89.77,60,60,False,False,FR,FR
8003,27.81,27.81,88,88,True,True,UK,UK
8004,2.6,2.6,69,69,True,True,DE,DE
8005,77.57,77.57,40,40,True,True,JP,JP
8006,70.24,,67,67,True,True,US,US
8007,54.55,54.55,88,88,True,True,DE,DE
8008,81.53,81.53,35,35,False,False,US,US
8009,84.01,84.01,34,34,False,False,DE,DE
8010,58.79,58.79,20,20,True,True,UK,UK
8011,96.59,96.59,79,79,True,True,JP,JP
8012,71.97,71.97,78,78,True,True,UK,UK
8013,67.69,67.69,48,48,True,True,FR,FR
8014,36.14,36.14,81,81,True,True,US,US
8015,0.23,0.23,65,65,True,True,DE,DE
8016,24.09,24.09,89,89,True,True,JP,JP
8017,76.39,76.39,85,85,True,True,FR,FR
8018,70.99,70.99,88,88,False,False,UK,UK
8019,33.1,33.1,46,46,True,,JP,JP
8020,62.56,62.56,64,64,True,True,JP,JP
8021,19.53,19.53,30,30,True,True,DE,
8022,26.36,26.36,83,83,False,False,JP,JP
8023,94.74,94.74,41,41,False,False,US,
8024,41.32,41.32,50,50,True,True,UK,UK
8025,24.5,24.5,61,61,False,False,JP,JP
8026,48.71,48.71,75,75,True,True,JP,JP
8027,38.7,38.7,71,71,False,False,JP,JP
8028,72.95,72.95,87,87,True,True,US,US
8029,96.21,96.21,70,,True,True,UK,UK
8030,59.17,59.17,76,,False,False,FR,FR
8031,59.11,,59,59,True,True,US,US
8032,36.48,36.48,48,48,False,False,JP,JP
8033,56.46,56.46,84,84,True,True,JP,JP
8034,31.93,31.93,45,45,True,True,JP,JP
8035,0.11,0.11,63,63,True,True,JP,JP
8036,86.61,86.61,39,39,False,False,UK,UK
8037,42.94,42.94,53,53,False,False,JP,JP
8038,49.21,49.21,44,44,False,False,UK,UK
8039,8.35,8.35,36,36,True,True,US,US
8040,83.71,83.71,77,77,False,False,UK,UK
8041,17.03,17.03,74,74,False,False,FR,FR
8042,41.06,41.06,69,69,True,True,JP,JP
8043,84.03,84.03,24,24,False,False,FR,FR
8044,45.78,45.78,36,36,False,False,UK,UK
8045,93.12,93.12,33,33,False,False,FR,FR
8046,20.93,20.93,69,69,True,True,DE,DE
8047,71.52,,83,83,True,True,DE,DE
8048,97.8,97.8,45,45,True,True,UK,UK
8049,54.96,54.96,42,42,True,True,US,
8050,69.22,69.22,58,58,True,,UK,UK
8051,39.32,39.32,90,90,True,True,JP,JP
8052,75.13,75.13,45,45,True,True,DE,DE
8053,90.89,90.89,38,38,True,,US,US
8054,70.31,,56,56,False,False,UK,UK
8055,93.59,93.59,84,84,True,True,DE,DE
8056,58.87,58.87,71,71,False,False,DE,DE
8057,57.71,57.71,55,55,False,False,FR,FR
8058,30.46,30.46,71,71,False,False,DE,DE
8059,70.96,,19,19,True,True,US,US
8060,88.2,88.2,72,72,True,True,DE,DE
8061,64.63,64.63,25,25,False,False,US,US
8062,23.3,23.3,46,46,True,True,DE,DE
8063,54.41,54.41,43,43,False,False,DE,DE
8064,75.59,75.59,68,68,True,True,UK,UK
8065,93.94,93.94,35,,True,True,FR,FR
8066,15.66,15.66,35,35,True,True,FR,FR
8067,12.75,12.75,82,82,False,False,UK,UK
8068,41.29,41.29,52,52,True,True,DE,DE
8069,12.56,12.56,72,,False,False,DE,DE
8070,98.04,98.04,60,60,True,True,DE,DE
8071,42.43,,63,63,True,True,DE,DE
8072,53.36,53.36,68,68,True,True,UK,UK
8073,22.71,22.71,66,66,True,True,US,US
8074,44.91,44.91,84,84,False,False,US,US
8075,98.47,98.47,75,75,False,False,US,US
8076,48.87,48.87,40,40,False,False,JP,JP
8077,0.88,0.88,30,,False,False,US,US
8078,24.25,24.25,79,79,True,True,JP,JP
8079,97.85,97.85,45,45,False,False,JP,JP
8080,98.91,98.91,40,40,True,True,UK,UK
8081,21.05,21.05,26,26,True,True,DE,DE
8082,61.53,61.53,58,58,True,True,UK,UK
8083,7.69,7.69,55,55,False,False,UK,UK
8084,57.74,57.74,78,78,False,False,UK,UK
8085,12.59,12.59,72,72,True,True,UK,UK
8086,81.87,81.87,70,70,True,True,FR,FR
8087,93.96,93.96,57,57,False,False,DE,DE
8088,17.3,17.3,80,80,False,False,US,US
8089,46.27,46.27,89,89,False,False,UK,UK
8090,10.2,10.2,77,77,False,False,JP,JP
8091,33.91,33.91,43,43,False,False,JP,JP
8092,6.51,,38,38,True,True,US,US
8093,26.45,26.45,18,18,False,False,DE,DE
8094,99.02,99.02,90,90,True,True,JP,JP
8095,4.46,,71,71,False,False,US,US
8096,85.9,85.9,86,86,False,False,US,US
8097,7.75,7.75,75,75,False,False,UK,UK
8098,52.9,52.9,49,49,False,,UK,UK
8099,45.21,45.21,28,28,True,True,JP,JP
8100,93.16,93.16,21,21,True,True,UK,UK
8101,19.9,19.9,75,75,True,,UK,UK
8102,17.97,17.97,40,40,False,False,UK,
8103,74.87,74.87,45,45,True,True,UK,UK
8104,72.57,72.57,79,79,False,False,JP,JP
8105,69.92,69.92,53,53,True,True,US,US
8106,2.61,2.61,87,87,True,True,DE,DE
8107,26.0,,57,57,False,False,FR,FR
8108,83.99,83.99,78,78,True,True,US,US
8109,60.09,60.09,27,27,False,False,US,US
8110,60.22,,46,46,False,False,JP,JP
8111,29.59,29.59,31,31,True,True,UK,UK
8112,26.02,26.02,22,22,True,True,UK,UK
8113,94.66,94.66,90,90,True,True,UK,UK
8114,72.78,72.78,55,,True,True,US,US
8115,12.69,12.69,43,43,False,False,US,US
8116,93.77,93.77,45,45,False,False,US,US
8117,58.24,58.24,35,35,True,True,DE,DE
8118,33.34,33.34,26,26,False,False,DE,DE
8119,39.71,39.71,84,84,True,True,UK,UK
8120,72.54,72.54,25,,False,False,JP,JP
8121,37.63,37.63,46,46,False,False,UK,UK
8122,57.87,57.87,29,29,False,False,US,US
8123,71.05,71.05,85,85,False,False,US,US
8124,19.54,19.54,33,33,True,True,FR,FR
8125,94.42,94.42,46,46,False,False,DE,DE
8126,35.62,35.62,73,73,False,False,UK,UK
8127,41.94,41.94,59,59,True,True,UK,UK
8128,69.85,69.85,45,45,True,True,UK,UK
8129,60.88,60.88,59,59,False,False,DE,DE
8130,44.01,44.01,49,49,False,False,FR,
8131,64.97,64.97,39,39,True,True,FR,FR
8132,90.28,90.28,61,61,True,True,FR,FR
8133,80.03,80.03,44,44,False,False,US,US
8134,82.43,82.43,88,88,True,True,DE,DE
8135,25.84,25.84,51,51,True,True,FR,FR
8136,41.94,41.94,73,73,True,True,UK,UK
8137,55.38,55.38,35,35,True,True,DE,DE
8138,4.42,4.42,65,65,True,True,US,US
8139,76.98,76.98,58,58,True,True,JP,JP
8140,32.35,32.35,72,72,True,,FR,FR
8141,28.26,28.26,51,51,True,True,FR,FR
8142,25.93,25.93,70,70,False,False,DE,DE
8143,28.34,28.34,22,22,True,True,FR,FR
8144,33.8,33.8,68,68,True,True,DE,
8145,60.48,60.48,73,73,False,False,JP,JP
8146,58.36,58.36,54,54,True,True,UK,UK
8147,25.57,25.57,20,,True,True,JP,JP
8148,20.64,20.64,59,59,True,True,FR,FR
8149,82.64,82.64,75,75,True,True,JP,JP
8150,9.27,9.27,51,51,False,False,US,US
8151,51.28,51.28,24,24,False,False,DE,DE
8152,52.06,52.06,46,46,False,False,FR,FR
8153,57.41,57.41,90,90,True,True,FR,FR
8154,88.57,88.57,37,37,False,False,FR,FR
8155,62.39,62.39,56,56,False,False,FR,FR
8156,97.36,97.36,43,43,True,True,UK,UK
8157,87.14,87.14,70,70,True,True,JP,JP
8158,21.47,21.47,49,49,False,False,DE,DE
8159,24.12,24.12,46,46,True,True,JP,JP
8160,34.48,34.48,60,60,False,False,DE,DE
8161,39.15,39.15,59,59,True,True,DE,DE
8162,55.3,55.3,54,54,True,True,DE,DE
8163,23.25,23.25,36,36,False,False,JP,JP
8164,22.23,22.23,25,25,False,False,JP,JP
8165,38.14,38.14,68,68,False,False,DE,DE
8166,67.2,67.2,42,42,True,True,DE,DE
8167,68.81,68.81,62,62,False,False,US,
8168,97.61,97.61,45,45,False,False,US,US
8169,20.24,20.24,80,80,False,False,FR,FR
8170,39.29,39.29,69,69,True,True,UK,UK
8171,96.47,96.47,47,47,False,False,DE,DE
8172,69.0,,42,42,False,False,FR,FR
8173,59.23,59.23,72,72,False,False,UK,UK
8174,53.96,53.96,18,,True,True,UK,
8175,7.55,7.55,22,22,False,False,US,US
8176,89.34,89.34,24,24,True,True,FR,
8177,62.55,62.55,43,43,False,False,DE,DE
8178,57.17,57.17,54,54,False,False,US,US
8179,53.95,,39,39,True,True,DE,DE
8180,39.19,39.19,31,31,False,False,US,US
8181,25.47,25.47,40,40,True,True,FR,FR
8182,75.53,75.53,54,,True,True,UK,UK
8183,50.96,50.96,39,39,True,,UK,UK
8184,3.39,3.39,59,59,True,True,JP,
8185,39.91,39.91,45,45,True,True,FR,FR
8186,92.86,92.86,86,86,False,False,FR,FR
8187,37.39,37.39,90,90,False,False,FR,FR
8188,41.32,41.32,65,65,True,True,DE,DE
8189,62.4,62.4,58,58,False,False,US,US
8190,80.17,80.17,20,20,False,False,UK,UK
8191,66.85,66.85,63,63,False,False,JP,JP
8192,85.01,85.01,45,45,False,False,JP,JP
8193,11.4,11.4,39,39,True,True,FR,FR
8194,92.46,92.46,75,75,False,False,JP,JP
8195,90.39,90.39,21,21,False,False,JP,JP
8196,51.91,51.91,37,37,False,False,UK,UK
8197,62.47,62.47,74,74,True,True,FR,FR
8198,21.28,21.28,85,85,False,False,FR,FR
8199,44.79,44.79,55,55,True,True,US,US
8200,20.27,20.27,56,56,False,False,JP,JP
8201,2.2,2.2,88,88,False,False,DE,DE
8202,98.09,98.09,24,24,False,,UK,UK
8203,25.91,25.91,53,,False,False,DE,DE
8204,59.31,59.31,35,35,False,False,UK,UK
8205,30.03,30.03,52,52,False,False,UK,UK
8206,37.06,37.06,84,84,True,True,DE,DE
8207,39.78,39.78,61,61,False,False,JP,JP
8208,33.5,33.5,90,90,True,True,DE,DE
8209,63.74,63.74,54,,True,True,UK,UK
8210,96.09,96.09,81,81,False,False,FR,FR
8211,42.86,42.86,30,30,True,True,UK,UK
8212,97.33,97.33,41,41,False,False,DE,DE
8213,66.78,66.78,37,37,False,False,UK,UK
8214,60.71,60.71,74,74,True,True,UK,UK
8215,23.71,23.71,55,55,True,True,UK,UK
8216,6.29,6.29,34,34,True,True,UK,
8217,85.19,85.19,30,30,False,False,JP,JP
8218,57.4,57.4,46,46,True,True,FR,FR
8219,41.44,41.44,29,29,False,False,FR,FR
8220,81.2,81.2,68,68,False,False,US,US
8221,31.06,31.06,79,79,False,False,US,US
8222,78.36,78.36,88,88,False,,UK,UK
8223,32.8,32.8,35,35,False,False,JP,JP
8224,92.09,92.09,50,50,False,False,US,US
8225,26.8,26.8,54,54,False,False,FR,FR
8226,13.76,13.76,54,54,True,True,JP,
8227,69.81,69.81,51,51,True,True,UK,UK
8228,16.28,16.28,34,34,False,,US,US
8229,94.94,94.94,26,,False,False,US,US
8230,65.56,65.56,47,47,False,False,US,US
8231,23.09,23.09,24,24,False,False,JP,JP
8232,20.88,20.88,22,22,False,False,FR,FR
8233,92.39,92.39,56,56,False,False,FR,FR
8234,60.79,60.79,80,80,True,True,US,US
8235,89.37,89.37,57,57,True,True,JP,JP
8236,11.02,11.02,19,19,False,False,FR,FR
8237,92.54,92.54,79,79,False,False,JP,JP
8238,52.0,52.0,67,67,True,True,UK,UK
8239,66.84,66.84,40,40,True,True,US,US
8240,37.29,37.29,37,37,False,False,JP,JP
8241,5.91,5.91,83,83,True,True,US,US
8242,95.8,95.8,52,52,False,False,US,US
8243,99.46,99.46,28,28,True,True,US,US
8244,36.45,36.45,38,38,False,False,US,US
8245,94.39,94.39,37,37,False,False,DE,DE
8246,16.77,16.77,47,47,True,True,UK,UK
8247,15.47,15.47,43,43,False,False,JP,JP
8248,7.31,7.31,57,,False,False,JP,JP
8249,39.13,39.13,41,41,True,True,US,US
8250,5.23,5.23,64,64,False,False,JP,JP
8251,39.47,39.47,53,53,False,False,US,US
8252,13.84,13.84,86,86,True,True,UK,UK
8253,73.05,73.05,78,78,False,False,FR,FR
8254,83.34,83.34,42,42,False,False,UK,UK
8255,68.78,68.78,21,21,True,True,US,US
8256,20.05,20.05,60,60,False,False,US,US
8257,76.68,76.68,42,42,True,,FR,FR
8258,24.95,24.95,83,83,False,False,UK,UK
8259,75.95,75.95,47,47,True,True,UK,UK
8260,56.74,56.74,39,39,True,True,UK,UK
8261,36.67,36.67,42,42,True,True,JP,JP
8262,8.35,8.35,81,81,False,False,JP,JP
8263,82.75,82.75,26,26,True,True,JP,JP
8264,93.97,93.97,87,,True,True,US,US
8265,66.59,66.59,35,35,True,True,UK,UK
8266,96.45,96.45,79,79,True,True,JP,JP
8267,93.41,93.41,57,57,False,False,DE,DE
8268,19.46,19.46,59,59,True,True,US,US
8269,73.12,73.12,32,32,True,True,UK,UK
8270,34.93,34.93,70,70,False,False,JP,JP
8271,48.75,48.75,65,65,True,True,JP,JP
8272,15.7,15.7,53,53,True,True,DE,DE
8273,97.48,97.48,51,51,False,False,US,US
8274,72.61,,61,61,True,True,US,US
8275,26.69,26.69,52,52,False,False,UK,UK
8276,37.15,37.15,89,89,True,True,FR,FR
8277,42.25,42.25,21,21,True,True,JP,JP
8278,74.75,74.75,36,36,False,False,UK,UK
8279,92.57,92.57,80,80,True,True,JP,JP
8280,32.14,32.14,75,75,True,True,JP,JP
8281,47.25,,43,43,False,False,JP,JP
8282,59.32,59.32,54,54,True,True,FR,FR
8283,39.33,39.33,19,19,True,True,DE,DE
8284,50.42,50.42,30,30,True,True,JP,JP
8285,10.57,10.57,86,86,False,False,FR,
8286,16.77,16.77,64,64,False,False,JP,JP
8287,40.11,40.11,20,20,False,False,DE,DE
8288,91.49,91.49,75,75,True,True,UK,UK
8289,34.94,34.94,47,47,True,True,DE,DE
8290,24.98,24.98,59,59,True,True,DE,DE
8291,74.29,74.29,80,80,False,False,UK,UK
8292,94.91,94.91,79,79,True,True,FR,FR
8293,45.91,45.91,27,27,False,False,FR,FR
8294,0.86,0.86,44,44,True,True,UK,UK
8295,68.81,68.81,37,37,True,True,UK,UK
8296,41.51,41.51,84,84,True,True,DE,DE
8297,67.36,,74,74,True,True,UK,UK
8298,27.77,27.77,65,,False,False,UK,UK
8299,0.24,0.24,22,22,False,,UK,UK
8300,34.45,34.45,76,76,False,False,FR,
8301,70.48,70.48,58,,True,True,DE,DE
8302,39.31,39.31,37,37,False,False,UK,UK
8303,21.92,21.92,50,50,False,False,US,
8304,46.4,46.4,50,50,True,True,US,US
8305,75.23,75.23,39,39,True,True,FR,FR
8306,11.94,11.94,84,84,False,False,JP,JP
8307,69.18,69.18,84,84,True,True,UK,UK
8308,66.73,66.73,21,21,True,True,JP,JP
8309,37.07,37.07,86,86,True,True,FR,FR
8310,97.03,97.03,47,47,True,True,UK,UK
8311,89.47,89.47,76,76,True,True,DE,DE
8312,31.62,31.62,74,74,True,True,US,US
8313,3.11,3.11,61,61,True,True,UK,UK
8314,30.83,30.83,72,72,True,,FR,FR
8315,20.47,20.47,67,67,True,True,JP,JP
8316,54.73,54.73,80,80,True,True,UK,UK
8317,91.87,91.87,48,48,True,True,JP,JP
8318,87.03,87.03,71,71,False,False,FR,
8319,30.58,30.58,89,89,False,False,UK,UK
8320,42.86,42.86,87,87,False,False,FR,FR
8321,3.65,3.65,28,28,False,False,JP,JP
8322,54.42,54.42,54,54,True,True,UK,UK
8323,6.34,6.34,55,55,False,False,US,US
8324,93.86,93.86,63,,True,True,UK,UK
8325,86.69,86.69,65,65,True,True,FR,FR
8326,21.42,21.42,79,79,False,False,US,US
8327,69.94,69.94,56,56,True,True,UK,UK
8328,56.8,56.8,69,69,False,False,UK,UK
8329,80.14,80.14,83,83,True,True,US,US
8330,47.57,47.57,25,25,True,True,DE,DE
8331,19.18,19.18,64,64,True,True,JP,JP
8332,63.98,63.98,44,44,False,False,US,US
8333,8.03,8.03,84,84,False,False,JP,
8334,58.46,58.46,58,,True,True,JP,JP
8335,21.27,21.27,62,62,False,False,JP,JP
8336,68.49,68.49,73,73,False,False,FR,FR
8337,82.8,82.8,35,35,False,False,DE,DE
8338,10.95,10.95,57,57,True,True,UK,UK
8339,40.03,40.03,74,74,True,True,JP,JP
8340,73.35,73.35,74,74,True,True,DE,DE
8341,16.37,16.37,34,34,False,False,DE,DE
8342,56.65,,79,79,True,True,UK,UK
8343,67.18,,29,29,False,False,UK,UK
8344,35.48,35.48,37,37,True,True,UK,
8345,83.2,83.2,80,80,True,True,FR,FR
8346,51.07,51.07,62,62,False,False,DE,DE
8347,62.7,62.7,57,57,True,True,UK,UK
8348,14.09,14.09,58,58,False,False,US,US
8349,2.32,2.32,88,88,True,,DE,DE
8350,5.07,5.07,34,34,True,True,UK,UK
8351,90.39,90.39,39,39,False,False,UK,UK
8352,88.26,88.26,53,53,False,False,US,US
8353,80.76,80.76,79,79,False,False,JP,
8354,19.96,19.96,58,58,True,True,US,US
8355,52.55,52.55,70,70,True,True,US,US
8356,79.61,79.61,77,77,False,False,FR,FR
8357,67.47,67.47,83,83,True,True,UK,UK
8358,11.55,11.55,51,51,True,True,JP,JP
8359,89.55,89.55,51,51,False,False,DE,DE
8360,16.07,,23,23,False,False,FR,FR
8361,17.18,17.18,23,23,True,True,JP,JP
8362,90.1,90.1,53,53,True,True,JP,JP
8363,48.46,,72,72,True,True,JP,JP
8364,37.29,,79,79,True,True,DE,DE
8365,55.37,55.37,47,47,False,False,JP,JP
8366,98.14,98.14,59,59,False,False,UK,
8367,11.96,11.96,77,77,False,False,JP,JP
8368,75.69,75.69,41,41,False,False,JP,JP
8369,33.43,33.43,29,,False,False,UK,UK
8370,11.7,,85,85,True,True,US,US
8371,42.19,42.19,57,57,False,False,FR,FR
8372,54.88,54.88,29,29,True,True,US,US
8373,20.6,20.6,36,36,False,False,US,US
8374,40.53,40.53,41,41,True,True,JP,JP
8375,63.57,63.57,32,32,True,True,DE,DE
8376,57.64,57.64,49,49,True,True,FR,FR
8377,72.32,72.32,77,77,True,True,JP,JP
8378,83.64,83.64,71,71,True,True,JP,JP
8379,40.91,40.91,84,84,True,True,JP,JP
8380,42.3,42.3,79,79,True,True,US,US
8381,49.67,,40,40,False,False,UK,UK
8382,56.64,56.64,22,22,True,True,FR,FR
8383,10.83,10.83,29,29,True,True,US,US
8384,31.26,31.26,75,75,True,True,UK,UK
8385,17.19,17.19,42,42,True,True,DE,DE
8386,38.59,38.59,70,70,False,False,UK,UK
8387,97.34,97.34,51,51,False,,US,US
8388,58.27,58.27,83,83,True,True,JP,JP
8389,42.94,42.94,55,55,True,,DE,DE
8390,56.59,56.59,83,,True,True,DE,DE
8391,66.91,66.91,36,36,False,False,FR,FR
8392,43.5,43.5,74,,False,,FR,FR
8393,44.77,44.77,56,56,True,True,DE,
8394,70.14,70.14,31,31,False,False,JP,JP
8395,6.09,,35,,True,,UK,UK
8396,54.01,54.01,40,40,True,True,JP,JP
8397,54.73,54.73,29,29,False,False,JP,JP
8398,75.68,75.68,86,86,True,,US,US
8399,98.26,98.26,33,33,True,,FR,FR
8400,79.58,,61,61,False,False,US,US
8401,50.38,50.38,59,59,True,True,DE,DE
8402,16.95,16.95,57,57,True,True,JP,JP
8403,58.83,58.83,63,63,False,False,US,US
8404,83.43,83.43,84,84,True,True,DE,DE
8405,93.24,,88,88,True,,FR,FR
8406,82.53,82.53,81,81,False,False,DE,DE
8407,18.9,18.9,51,51,False,,US,US
8408,71.26,,71,71,True,True,US,US
8409,88.02,88.02,31,31,True,True,DE,DE
8410,68.1,68.1,82,82,False,False,US,US
8411,68.58,68.58,32,32,False,False,US,
8412,50.02,50.02,26,26,True,True,JP,JP
8413,63.7,63.7,78,78,False,,DE,DE
8414,29.44,29.44,73,73,False,False,DE,DE
8415,8.88,8.88,28,28,False,False,US,US
8416,82.77,82.77,88,88,True,True,FR,FR
8417,94.31,94.31,26,26,True,,DE,DE
8418,85.68,85.68,21,21,False,False,UK,UK
8419,33.39,33.39,87,,True,True,FR,FR
8420,9.35,9.35,34,34,True,True,UK,UK
8421,28.01,28.01,35,35,True,True,DE,DE
8422,84.28,84.28,75,75,True,True,DE,DE
8423,65.58,65.58,62,62,False,False,UK,UK
8424,96.67,96.67,55,55,False,False,JP,JP
8425,34.27,34.27,90,90,False,False,FR,FR
8426,55.15,55.15,24,24,True,True,UK,UK
8427,79.0,79.0,85,85,False,False,US,US
8428,23.4,23.4,37,37,False,False,UK,UK
8429,96.41,96.41,63,63,True,True,DE,DE
8430,59.24,59.24,41,41,True,True,DE,DE
8431,0.79,0.79,39,39,False,False,DE,DE
8432,2.52,2.52,41,41,True,True,US,
8433,88.22,88.22,58,58,False,False,FR,FR
8434,64.53,64.53,82,82,True,True,UK,UK
8435,76.31,76.31,26,26,True,True,UK,UK
8436,78.4,78.4,66,66,True,True,DE,DE
8437,42.05,42.05,80,80,True,True,JP,JP
8438,79.86,79.86,71,71,True,True,US,US
8439,93.75,93.75,89,89,False,False,JP,JP
8440,17.22,17.22,18,18,False,False,FR,FR
8441,76.41,76.41,44,,True,True,DE,DE
8442,30.78,30.78,49,49,False,False,US,US
8443,32.15,32.15,57,57,True,True,FR,FR
8444,41.28,41.28,41,41,False,False,FR,FR
8445,86.37,86.37,36,36,True,True,DE,DE
8446,2.21,2.21,80,80,False,False,JP,JP
8447,43.39,43.39,34,34,False,,JP,JP
8448,68.0,68.0,87,87,True,True,JP,JP
8449,11.04,11.04,20,20,False,False,UK,UK
8450,79.23,79.23,48,48,False,False,FR,FR
8451,94.19,94.19,62,62,False,False,US,US
8452,9.09,,89,89,True,True,DE,DE
8453,15.29,15.29,73,73,False,False,US,US
8454,97.41,97.41,19,19,False,False,UK,UK
8455,19.79,19.79,72,72,False,False,FR,FR
8456,7.89,7.89,41,41,False,False,DE,DE
8457,95.22,,80,80,True,True,JP,JP
8458,89.26,89.26,74,74,True,True,US,US
8459,65.57,,32,32,True,True,JP,JP
8460,55.14,55.14,44,44,False,False,FR,FR
8461,91.92,91.92,77,77,True,True,DE,DE
8462,65.55,65.55,85,85,True,True,US,US
8463,65.84,65.84,62,,False,False,US,US
8464,84.37,84.37,33,33,True,True,DE,DE
8465,65.32,,46,46,True,True,DE,DE
8466,50.37,50.37,76,76,True,True,DE,DE
8467,38.97,38.97,61,61,True,True,UK,UK
8468,50.31,50.31,32,32,True,True,FR,FR
8469,52.25,52.25,38,38,True,True,FR,FR
8470,36.08,36.08,32,32,True,,UK,UK
8471,44.81,44.81,52,52,False,False,UK,UK
8472,80.19,80.19,50,50,False,False,DE,DE
8473,41.65,41.65,57,57,True,True,FR,FR
8474,2.56,2.56,86,86,True,True,DE,DE
8475,28.3,28.3,65,65,True,True,US,US
8476,23.17,23.17,60,60,False,False,JP,JP
8477,79.36,79.36,44,44,True,,UK,UK
8478,44.93,44.93,64,64,False,False,FR,FR
8479,28.03,28.03,87,87,True,True,US,US
8480,81.07,81.07,18,18,True,True,UK,UK
8481,1.92,1.92,43,43,True,True,DE,DE
8482,17.43,17.43,22,22,True,True,JP,JP
8483,82.7,82.7,32,32,True,True,DE,DE
8484,55.07,55.07,22,22,True,True,US,US
8485,77.36,77.36,61,61,False,False,JP,JP
8486,83.82,83.82,77,77,True,True,UK,UK
8487,94.2,94.2,86,86,True,True,UK,UK
8488,6.34,6.34,35,35,True,True,US,US
8489,79.92,79.92,69,69,False,False,FR,FR
8490,70.88,70.88,42,42,True,True,DE,DE
8491,20.7,20.7,41,41,False,False,UK,UK
8492,93.17,93.17,62,62,False,False,FR,FR
8493,40.42,40.42,67,67,True,True,US,US
8494,88.76,88.76,60,60,False,False,DE,DE
8495,60.51,60.51,25,25,False,False,FR,FR
8496,52.67,52.67,47,47,True,True,JP,JP
8497,15.95,15.95,38,38,True,True,FR,FR
8498,91.43,91.43,18,18,True,True,DE,
8499,55.67,55.67,20,20,False,False,US,US
8500,0.61,0.61,50,50,False,False,UK,UK
8501,1.83,1.83,25,25,False,False,DE,DE
8502,77.76,77.76,71,71,False,False,DE,DE
8503,16.19,16.19,22,22,False,False,DE,DE
8504,59.87,59.87,35,35,False,False,FR,FR
8505,68.11,68.11,89,89,False,False,JP,JP
8506,27.94,27.94,69,69,True,True,DE,DE
8507,56.93,56.93,58,58,True,True,US,US
8508,24.03,24.03,19,19,False,False,DE,DE
8509,94.63,94.63,21,21,True,True,UK,UK
8510,86.02,86.02,84,84,False,,DE,DE
8511,28.8,28.8,76,76,True,True,DE,DE
8512,52.88,52.88,87,87,False,False,DE,DE
8513,50.06,50.06,76,76,True,True,DE,DE
8514,96.0,96.0,18,18,False,False,UK,UK
8515,39.4,39.4,76,76,False,False,US,US
8516,56.22,56.22,51,51,True,True,JP,JP
8517,92.87,92.87,68,68,True,True,DE,DE
8518,16.28,16.28,48,48,True,True,UK,UK
8519,55.05,55.05,70,70,True,True,JP,JP
8520,10.57,10.57,79,79,False,False,US,
8521,61.75,61.75,89,89,True,True,UK,UK
8522,36.57,36.57,57,57,True,True,FR,FR
8523,96.76,96.76,38,,True,True,DE,DE
8524,41.54,41.54,62,62,True,True,JP,JP
8525,13.62,13.62,54,54,True,True,UK,UK
8526,83.4,83.4,32,32,True,True,FR,FR
8527,82.09,82.09,70,70,True,True,DE,DE
8528,69.49,69.49,23,23,False,False,DE,DE
8529,74.88,74.88,47,47,False,False,DE,DE
8530,26.47,26.47,68,68,False,False,JP,JP
8531,64.21,64.21,85,85,True,True,FR,FR
8532,3.8,3.8,63,63,True,True,UK,UK
8533,19.69,,89,89,False,False,DE,DE
8534,93.23,93.23,78,78,True,True,DE,DE
8535,73.92,73.92,35,35,True,True,FR,FR
8536,23.07,23.07,79,79,False,False,DE,DE
8537,11.14,11.14,42,42,False,False,DE,DE
8538,94.89,94.89,64,,True,True,DE,DE
8539,11.22,11.22,32,32,True,True,UK,UK
8540,25.71,,57,57,False,False,DE,DE
8541,18.26,18.26,67,67,False,False,JP,JP
8542,0.75,0.75,84,84,False,,JP,JP
8543,31.41,31.41,86,86,True,True,US,US
8544,97.42,97.42,76,76,False,False,UK,UK
8545,34.19,34.19,58,58,False,False,FR,FR
8546,50.43,50.43,82,82,True,True,US,US
8547,74.59,74.59,25,25,True,True,FR,FR
8548,55.11,55.11,90,90,False,False,DE,DE
8549,74.36,74.36,32,32,True,True,US,US
8550,66.16,66.16,47,47,False,False,DE,DE
8551,60.86,60.86,84,84,True,True,DE,DE
8552,64.96,64.96,70,70,False,False,FR,FR
8553,79.92,79.92,80,80,True,True,JP,JP
8554,71.02,71.02,68,68,False,False,JP,JP
8555,79.18,79.18,61,61,True,True,DE,DE
8556,14.56,14.56,30,30,False,False,FR,FR
8557,67.77,67.77,90,90,False,,FR,FR
8558,73.7,73.7,64,64,True,True,JP,JP
8559,30.0,30.0,66,66,False,False,FR,FR
8560,87.46,87.46,49,49,True,True,UK,UK
8561,30.47,30.47,87,87,True,True,UK,UK
8562,24.38,,50,50,False,False,UK,UK
8563,86.71,86.71,31,31,False,False,US,US
8564,24.7,24.7,31,31,False,False,UK,UK
8565,41.55,41.55,68,68,True,True,DE,DE
8566,36.79,36.79,72,72,True,True,FR,FR
8567,89.81,89.81,33,33,False,False,UK,UK
8568,45.52,,68,68,False,False,US,US
8569,69.43,69.43,90,90,False,False,US,US
8570,79.4,79.4,56,56,False,False,US,US
8571,62.79,62.79,88,,True,True,DE,DE
8572,94.37,94.37,29,29,True,True,DE,DE
8573,80.25,80.25,47,47,False,False,UK,UK
8574,40.02,40.02,58,58,True,True,UK,UK
8575,95.08,95.08,44,44,False,False,DE,DE
8576,52.46,52.46,25,25,False,False,FR,FR
8577,2.26,2.26,51,51,True,True,US,US
8578,26.0,26.0,42,42,False,False,JP,
8579,62.17,62.17,32,32,False,False,UK,
8580,15.68,15.68,45,45,False,False,US,US
8581,58.41,58.41,48,48,False,False,US,
8582,36.16,36.16,82,82,False,False,DE,DE
8583,53.44,53.44,53,53,True,True,DE,DE
8584,0.19,0.19,48,48,True,True,US,US
8585,84.84,84.84,46,46,False,False,DE,
8586,36.19,36.19,61,61,True,True,UK,UK
8587,14.02,14.02,38,38,False,False,JP,JP
8588,43.79,43.79,81,81,False,False,UK,UK
8589,48.62,48.62,48,48,True,True,JP,JP
8590,63.74,63.74,49,49,False,False,DE,DE
8591,52.46,,22,22,True,True,JP,JP
8592,4.35,4.35,82,82,False,False,DE,DE
8593,87.15,,52,52,True,True,US,US
8594,45.65,45.65,27,27,False,,FR,FR
8595,7.7,7.7,30,30,False,False,DE,DE
8596,77.28,77.28,44,44,True,True,JP,JP
8597,66.02,66.02,74,74,False,False,UK,UK
8598,64.94,64.94,24,24,False,False,US,US
8599,42.69,42.69,26,26,False,False,US,US
8600,41.05,41.05,58,58,True,True,FR,FR
8601,53.63,53.63,54,54,True,True,UK,UK
8602,5.06,5.06,87,,True,True,FR,FR
8603,29.9,29.9,72,72,True,True,US,US
8604,98.79,98.79,65,65,True,,US,US
8605,66.22,66.22,42,42,False,False,FR,FR
8606,41.89,41.89,63,63,True,True,UK,
8607,22.24,22.24,60,60,True,True,DE,DE
8608,74.52,74.52,38,38,True,True,US,US
8609,26.03,26.03,45,45,True,True,US,US
8610,16.24,,85,85,True,True,US,US
8611,15.45,15.45,57,57,True,True,UK,UK
8612,72.93,72.93,52,52,False,False,UK,UK
8613,64.28,64.28,76,76,False,False,UK,UK
8614,6.98,6.98,37,37,False,False,UK,UK
8615,11.5,11.5,34,34,True,True,DE,DE
8616,63.38,63.38,90,90,False,False,JP,JP
8617,57.11,57.11,76,76,False,False,US,US
8618,68.6,68.6,48,48,True,True,JP,JP
8619,17.8,17.8,87,87,False,False,DE,DE
8620,72.66,72.66,45,,True,True,DE,DE
8621,93.61,93.61,67,67,True,True,FR,FR
8622,60.11,60.11,20,20,False,False,FR,FR
8623,19.61,19.61,68,68,True,True,JP,JP
8624,67.95,67.95,31,31,True,True,JP,
8625,34.31,,35,35,False,False,US,US
8626,4.93,4.93,77,77,True,True,DE,DE
8627,30.23,30.23,33,33,True,True,DE,DE
8628,90.56,90.56,53,53,True,True,DE,DE
8629,41.11,41.11,85,85,False,False,JP,JP
8630,86.47,86.47,87,87,False,False,FR,FR
8631,50.87,50.87,50,50,False,False,DE,DE
8632,51.7,51.7,24,24,False,False,JP,JP
8633,0.52,0.52,38,38,True,True,FR,FR
8634,63.71,63.71,62,62,True,True,FR,FR
8635,10.78,10.78,42,42,True,True,FR,FR
8636,47.87,47.87,70,,False,False,US,US
8637,26.03,,90,90,True,True,JP,JP
8638,39.24,39.24,63,63,True,True,FR,FR
8639,53.71,53.71,63,63,True,True,US,US
8640,1.45,1.45,56,56,False,False,UK,UK
8641,28.46,28.46,31,31,True,True,UK,UK
8642,98.96,98.96,60,60,False,False,UK,UK
8643,5.74,5.74,86,86,True,True,FR,FR
8644,31.94,31.94,68,68,False,False,DE,DE
8645,32.14,32.14,72,72,False,False,UK,UK
8646,37.94,37.94,81,81,True,True,FR,FR
8647,68.48,68.48,46,46,False,False,UK,UK
8648,24.77,24.77,42,42,False,False,US,US
8649,46.03,46.03,88,,False,,JP,JP
8650,64.49,64.49,51,51,True,True,UK,UK
8651,32.23,32.23,71,71,False,False,UK,UK
8652,94.88,94.88,64,64,False,False,FR,FR
8653,97.97,,27,27,False,False,FR,FR
8654,11.97,11.97,40,40,True,True,US,US
8655,34.38,34.38,41,41,False,False,US,US
8656,20.8,20.8,31,31,False,False,JP,JP
8657,18.68,18.68,74,,False,False,DE,DE
8658,49.1,49.1,88,88,False,False,DE,DE
8659,56.38,56.38,88,88,False,False,DE,DE
8660,42.57,42.57,32,,True,True,DE,DE
8661,27.26,27.26,50,50,False,False,FR,FR
8662,27.86,27.86,34,34,True,True,US,US
8663,99.21,99.21,22,22,True,True,UK,UK
8664,92.37,92.37,63,,True,,JP,JP
8665,7.59,,80,80,False,False,US,US
8666,65.66,65.66,23,23,True,True,JP,JP
8667,45.69,45.69,64,64,False,False,DE,DE
8668,68.88,68.88,20,20,False,False,US,US
8669,59.7,59.7,79,79,False,False,DE,DE
8670,88.93,88.93,22,22,True,,FR,FR
8671,6.7,6.7,49,49,True,True,UK,UK
8672,34.96,34.96,26,,False,False,FR,
8673,98.55,98.55,48,48,False,False,US,US
8674,18.23,18.23,49,49,True,True,US,US
8675,12.73,12.73,57,57,True,True,FR,FR
8676,72.9,72.9,78,78,True,True,DE,DE
8677,77.74,77.74,90,90,False,,FR,FR
8678,67.23,67.23,42,42,True,True,JP,JP
8679,77.62,77.62,85,85,True,True,JP,JP
8680,69.37,69.37,49,49,True,True,DE,DE
8681,13.58,13.58,26,26,False,False,DE,DE
8682,60.82,,61,61,True,True,JP,JP
8683,77.69,77.69,70,70,False,False,JP,JP
8684,86.55,86.55,40,40,True,True,US,US
8685,24.62,,61,61,False,False,DE,DE
8686,12.74,12.74,49,49,False,False,JP,JP
8687,78.11,78.11,28,28,False,False,US,US
8688,25.65,25.65,46,46,True,True,JP,JP
8689,3.19,3.19,49,49,True,True,FR,FR
8690,82.52,82.52,42,42,True,True,US,US
8691,50.6,50.6,84,84,False,False,FR,FR
8692,32.66,32.66,46,,False,False,DE,DE
8693,1.14,1.14,63,63,False,False,UK,UK
8694,3.53,3.53,18,18,True,True,FR,FR
8695,79.26,79.26,40,40,False,False,FR,FR
8696,48.97,48.97,82,82,False,False,JP,JP
8697,14.97,14.97,83,83,True,True,DE,DE
8698,35.85,35.85,89,89,True,True,US,US
8699,16.53,16.53,22,22,True,True,JP,JP
8700,11.29,11.29,80,80,True,True,UK,UK
8701,27.63,27.63,37,37,False,False,FR,
8702,54.95,54.95,18,18,False,False,FR,FR
8703,21.0,21.0,24,24,True,True,US,US
8704,34.37,34.37,72,72,False,False,DE,DE
8705,47.79,47.79,61,61,True,True,US,US
8706,42.0,,59,59,True,True,FR,
8707,12.86,12.86,82,82,True,True,FR,FR
8708,3.89,3.89,24,24,False,False,DE,DE
8709,3.55,3.55,24,24,False,False,UK,UK
8710,35.02,35.02,86,86,True,True,JP,
8711,71.88,71.88,62,62,False,False,US,US
8712,13.13,13.13,74,74,False,,US,US
8713,78.7,78.7,56,56,False,,UK,UK
8714,71.57,71.57,28,28,False,False,JP,JP
8715,0.39,0.39,56,56,True,True,JP,JP
8716,2.67,2.67,88,88,False,False,DE,DE
8717,19.5,19.5,26,26,True,True,JP,JP
8718,5.61,5.61,27,27,True,True,JP,JP
8719,53.13,53.13,43,43,False,False,DE,DE
8720,3.96,3.96,51,51,True,True,US,US
8721,80.26,80.26,63,63,True,True,JP,JP
8722,49.3,49.3,29,29,True,True,FR,FR
8723,72.8,72.8,86,86,True,True,US,US
8724,75.07,75.07,28,28,True,True,JP,JP
8725,50.68,50.68,32,32,False,False,UK,UK
8726,92.54,92.54,88,88,True,True,FR,FR
8727,99.02,99.02,45,45,True,True,UK,UK
8728,35.92,35.92,59,59,False,False,US,US
8729,12.59,12.59,49,49,False,False,DE,DE
8730,36.32,36.32,36,36,False,False,DE,DE
8731,22.34,22.34,54,54,True,True,JP,JP
8732,53.1,53.1,74,74,True,True,US,US
8733,37.84,37.84,18,18,False,False,JP,JP
8734,48.04,48.04,81,81,False,False,US,US
8735,76.32,76.32,31,31,False,False,JP,JP
8736,27.4,27.4,84,84,True,True,FR,FR
8737,53.75,53.75,88,88,True,True,UK,UK
8738,33.52,33.52,86,86,True,True,JP,JP
8739,78.5,78.5,65,65,True,True,UK,UK
8740,63.95,63.95,84,,True,True,FR,FR
8741,0.85,,80,80,False,False,US,
8742,66.01,66.01,64,64,True,True,US,US
8743,17.02,17.02,83,83,False,False,UK,UK
8744,72.45,72.45,43,43,True,True,UK,UK
8745,56.73,56.73,78,,False,False,UK,UK
8746,40.15,40.15,85,85,True,True,UK,UK
8747,69.41,69.41,64,64,False,False,FR,
8748,85.66,85.66,26,26,True,True,US,US
8749,77.87,77.87,33,33,False,False,FR,FR
8750,54.54,54.54,30,30,False,,JP,JP
8751,72.27,72.27,56,56,True,True,JP,JP
8752,41.39,41.39,49,49,False,,US,US
8753,78.9,78.9,78,78,False,False,JP,JP
8754,82.91,82.91,38,38,False,,US,US
8755,13.73,13.73,30,30,True,True,US,US
8756,23.8,23.8,62,62,True,True,FR,FR
8757,27.0,27.0,28,28,True,True,FR,FR
8758,16.61,16.61,84,84,True,True,US,US
8759,39.25,39.25,23,23,False,False,DE,DE
8760,19.3,19.3,53,53,True,True,DE,DE
8761,59.55,59.55,87,87,True,True,FR,FR
8762,10.16,10.16,58,58,False,False,DE,DE
8763,26.99,26.99,77,77,True,True,FR,FR
8764,66.55,66.55,48,48,True,True,US,US
8765,39.85,39.85,73,73,False,False,JP,JP
8766,42.15,42.15,69,69,False,False,DE,DE
8767,79.79,79.79,55,55,True,True,FR,FR
8768,98.45,98.45,25,25,True,True,DE,DE
8769,56.51,56.51,88,88,False,False,UK,UK
8770,7.91,7.91,21,21,False,False,FR,FR
8771,10.29,10.29,44,44,True,True,UK,UK
8772,96.85,96.85,64,64,True,True,UK,UK
8773,67.92,67.92,74,74,True,True,DE,DE
8774,75.25,75.25,57,57,True,True,UK,UK
8775,67.58,67.58,47,47,True,True,JP,JP
8776,17.96,17.96,47,47,False,,FR,FR
8777,44.84,44.84,89,89,True,True,UK,UK
8778,79.81,79.81,42,42,False,False,US,US
8779,86.64,86.64,80,80,False,False,UK,UK
8780,23.73,23.73,21,21,False,False,US,US
8781,59.6,59.6,66,66,False,False,UK,UK
8782,15.71,15.71,67,67,False,False,UK,UK
8783,95.83,,67,67,False,False,FR,FR
8784,25.22,25.22,48,48,False,False,US,US
8785,72.66,72.66,68,68,False,False,US,US
8786,23.11,23.11,50,50,False,False,US,US
8787,61.61,61.61,61,61,False,False,JP,
8788,65.93,,83,83,False,False,JP,JP
8789,32.84,32.84,67,67,True,True,UK,UK
8790,81.88,81.88,71,71,False,False,DE,DE
8791,88.54,88.54,88,88,False,False,UK,UK
8792,85.51,85.51,34,34,True,,DE,DE
8793,33.08,33.08,60,,True,True,DE,DE
8794,74.43,74.43,65,65,False,,UK,UK
8795,55.95,55.95,68,68,False,False,FR,FR
8796,59.26,59.26,27,27,False,False,US,US
8797,47.74,47.74,73,73,False,False,FR,FR
8798,60.03,60.03,32,32,True,True,FR,FR
8799,13.57,,47,47,False,False,US,US
8800,40.88,40.88,70,70,False,False,FR,FR
8801,17.77,17.77,37,37,True,True,FR,FR
8802,28.01,28.01,27,27,True,True,JP,JP
8803,12.78,12.78,67,67,False,False,JP,JP
8804,21.25,21.25,38,38,True,True,US,US
8805,78.19,78.19,78,78,False,,US,US
8806,54.98,54.98,83,83,True,,US,US
8807,2.36,2.36,43,43,True,True,DE,DE
8808,78.85,78.85,71,71,True,,FR,FR
8809,90.95,90.95,34,34,False,False,FR,FR
8810,88.04,88.04,85,85,True,True,UK,UK
8811,82.3,82.3,35,35,False,False,UK,UK
8812,99.22,99.22,82,82,True,True,US,US
8813,58.64,58.64,75,75,True,True,UK,UK
8814,96.26,,40,40,True,True,UK,UK
8815,94.88,94.88,78,78,True,True,UK,UK
8816,31.32,31.32,64,64,False,False,US,US
8817,86.34,86.34,66,66,False,False,UK,UK
8818,79.25,79.25,45,45,True,True,JP,JP
8819,77.58,77.58,35,35,True,,UK,UK
8820,89.63,89.63,68,68,True,True,JP,JP
8821,38.42,38.42,21,21,True,True,US,
8822,40.01,40.01,43,43,True,True,FR,FR
8823,64.01,64.01,28,28,False,False,US,US
8824,73.78,73.78,18,18,False,False,UK,UK
8825,87.97,87.97,18,18,False,False,JP,JP
8826,87.58,87.58,24,24,False,False,FR,FR
8827,72.13,72.13,86,86,False,False,DE,DE
8828,95.69,95.69,74,74,True,True,FR,FR
8829,17.86,17.86,90,90,False,False,FR,FR
8830,95.03,95.03,24,24,False,False,FR,FR
8831,6.42,6.42,90,90,True,True,DE,DE
8832,55.56,55.56,61,61,True,True,DE,DE
8833,9.02,9.02,75,75,False,False,US,
8834,56.8,56.8,80,80,False,False,JP,
8835,39.01,39.01,37,37,True,True,DE,DE
8836,8.16,8.16,72,72,False,False,UK,UK
8837,64.81,,65,65,True,True,US,US
8838,73.12,73.12,48,48,False,False,FR,FR
8839,17.42,,53,53,False,False,FR,FR
8840,69.44,69.44,33,33,True,True,JP,JP
8841,17.9,17.9,31,31,False,False,JP,JP
8842,13.74,13.74,85,85,True,True,JP,JP
8843,14.74,14.74,71,71,True,True,FR,FR
8844,59.91,59.91,59,59,True,True,JP,JP
8845,77.88,77.88,68,68,True,True,US,US
8846,59.69,59.69,47,47,True,True,UK,UK
8847,80.94,80.94,36,36,True,,DE,DE
8848,59.15,59.15,86,86,True,True,FR,FR
8849,79.73,79.73,90,90,False,False,UK,UK
8850,97.65,97.65,33,33,False,False,UK,UK
8851,39.1,39.1,76,,False,False,JP,JP
8852,14.99,14.99,50,,False,False,FR,FR
8853,13.54,13.54,69,69,True,True,FR,FR
8854,59.75,59.75,25,25,True,True,US,US
8855,54.71,54.71,53,53,True,True,DE,DE
8856,18.42,18.42,27,27,True,True,DE,DE
8857,88.21,88.21,77,77,True,True,FR,FR
8858,95.67,95.67,47,47,False,False,JP,JP
8859,25.32,25.32,37,37,True,True,UK,UK
8860,20.69,20.69,69,69,True,True,JP,JP
8861,21.39,21.39,87,87,False,False,FR,FR
8862,38.74,38.74,42,42,False,False,DE,DE
8863,85.32,,70,70,False,False,JP,JP
8864,59.6,59.6,68,68,True,True,US,US
8865,6.76,6.76,53,53,True,,FR,FR
8866,47.3,47.3,76,76,True,,UK,UK
8867,9.03,9.03,27,27,False,False,FR,FR
8868,40.62,40.62,82,82,False,False,US,US
8869,40.35,40.35,47,47,True,True,FR,FR
8870,64.84,64.84,21,21,True,True,US,US
8871,54.95,54.95,90,90,False,False,UK,UK
8872,87.48,87.48,74,74,True,True,JP,JP
8873,1.63,1.63,77,77,True,True,FR,FR
8874,77.4,77.4,28,28,True,True,DE,
8875,2.27,2.27,72,72,False,False,UK,UK
8876,30.43,30.43,68,68,True,True,US,US
8877,87.97,87.97,83,83,False,False,US,US
8878,69.04,,45,45,False,False,FR,
8879,17.2,17.2,85,85,False,False,UK,UK
8880,49.08,49.08,69,69,False,False,US,US
8881,72.19,72.19,36,36,True,True,DE,DE
8882,93.73,93.73,33,33,False,False,UK,UK
8883,63.43,63.43,83,83,True,True,JP,JP
8884,2.47,2.47,65,65,False,False,UK,UK
8885,49.97,49.97,26,26,True,True,UK,UK
8886,15.3,15.3,27,27,False,False,US,US
8887,4.78,4.78,78,78,True,True,US,US
8888,59.85,59.85,30,30,True,True,DE,DE
8889,77.69,77.69,33,33,False,,UK,UK
8890,3.61,,62,62,False,False,FR,FR
8891,78.36,,81,81,False,False,JP,JP
8892,70.64,70.64,42,42,True,True,DE,DE
8893,75.2,75.2,66,66,True,True,UK,UK
8894,24.47,24.47,69,69,False,False,JP,JP
8895,39.36,39.36,61,61,False,False,JP,JP
8896,11.98,11.98,68,68,False,False,JP,
8897,23.89,,34,34,False,False,JP,JP
8898,30.28,30.28,63,63,True,True,JP,JP
8899,31.94,31.94,18,18,False,False,FR,FR
8900,17.5,17.5,71,71,True,True,JP,JP
8901,18.87,18.87,75,75,False,False,UK,UK
8902,90.15,,75,75,True,True,JP,JP
8903,78.39,78.39,20,20,False,False,US,US
8904,34.45,34.45,84,84,False,False,JP,JP
8905,94.76,,49,49,True,True,UK,UK
8906,23.89,23.89,23,23,True,True,UK,UK
8907,40.68,40.68,57,57,True,True,FR,FR
8908,81.35,81.35,59,59,False,False,US,US
8909,44.29,44.29,47,47,True,True,JP,JP
8910,23.46,23.46,72,72,True,True,FR,FR
8911,36.85,36.85,57,57,False,False,US,US
8912,50.07,50.07,33,33,True,True,JP,JP
8913,62.06,62.06,63,63,False,False,US,US
8914,40.56,40.56,37,37,False,False,JP,JP
8915,43.13,43.13,26,26,True,,JP,JP
8916,26.39,26.39,37,37,True,True,FR,FR
8917,53.53,53.53,84,84,True,True,FR,FR
8918,21.95,21.95,59,59,True,True,JP,JP
8919,86.75,86.75,41,41,False,,JP,JP
8920,74.74,74.74,44,,False,False,FR,FR
8921,41.03,41.03,80,80,False,False,US,US
8922,74.72,74.72,66,66,False,False,FR,FR
8923,0.7,0.7,74,74,True,True,UK,UK
8924,34.45,34.45,62,,True,True,US,US
8925,44.03,44.03,90,90,False,False,US,US
8926,46.98,46.98,65,65,False,False,DE,DE
8927,74.87,74.87,47,47,False,False,JP,JP
8928,96.28,96.28,36,36,False,False,US,US
8929,38.0,38.0,21,21,False,False,US,US
8930,35.06,35.06,74,74,False,False,US,US
8931,61.05,61.05,86,86,True,,US,US
8932,28.13,28.13,66,66,True,True,DE,DE
8933,14.14,14.14,53,53,False,False,JP,
8934,96.15,,27,,False,False,US,US
8935,80.95,80.95,65,65,False,False,JP,JP
8936,95.85,95.85,32,32,True,True,JP,JP
8937,21.78,21.78,63,63,False,False,US,US
8938,1.78,1.78,39,39,True,True,DE,DE
8939,43.73,43.73,81,81,False,False,JP,JP
8940,93.36,93.36,86,86,False,False,FR,FR
8941,13.83,13.83,35,35,False,False,US,US
8942,11.72,11.72,41,41,False,False,US,US
8943,6.9,6.9,85,85,False,False,DE,DE
8944,76.5,76.5,19,19,True,True,JP,JP
8945,78.59,78.59,55,55,True,True,JP,JP
8946,69.54,69.54,28,28,False,False,DE,DE
8947,5.33,5.33,49,49,False,False,DE,DE
8948,72.33,72.33,20,20,False,,DE,DE
8949,44.86,44.86,28,28,True,True,DE,DE
8950,15.79,15.79,47,47,False,False,FR,FR
8951,29.51,,22,22,False,False,UK,UK
8952,50.11,50.11,76,76,True,True,DE,DE
8953,32.97,32.97,60,,True,True,FR,FR
8954,96.97,96.97,50,50,True,True,DE,DE
8955,47.47,47.47,52,52,False,False,JP,JP
8956,37.22,37.22,79,79,True,True,FR,FR
8957,67.32,67.32,79,79,False,False,FR,FR
8958,65.05,65.05,21,21,False,False,JP,JP
8959,0.24,0.24,68,68,True,True,DE,DE
8960,61.85,61.85,52,52,False,False,UK,UK
8961,24.38,,75,75,True,True,DE,DE
8962,37.52,37.52,75,75,True,True,JP,JP
8963,70.63,70.63,69,69,True,True,JP,JP
8964,55.74,55.74,67,67,False,False,UK,UK
8965,36.87,36.87,33,33,True,True,DE,DE
8966,16.74,16.74,80,80,True,,UK,UK
8967,50.55,,69,69,False,False,US,US
8968,31.94,31.94,37,37,True,True,UK,UK
8969,91.29,91.29,34,34,True,True,US,US
8970,53.43,53.43,54,54,False,False,UK,UK
8971,86.6,86.6,43,43,True,True,US,US
8972,39.02,39.02,67,,True,True,UK,UK
8973,82.74,82.74,47,47,False,,FR,FR
8974,5.65,5.65,30,30,True,True,JP,JP
8975,29.81,29.81,46,46,True,True,JP,JP
8976,7.82,7.82,77,77,True,True,DE,DE
8977,3.17,3.17,78,78,True,True,DE,DE
8978,91.89,91.89,40,40,False,False,JP,JP
8979,71.69,71.69,76,76,False,False,DE,DE
8980,62.51,62.51,24,24,True,True,US,US
8981,53.25,,89,89,True,True,JP,JP
8982,56.96,56.96,73,73,False,False,FR,FR
8983,63.87,63.87,20,20,False,False,FR,FR
8984,82.66,82.66,69,69,True,,US,US
8985,59.69,59.69,54,54,True,True,DE,DE
8986,74.86,74.86,82,82,False,False,DE,DE
8987,28.1,28.1,35,35,True,True,JP,JP
8988,97.68,97.68,83,83,False,,UK,UK
8989,3.19,3.19,81,81,True,True,UK,UK
8990,38.66,38.66,38,38,True,True,FR,FR
8991,88.2,88.2,49,49,True,True,US,US
8992,18.05,18.05,64,64,False,False,FR,FR
8993,14.13,14.13,35,35,False,False,US,US
8994,36.54,36.54,90,90,False,False,UK,UK
8995,42.82,42.82,31,31,False,False,DE,DE
8996,93.34,93.34,35,35,True,True,US,US
8997,83.61,83.61,54,,True,True,US,
8998,46.41,46.41,52,52,False,False,DE,DE
8999,97.3,97.3,21,21,True,True,FR,FR
9000,64.23,64.23,84,84,True,True,UK,
9001,87.37,87.37,35,,True,True,UK,UK
9002,24.61,24.61,25,25,True,True,FR,FR
9003,48.9,48.9,55,55,False,False,JP,JP
9004,2.97,2.97,85,85,False,,DE,
9005,0.89,0.89,18,18,True,True,DE,DE
9006,70.55,70.55,53,53,True,True,JP,JP
9007,11.83,,84,84,True,True,US,US
9008,54.78,54.78,83,83,True,True,JP,JP
9009,69.6,69.6,30,30,False,False,DE,DE
9010,3.22,3.22,63,63,True,,UK,UK
9011,44.87,44.87,79,79,False,False,FR,FR
9012,68.42,68.42,67,67,True,True,JP,JP
9013,88.97,88.97,65,65,True,True,JP,JP
9014,29.92,,74,74,True,True,FR,FR
9015,97.42,97.42,51,51,False,False,DE,DE
9016,84.45,84.45,22,22,True,True,US,US
9017,65.06,65.06,64,64,True,True,US,US
9018,39.19,39.19,63,63,False,False,JP,JP
9019,71.11,71.11,80,80,True,True,US,US
9020,81.62,81.62,85,85,True,True,DE,DE
9021,30.33,30.33,42,42,False,False,DE,
9022,99.28,99.28,87,87,False,False,FR,FR
9023,90.86,90.86,18,18,True,True,UK,UK
9024,48.55,48.55,88,88,False,False,FR,FR
9025,72.28,72.28,28,28,True,True,DE,DE
9026,52.4,52.4,65,65,False,False,JP,JP
9027,76.09,76.09,67,67,False,False,US,US
9028,82.7,82.7,64,64,True,True,FR,FR
9029,2.32,2.32,90,90,True,True,FR,FR
9030,7.91,7.91,58,58,False,False,JP,
9031,33.65,33.65,27,27,True,True,DE,DE
9032,91.76,91.76,62,62,False,False,UK,UK
9033,39.83,39.83,39,39,True,True,DE,DE
9034,88.75,88.75,62,62,False,False,JP,
9035,46.24,46.24,45,,True,True,US,US
9036,28.89,28.89,21,,False,False,FR,FR
9037,90.06,90.06,64,64,True,True,UK,UK
9038,56.07,56.07,24,24,True,True,FR,FR
9039,36.05,36.05,41,41,True,True,DE,
9040,4.44,4.44,63,63,False,False,JP,JP
9041,11.09,,82,82,True,True,US,US
9042,13.93,13.93,40,40,False,False,US,US
9043,36.48,36.48,39,39,True,True,JP,JP
9044,60.73,60.73,40,40,True,True,UK,UK
9045,30.76,30.76,59,59,False,False,US,US
9046,6.55,6.55,32,32,False,False,JP,JP
9047,26.48,,56,56,False,False,DE,DE
9048,40.87,40.87,76,76,False,False,JP,JP
9049,99.23,99.23,23,23,True,True,DE,DE
9050,39.3,,88,88,True,True,FR,FR
9051,8.92,8.92,56,56,False,False,DE,DE
9052,58.11,58.11,63,63,True,True,DE,DE
9053,91.96,91.96,63,63,False,False,DE,DE
9054,78.67,78.67,87,87,False,False,UK,UK
9055,83.62,83.62,66,66,True,True,FR,FR
9056,92.82,92.82,82,82,True,True,DE,DE
9057,63.65,63.65,38,38,True,True,US,US
9058,99.49,99.49,33,33,True,True,UK,UK
9059,3.33,3.33,64,64,False,False,DE,DE
9060,83.48,83.48,29,29,True,True,JP,JP
9061,85.7,85.7,26,26,False,False,DE,DE
9062,91.67,91.67,33,33,False,,DE,DE
9063,47.82,47.82,37,37,False,False,US,US
9064,78.78,78.78,25,25,True,True,UK,UK
9065,19.51,19.51,71,71,False,False,UK,UK
9066,60.31,60.31,60,60,True,,DE,DE
9067,35.86,35.86,32,32,False,False,JP,JP
9068,59.62,59.62,38,38,True,True,JP,JP
9069,67.56,67.56,85,85,False,False,UK,UK
9070,34.71,34.71,84,84,True,True,FR,FR
9071,21.62,21.62,26,26,True,True,JP,JP
9072,32.17,32.17,62,62,True,,UK,UK
9073,66.4,66.4,41,41,False,False,DE,DE
9074,67.69,67.69,44,44,True,,DE,DE
9075,74.13,74.13,61,61,False,False,US,US
9076,12.65,12.65,89,,False,False,DE,DE
9077,81.85,81.85,60,60,False,False,US,US
9078,68.81,68.81,87,87,False,False,UK,UK
9079,3.05,3.05,77,77,False,False,US,US
9080,33.56,33.56,74,74,True,True,FR,FR
9081,46.67,46.67,75,75,True,True,JP,JP
9082,36.06,36.06,75,75,False,False,UK,UK
9083,11.74,11.74,36,36,False,False,US,US
9084,20.73,20.73,89,89,True,True,DE,DE
9085,2.46,2.46,85,85,False,False,US,US
9086,9.31,9.31,61,61,True,True,DE,DE
9087,26.63,26.63,69,69,True,True,DE,DE
9088,82.0,82.0,82,82,True,True,DE,DE
9089,52.66,52.66,29,29,False,False,DE,DE
9090,42.45,42.45,22,22,False,False,DE,
9091,66.22,66.22,90,90,True,True,US,US
9092,54.15,54.15,58,58,True,True,FR,FR
9093,13.15,13.15,70,70,False,,FR,FR
9094,22.26,22.26,54,54,True,True,US,US
9095,22.25,22.25,55,,True,True,DE,DE
9096,60.0,60.0,20,20,True,True,UK,UK
9097,46.16,46.16,39,39,True,True,UK,UK
9098,38.76,38.76,24,24,True,True,FR,FR
9099,55.66,,49,49,False,False,DE,DE
9100,97.01,97.01,19,19,False,,JP,JP
9101,31.42,31.42,76,76,True,True,DE,DE
9102,52.02,52.02,39,39,True,True,US,US
9103,48.04,48.04,72,72,False,False,FR,FR
9104,71.66,71.66,21,21,False,False,US,US
9105,73.03,73.03,20,20,False,False,UK,UK
9106,72.91,72.91,48,48,True,True,JP,JP
9107,20.15,,75,75,True,True,JP,JP
9108,44.91,44.91,77,77,False,False,US,US
9109,81.12,81.12,57,57,False,False,JP,JP
9110,38.15,38.15,62,62,False,False,JP,JP
9111,98.43,98.43,68,68,False,False,JP,JP
9112,36.48,36.48,67,67,False,False,JP,JP
9113,49.77,49.77,72,,False,False,US,US
9114,47.45,47.45,20,20,False,False,US,US
9115,43.37,43.37,49,49,True,True,FR,FR
9116,84.56,84.56,79,79,True,,US,US
9117,15.53,15.53,50,50,False,False,UK,UK
9118,56.77,,28,28,True,True,JP,JP
9119,61.86,,66,66,True,True,JP,JP
9120,85.12,85.12,40,40,False,False,UK,UK
9121,60.92,60.92,55,55,False,False,DE,DE
9122,96.0,96.0,55,55,False,False,DE,DE
9123,87.22,87.22,68,68,True,,UK,UK
9124,34.87,34.87,85,85,True,True,UK,UK
9125,85.99,85.99,68,68,True,True,DE,DE
9126,95.85,95.85,90,90,False,False,FR,FR
9127,25.72,25.72,19,19,False,False,JP,JP
9128,61.02,61.02,75,75,False,,JP,JP
9129,28.18,28.18,48,48,False,False,US,US
9130,64.96,64.96,71,71,False,False,FR,FR
9131,9.36,,24,,False,False,FR,FR
9132,73.42,73.42,56,56,True,True,US,US
9133,41.98,41.98,20,20,False,False,JP,JP
9134,58.73,58.73,66,66,True,True,DE,DE
9135,2.59,2.59,33,33,False,False,FR,FR
9136,69.54,69.54,28,28,False,False,FR,FR
9137,49.6,49.6,23,23,False,False,UK,UK
9138,62.53,62.53,37,37,True,True,UK,UK
9139,31.57,31.57,88,88,True,True,UK,UK
9140,14.58,14.58,89,89,True,,FR,FR
9141,43.54,43.54,23,23,True,True,FR,FR
9142,94.4,94.4,89,89,True,True,FR,FR
9143,22.78,22.78,60,60,True,True,US,US
9144,67.58,67.58,41,41,True,True,US,US
9145,4.98,4.98,86,86,True,True,FR,FR
9146,71.81,71.81,35,35,True,True,JP,JP
9147,23.84,23.84,31,31,False,,UK,UK
9148,45.15,45.15,34,,True,True,DE,DE
9149,36.78,36.78,28,28,True,True,JP,JP
9150,11.28,11.28,53,53,True,True,UK,UK
9151,34.56,34.56,28,28,False,False,DE,DE
9152,35.01,35.01,34,34,False,False,US,US
9153,52.21,52.21,45,45,False,False,UK,UK
9154,97.24,97.24,65,65,True,True,UK,UK
9155,47.0,47.0,80,80,False,False,FR,FR
9156,91.44,91.44,23,23,True,True,UK,UK
9157,46.16,46.16,64,64,False,False,DE,DE
9158,10.75,10.75,25,25,False,False,UK,UK
9159,23.02,23.02,90,90,True,True,US,US
9160,40.75,40.75,38,38,False,,FR,FR
9161,32.54,32.54,80,80,False,False,FR,FR
9162,86.58,86.58,74,74,False,False,FR,FR
9163,67.86,67.86,41,41,False,False,DE,DE
9164,57.83,57.83,41,41,False,False,US,US
9165,49.12,49.12,41,41,True,,DE,DE
9166,39.73,39.73,52,52,False,False,FR,FR
9167,61.22,61.22,50,50,True,True,DE,DE
9168,12.46,12.46,65,65,False,False,FR,FR
9169,16.25,,51,51,False,False,UK,UK
9170,30.31,30.31,75,75,False,False,DE,DE
9171,17.12,17.12,52,52,False,False,UK,UK
9172,67.71,67.71,40,40,True,True,JP,
9173,2.48,,41,41,True,True,US,US
9174,16.02,16.02,71,71,False,False,UK,UK
9175,90.26,90.26,28,28,False,False,FR,FR
9176,99.75,99.75,38,38,False,False,US,US
9177,48.76,48.76,40,40,True,True,DE,DE
9178,49.54,49.54,65,65,False,False,US,US
9179,77.34,77.34,27,27,True,True,DE,DE
9180,3.62,3.62,50,50,False,False,UK,UK
9181,42.7,42.7,67,67,False,False,US,US
9182,9.98,9.98,85,,False,False,DE,DE
9183,40.09,40.09,49,49,False,False,UK,UK
9184,98.38,98.38,89,89,True,True,US,US
9185,75.36,75.36,62,62,True,True,DE,DE
9186,98.5,98.5,74,74,False,False,DE,DE
9187,74.6,74.6,35,35,True,True,FR,FR
9188,60.81,60.81,84,84,False,False,JP,JP
9189,75.42,75.42,36,36,True,True,FR,FR
9190,65.91,65.91,27,27,True,,FR,FR
9191,46.41,46.41,23,23,True,True,FR,FR
9192,29.25,29.25,65,65,True,True,FR,FR
9193,52.02,52.02,63,63,False,False,FR,FR
9194,25.85,25.85,32,32,False,False,FR,FR
9195,48.67,48.67,82,82,True,True,DE,DE
9196,14.61,14.61,38,38,False,False,FR,FR
9197,56.54,56.54,62,62,True,True,JP,JP
9198,24.53,24.53,56,56,True,True,DE,DE
9199,29.36,29.36,61,61,False,False,UK,UK
9200,49.9,49.9,72,72,False,False,DE,DE
9201,16.25,16.25,85,85,True,True,US,US
9202,96.24,96.24,70,70,False,False,UK,UK
9203,44.69,44.69,84,84,True,,JP,JP
9204,35.23,35.23,81,81,True,True,US,US
9205,2.92,2.92,44,44,False,False,JP,JP
9206,84.33,84.33,58,58,True,True,DE,DE
9207,62.58,62.58,32,32,False,False,UK,
9208,41.64,41.64,85,85,True,True,DE,DE
9209,24.55,24.55,88,88,True,True,JP,JP
9210,74.51,74.51,82,82,False,False,US,US
9211,94.55,94.55,72,72,True,True,DE,DE
9212,38.08,,79,79,True,True,UK,UK
9213,13.49,13.49,75,75,True,True,DE,DE
9214,10.92,10.92,34,34,True,True,FR,FR
9215,0.64,0.64,37,37,False,False,JP,JP
9216,74.4,74.4,56,56,True,True,UK,UK
9217,98.14,98.14,48,48,True,True,FR,FR
9218,99.28,99.28,71,71,False,,DE,DE
9219,78.42,78.42,71,71,True,True,DE,DE
9220,16.22,16.22,89,89,False,False,US,
9221,97.77,97.77,75,75,True,True,JP,JP
9222,32.78,32.78,18,18,False,False,US,US
9223,33.36,33.36,42,,False,False,US,US
9224,68.73,68.73,41,41,True,True,FR,FR
9225,4.9,4.9,64,64,False,False,DE,
9226,82.58,82.58,42,42,False,False,US,US
9227,99.73,99.73,89,89,True,True,FR,FR
9228,77.51,,39,39,False,False,UK,UK
9229,78.17,78.17,49,49,True,True,JP,JP
9230,39.03,39.03,77,77,False,False,JP,JP
9231,6.59,6.59,44,44,False,False,DE,DE
9232,79.27,79.27,21,21,False,False,DE,DE
9233,59.72,59.72,42,42,True,True,DE,DE
9234,90.93,90.93,44,44,True,True,FR,FR
9235,11.6,11.6,62,62,False,False,JP,JP
9236,30.51,30.51,69,69,False,,FR,FR
9237,36.07,36.07,58,58,False,False,US,US
9238,68.33,68.33,47,47,False,False,US,US
9239,78.77,78.77,54,54,True,True,FR,FR
9240,96.1,96.1,28,28,True,True,UK,UK
9241,29.54,29.54,31,31,True,True,DE,DE
9242,49.36,49.36,62,62,True,True,DE,DE
9243,2.9,2.9,81,81,True,,DE,DE
9244,25.3,25.3,56,56,True,True,UK,UK
9245,37.4,37.4,22,22,True,True,US,US
9246,59.38,59.38,89,,True,True,UK,UK
9247,47.08,47.08,41,41,False,False,FR,FR
9248,36.45,36.45,72,72,False,False,FR,FR
9249,62.41,62.41,83,,False,False,JP,JP
9250,82.86,82.86,89,89,False,False,US,US
9251,24.17,24.17,26,26,False,False,US,US
9252,34.29,34.29,31,31,False,False,US,US
9253,70.49,70.49,65,65,False,,DE,DE
9254,77.79,77.79,73,73,True,True,DE,DE
9255,82.54,82.54,78,78,True,True,US,US
9256,20.93,20.93,58,58,True,True,DE,
9257,53.93,53.93,29,29,False,False,US,US
9258,90.0,90.0,70,70,False,False,FR,FR
9259,39.2,39.2,66,66,False,False,DE,DE
9260,42.99,42.99,52,52,True,,US,US
9261,98.48,98.48,64,64,True,,US,US
9262,11.31,11.31,33,33,True,True,FR,FR
9263,70.56,70.56,77,77,True,True,JP,JP
9264,85.02,85.02,21,21,True,True,JP,JP
9265,15.08,15.08,79,79,False,False,DE,DE
9266,71.45,71.45,79,79,False,False,DE,DE
9267,46.97,46.97,68,68,False,False,JP,JP
9268,85.29,85.29,77,77,False,False,JP,
9269,90.75,90.75,84,84,False,False,JP,JP
9270,87.25,87.25,29,29,True,True,UK,UK
9271,6.44,6.44,57,57,False,False,DE,DE
9272,75.69,75.69,65,65,True,,US,US
9273,92.15,92.15,86,86,True,True,US,US
9274,62.13,62.13,71,71,True,True,UK,UK
9275,60.09,60.09,61,61,False,False,JP,JP
9276,4.5,4.5,58,58,True,True,DE,DE
9277,85.6,85.6,28,28,False,False,DE,DE
9278,4.64,4.64,41,,False,False,JP,JP
9279,31.35,31.35,49,49,True,True,DE,DE
9280,92.59,92.59,82,82,True,True,UK,UK
9281,94.97,94.97,80,80,False,False,FR,FR
9282,99.19,99.19,64,64,False,False,UK,UK
9283,47.64,47.64,25,25,False,False,UK,UK
9284,17.74,17.74,70,70,False,False,JP,JP
9285,48.79,48.79,51,51,False,False,DE,DE
9286,10.23,10.23,65,65,False,False,UK,UK
9287,87.25,87.25,49,49,False,False,JP,JP
9288,56.05,56.05,70,70,False,False,FR,FR
9289,40.45,40.45,33,33,False,False,FR,FR
9290,7.95,7.95,28,28,False,False,UK,UK
9291,40.52,40.52,34,34,True,True,FR,FR
9292,86.62,,85,85,True,True,JP,JP
9293,70.34,70.34,23,23,False,False,US,US
9294,8.25,,38,38,True,True,US,US
9295,15.99,15.99,43,43,True,True,DE,
9296,39.23,39.23,79,79,False,False,FR,FR
9297,10.14,10.14,44,,False,False,US,US
9298,93.4,93.4,83,83,False,False,DE,DE
9299,65.23,65.23,90,90,True,True,US,US
9300,9.48,,65,65,False,False,JP,JP
9301,78.81,78.81,43,43,False,False,FR,FR
9302,36.84,36.84,61,61,False,False,JP,JP
9303,24.49,24.49,66,66,True,True,UK,UK
9304,57.0,57.0,25,25,False,False,FR,FR
9305,1.34,1.34,78,78,True,True,UK,UK
9306,46.54,46.54,49,49,True,,US,US
9307,84.38,84.38,79,79,False,False,DE,DE
9308,92.81,92.81,62,62,True,True,DE,DE
9309,34.26,34.26,80,80,False,False,DE,DE
9310,64.24,64.24,23,23,True,True,JP,JP
9311,22.68,22.68,21,21,True,True,UK,UK
9312,56.02,56.02,26,26,True,True,FR,FR
9313,25.4,25.4,81,81,True,True,US,US
9314,57.14,57.14,90,90,True,True,JP,JP
9315,17.17,17.17,90,90,True,,DE,DE
9316,94.12,,42,42,False,False,FR,FR
9317,88.69,88.69,37,37,False,False,UK,UK
9318,33.69,33.69,43,43,False,False,UK,UK
9319,77.67,77.67,77,77,False,False,JP,JP
9320,9.55,9.55,36,36,False,False,US,US
9321,74.04,74.04,57,57,False,False,DE,DE
9322,28.25,28.25,65,65,False,False,UK,UK
9323,13.56,13.56,44,44,True,True,UK,UK
9324,67.82,67.82,52,52,True,True,FR,FR
9325,46.98,46.98,66,66,True,True,FR,
9326,53.01,53.01,75,75,False,False,DE,DE
9327,52.05,52.05,31,31,True,True,FR,FR
9328,5.94,5.94,55,55,False,False,US,US
9329,5.14,5.14,29,29,False,False,UK,UK
9330,60.12,60.12,19,19,False,False,FR,FR
9331,62.39,62.39,65,65,True,True,FR,FR
9332,4.72,4.72,53,53,False,False,US,US
9333,37.84,37.84,36,36,False,False,JP,JP
9334,61.29,61.29,22,22,True,True,DE,DE
9335,65.67,65.67,87,87,True,True,UK,UK
9336,82.83,82.83,78,78,False,False,DE,DE
9337,42.07,42.07,86,86,True,True,UK,UK
9338,54.83,54.83,26,26,True,True,DE,DE
9339,57.86,57.86,19,19,True,True,US,US
9340,31.2,31.2,33,33,False,False,US,US
9341,5.38,5.38,25,25,False,False,JP,JP
9342,0.42,0.42,51,,False,False,FR,FR
9343,83.61,83.61,65,65,True,True,UK,UK
9344,20.02,20.02,32,32,False,False,JP,JP
9345,63.03,63.03,46,46,False,False,FR,FR
9346,57.7,57.7,57,57,True,True,FR,FR
9347,39.96,39.96,41,41,True,True,FR,FR
9348,83.35,83.35,51,51,False,False,JP,JP
9349,69.84,69.84,61,61,True,True,JP,JP
9350,2.27,2.27,87,87,True,True,UK,UK
9351,77.67,77.67,40,40,True,True,FR,FR
9352,50.7,50.7,24,24,False,False,US,US
9353,34.7,34.7,81,81,True,True,DE,DE
9354,72.69,72.69,60,60,True,True,US,US
9355,68.61,68.61,52,52,False,False,US,
9356,31.06,31.06,70,70,True,True,FR,FR
9357,98.3,98.3,89,89,False,False,UK,UK
9358,64.87,64.87,27,27,True,True,US,US
9359,60.58,60.58,80,80,False,False,JP,JP
9360,6.99,6.99,64,64,False,,JP,JP
9361,27.93,27.93,60,60,False,False,UK,UK
9362,44.7,44.7,81,81,False,False,DE,DE
9363,63.06,63.06,40,40,True,True,UK,UK
9364,51.28,51.28,75,75,True,True,JP,JP
9365,76.3,76.3,59,59,False,False,FR,FR
9366,26.26,26.26,86,86,True,True,DE,DE
9367,70.22,70.22,52,52,False,False,JP,JP
9368,81.66,81.66,70,70,False,False,FR,FR
9369,76.5,76.5,54,54,True,True,US,US
9370,77.08,77.08,46,46,False,False,DE,DE
9371,88.85,88.85,45,45,True,True,JP,JP
9372,8.42,8.42,85,85,False,False,DE,DE
9373,69.72,69.72,79,79,False,False,US,US
9374,96.87,96.87,34,34,False,False,FR,FR
9375,57.37,57.37,81,81,True,True,DE,DE
9376,21.73,21.73,60,60,False,False,UK,UK
9377,99.88,99.88,25,25,True,True,JP,JP
9378,17.47,17.47,73,73,False,False,JP,JP
9379,33.56,33.56,29,29,True,True,DE,DE
9380,17.21,17.21,81,81,False,False,FR,FR
9381,46.45,46.45,51,51,False,False,UK,UK
9382,41.89,41.89,84,84,True,True,FR,FR
9383,49.12,49.12,53,53,True,True,JP,JP
9384,92.8,92.8,24,24,True,True,UK,UK
9385,47.83,47.83,73,73,False,False,JP,JP
9386,51.46,51.46,71,71,True,True,US,US
9387,88.67,,40,40,False,False,DE,DE
9388,81.78,81.78,32,32,True,True,US,US
9389,23.97,23.97,81,81,False,False,DE,DE
9390,1.29,1.29,74,,True,True,FR,FR
9391,62.95,62.95,39,39,False,False,JP,JP
9392,84.48,,69,69,False,False,US,US
9393,55.29,55.29,35,35,False,False,JP,
9394,21.12,21.12,31,31,True,True,JP,JP
9395,74.14,74.14,66,66,True,True,US,US
9396,66.95,66.95,78,78,False,False,JP,JP
9397,56.5,56.5,85,85,True,True,JP,JP
9398,86.33,,51,51,False,False,US,US
9399,78.42,78.42,28,28,True,True,US,US
9400,66.8,66.8,57,,True,True,FR,FR
9401,66.48,66.48,67,67,True,True,DE,DE
9402,66.22,66.22,88,88,False,False,UK,UK
9403,52.52,52.52,26,26,True,True,DE,DE
9404,46.39,46.39,65,65,True,True,UK,UK
9405,70.96,70.96,55,55,True,True,JP,JP
9406,61.05,61.05,60,60,True,True,UK,UK
9407,49.0,49.0,24,24,True,True,US,US
9408,12.67,12.67,19,19,False,False,JP,JP
9409,70.19,70.19,62,62,True,True,JP,JP
9410,64.6,64.6,32,32,False,False,JP,JP
9411,34.22,34.22,62,62,False,False,JP,JP
9412,35.63,35.63,19,19,True,True,US,US
9413,24.67,24.67,76,76,True,True,FR,FR
9414,96.19,96.19,42,42,True,True,UK,UK
9415,86.02,86.02,50,50,False,False,DE,DE
9416,56.1,56.1,43,43,True,True,DE,DE
9417,40.17,40.17,48,48,True,True,JP,JP
9418,73.68,73.68,56,56,False,False,DE,DE
9419,52.77,52.77,65,,True,True,UK,UK
9420,97.59,97.59,68,68,True,True,US,US
9421,5.51,5.51,90,90,False,False,DE,DE
9422,3.43,3.43,31,31,False,False,JP,JP
9423,56.86,56.86,81,81,False,False,FR,FR
9424,20.33,20.33,61,61,False,False,JP,JP
9425,60.43,60.43,40,40,False,False,US,US
9426,78.14,78.14,84,84,True,True,DE,DE
9427,13.81,13.81,69,69,False,False,FR,FR
9428,44.06,44.06,31,,False,False,JP,JP
9429,68.87,68.87,30,30,False,False,UK,UK
9430,83.39,83.39,66,66,False,False,FR,FR
9431,49.63,49.63,71,71,True,True,UK,UK
9432,20.62,20.62,21,21,False,False,DE,DE
9433,58.58,58.58,63,63,True,True,FR,FR
9434,45.45,45.45,56,56,True,True,JP,JP
9435,77.19,77.19,88,88,False,,DE,DE
9436,55.56,55.56,72,72,True,True,DE,DE
9437,27.94,27.94,84,84,False,False,JP,JP
9438,75.44,75.44,20,20,True,,DE,DE
9439,51.77,51.77,73,73,False,False,UK,UK
9440,17.75,17.75,42,42,False,False,UK,UK
9441,56.31,56.31,58,58,True,,FR,FR
9442,94.83,94.83,82,82,False,False,FR,FR
9443,70.55,70.55,81,81,True,True,DE,DE
9444,29.88,29.88,34,34,True,True,US,US
9445,71.09,71.09,35,35,False,False,US,US
9446,28.26,28.26,70,70,False,False,UK,UK
9447,54.27,54.27,82,82,False,False,US,US
9448,52.66,52.66,62,,False,False,DE,DE
9449,24.74,24.74,21,21,False,,DE,DE
9450,34.79,34.79,29,29,False,False,UK,UK
9451,94.22,94.22,72,72,True,True,JP,JP
9452,25.06,25.06,72,72,True,True,UK,UK
9453,80.1,,83,83,True,True,JP,JP
9454,66.74,66.74,56,56,True,True,US,US
9455,53.26,53.26,49,49,False,False,FR,FR
9456,13.75,13.75,26,26,False,False,JP,JP
9457,20.46,20.46,75,75,True,True,JP,JP
9458,17.9,17.9,87,87,False,False,DE,DE
9459,58.68,58.68,21,21,False,False,UK,UK
9460,97.34,97.34,53,53,True,True,UK,
9461,87.72,87.72,43,43,True,True,DE,DE
9462,2.53,2.53,72,72,True,True,JP,JP
9463,27.37,27.37,73,73,False,False,UK,UK
9464,15.73,15.73,33,33,False,False,JP,JP
9465,97.57,97.57,87,87,True,True,JP,JP
9466,23.56,23.56,28,28,False,False,US,
9467,20.13,20.13,75,75,False,False,JP,JP
9468,62.09,62.09,72,72,True,True,DE,DE
9469,55.62,55.62,29,29,True,True,FR,FR
9470,22.59,22.59,67,67,True,True,UK,UK
9471,67.04,67.04,37,37,False,False,UK,UK
9472,9.7,,38,38,True,True,DE,DE
9473,1.94,1.94,24,24,True,,US,US
9474,8.24,8.24,72,72,True,True,FR,FR
9475,36.49,36.49,76,76,True,True,FR,FR
9476,97.5,97.5,54,54,True,,US,US
9477,54.72,54.72,74,74,True,True,UK,UK
9478,75.47,75.47,43,43,False,False,DE,DE
9479,32.15,32.15,59,59,False,False,FR,FR
9480,71.93,71.93,75,75,False,False,UK,UK
9481,96.62,96.62,49,49,True,True,JP,JP
9482,35.78,35.78,63,63,False,False,DE,
9483,99.91,99.91,28,,True,True,DE,DE
9484,63.84,63.84,55,55,True,,US,US
9485,74.86,74.86,80,80,True,True,FR,
9486,25.22,25.22,74,74,False,False,JP,JP
9487,64.31,64.31,39,39,True,,UK,UK
9488,51.1,51.1,57,57,False,False,DE,DE
9489,95.64,95.64,63,63,True,True,US,US
9490,90.47,90.47,86,86,False,False,UK,UK
9491,39.67,39.67,78,78,False,False,US,US
9492,94.69,94.69,77,77,True,True,FR,FR
9493,88.48,88.48,72,72,False,False,JP,JP
9494,59.04,59.04,44,44,True,True,US,US
9495,8.21,8.21,45,45,False,False,FR,FR
9496,16.08,16.08,51,51,False,False,DE,DE
9497,7.69,7.69,49,49,False,False,FR,
9498,10.8,,87,87,False,False,DE,DE
9499,97.7,97.7,81,81,True,True,JP,JP
9500,21.22,21.22,83,83,True,True,US,US
9501,69.09,69.09,62,62,False,False,US,US
9502,63.65,63.65,31,,False,False,UK,UK
9503,63.11,63.11,28,28,True,True,FR,
9504,20.67,20.67,38,38,True,True,US,US
9505,57.93,57.93,65,65,False,False,US,US
9506,62.55,62.55,44,44,False,False,FR,FR
9507,57.04,57.04,65,65,False,False,DE,DE
9508,18.62,18.62,82,82,True,True,FR,FR
9509,72.31,72.31,42,42,True,True,UK,UK
9510,7.32,7.32,85,85,False,False,US,US
9511,59.12,59.12,55,55,False,False,DE,DE
9512,43.63,43.63,76,76,True,True,US,US
9513,25.03,25.03,22,22,False,False,DE,DE
9514,80.74,80.74,38,38,False,False,JP,JP
9515,17.59,17.59,85,85,False,False,US,US
9516,93.3,93.3,82,,False,False,UK,UK
9517,88.46,88.46,59,59,False,False,JP,JP
9518,36.06,36.06,20,20,True,True,UK,UK
9519,30.52,30.52,22,22,False,False,UK,UK
9520,13.75,,48,48,True,True,FR,FR
9521,91.63,91.63,83,83,True,True,US,US
9522,62.75,62.75,45,45,True,True,US,US
9523,3.18,3.18,82,82,True,True,JP,JP
9524,51.1,51.1,57,57,True,True,JP,JP
9525,8.58,8.58,27,27,True,,JP,JP
9526,57.38,57.38,58,58,True,True,US,US
9527,50.9,50.9,44,44,False,False,DE,
9528,8.28,8.28,34,34,True,True,JP,JP
9529,81.59,81.59,67,67,True,True,JP,JP
9530,26.23,26.23,32,32,False,False,UK,UK
9531,54.15,54.15,84,84,False,False,DE,DE
9532,63.9,63.9,76,76,True,True,US,US
9533,96.23,96.23,75,75,False,False,US,US
9534,49.38,49.38,23,23,False,False,UK,UK
9535,91.73,91.73,88,88,True,True,UK,UK
9536,35.49,35.49,54,54,False,False,JP,JP
9537,85.74,85.74,71,71,False,False,US,US
9538,23.58,23.58,31,31,True,True,DE,DE
9539,70.75,70.75,74,74,False,False,DE,DE
9540,8.86,,41,41,False,False,US,US
9541,98.61,,69,69,False,False,DE,
9542,95.39,95.39,38,38,False,False,JP,JP
9543,44.22,44.22,86,,False,False,US,US
9544,52.39,52.39,69,69,False,False,US,US
9545,59.78,59.78,51,51,True,True,US,US
9546,27.5,27.5,51,51,True,True,US,US
9547,67.45,67.45,18,18,False,False,JP,JP
9548,69.86,69.86,39,39,True,True,US,US
9549,52.51,52.51,75,75,False,False,UK,UK
9550,14.77,14.77,78,78,False,False,JP,JP
9551,91.92,91.92,90,90,False,False,JP,JP
9552,11.5,11.5,24,24,False,False,US,US
9553,62.92,62.92,36,36,True,True,UK,UK
9554,10.31,,73,73,False,False,US,US
9555,14.61,14.61,44,44,False,False,US,US
9556,2.05,,36,36,False,False,JP,JP
9557,36.34,36.34,38,38,False,False,UK,UK
9558,63.96,,85,85,False,False,FR,FR
9559,52.15,52.15,80,80,True,True,US,US
9560,67.45,67.45,18,18,False,False,UK,UK
9561,67.5,67.5,79,79,False,False,UK,UK
9562,14.02,14.02,58,58,True,True,DE,DE
9563,5.73,5.73,79,79,False,False,JP,JP
9564,62.54,62.54,63,63,True,True,UK,UK
9565,65.32,65.32,68,68,False,False,FR,FR
9566,55.67,55.67,60,60,False,False,DE,DE
9567,24.58,24.58,71,71,True,True,FR,FR
9568,81.08,81.08,77,77,False,False,UK,UK
9569,7.57,7.57,55,55,False,False,DE,DE
9570,63.23,63.23,26,26,False,False,FR,FR
9571,12.04,12.04,24,24,True,True,DE,DE
9572,65.44,65.44,48,48,False,False,FR,FR
9573,41.77,,52,52,True,True,US,US
9574,71.81,71.81,81,81,False,False,UK,UK
9575,5.22,5.22,20,20,True,True,US,US
9576,55.51,55.51,82,82,True,True,US,US
9577,14.49,14.49,22,22,True,True,US,US
9578,68.24,68.24,54,54,True,True,UK,UK
9579,12.0,12.0,48,48,True,True,UK,UK
9580,7.36,7.36,58,58,False,False,FR,FR
9581,71.31,71.31,21,21,False,False,DE,DE
9582,6.35,6.35,73,73,False,False,FR,FR
9583,22.45,22.45,27,27,False,False,JP,JP
9584,82.47,82.47,74,74,True,True,FR,FR
9585,80.97,80.97,59,59,False,False,DE,DE
9586,85.41,85.41,82,82,True,True,JP,JP
9587,32.61,32.61,89,89,True,True,UK,UK
9588,52.8,52.8,79,79,False,False,JP,JP
9589,77.33,77.33,51,51,False,False,US,US
9590,13.7,13.7,48,48,True,True,JP,JP
9591,72.44,72.44,66,66,False,False,UK,UK
9592,9.75,9.75,65,65,False,False,FR,FR
9593,91.33,91.33,75,75,False,False,UK,UK
9594,63.73,63.73,53,53,True,,UK,UK
9595,49.33,49.33,51,51,False,False,UK,UK
9596,48.47,48.47,26,26,False,False,FR,FR
9597,18.14,18.14,30,30,False,False,US,US
9598,34.59,34.59,77,77,True,True,US,US
9599,72.71,72.71,90,90,True,True,JP,JP
9600,54.09,54.09,61,,False,False,US,US
9601,52.93,52.93,43,43,False,False,FR,FR
9602,19.52,19.52,22,22,True,True,UK,UK
9603,69.04,69.04,21,21,False,False,UK,UK
9604,39.2,39.2,67,67,True,True,UK,UK
9605,18.28,18.28,64,64,False,False,UK,UK
9606,94.38,94.38,38,38,True,True,FR,FR
9607,50.68,50.68,31,31,True,True,JP,JP
9608,52.8,52.8,23,23,True,True,UK,UK
9609,98.14,98.14,67,,True,True,US,US
9610,36.64,36.64,62,62,False,False,US,US
9611,94.3,94.3,42,42,True,True,FR,FR
9612,69.49,69.49,71,71,True,True,JP,JP
9613,63.31,63.31,79,79,True,True,US,US
9614,23.44,23.44,55,,False,False,DE,DE
9615,5.18,5.18,37,37,True,True,UK,UK
9616,43.78,43.78,18,18,True,True,UK,UK
9617,1.02,1.02,76,76,True,True,JP,JP
9618,7.1,7.1,60,60,False,False,UK,UK
9619,59.53,59.53,43,43,False,False,UK,UK
9620,72.45,,18,18,False,False,US,US
9621,16.79,16.79,77,77,True,True,JP,
9622,73.25,73.25,85,85,False,False,JP,JP
9623,94.97,94.97,53,53,True,True,JP,JP
9624,74.32,74.32,37,37,True,True,UK,UK
9625,78.47,78.47,63,63,True,True,US,US
9626,70.07,70.07,81,81,True,True,JP,JP
9627,22.47,22.47,60,60,True,True,FR,FR
9628,36.09,36.09,18,18,False,False,UK,UK
9629,94.93,94.93,32,32,False,False,US,
9630,66.12,66.12,25,25,True,True,FR,FR
9631,78.9,78.9,48,48,True,True,JP,JP
9632,96.87,96.87,50,50,False,False,US,US
9633,23.14,23.14,57,57,True,True,DE,DE
9634,32.17,32.17,73,73,False,False,DE,DE
9635,64.48,64.48,26,26,False,False,DE,DE
9636,2.44,2.44,86,86,False,False,UK,UK
9637,57.12,57.12,37,37,False,False,UK,UK
9638,80.87,,56,56,True,True,UK,UK
9639,61.04,61.04,33,33,True,True,JP,
9640,29.54,29.54,43,43,True,True,JP,JP
9641,72.41,72.41,78,78,False,False,US,US
9642,14.6,14.6,21,21,True,True,FR,
9643,89.48,89.48,53,53,True,True,DE,DE
9644,10.09,10.09,60,60,False,False,UK,UK
9645,86.35,86.35,59,59,True,,US,US
9646,49.78,49.78,45,,False,False,FR,FR
9647,42.86,42.86,45,45,False,False,UK,UK
9648,50.07,50.07,84,84,True,True,US,US
9649,20.02,20.02,35,35,True,True,JP,JP
9650,45.77,45.77,53,53,False,False,JP,JP
9651,84.97,84.97,44,44,False,False,DE,DE
9652,80.1,80.1,73,73,True,True,DE,DE
9653,16.3,16.3,76,76,False,False,DE,DE
9654,67.34,67.34,79,79,True,True,US,US
9655,85.68,85.68,24,24,False,False,US,US
9656,81.98,81.98,25,25,False,False,UK,UK
9657,42.56,42.56,45,45,False,False,UK,UK
9658,4.81,4.81,50,50,False,False,US,US
9659,93.12,93.12,22,22,True,True,US,US
9660,39.59,39.59,83,83,True,True,JP,JP
9661,36.1,36.1,83,83,True,True,JP,JP
9662,75.95,75.95,48,48,True,True,UK,UK
9663,26.4,26.4,74,74,False,False,FR,FR
9664,83.47,83.47,59,59,True,True,US,US
9665,7.61,7.61,65,65,True,True,JP,JP
9666,74.07,74.07,81,81,True,True,JP,JP
9667,96.58,96.58,24,24,True,True,US,US
9668,99.58,99.58,34,34,False,False,UK,UK
9669,92.38,92.38,49,49,False,False,UK,UK
9670,87.08,87.08,83,83,True,True,US,US
9671,27.89,27.89,61,61,False,False,UK,UK
9672,96.66,96.66,46,46,True,True,FR,FR
9673,92.79,92.79,20,20,True,True,FR,FR
9674,53.44,53.44,61,61,True,True,US,US
9675,40.21,40.21,37,37,False,False,UK,UK
9676,10.93,10.93,41,41,False,False,JP,JP
9677,59.06,59.06,90,90,False,False,JP,JP
9678,70.05,70.05,56,56,True,True,DE,DE
9679,40.4,,28,28,True,True,FR,FR
9680,40.6,40.6,21,21,False,False,UK,UK
9681,57.33,57.33,46,46,False,False,JP,JP
9682,2.78,2.78,22,22,False,False,DE,DE
9683,95.79,,49,49,True,True,FR,FR
9684,28.99,28.99,48,48,True,True,UK,UK
9685,14.09,14.09,82,82,False,,US,US
9686,0.55,0.55,42,42,True,True,DE,DE
9687,85.69,85.69,38,38,False,False,DE,DE
9688,86.32,86.32,62,62,True,True,DE,DE
9689,9.53,9.53,64,64,False,False,JP,JP
9690,15.22,15.22,20,20,True,True,FR,FR
9691,44.79,44.79,24,24,True,True,UK,UK
9692,18.57,18.57,30,30,False,False,DE,DE
9693,73.58,73.58,74,74,True,True,US,US
9694,5.8,5.8,33,33,True,True,FR,FR
9695,54.97,54.97,90,90,False,False,US,US
9696,38.28,38.28,50,50,True,True,US,US
9697,46.49,46.49,86,86,False,False,DE,DE
9698,42.48,42.48,36,36,True,True,JP,JP
9699,15.32,15.32,48,48,True,True,UK,UK
9700,22.03,,28,28,True,True,US,US
9701,6.48,6.48,79,79,True,True,US,US
9702,11.53,11.53,61,61,True,True,JP,JP
9703,97.79,,23,23,False,False,FR,FR
9704,27.98,27.98,72,72,True,True,DE,DE
9705,30.7,30.7,82,82,False,False,JP,JP
9706,12.71,12.71,68,68,False,False,US,US
9707,75.52,,77,77,True,True,FR,FR
9708,92.41,92.41,38,38,True,True,UK,UK
9709,78.98,78.98,49,49,True,True,UK,UK
9710,61.26,61.26,80,80,False,False,JP,JP
9711,81.32,81.32,62,62,False,False,JP,
9712,40.42,40.42,62,62,False,False,JP,JP
9713,85.95,85.95,73,73,True,True,US,US
9714,79.85,79.85,62,62,True,True,FR,FR
9715,0.17,0.17,27,27,True,True,UK,UK
9716,48.78,48.78,33,33,True,True,UK,UK
9717,26.46,26.46,74,74,True,True,US,US
9718,8.62,8.62,35,35,True,True,DE,DE
9719,84.62,84.62,66,66,True,True,JP,JP
9720,0.79,0.79,52,52,False,False,UK,UK
9721,73.02,73.02,63,63,False,False,DE,DE
9722,98.82,98.82,35,35,False,False,FR,FR
9723,48.2,48.2,40,40,False,False,FR,FR
9724,37.12,37.12,68,68,True,True,UK,UK
9725,60.58,60.58,30,30,True,True,US,US
9726,80.47,,40,40,True,True,JP,JP
9727,24.03,24.03,90,90,True,True,DE,DE
9728,25.07,25.07,29,29,True,True,FR,FR
9729,60.72,,60,60,True,True,DE,DE
9730,93.99,93.99,29,29,True,True,UK,UK
9731,29.84,29.84,69,69,True,True,UK,UK
9732,37.68,37.68,27,27,False,False,FR,FR
9733,99.33,99.33,59,59,True,True,JP,JP
9734,17.62,17.62,50,50,True,True,UK,UK
9735,7.7,7.7,68,68,False,False,US,US
9736,58.98,58.98,18,18,False,False,US,US
9737,2.43,2.43,55,55,False,False,DE,DE
9738,18.04,18.04,57,57,True,True,UK,UK
9739,62.22,62.22,35,35,False,False,JP,JP
9740,65.95,65.95,39,39,True,True,UK,
9741,51.04,51.04,69,69,False,,DE,
9742,38.37,38.37,58,58,False,False,UK,UK
9743,57.62,57.62,60,60,False,False,DE,DE
9744,64.34,64.34,86,86,True,True,FR,FR
9745,80.35,80.35,47,47,False,False,FR,
9746,79.28,79.28,81,81,True,True,FR,FR
9747,66.48,66.48,89,89,False,False,DE,DE
9748,89.42,89.42,60,60,False,False,DE,DE
9749,83.8,83.8,33,33,False,False,UK,UK
9750,13.32,13.32,48,48,False,False,JP,JP
9751,95.67,95.67,21,21,False,False,FR,FR
9752,89.17,89.17,68,68,True,True,JP,JP
9753,32.09,32.09,37,,True,True,FR,FR
9754,2.02,2.02,85,85,True,True,US,US
9755,60.4,60.4,65,,False,False,UK,UK
9756,43.84,43.84,53,53,True,True,DE,DE
9757,74.96,74.96,31,31,False,False,UK,UK
9758,52.46,52.46,25,25,False,False,JP,JP
9759,7.65,7.65,67,,True,True,DE,DE
9760,24.47,24.47,73,73,True,True,UK,UK
9761,88.25,88.25,37,37,True,True,DE,DE
9762,3.77,3.77,18,18,False,False,UK,UK
9763,73.67,,41,41,True,True,US,US
9764,29.19,29.19,73,73,False,False,JP,JP
9765,45.26,45.26,60,60,False,,JP,JP
9766,53.1,53.1,24,24,False,False,FR,FR
9767,25.01,25.01,26,26,False,False,UK,UK
9768,65.2,65.2,25,25,False,,JP,JP
9769,69.34,69.34,73,73,False,False,UK,UK
9770,8.51,8.51,75,75,False,False,JP,JP
9771,37.39,37.39,47,47,True,True,JP,JP
9772,74.44,74.44,68,68,False,,US,US
9773,72.16,72.16,19,19,True,True,UK,UK
9774,54.46,54.46,59,59,False,False,FR,FR
9775,77.77,77.77,37,37,True,True,UK,UK
9776,10.76,10.76,77,77,True,True,JP,JP
9777,11.82,11.82,53,53,True,True,FR,FR
9778,65.75,65.75,80,80,False,False,UK,UK
9779,69.33,69.33,59,59,False,False,FR,FR
9780,81.45,,51,51,False,False,US,US
9781,18.1,18.1,87,87,False,False,UK,UK
9782,51.68,51.68,90,90,True,True,US,US
9783,66.08,66.08,51,51,True,True,US,US
9784,22.37,22.37,44,44,True,True,FR,FR
9785,51.69,51.69,65,65,True,True,US,US
9786,63.84,63.84,30,30,True,True,FR,FR
9787,21.44,21.44,46,46,False,False,US,US
9788,37.56,37.56,79,79,False,False,JP,JP
9789,21.63,21.63,83,83,True,True,JP,JP
9790,90.29,90.29,48,48,True,True,UK,
9791,23.68,23.68,46,46,False,False,DE,DE
9792,12.08,12.08,81,81,True,True,FR,FR
9793,3.52,3.52,32,32,False,False,DE,DE
9794,4.5,4.5,22,22,True,True,US,US
9795,19.16,19.16,23,23,True,True,JP,JP
9796,60.82,60.82,26,26,True,True,JP,JP
9797,1.76,1.76,82,82,True,True,DE,DE
9798,28.67,28.67,20,20,False,False,DE,DE
9799,5.82,5.82,42,42,True,True,US,US
9800,40.37,40.37,61,61,False,False,FR,FR
9801,4.86,4.86,62,62,True,True,DE,DE
9802,60.75,,78,78,False,False,UK,
9803,68.84,68.84,89,89,False,False,UK,UK
9804,73.13,73.13,47,47,False,False,US,US
9805,22.43,22.43,35,35,True,True,FR,FR
9806,86.85,86.85,24,24,True,True,US,US
9807,69.03,69.03,83,83,False,False,DE,DE
9808,5.67,5.67,45,45,False,False,JP,JP
9809,44.08,44.08,83,83,True,True,US,US
9810,76.78,,43,43,True,True,US,US
9811,31.09,,73,73,False,False,FR,FR
9812,38.16,38.16,64,64,True,True,JP,JP
9813,62.96,62.96,70,70,False,False,US,US
9814,5.55,5.55,65,65,True,True,UK,UK
9815,96.69,96.69,40,40,True,True,FR,FR
9816,17.45,17.45,25,25,False,False,DE,DE
9817,2.67,2.67,18,18,True,True,DE,DE
9818,0.53,0.53,48,48,True,True,UK,UK
9819,39.96,,83,83,False,False,DE,DE
9820,88.43,88.43,64,64,False,False,US,US
9821,81.98,81.98,67,67,False,False,JP,JP
9822,91.2,91.2,36,36,False,False,DE,DE
9823,53.38,53.38,53,53,True,True,UK,UK
9824,44.87,44.87,47,47,False,False,UK,UK
9825,38.59,38.59,27,27,True,True,UK,UK
9826,4.64,4.64,62,62,False,False,DE,
9827,90.95,90.95,44,44,False,False,US,US
9828,49.62,49.62,47,47,True,True,FR,FR
9829,45.51,45.51,61,61,True,True,US,US
9830,51.52,51.52,20,20,False,False,UK,UK
9831,79.42,79.42,86,86,False,False,JP,JP
9832,22.45,22.45,34,34,True,True,DE,DE
9833,70.99,70.99,67,67,False,False,JP,JP
9834,71.08,71.08,74,74,False,False,FR,FR
9835,84.96,84.96,29,29,False,False,FR,FR
9836,0.87,0.87,36,36,True,True,US,US
9837,17.04,17.04,48,,True,True,DE,DE
9838,47.1,47.1,77,77,False,False,UK,UK
9839,85.05,85.05,64,64,True,True,US,US
9840,96.51,96.51,52,52,True,True,US,US
9841,59.49,59.49,80,80,True,True,US,US
9842,21.21,21.21,52,52,False,False,US,US
9843,18.46,18.46,82,82,False,False,DE,DE
9844,63.94,63.94,74,74,True,True,US,US
9845,21.01,21.01,30,30,True,True,JP,JP
9846,55.31,55.31,45,45,True,True,DE,DE
9847,83.48,83.48,19,19,False,False,JP,JP
9848,38.98,38.98,35,35,True,True,US,US
9849,37.85,37.85,19,19,False,False,US,US
9850,3.61,3.61,25,25,False,False,JP,JP
9851,25.41,25.41,18,18,False,False,UK,UK
9852,69.82,69.82,67,67,True,True,FR,FR
9853,36.04,36.04,47,47,False,False,US,US
9854,15.83,15.83,52,52,True,True,US,US
9855,10.58,10.58,73,73,False,False,DE,DE
9856,9.51,9.51,77,77,True,True,DE,DE
9857,65.91,65.91,56,56,True,True,US,US
9858,61.26,61.26,51,51,True,True,US,US
9859,51.85,51.85,65,65,True,True,UK,UK
9860,50.03,,48,48,True,,US,US
9861,15.31,15.31,50,50,True,True,JP,JP
9862,50.06,50.06,39,39,True,True,JP,JP
9863,5.99,,31,31,False,False,US,US
9864,92.59,92.59,32,32,True,True,DE,
9865,5.8,5.8,65,65,False,False,UK,UK
9866,42.35,,78,78,False,False,US,US
9867,0.06,0.06,48,48,False,False,FR,FR
9868,78.62,78.62,24,24,False,False,JP,JP
9869,16.62,16.62,62,62,False,False,FR,FR
9870,92.49,92.49,83,83,True,True,JP,JP
9871,4.4,4.4,56,56,True,True,FR,FR
9872,82.08,82.08,19,19,True,True,DE,DE
9873,65.66,65.66,23,23,False,False,JP,JP
9874,24.97,24.97,56,56,False,False,FR,FR
9875,20.24,20.24,80,80,False,False,FR,FR
9876,35.77,35.77,22,22,False,False,FR,FR
9877,82.84,82.84,73,73,False,False,US,US
9878,86.2,86.2,74,,False,False,FR,FR
9879,17.53,17.53,21,,True,True,FR,FR
9880,35.34,35.34,33,33,False,False,DE,DE
9881,23.75,23.75,18,18,False,False,DE,DE
9882,12.26,12.26,59,59,True,True,JP,JP
9883,64.64,64.64,30,30,False,False,US,US
9884,34.59,34.59,84,84,True,True,DE,DE
9885,22.54,22.54,24,24,True,True,FR,FR
9886,86.6,86.6,65,65,False,False,UK,UK
9887,74.83,74.83,75,75,True,True,UK,UK
9888,77.38,77.38,31,31,False,False,US,US
9889,3.92,3.92,36,36,False,False,UK,UK
9890,91.51,91.51,76,76,False,False,UK,
9891,57.47,57.47,24,24,True,True,JP,JP
9892,50.38,50.38,50,50,True,True,US,US
9893,1.06,1.06,36,36,True,True,FR,FR
9894,89.77,89.77,18,18,True,True,US,
9895,54.39,,50,50,True,,FR,FR
9896,82.52,82.52,53,53,False,False,DE,DE
9897,65.55,65.55,43,43,False,False,DE,DE
9898,79.67,79.67,77,77,False,False,JP,JP
9899,69.29,69.29,25,25,True,True,FR,FR
9900,92.1,92.1,49,49,True,True,US,US
9901,22.55,22.55,31,31,True,True,UK,UK
9902,20.21,20.21,73,73,True,True,UK,UK
9903,71.25,71.25,58,58,False,False,FR,FR
9904,50.14,50.14,69,69,True,True,JP,JP
9905,59.92,59.92,25,25,False,False,FR,FR
9906,70.85,70.85,51,51,False,False,DE,DE
9907,54.74,54.74,21,21,False,False,FR,
9908,78.77,78.77,41,41,True,True,FR,FR
9909,31.89,31.89,87,87,False,False,US,US
9910,85.9,85.9,71,71,True,True,DE,DE
9911,10.77,10.77,23,23,False,False,FR,FR
9912,63.4,63.4,44,44,True,True,FR,FR
9913,89.01,89.01,81,81,True,,UK,UK
9914,25.27,25.27,30,30,False,False,US,US
9915,32.68,32.68,73,73,False,False,UK,UK
9916,30.54,30.54,41,41,False,False,UK,UK
9917,56.43,56.43,52,52,False,False,JP,JP
9918,41.29,41.29,82,82,False,,FR,FR
9919,10.8,10.8,67,67,True,True,JP,JP
9920,89.13,89.13,38,38,True,True,US,
9921,20.47,20.47,18,18,True,True,FR,FR
9922,53.41,53.41,35,35,True,True,US,US
9923,59.48,59.48,48,48,False,False,DE,DE
9924,4.08,4.08,27,27,False,False,UK,UK
9925,9.57,9.57,82,82,False,False,JP,
9926,97.17,97.17,22,22,True,True,FR,FR
9927,66.45,66.45,57,57,True,True,DE,DE
9928,3.36,3.36,89,89,True,True,DE,DE
9929,79.42,79.42,42,42,True,True,FR,FR
9930,50.85,50.85,57,57,False,False,FR,FR
9931,7.52,7.52,23,23,True,True,DE,DE
9932,68.08,68.08,71,71,True,True,FR,FR
9933,49.94,,89,89,True,True,FR,
9934,20.49,20.49,74,74,True,True,US,US
9935,87.77,87.77,28,28,False,False,UK,UK
9936,29.14,29.14,43,,False,False,JP,JP
9937,28.46,28.46,70,70,True,True,UK,UK
9938,27.28,27.28,76,76,True,True,JP,JP
9939,76.75,76.75,47,47,True,,DE,DE
9940,70.61,70.61,88,88,False,False,UK,UK
9941,90.31,90.31,32,32,False,False,UK,UK
9942,22.93,22.93,72,72,True,True,DE,DE
9943,78.64,78.64,54,54,True,True,US,US
9944,57.3,57.3,69,69,True,True,UK,UK
9945,30.87,30.87,61,61,False,False,FR,FR
9946,3.55,3.55,49,49,True,True,JP,JP
9947,81.89,81.89,77,77,False,False,JP,JP
9948,24.11,24.11,79,79,True,True,UK,UK
9949,63.17,63.17,77,77,False,False,FR,FR
9950,54.89,54.89,24,24,False,False,UK,UK
9951,0.44,0.44,48,48,True,True,JP,JP
9952,99.43,99.43,72,72,False,False,JP,JP
9953,81.43,81.43,81,81,False,False,DE,DE
9954,48.65,48.65,44,44,True,True,FR,FR
9955,68.03,68.03,72,72,True,True,JP,JP
9956,47.66,47.66,59,59,False,False,US,US
9957,74.46,74.46,34,34,True,True,UK,UK
9958,13.43,13.43,83,83,True,True,FR,FR
9959,44.64,44.64,50,50,False,False,US,US
9960,33.55,33.55,62,62,False,False,FR,FR
9961,45.97,45.97,39,39,True,,UK,UK
9962,45.05,45.05,19,19,False,False,UK,
9963,14.31,14.31,51,51,True,True,JP,JP
9964,97.65,97.65,70,70,True,True,DE,DE
9965,1.55,1.55,41,41,True,True,FR,FR
9966,1.01,1.01,85,85,True,True,FR,FR
9967,37.34,37.34,72,72,True,True,DE,DE
9968,62.04,62.04,64,64,True,True,DE,DE
9969,17.97,17.97,76,76,True,True,JP,JP
9970,53.32,53.32,80,80,True,True,JP,JP
9971,72.28,72.28,70,,True,True,US,US
9972,9.41,9.41,78,78,False,False,DE,DE
9973,98.44,98.44,70,70,False,False,FR,FR
9974,33.67,33.67,80,80,True,True,FR,FR
9975,64.24,64.24,25,25,True,True,DE,DE
9976,11.07,11.07,43,43,True,True,FR,FR
9977,70.95,70.95,82,82,False,False,DE,DE
9978,84.05,84.05,52,52,True,True,US,US
9979,10.53,10.53,19,19,True,True,UK,UK
9980,12.59,12.59,79,79,False,False,US,US
9981,28.1,28.1,65,65,False,False,FR,FR
9982,1.19,1.19,84,84,True,True,JP,JP
9983,98.61,98.61,19,19,False,False,UK,UK
9984,59.84,59.84,28,28,False,False,FR,FR
9985,60.76,60.76,55,55,True,True,JP,JP
9986,95.9,95.9,31,31,True,True,UK,UK
9987,83.2,83.2,56,56,False,False,JP,JP
9988,81.42,81.42,43,43,False,,US,US
9989,33.95,33.95,33,33,True,True,FR,FR
9990,33.49,33.49,74,74,True,True,US,US
9991,29.17,29.17,20,20,False,False,FR,FR
9992,34.67,34.67,81,81,True,True,US,
9993,36.95,,29,29,False,False,JP,JP
9994,14.0,14.0,60,60,True,True,UK,UK
9995,35.59,35.59,90,90,True,True,UK,UK
9996,44.67,44.67,26,26,True,True,DE,DE
9997,30.93,30.93,85,85,False,False,JP,JP
9998,16.53,16.53,40,40,True,True,US,US
9999,37.34,37.34,72,72,False,False,UK,UK
10000,48.09,48.09,80,80,False,False,FR,
